customer_id,base_quarter,comparison_quarter,region_code,region_name,industry,customer_sales_change_pct,market_sales_change_pct,relative_change_pp,comparison_type,comparison_valid
C04_0093,20254,20253,11140680,중림동,미용·뷰티,-25.96,-22.173193844571248,-3.786806155428753,동반 감소,True
C04_0065,20254,20253,11230536,용신동,숙박,54.63,47.773218563028095,6.856781436971907,동반 비감소,True
C04_1987,20254,20253,11530540,구로3동,음식·음료,-23.08,-1.2193693417751894,-21.86063065822481,동반 감소,True
C04_1649,20254,20253,11560620,양평2동,문화·취미·반려,0.67,-19.2373773675517,19.907377367551703,상권 대비 선방,True
C04_0699,20254,20253,11500611,발산1동,숙박,20.17,39.150990767323826,-18.980990767323824,동반 비감소,True
C04_1442,20254,20253,11680730,일원1동,음식·음료,-0.74,-0.06732235347575166,-0.6726776465242483,동반 감소,True
C04_1857,20254,20253,11170685,한남동,숙박,5.59,12.615653067909637,-7.025653067909637,동반 비감소,True
C04_0196,20254,20253,11320710,방학3동,미용·뷰티,-2.74,-9.401210780111025,6.661210780111025,동반 감소,True
C04_1301,20254,20253,11290760,장위1동,문화·취미·반려,-23.67,-27.777789683156616,4.107789683156614,동반 감소,True
C04_1915,20254,20253,11110640,이화동,문화·취미·반려,93.7,90.4448828819255,3.2551171180745087,동반 비감소,True
C04_1056,20254,20253,11560560,당산2동,식료품·편의소매,-27.24,-10.959379414340875,-16.280620585659122,동반 감소,True
C04_0172,20254,20253,11500590,화곡본동,음식·음료,8.84,2.393657591585119,6.446342408414881,동반 비감소,True
C04_1059,20254,20253,11620715,난향동,미용·뷰티,-14.05,-2.466172683131951,-11.58382731686805,동반 감소,True
C04_1413,20254,20253,11470600,신월5동,패션·잡화,100.0,132.0323593616393,-32.032359361639294,동반 비감소,True
C04_1426,20254,20253,11140635,약수동,여가·오락,100.0,120.01530176368559,-20.015301763685585,동반 비감소,True
C04_0221,20254,20253,11440710,연남동,자동차·운송서비스,14.59,23.271063738029408,-8.681063738029408,동반 비감소,True
C04_0253,20254,20253,11410615,연희동,생활서비스,37.92,25.90270497724463,12.017295022755373,동반 비감소,True
C04_1403,20254,20253,11350720,상계10동,패션·잡화,2.81,-6.0215821357339046,8.831582135733905,상권 대비 선방,True
C04_1009,20254,20253,11290705,종암동,가구·인테리어,100.0,221.8320576261766,-121.8320576261766,동반 비감소,True
C04_1217,20254,20253,11170640,이촌2동,가구·인테리어,25.34,-2.9338069193472482,28.273806919347248,상권 대비 선방,True
C04_0299,20254,20253,11470650,신정4동,식료품·편의소매,1.03,-3.7108473756307325,4.740847375630732,상권 대비 선방,True
C04_0562,20254,20253,11500603,가양1동,미용·뷰티,-38.61,-20.1280486521499,-18.4819513478501,동반 감소,True
C04_0400,20254,20253,11740580,암사2동,음식·음료,-6.19,-6.553859303267595,0.36385930326759475,동반 감소,True
C04_0448,20254,20253,11545700,시흥4동,음식·음료,-22.44,-9.165386288468923,-13.274613711531078,동반 감소,True
C04_0283,20254,20253,11650530,서초3동,생활서비스,10.8,8.572005763912127,2.2279942360878735,동반 비감소,True
C04_0576,20254,20253,11680670,개포2동,전자기기·수리,-7.89,-6.0387809166303485,-1.8512190833696511,동반 감소,True
C04_1463,20254,20253,11500550,화곡2동,음식·음료,-29.2,-11.274107595063331,-17.92589240493667,동반 감소,True
C04_0149,20254,20253,11530595,가리봉동,숙박,56.16,47.16552905046878,8.99447094953122,동반 비감소,True
C04_1114,20254,20253,11140520,소공동,문화·취미·반려,5.66,-7.62671945951735,13.28671945951735,상권 대비 선방,True
C04_0062,20254,20253,11545610,독산1동,식료품·편의소매,2.42,12.50635987298776,-10.08635987298776,동반 비감소,True
C04_1109,20254,20253,11170510,후암동,가구·인테리어,95.09,104.99019759949886,-9.900197599498853,동반 비감소,True
C04_0592,20254,20253,11170570,원효로2동,음식·음료,24.02,17.053381759279752,6.966618240720248,동반 비감소,True
C04_0560,20254,20253,11260655,망우본동,전자기기·수리,-13.84,-18.459548090090173,4.6195480900901735,동반 감소,True
C04_1441,20254,20253,11305635,수유3동,가구·인테리어,6.77,3.8271027085460707,2.942897291453929,동반 비감소,True
C04_1502,20254,20253,11470611,신월7동,미용·뷰티,15.81,-13.305361742723477,29.11536174272348,상권 대비 선방,True
C04_0364,20254,20253,11590550,상도3동,식료품·편의소매,4.18,3.9537090742579606,0.22629092574203913,동반 비감소,True
C04_1186,20254,20253,11470540,목4동,전자기기·수리,77.8,73.28738008318109,4.512619916818906,동반 비감소,True
C04_1113,20254,20253,11410615,연희동,전자기기·수리,-62.81,-56.68852950547745,-6.121470494522555,동반 감소,True
C04_1625,20254,20253,11650581,반포4동,숙박,-35.58,-54.13436650906296,18.55436650906296,동반 감소,True
C04_0242,20254,20253,11200590,금호1가동,식료품·편의소매,18.38,6.125557271676496,12.254442728323504,동반 비감소,True
C04_1431,20254,20253,11260575,면목3·8동,미용·뷰티,-13.55,-7.980725948674772,-5.569274051325229,동반 감소,True
C04_1802,20254,20253,11710510,풍납1동,문화·취미·반려,-51.55,-33.56846229552796,-17.98153770447204,동반 감소,True
C04_0750,20254,20253,11440690,망원1동,음식·음료,13.53,4.299814252523149,9.23018574747685,동반 비감소,True
C04_0300,20254,20253,11320522,도봉2동,자동차·운송서비스,-47.57,-14.576515077297215,-32.993484922702784,동반 감소,True
C04_1647,20254,20253,11740560,고덕2동,여가·오락,-12.68,-4.690962723384473,-7.989037276615527,동반 감소,True
C04_0638,20254,20253,11740560,고덕2동,생활서비스,24.4,23.56459551344394,0.8354044865560581,동반 비감소,True
C04_0169,20254,20253,11350665,상계3·4동,미용·뷰티,-22.92,-9.423876880578641,-13.49612311942136,동반 감소,True
C04_1973,20254,20253,11215780,능동,음식·음료,-12.94,-1.4993896308613253,-11.440610369138675,동반 감소,True
C04_0353,20254,20253,11470530,목3동,여가·오락,21.37,12.08110180381443,9.28889819618557,동반 비감소,True
C04_1591,20254,20253,11710580,송파1동,여가·오락,10.89,5.337912247007592,5.552087752992408,동반 비감소,True
C04_0703,20254,20253,11410585,신촌동,패션·잡화,4.91,3.2711660171416357,1.6388339828583645,동반 비감소,True
C04_1115,20254,20253,11410710,북가좌1동,생활서비스,7.84,-2.485661272587103,10.325661272587103,상권 대비 선방,True
C04_0865,20254,20253,11260630,묵2동,자동차·운송서비스,-5.51,-31.229060918062622,25.719060918062624,동반 감소,True
C04_1080,20254,20253,11305603,번2동,전자기기·수리,-70.0,-73.29484594971099,3.2948459497109894,동반 감소,True
C04_0288,20254,20253,11200615,금호2·3가동,식료품·편의소매,-3.46,0.9782767820476268,-4.438276782047627,고객만 감소,True
C04_1520,20254,20253,11590640,사당3동,패션·잡화,20.58,0.2492412698029467,20.33075873019705,동반 비감소,True
C04_1638,20254,20253,11680640,역삼1동,문화·취미·반려,20.15,21.53568348746262,-1.3856834874626216,동반 비감소,True
C04_0821,20254,20253,11500630,방화1동,문화·취미·반려,-1.65,-2.1601053436658746,0.5101053436658747,동반 감소,True
C04_1321,20254,20253,11440600,대흥동,미용·뷰티,-12.15,-3.988548639751466,-8.161451360248535,동반 감소,True
C04_1376,20254,20253,11545710,시흥5동,미용·뷰티,-26.46,-25.494845265584754,-0.9651547344152469,동반 감소,True
C04_0428,20254,20253,11530720,고척1동,식료품·편의소매,3.3,-3.7082299587435807,7.008229958743581,상권 대비 선방,True
C04_0119,20254,20253,11470640,신정3동,패션·잡화,1.29,-7.5817127732480945,8.871712773248095,상권 대비 선방,True
C04_1169,20254,20253,11560560,당산2동,전자기기·수리,-11.17,-3.8611131963994794,-7.308886803600521,동반 감소,True
C04_0087,20254,20253,11740640,성내1동,문화·취미·반려,-16.23,-15.315032235076842,-0.9149677649231585,동반 감소,True
C04_0836,20254,20253,11530530,구로2동,전자기기·수리,-16.66,-14.005464194712147,-2.6545358052878534,동반 감소,True
C04_1669,20254,20253,11215710,화양동,숙박,-7.14,7.251657588102445,-14.391657588102444,고객만 감소,True
C04_1862,20254,20253,11470670,신정6동,식료품·편의소매,17.22,1.8059573902065473,15.414042609793452,동반 비감소,True
C04_1881,20254,20253,11620625,인헌동,패션·잡화,20.65,13.084190813108098,7.565809186891901,동반 비감소,True
C04_0741,20254,20253,11530720,고척1동,패션·잡화,100.0,103.96033162092463,-3.9603316209246344,동반 비감소,True
C04_1475,20254,20253,11560620,양평2동,미용·뷰티,-7.61,18.287066929894703,-25.897066929894702,고객만 감소,True
C04_1389,20254,20253,11260580,상봉1동,여가·오락,19.25,28.260229709026376,-9.010229709026376,동반 비감소,True
C04_0854,20254,20253,11740540,명일2동,생활서비스,27.73,16.220508670384113,11.509491329615887,동반 비감소,True
C04_0654,20254,20253,11140625,다산동,패션·잡화,100.0,111.77079972609505,-11.77079972609505,동반 비감소,True
C04_0159,20254,20253,11590660,대방동,음식·음료,4.82,-1.8578930217079015,6.677893021707902,상권 대비 선방,True
C04_0872,20254,20253,11740660,성내3동,미용·뷰티,-4.1,-0.2790940846022161,-3.8209059153977836,동반 감소,True
C04_1528,20254,20253,11740600,천호1동,전자기기·수리,-41.08,-44.961262121769096,3.8812621217690975,동반 감소,True
C04_1176,20254,20253,11740570,암사1동,미용·뷰티,-5.5,-8.916606775993474,3.4166067759934737,동반 감소,True
C04_1001,20254,20253,11305595,번1동,음식·음료,-10.09,2.4413651603712117,-12.531365160371212,고객만 감소,True
C04_0483,20254,20253,11470600,신월5동,패션·잡화,100.0,132.0323593616393,-32.032359361639294,동반 비감소,True
C04_1258,20254,20253,11680590,삼성2동,숙박,-5.71,2.5579321387237286,-8.26793213872373,고객만 감소,True
C04_1930,20254,20253,11545710,시흥5동,자동차·운송서비스,6.56,-0.8235174711152982,7.383517471115297,상권 대비 선방,True
C04_0016,20254,20253,11500630,방화1동,패션·잡화,-2.45,-0.09684606185965672,-2.3531539381403435,동반 감소,True
C04_0155,20254,20253,11620645,서원동,식료품·편의소매,0.82,-1.4090838943898176,2.2290838943898175,상권 대비 선방,True
C04_1412,20254,20253,11650590,방배본동,여가·오락,2.48,8.1455444686225,-5.6655444686225,동반 비감소,True
C04_1002,20254,20253,11710580,송파1동,자동차·운송서비스,-28.25,-20.8330916209845,-7.416908379015499,동반 감소,True
C04_0758,20254,20253,11230600,답십리1동,숙박,-28.14,-26.930258356281335,-1.2097416437186652,동반 감소,True
C04_1510,20254,20253,11590550,상도3동,패션·잡화,45.97,42.88335258873632,3.0866474112636766,동반 비감소,True
C04_0688,20254,20253,11200590,금호1가동,패션·잡화,61.54,54.05643787759566,7.4835621224043365,동반 비감소,True
C04_1762,20254,20253,11620695,신림동,생활서비스,37.03,33.12526479824967,3.9047352017503343,동반 비감소,True
C04_0321,20254,20253,11440730,성산2동,전자기기·수리,100.0,382.08570847591875,-282.08570847591875,동반 비감소,True
C04_0373,20254,20253,11620695,신림동,숙박,-14.65,4.893021328049074,-19.543021328049075,고객만 감소,True
C04_0526,20254,20253,11740580,암사2동,음식·음료,-9.93,-6.553859303267595,-3.3761406967324046,동반 감소,True
C04_0756,20254,20253,11620665,서림동,음식·음료,10.44,-0.779532789759374,11.219532789759374,상권 대비 선방,True
C04_1620,20254,20253,11560585,도림동,음식·음료,3.72,-2.348524494090265,6.068524494090266,상권 대비 선방,True
C04_1570,20254,20253,11560550,당산1동,자동차·운송서비스,-27.76,-16.79436294997837,-10.96563705002163,동반 감소,True
C04_1968,20254,20253,11590605,흑석동,식료품·편의소매,-3.71,0.9216280461637139,-4.631628046163714,고객만 감소,True
C04_0214,20254,20253,11260540,면목4동,여가·오락,4.52,16.358016996145764,-11.838016996145765,동반 비감소,True
C04_1898,20254,20253,11260660,망우3동,가구·인테리어,-1.57,8.868146216827522,-10.438146216827523,고객만 감소,True
C04_0378,20254,20253,11545610,독산1동,자동차·운송서비스,-25.4,-7.777269022990952,-17.62273097700905,동반 감소,True
C04_1937,20254,20253,11230610,답십리2동,전자기기·수리,-70.0,-77.50792282933874,7.507922829338739,동반 감소,True
C04_1970,20254,20253,11740610,천호2동,여가·오락,2.21,-0.8699055390229526,3.0799055390229526,상권 대비 선방,True
C04_1005,20254,20253,11440710,연남동,음식·음료,9.61,6.977608403402424,2.632391596597575,동반 비감소,True
C04_1837,20254,20253,11710580,송파1동,문화·취미·반려,36.9,25.209734584642195,11.690265415357803,동반 비감소,True
C04_1168,20254,20253,11170685,한남동,가구·인테리어,-38.59,-25.955506182376563,-12.63449381762344,동반 감소,True
C04_0871,20254,20253,11260520,면목2동,음식·음료,5.6,7.263663588369318,-1.6636635883693183,동반 비감소,True
C04_0496,20254,20253,11230536,용신동,음식·음료,-12.77,3.007471970465514,-15.777471970465513,고객만 감소,True
C04_1126,20254,20253,11710532,거여2동,자동차·운송서비스,-15.1,-5.923616335634407,-9.176383664365591,동반 감소,True
C04_0772,20254,20253,11290610,보문동,가구·인테리어,15.52,23.599839925836296,-8.079839925836296,동반 비감소,True
C04_1395,20254,20253,11410720,북가좌2동,가구·인테리어,-10.13,-14.202834576327882,4.072834576327882,동반 감소,True
C04_0577,20254,20253,11560515,영등포본동,패션·잡화,16.95,12.095028658949293,4.854971341050707,동반 비감소,True
C04_1685,20254,20253,11350670,상계5동,미용·뷰티,3.95,-7.947477374894074,11.897477374894073,상권 대비 선방,True
C04_1284,20254,20253,11500641,방화3동,생활서비스,75.3,78.50638018232885,-3.206380182328857,동반 비감소,True
C04_0994,20254,20253,11620645,서원동,가구·인테리어,-9.97,-25.678068805331222,15.708068805331221,동반 감소,True
C04_1105,20254,20253,11470540,목4동,패션·잡화,-17.21,-15.316515624256732,-1.8934843757432684,동반 감소,True
C04_1181,20254,20253,11620775,난곡동,자동차·운송서비스,21.36,-2.5692944220830793,23.92929442208308,상권 대비 선방,True
C04_1964,20254,20253,11140635,약수동,문화·취미·반려,10.4,2.197342498608923,8.202657501391077,동반 비감소,True
C04_1424,20254,20253,11680610,대치2동,패션·잡화,7.53,5.338450663752536,2.191549336247464,동반 비감소,True
C04_1905,20254,20253,11470580,신월3동,패션·잡화,40.45,38.294541334389145,2.1554586656108583,동반 비감소,True
C04_1786,20254,20253,11350619,중계본동,미용·뷰티,6.59,0.5292606698356961,6.060739330164304,동반 비감소,True
C04_1092,20254,20253,11170625,한강로동,전자기기·수리,22.64,15.582439564139028,7.057560435860973,동반 비감소,True
C04_1289,20254,20253,11740620,천호3동,식료품·편의소매,12.42,0.6514693198103938,11.768530680189606,동반 비감소,True
C04_0340,20254,20253,11140680,중림동,패션·잡화,-17.11,-22.93004856112245,5.8200485611224515,동반 감소,True
C04_0934,20254,20253,11215770,중곡4동,음식·음료,11.44,3.7275812638264183,7.712418736173581,동반 비감소,True
C04_1152,20254,20253,11590660,대방동,음식·음료,-10.34,-1.8578930217079015,-8.482106978292098,동반 감소,True
C04_0952,20254,20253,11110640,이화동,여가·오락,-6.15,-8.805616564898012,2.6556165648980112,동반 감소,True
C04_1190,20254,20253,11320513,창3동,패션·잡화,4.47,0.1359917974938396,4.33400820250616,동반 비감소,True
C04_0203,20254,20253,11230705,청량리동,패션·잡화,25.97,40.23224338301841,-14.262243383018408,동반 비감소,True
C04_0950,20254,20253,11500520,등촌1동,자동차·운송서비스,0.59,4.387868209153067,-3.7978682091530676,동반 비감소,True
C04_1579,20254,20253,11440600,대흥동,숙박,4.7,4.453586578360724,0.24641342163927593,동반 비감소,True
C04_0508,20254,20253,11470610,신월6동,식료품·편의소매,-11.08,4.625983922502996,-15.705983922502996,고객만 감소,True
C04_1682,20254,20253,11710720,잠실7동,패션·잡화,100.0,111.27944001379495,-11.279440013794954,동반 비감소,True
C04_0964,20254,20253,11410555,북아현동,식료품·편의소매,-25.57,-12.891244369792943,-12.678755630207057,동반 감소,True
C04_1805,20254,20253,11380552,갈현2동,여가·오락,-42.83,-11.033662243739784,-31.796337756260215,동반 감소,True
C04_0236,20254,20253,11305535,미아동,자동차·운송서비스,1.29,4.962615491227695,-3.6726154912276954,동반 비감소,True
C04_1725,20254,20253,11680590,삼성2동,미용·뷰티,-3.54,-7.0553919111643,3.5153919111642997,동반 감소,True
C04_1150,20254,20253,11560700,대림1동,자동차·운송서비스,26.78,13.261008428769738,13.518991571230263,동반 비감소,True
C04_1666,20254,20253,11620605,은천동,가구·인테리어,4.91,15.66819755307234,-10.758197553072339,동반 비감소,True
C04_0112,20254,20253,11305625,수유2동,자동차·운송서비스,-4.4,10.714117126440037,-15.114117126440037,고객만 감소,True
C04_1971,20254,20253,11305615,수유1동,음식·음료,-7.21,12.84087087816934,-20.05087087816934,고객만 감소,True
C04_0071,20254,20253,11305645,우이동,여가·오락,3.55,4.704959243586582,-1.1549592435865819,동반 비감소,True
C04_0465,20254,20253,11320710,방학3동,여가·오락,12.73,-4.10778595739737,16.837785957397372,상권 대비 선방,True
C04_1927,20254,20253,11110670,창신1동,문화·취미·반려,38.72,48.71701343033183,-9.997013430331833,동반 비감소,True
C04_1929,20254,20253,11110515,청운효자동,가구·인테리어,55.35,56.431296221018414,-1.0812962210184125,동반 비감소,True
C04_1334,20254,20253,11305595,번1동,자동차·운송서비스,2.31,7.633801234894544,-5.323801234894544,동반 비감소,True
C04_0501,20254,20253,11440600,대흥동,생활서비스,23.87,46.61512056491315,-22.745120564913147,동반 비감소,True
C04_0233,20254,20253,11710670,잠실2동,미용·뷰티,-26.35,-21.326794012482175,-5.0232059875178265,동반 감소,True
C04_1583,20254,20253,11230740,이문1동,가구·인테리어,100.0,672.3578325531583,-572.3578325531583,동반 비감소,True
C04_1611,20254,20253,11530530,구로2동,패션·잡화,10.76,40.02229138905582,-29.262291389055825,동반 비감소,True
C04_1296,20254,20253,11170640,이촌2동,음식·음료,-12.6,-6.996864789359513,-5.603135210640486,동반 감소,True
C04_0992,20254,20253,11215740,중곡1동,자동차·운송서비스,-5.45,2.103392038166385,-7.553392038166385,고객만 감소,True
C04_0760,20254,20253,11710590,송파2동,음식·음료,-3.58,-6.317693503202859,2.737693503202859,동반 감소,True
C04_1578,20254,20253,11710646,장지동,음식·음료,2.24,-4.5364359532159,6.7764359532159,상권 대비 선방,True
C04_0281,20254,20253,11500530,등촌2동,가구·인테리어,33.27,49.474873934274854,-16.20487393427485,동반 비감소,True
C04_1294,20254,20253,11710670,잠실2동,전자기기·수리,-29.46,-32.958263807961686,3.498263807961685,동반 감소,True
C04_1058,20254,20253,11530530,구로2동,문화·취미·반려,-10.41,0.2416889031634284,-10.651688903163429,고객만 감소,True
C04_0126,20254,20253,11680521,논현1동,문화·취미·반려,100.0,105.80682372955876,-5.806823729558758,동반 비감소,True
C04_0084,20254,20253,11305603,번2동,음식·음료,27.68,15.730155859824912,11.949844140175088,동반 비감소,True
C04_1627,20254,20253,11200620,금호4가동,음식·음료,-0.89,2.617161194257367,-3.507161194257367,고객만 감소,True
C04_1493,20254,20253,11320680,쌍문3동,패션·잡화,79.27,76.717406002606,2.5525939973939984,동반 비감소,True
C04_1656,20254,20253,11350619,중계본동,패션·잡화,12.34,11.526150953642622,0.8138490463573778,동반 비감소,True
C04_0893,20254,20253,11590680,신대방2동,가구·인테리어,65.8,61.057351694698795,4.742648305301202,동반 비감소,True
C04_0985,20254,20253,11650652,양재2동,가구·인테리어,48.23,19.622278950114858,28.60772104988514,동반 비감소,True
C04_1051,20254,20253,11590670,신대방1동,생활서비스,54.72,43.105196228173504,11.614803771826494,동반 비감소,True
C04_0354,20254,20253,11230560,전농1동,문화·취미·반려,47.02,66.29608565941992,-19.276085659419913,동반 비감소,True
C04_1432,20254,20253,11410655,홍제2동,식료품·편의소매,16.08,28.24957941862969,-12.169579418629692,동반 비감소,True
C04_0845,20254,20253,11500535,등촌3동,식료품·편의소매,-17.7,-14.044217669936343,-3.6557823300636567,동반 감소,True
C04_1826,20254,20253,11560720,대림3동,식료품·편의소매,3.67,-5.134147370307662,8.804147370307662,상권 대비 선방,True
C04_1387,20254,20253,11215730,군자동,자동차·운송서비스,-33.72,-16.152785351426544,-17.567214648573454,동반 감소,True
C04_0781,20254,20253,11560660,신길4동,식료품·편의소매,26.0,15.203256313275526,10.796743686724474,동반 비감소,True
C04_1849,20254,20253,11170640,이촌2동,생활서비스,-7.23,21.063238802708682,-28.293238802708682,고객만 감소,True
C04_0523,20254,20253,11410655,홍제2동,패션·잡화,-29.85,-26.998153109102528,-2.8518468908974732,동반 감소,True
C04_0888,20254,20253,11740700,둔촌2동,식료품·편의소매,-5.31,-6.412827974828373,1.1028279748283731,동반 감소,True
C04_0268,20254,20253,11470590,신월4동,식료품·편의소매,-6.08,-0.26342179774612173,-5.816578202253878,동반 감소,True
C04_0453,20254,20253,11230710,회기동,음식·음료,23.04,8.2961116770786,14.7438883229214,동반 비감소,True
C04_1042,20254,20253,11710532,거여2동,생활서비스,56.71,66.76878699569366,-10.058786995693659,동반 비감소,True
C04_0516,20254,20253,11380590,응암2동,여가·오락,24.42,12.719591670164032,11.70040832983597,동반 비감소,True
C04_0855,20254,20253,11470670,신정6동,미용·뷰티,22.82,8.038883273412045,14.781116726587955,동반 비감소,True
C04_1983,20254,20253,11500611,발산1동,식료품·편의소매,43.61,33.48425358102733,10.125746418972668,동반 비감소,True
C04_1231,20254,20253,11545680,시흥2동,식료품·편의소매,-18.23,1.4397747056945187,-19.66977470569452,고객만 감소,True
C04_1405,20254,20253,11410685,홍은2동,문화·취미·반려,-32.76,-25.681041033145192,-7.078958966854806,동반 감소,True
C04_1942,20254,20253,11470600,신월5동,여가·오락,5.93,12.090788844853595,-6.160788844853595,동반 비감소,True
C04_1024,20254,20253,11260655,망우본동,미용·뷰티,22.04,18.64301415100651,3.396985848993488,동반 비감소,True
C04_0390,20254,20253,11440700,망원2동,생활서비스,17.13,24.58648513937578,-7.456485139375783,동반 비감소,True
C04_0694,20254,20253,11545680,시흥2동,자동차·운송서비스,-19.78,-19.962043862649427,0.18204386264942585,동반 감소,True
C04_0180,20254,20253,11230710,회기동,식료품·편의소매,10.21,0.1806045869737316,10.029395413026268,동반 비감소,True
C04_0027,20254,20253,11230660,장안2동,가구·인테리어,27.33,-1.3487674141354877,28.678767414135486,상권 대비 선방,True
C04_0014,20254,20253,11545620,독산2동,여가·오락,28.49,29.572559594867908,-1.0825595948679094,동반 비감소,True
C04_1771,20254,20253,11110670,창신1동,숙박,-38.41,-49.20859271557496,10.798592715574962,동반 감소,True
C04_0591,20254,20253,11710646,장지동,여가·오락,10.43,5.505989591247329,4.924010408752671,동반 비감소,True
C04_1221,20254,20253,11650550,반포본동,문화·취미·반려,41.53,45.9382990961624,-4.408299096162402,동반 비감소,True
C04_0620,20254,20253,11380551,갈현1동,음식·음료,0.9,13.179688712567227,-12.279688712567227,동반 비감소,True
C04_0220,20254,20253,11170570,원효로2동,음식·음료,5.28,17.053381759279752,-11.77338175927975,동반 비감소,True
C04_1089,20254,20253,11215770,중곡4동,식료품·편의소매,10.54,6.030758529885749,4.50924147011425,동반 비감소,True
C04_1720,20254,20253,11230730,휘경2동,여가·오락,-13.03,2.366114721447099,-15.396114721447098,고객만 감소,True
C04_1884,20254,20253,11560690,신길7동,문화·취미·반려,-43.77,-39.911668174261685,-3.8583318257383183,동반 감소,True
C04_0522,20254,20253,11740620,천호3동,문화·취미·반려,-19.19,-20.256943203786903,1.0669432037869022,동반 감소,True
C04_0529,20254,20253,11260600,중화1동,식료품·편의소매,-30.05,-29.54784679181548,-0.5021532081845201,동반 감소,True
C04_0442,20254,20253,11470530,목3동,미용·뷰티,3.11,-2.8118031839535096,5.921803183953509,상권 대비 선방,True
C04_0254,20254,20253,11740600,천호1동,가구·인테리어,6.21,-10.911301424948839,17.12130142494884,상권 대비 선방,True
C04_1467,20254,20253,11215847,자양4동,식료품·편의소매,4.71,0.17103429081102295,4.538965709188977,동반 비감소,True
C04_1383,20254,20253,11470590,신월4동,식료품·편의소매,5.97,-0.26342179774612173,6.2334217977461215,상권 대비 선방,True
C04_1401,20254,20253,11560710,대림2동,미용·뷰티,-2.78,-0.6259464268651094,-2.1540535731348904,동반 감소,True
C04_0245,20254,20253,11215860,구의2동,식료품·편의소매,-0.23,0.5147726863829583,-0.7447726863829582,고객만 감소,True
C04_1966,20254,20253,11545670,시흥1동,음식·음료,24.94,4.158575128957853,20.781424871042148,동반 비감소,True
C04_0801,20254,20253,11500570,화곡4동,식료품·편의소매,23.37,18.02306082448215,5.34693917551785,동반 비감소,True
C04_1505,20254,20253,11680510,신사동,문화·취미·반려,100.0,254.39315384426976,-154.39315384426976,동반 비감소,True
C04_1941,20254,20253,11410685,홍은2동,패션·잡화,28.53,40.065528749197114,-11.535528749197113,동반 비감소,True
C04_1352,20254,20253,11620585,낙성대동,문화·취미·반려,-19.71,-8.335625785590405,-11.374374214409595,동반 감소,True
C04_1280,20254,20253,11710540,마천1동,패션·잡화,26.35,23.768201933902432,2.5817980660975692,동반 비감소,True
C04_1202,20254,20253,11680750,수서동,여가·오락,12.34,13.47001053783723,-1.1300105378372294,동반 비감소,True
C04_0040,20254,20253,11215860,구의2동,문화·취미·반려,8.56,32.243535315262186,-23.683535315262183,동반 비감소,True
C04_0690,20254,20253,11500640,방화2동,가구·인테리어,-3.23,-0.43663188290387067,-2.7933681170961293,동반 감소,True
C04_0431,20254,20253,11320670,쌍문2동,식료품·편의소매,-7.5,-4.3761743325497315,-3.1238256674502685,동반 감소,True
C04_1742,20254,20253,11290770,장위2동,가구·인테리어,64.84,74.52062360252634,-9.680623602526339,동반 비감소,True
C04_1219,20254,20253,11530595,가리봉동,자동차·운송서비스,10.05,5.439596812875935,4.610403187124065,동반 비감소,True
C04_1661,20254,20253,11215830,자양2동,음식·음료,10.99,1.538883244712097,9.451116755287902,동반 비감소,True
C04_0389,20254,20253,11710510,풍납1동,패션·잡화,-70.0,-55.77584046605267,-14.22415953394733,동반 감소,True
C04_1338,20254,20253,11740530,명일1동,음식·음료,0.33,0.21043242230849302,0.119567577691507,동반 비감소,True
C04_0438,20254,20253,11290630,정릉2동,패션·잡화,0.37,18.555466414098156,-18.185466414098155,동반 비감소,True
C04_0208,20254,20253,11710561,방이1동,생활서비스,65.83,56.50751277000401,9.322487229995986,동반 비감소,True
C04_0434,20254,20253,11440710,연남동,미용·뷰티,5.21,0.42453165976892304,4.785468340231077,동반 비감소,True
C04_0543,20254,20253,11740650,성내2동,전자기기·수리,-8.07,4.367330424199567,-12.437330424199567,고객만 감소,True
C04_0773,20254,20253,11320512,창2동,여가·오락,23.89,29.577854650486103,-5.687854650486102,동반 비감소,True
C04_0204,20254,20253,11290810,석관동,생활서비스,-27.79,-40.55566259554065,12.765662595540654,동반 감소,True
C04_0121,20254,20253,11230545,제기동,식료품·편의소매,-11.8,-0.9394034778753446,-10.860596522124656,동반 감소,True
C04_1524,20254,20253,11440680,합정동,미용·뷰티,16.29,-4.818381155735274,21.108381155735273,상권 대비 선방,True
C04_1972,20254,20253,11560630,신길1동,숙박,100.0,244.91707937118164,-144.91707937118164,동반 비감소,True
C04_1783,20254,20253,11140590,광희동,가구·인테리어,-63.65,-42.67046536198718,-20.979534638012815,동반 감소,True
C04_1090,20254,20253,11380552,갈현2동,가구·인테리어,18.99,8.603881344766883,10.386118655233116,동반 비감소,True
C04_1234,20254,20253,11290770,장위2동,음식·음료,-14.15,-4.440583935616626,-9.709416064383374,동반 감소,True
C04_0686,20254,20253,11500641,방화3동,생활서비스,88.75,78.50638018232885,10.243619817671146,동반 비감소,True
C04_0080,20254,20253,11200540,마장동,미용·뷰티,-0.63,-6.449628512042793,5.819628512042793,동반 감소,True
C04_0837,20254,20253,11305595,번1동,음식·음료,6.05,2.4413651603712117,3.608634839628788,동반 비감소,True
C04_0046,20254,20253,11290525,성북동,음식·음료,-2.02,3.027732479622758,-5.047732479622757,고객만 감소,True
C04_1640,20254,20253,11500530,등촌2동,식료품·편의소매,-9.94,2.747330297087891,-12.68733029708789,고객만 감소,True
C04_0365,20254,20253,11380632,신사2동,문화·취미·반려,46.66,47.07590746651531,-0.4159074665153142,동반 비감소,True
C04_0118,20254,20253,11380551,갈현1동,음식·음료,7.53,13.179688712567227,-5.649688712567227,동반 비감소,True
C04_1035,20254,20253,11320513,창3동,미용·뷰티,4.24,-6.499859792298068,10.739859792298068,상권 대비 선방,True
C04_0383,20254,20253,11140680,중림동,생활서비스,26.07,37.06554382799383,-10.995543827993828,동반 비감소,True
C04_0714,20254,20253,11530520,구로1동,음식·음료,14.37,21.967837146140234,-7.597837146140234,동반 비감소,True
C04_1819,20254,20253,11380551,갈현1동,문화·취미·반려,36.82,55.50163866886475,-18.68163866886475,동반 비감소,True
C04_0902,20254,20253,11320670,쌍문2동,가구·인테리어,100.0,333.04217455788194,-233.04217455788194,동반 비감소,True
C04_1621,20254,20253,11740520,상일동,자동차·운송서비스,4.07,-13.947594322813506,18.01759432281351,상권 대비 선방,True
C04_0142,20254,20253,11410555,북아현동,가구·인테리어,49.79,65.31292339814226,-15.522923398142261,동반 비감소,True
C04_0864,20254,20253,11530530,구로2동,문화·취미·반려,-11.37,0.2416889031634284,-11.611688903163428,고객만 감소,True
C04_1494,20254,20253,11470580,신월3동,패션·잡화,42.87,38.294541334389145,4.575458665610853,동반 비감소,True
C04_1772,20254,20253,11620630,남현동,생활서비스,50.76,40.998818837279316,9.761181162720682,동반 비감소,True
C04_1715,20254,20253,11650560,반포1동,문화·취미·반려,7.5,6.293803813704635,1.2061961862953652,동반 비감소,True
C04_0676,20254,20253,11545640,독산4동,음식·음료,-1.96,-0.879490603484856,-1.080509396515144,동반 감소,True
C04_1030,20254,20253,11110670,창신1동,여가·오락,19.7,7.56447410386496,12.13552589613504,동반 비감소,True
C04_1631,20254,20253,11680510,신사동,자동차·운송서비스,9.07,5.113982897329961,3.9560171026700397,동반 비감소,True
C04_1731,20254,20253,11140615,신당동,문화·취미·반려,100.0,172.54417146653483,-72.54417146653483,동반 비감소,True
C04_0825,20254,20253,11215847,자양4동,생활서비스,40.94,22.358155622100085,18.581844377899913,동반 비감소,True
C04_1629,20254,20253,11170660,이태원2동,미용·뷰티,-3.06,-13.47669434462323,10.41669434462323,동반 감소,True
C04_1477,20254,20253,11230730,휘경2동,문화·취미·반려,100.0,357.0917158034624,-257.0917158034624,동반 비감소,True
C04_1047,20254,20253,11470640,신정3동,음식·음료,21.05,0.38286739883928167,20.66713260116072,동반 비감소,True
C04_0839,20254,20253,11320660,쌍문1동,여가·오락,-66.43,-34.930172452283706,-31.4998275477163,동반 감소,True
C04_0097,20254,20253,11470640,신정3동,음식·음료,2.43,0.38286739883928167,2.0471326011607185,동반 비감소,True
C04_1394,20254,20253,11290725,월곡2동,미용·뷰티,27.24,23.012078055320195,4.227921944679803,동반 비감소,True
C04_0150,20254,20253,11320514,창4동,음식·음료,-1.66,6.342684321935321,-8.002684321935321,고객만 감소,True
C04_0658,20254,20253,11680650,역삼2동,생활서비스,18.24,19.006308026120067,-0.7663080261200683,동반 비감소,True
C04_1061,20254,20253,11530510,신도림동,패션·잡화,4.14,-3.48283008516046,7.62283008516046,상권 대비 선방,True
C04_0605,20254,20253,11305615,수유1동,숙박,-24.55,-33.97228286989387,9.422282869893866,동반 감소,True
C04_1359,20254,20253,11440660,서교동,음식·음료,1.29,6.596355273479837,-5.306355273479837,동반 비감소,True
C04_0719,20254,20253,11470620,신정1동,식료품·편의소매,10.14,6.932645797516757,3.207354202483244,동반 비감소,True
C04_1430,20254,20253,11500630,방화1동,생활서비스,72.57,71.77740172089348,0.7925982791065138,동반 비감소,True
C04_0458,20254,20253,11215847,자양4동,음식·음료,43.65,9.87584994712094,33.77415005287906,동반 비감소,True
C04_1134,20254,20253,11140605,을지로동,전자기기·수리,-44.71,-51.48706665049083,6.777066650490831,동반 감소,True
C04_0457,20254,20253,11380580,응암1동,생활서비스,69.63,81.3705482088088,-11.740548208808804,동반 비감소,True
C04_1911,20254,20253,11320670,쌍문2동,여가·오락,7.51,0.5683691956802406,6.941630804319759,동반 비감소,True
C04_1102,20254,20253,11710510,풍납1동,식료품·편의소매,-3.72,-2.5931043449960667,-1.1268956550039335,동반 감소,True
C04_0867,20254,20253,11305555,송천동,패션·잡화,-4.58,4.716820422616563,-9.296820422616562,고객만 감소,True
C04_1367,20254,20253,11380510,녹번동,미용·뷰티,-0.71,-12.968725163869943,12.258725163869943,동반 감소,True
C04_0553,20254,20253,11305615,수유1동,자동차·운송서비스,-15.03,-22.909245137018587,7.879245137018588,동반 감소,True
C04_0762,20254,20253,11650581,반포4동,생활서비스,11.14,7.745968238280909,3.3940317617190914,동반 비감소,True
C04_1158,20254,20253,11560680,신길6동,전자기기·수리,-70.0,-85.06436871846049,15.064368718460486,동반 감소,True
C04_0572,20254,20253,11620715,난향동,식료품·편의소매,-21.29,-31.653484952076326,10.363484952076327,동반 감소,True
C04_0941,20254,20253,11305534,삼양동,숙박,-33.5,-20.926659543232518,-12.573340456767482,동반 감소,True
C04_0134,20254,20253,11200560,행당1동,자동차·운송서비스,-58.21,-46.0241818948771,-12.185818105122898,동반 감소,True
C04_1201,20254,20253,11560660,신길4동,자동차·운송서비스,-58.49,-46.19656724336679,-12.293432756633209,동반 감소,True
C04_1225,20254,20253,11620715,난향동,패션·잡화,58.7,48.84324252144143,9.85675747855857,동반 비감소,True
C04_0005,20254,20253,11680656,도곡2동,패션·잡화,14.79,15.431360659442305,-0.6413606594423058,동반 비감소,True
C04_0120,20254,20253,11440600,대흥동,미용·뷰티,-17.93,-3.988548639751466,-13.941451360248534,동반 감소,True
C04_0900,20254,20253,11215820,자양1동,전자기기·수리,100.0,325.8657028505177,-225.86570285051772,동반 비감소,True
C04_0997,20254,20253,11650610,방배2동,자동차·운송서비스,-14.79,-9.328976457392047,-5.461023542607952,동반 감소,True
C04_1031,20254,20253,11230720,휘경1동,생활서비스,37.47,40.41823456767717,-2.9482345676771686,동반 비감소,True
C04_0234,20254,20253,11710600,석촌동,생활서비스,37.0,43.881914266273526,-6.881914266273526,동반 비감소,True
C04_0033,20254,20253,11380600,응암3동,가구·인테리어,-37.24,-33.232685192419666,-4.007314807580336,동반 감소,True
C04_1244,20254,20253,11680720,일원본동,문화·취미·반려,-30.05,-30.458548851086054,0.4085488510860529,동반 감소,True
C04_0677,20254,20253,11200650,성수1가1동,가구·인테리어,-24.76,-16.986513686382477,-7.773486313617525,동반 감소,True
C04_1718,20254,20253,11620630,남현동,여가·오락,35.54,43.33439174156404,-7.794391741564041,동반 비감소,True
C04_1307,20254,20253,11740550,고덕1동,생활서비스,81.63,59.49730979627854,22.132690203721452,동반 비감소,True
C04_1108,20254,20253,11260620,묵1동,미용·뷰티,-19.68,-5.086059035077484,-14.593940964922517,동반 감소,True
C04_1532,20254,20253,11320512,창2동,자동차·운송서비스,-11.42,-14.306037419151508,2.886037419151508,동반 감소,True
C04_1576,20254,20253,11440740,상암동,생활서비스,18.68,40.90682276735593,-22.226822767355934,동반 비감소,True
C04_0194,20254,20253,11110670,창신1동,가구·인테리어,13.65,14.26698313161625,-0.6169831316162497,동반 비감소,True
C04_1694,20254,20253,11230660,장안2동,전자기기·수리,-13.29,6.180922199397076,-19.470922199397076,고객만 감소,True
C04_1938,20254,20253,11215730,군자동,생활서비스,31.76,6.489855529812227,25.270144470187773,동반 비감소,True
C04_0636,20254,20253,11290810,석관동,자동차·운송서비스,-48.49,-31.819712591674698,-16.670287408325304,동반 감소,True
C04_0866,20254,20253,11290810,석관동,식료품·편의소매,2.64,4.772877327024916,-2.1328773270249157,동반 비감소,True
C04_1386,20254,20253,11350621,중계1동,자동차·운송서비스,0.53,-0.5435070453411406,1.0735070453411406,상권 대비 선방,True
C04_1230,20254,20253,11110710,숭인2동,전자기기·수리,-24.22,-27.616212117593154,3.396212117593155,동반 감소,True
C04_0407,20254,20253,11230560,전농1동,패션·잡화,16.89,23.8995001729031,-7.009500172903099,동반 비감소,True
C04_1399,20254,20253,11320521,도봉1동,숙박,8.29,-3.325324720209122,11.61532472020912,상권 대비 선방,True
C04_1982,20254,20253,11215830,자양2동,미용·뷰티,-11.43,-11.12798893147595,-0.3020110685240489,동반 감소,True
C04_1007,20254,20253,11560680,신길6동,전자기기·수리,-64.65,-85.06436871846049,20.41436871846048,동반 감소,True
C04_1435,20254,20253,11380530,불광2동,식료품·편의소매,7.43,13.01763477877076,-5.587634778770759,동반 비감소,True
C04_1878,20254,20253,11590540,상도2동,패션·잡화,81.19,81.70735331761475,-0.5173533176147487,동반 비감소,True
C04_0074,20254,20253,11440710,연남동,생활서비스,20.81,5.688859512576405,15.121140487423594,동반 비감소,True
C04_0852,20254,20253,11530540,구로3동,식료품·편의소매,12.56,-6.1603041838695916,18.720304183869594,상권 대비 선방,True
C04_0753,20254,20253,11140550,명동,문화·취미·반려,8.58,5.205800085263279,3.374199914736721,동반 비감소,True
C04_1606,20254,20253,11590530,상도1동,식료품·편의소매,3.63,-0.10676056541313317,3.736760565413133,상권 대비 선방,True
C04_0545,20254,20253,11530550,구로4동,미용·뷰티,-31.65,-14.91980142035868,-16.730198579641318,동반 감소,True
C04_1343,20254,20253,11440630,신수동,문화·취미·반려,100.0,299.19770078523754,-199.19770078523754,동반 비감소,True
C04_0913,20254,20253,11680670,개포2동,문화·취미·반려,-21.6,-25.16436995498689,3.564369954986887,동반 감소,True
C04_0255,20254,20253,11200550,사근동,패션·잡화,-22.74,-23.758326723943767,1.018326723943769,동반 감소,True
C04_0183,20254,20253,11620575,행운동,여가·오락,-7.22,-10.087953598074629,2.867953598074629,동반 감소,True
C04_0943,20254,20253,11260600,중화1동,가구·인테리어,100.0,146.02515471860866,-46.02515471860866,동반 비감소,True
C04_0013,20254,20253,11140680,중림동,문화·취미·반려,-34.84,-62.443012261170814,27.60301226117081,동반 감소,True
C04_0581,20254,20253,11440655,서강동,음식·음료,19.26,6.669833654569235,12.590166345430767,동반 비감소,True
C04_1147,20254,20253,11680590,삼성2동,문화·취미·반려,18.03,11.455506462117482,6.574493537882519,동반 비감소,True
C04_1298,20254,20253,11650540,잠원동,문화·취미·반려,-24.72,-16.66781044308371,-8.05218955691629,동반 감소,True
C04_0644,20254,20253,11260565,면목본동,전자기기·수리,11.03,3.2890604017277614,7.740939598272238,동반 비감소,True
C04_1870,20254,20253,11305625,수유2동,여가·오락,-10.1,14.083749406219749,-24.183749406219746,고객만 감소,True
C04_1322,20254,20253,11500530,등촌2동,문화·취미·반려,-3.66,-2.1034853643041584,-1.5565146356958417,동반 감소,True
C04_0976,20254,20253,11440555,아현동,미용·뷰티,-7.87,2.1767676877332054,-10.046767687733205,고객만 감소,True
C04_0986,20254,20253,11215770,중곡4동,미용·뷰티,14.4,15.191222772964608,-0.7912227729646073,동반 비감소,True
C04_0130,20254,20253,11215847,자양4동,여가·오락,19.19,3.2497425049388795,15.940257495061122,동반 비감소,True
C04_0519,20254,20253,11260565,면목본동,생활서비스,69.93,56.95201946909756,12.97798053090245,동반 비감소,True
C04_0879,20254,20253,11650581,반포4동,식료품·편의소매,-43.96,-15.951467569078758,-28.008532430921242,동반 감소,True
C04_0973,20254,20253,11260565,면목본동,문화·취미·반려,16.82,-0.9484315457138792,17.76843154571388,상권 대비 선방,True
C04_1188,20254,20253,11650652,양재2동,패션·잡화,-1.99,6.231012772868971,-8.22101277286897,고객만 감소,True
C04_1193,20254,20253,11410565,충현동,가구·인테리어,4.65,-0.8200446923943616,5.470044692394362,상권 대비 선방,True
C04_0820,20254,20253,11290580,돈암1동,패션·잡화,2.76,6.708070616561668,-3.948070616561668,동반 비감소,True
C04_1333,20254,20253,11620685,신사동,가구·인테리어,100.0,153.99610748880534,-53.996107488805336,동반 비감소,True
C04_0297,20254,20253,11170560,원효로1동,숙박,-52.02,-71.36041389620281,19.34041389620281,동반 감소,True
C04_0991,20254,20253,11110680,창신2동,가구·인테리어,-48.2,-60.0,11.799999999999997,동반 감소,True
C04_0990,20254,20253,11320512,창2동,가구·인테리어,-53.98,-44.8608812729427,-9.119118727057298,동반 감소,True
C04_1404,20254,20253,11470510,목1동,가구·인테리어,48.48,67.14355043106856,-18.663550431068565,동반 비감소,True
C04_1823,20254,20253,11470530,목3동,문화·취미·반려,26.95,19.995851208181236,6.954148791818763,동반 비감소,True
C04_1910,20254,20253,11290640,정릉3동,미용·뷰티,4.12,-7.116317116104676,11.236317116104676,상권 대비 선방,True
C04_0716,20254,20253,11500641,방화3동,문화·취미·반려,-5.9,-7.541602347276378,1.6416023472763772,동반 감소,True
C04_0861,20254,20253,11290575,동선동,미용·뷰티,-10.37,-13.143370833631696,2.773370833631697,동반 감소,True
C04_0001,20254,20253,11320521,도봉1동,음식·음료,-8.79,-0.6080177911320539,-8.181982208867945,동반 감소,True
C04_1155,20254,20253,11470520,목2동,음식·음료,10.24,1.4522115049450335,8.787788495054967,동반 비감소,True
C04_1903,20254,20253,11530760,개봉3동,미용·뷰티,-10.29,-11.444927516917025,1.1549275169170254,동반 감소,True
C04_1530,20254,20253,11260600,중화1동,음식·음료,-14.96,-9.215981114358641,-5.74401888564136,동반 감소,True
C04_1139,20254,20253,11290770,장위2동,가구·인테리어,83.83,74.52062360252634,9.309376397473656,동반 비감소,True
C04_1539,20254,20253,11305545,송중동,문화·취미·반려,37.17,17.952828209229168,19.217171790770834,동반 비감소,True
C04_1861,20254,20253,11545670,시흥1동,숙박,-28.27,-25.323256479927046,-2.9467435200729533,동반 감소,True
C04_1895,20254,20253,11440720,성산1동,문화·취미·반려,-70.0,-95.07561369826813,25.07561369826813,동반 감소,True
C04_0530,20254,20253,11290525,성북동,가구·인테리어,-16.81,-28.854214544056266,12.044214544056267,동반 감소,True
C04_0305,20254,20253,11650620,방배3동,자동차·운송서비스,-6.98,-3.0650601085029927,-3.9149398914970077,동반 감소,True
C04_1141,20254,20253,11710531,거여1동,패션·잡화,23.5,8.17968242624647,15.32031757375353,동반 비감소,True
C04_1740,20254,20253,11380632,신사2동,자동차·운송서비스,12.55,7.484656160462277,5.065343839537723,동반 비감소,True
C04_1506,20254,20253,11470640,신정3동,문화·취미·반려,34.67,13.23802628925388,21.43197371074612,동반 비감소,True
C04_1947,20254,20253,11440690,망원1동,자동차·운송서비스,-27.93,-14.87485551209855,-13.05514448790145,동반 감소,True
C04_1868,20254,20253,11140670,황학동,가구·인테리어,-31.03,-11.655916083773722,-19.37408391622628,동반 감소,True
C04_1027,20254,20253,11500611,발산1동,자동차·운송서비스,-42.88,-34.600855379298835,-8.279144620701167,동반 감소,True
C04_0450,20254,20253,11350611,하계1동,생활서비스,100.0,104.34579559092145,-4.345795590921455,동반 비감소,True
C04_1989,20254,20253,11440585,도화동,여가·오락,46.95,22.16554840197842,24.784451598021583,동반 비감소,True
C04_0515,20254,20253,11545710,시흥5동,미용·뷰티,-14.82,-25.494845265584754,10.674845265584754,동반 감소,True
C04_0540,20254,20253,11320512,창2동,생활서비스,64.53,66.69707216485664,-2.1670721648566342,동반 비감소,True
C04_1853,20254,20253,11170625,한강로동,음식·음료,-9.58,6.960041489217961,-16.540041489217963,고객만 감소,True
C04_1899,20254,20253,11545610,독산1동,문화·취미·반려,-17.96,-19.004898510413582,1.0448985104135815,동반 감소,True
C04_0596,20254,20253,11305615,수유1동,패션·잡화,63.37,78.43943875959268,-15.069438759592678,동반 비감소,True
C04_0076,20254,20253,11680750,수서동,음식·음료,-12.18,-1.5005516441769284,-10.679448355823071,동반 감소,True
C04_0117,20254,20253,11500605,가양3동,음식·음료,-4.5,1.7679945164932098,-6.26799451649321,고객만 감소,True
C04_1375,20254,20253,11170580,효창동,음식·음료,6.21,-7.251074712939253,13.461074712939254,상권 대비 선방,True
C04_1723,20254,20253,11680610,대치2동,문화·취미·반려,-14.54,-7.416863277495689,-7.12313672250431,동반 감소,True
C04_0256,20254,20253,11440690,망원1동,가구·인테리어,100.0,139.78183753476765,-39.78183753476765,동반 비감소,True
C04_1267,20254,20253,11710720,잠실7동,음식·음료,9.06,-7.82583173676259,16.88583173676259,상권 대비 선방,True
C04_0239,20254,20253,11350710,상계9동,문화·취미·반려,-31.43,-27.32362242330687,-4.106377576693131,동반 감소,True
C04_0328,20254,20253,11500605,가양3동,음식·음료,-5.23,1.7679945164932098,-6.99799451649321,고객만 감소,True
C04_0653,20254,20253,11380650,수색동,패션·잡화,29.58,32.77024185745927,-3.19024185745927,동반 비감소,True
C04_0707,20254,20253,11500604,가양2동,패션·잡화,4.98,28.172247287996054,-23.192247287996054,동반 비감소,True
C04_1960,20254,20253,11410660,홍은1동,패션·잡화,8.98,-5.367914341763136,14.347914341763136,상권 대비 선방,True
C04_0369,20254,20253,11500570,화곡4동,가구·인테리어,4.89,8.265055840085722,-3.3750558400857225,동반 비감소,True
C04_1464,20254,20253,11500570,화곡4동,전자기기·수리,2.87,3.5127765323585747,-0.6427765323585746,동반 비감소,True
C04_1733,20254,20253,11530790,수궁동,생활서비스,76.67,76.56618627988423,0.10381372011576673,동반 비감소,True
C04_1992,20254,20253,11620665,서림동,음식·음료,6.53,-0.779532789759374,7.309532789759374,상권 대비 선방,True
C04_1377,20254,20253,11290555,삼선동,자동차·운송서비스,-62.03,-56.209505505523396,-5.8204944944766055,동반 감소,True
C04_1057,20254,20253,11260550,면목5동,문화·취미·반려,-34.04,-15.529424076692388,-18.510575923307613,동반 감소,True
C04_0355,20254,20253,11290575,동선동,문화·취미·반려,23.35,27.105629163780186,-3.755629163780185,동반 비감소,True
C04_0632,20254,20253,11380520,불광1동,생활서비스,19.77,41.07386945175897,-21.303869451758974,동반 비감소,True
C04_1300,20254,20253,11320670,쌍문2동,패션·잡화,-4.89,4.696858734656906,-9.586858734656905,고객만 감소,True
C04_0326,20254,20253,11470630,신정2동,생활서비스,-12.69,-6.7485378029261796,-5.94146219707382,동반 감소,True
C04_1293,20254,20253,11680656,도곡2동,생활서비스,84.51,88.93669003236468,-4.426690032364675,동반 비감소,True
C04_0387,20254,20253,11740515,강일동,미용·뷰티,-3.71,5.955128907864249,-9.665128907864249,고객만 감소,True
C04_0771,20254,20253,11215770,중곡4동,생활서비스,40.97,22.43689657741328,18.53310342258672,동반 비감소,True
C04_1553,20254,20253,11215710,화양동,생활서비스,2.53,23.40222323534986,-20.87222323534986,동반 비감소,True
C04_0595,20254,20253,11440730,성산2동,전자기기·수리,100.0,382.08570847591875,-282.08570847591875,동반 비감소,True
C04_0662,20254,20253,11290685,길음2동,자동차·운송서비스,13.99,-0.7255119507650343,14.715511950765034,상권 대비 선방,True
C04_1642,20254,20253,11500615,우장산동,식료품·편의소매,-14.95,-1.2665976398442802,-13.68340236015572,동반 감소,True
C04_1247,20254,20253,11560700,대림1동,식료품·편의소매,3.62,5.2243361507940955,-1.6043361507940954,동반 비감소,True
C04_1198,20254,20253,11560550,당산1동,패션·잡화,-6.24,-3.53313695693801,-2.70686304306199,동반 감소,True
C04_1689,20254,20253,11170510,후암동,자동차·운송서비스,-12.74,-11.730636036235254,-1.0093639637647467,동반 감소,True
C04_2000,20254,20253,11740530,명일1동,자동차·운송서비스,-6.28,-1.3661295706588361,-4.913870429341165,동반 감소,True
C04_0468,20254,20253,11650660,내곡동,음식·음료,-18.7,-3.353802694763308,-15.346197305236691,동반 감소,True
C04_0944,20254,20253,11170590,용문동,전자기기·수리,16.72,0.488250271960311,16.231749728039688,동반 비감소,True
C04_0348,20254,20253,11560535,영등포동,자동차·운송서비스,22.03,8.982505510761719,13.047494489238282,동반 비감소,True
C04_0153,20254,20253,11260600,중화1동,전자기기·수리,100.0,266.7525865980998,-166.7525865980998,동반 비감소,True
C04_1727,20254,20253,11545690,시흥3동,음식·음료,-9.23,-0.3140361798266489,-8.915963820173351,동반 감소,True
C04_0301,20254,20253,11350670,상계5동,전자기기·수리,-5.12,-4.650899653855955,-0.46910034614404506,동반 감소,True
C04_0982,20254,20253,11530790,수궁동,전자기기·수리,100.0,459.25108480458,-359.25108480458,동반 비감소,True
C04_1039,20254,20253,11230545,제기동,생활서비스,45.95,49.64220260784127,-3.692202607841267,동반 비감소,True
C04_1128,20254,20253,11620765,미성동,문화·취미·반려,-4.09,-10.710303673689726,6.620303673689726,동반 감소,True
C04_1888,20254,20253,11230536,용신동,여가·오락,-9.23,-6.411557240905941,-2.8184427590940597,동반 감소,True
C04_0275,20254,20253,11215860,구의2동,전자기기·수리,6.62,16.853078085370065,-10.233078085370064,동반 비감소,True
C04_0734,20254,20253,11530540,구로3동,미용·뷰티,-15.48,-14.874917858003489,-0.6050821419965118,동반 감소,True
C04_1436,20254,20253,11740620,천호3동,식료품·편의소매,-7.58,0.6514693198103938,-8.231469319810394,고객만 감소,True
C04_1428,20254,20253,11170570,원효로2동,음식·음료,3.11,17.053381759279752,-13.943381759279752,동반 비감소,True
C04_1709,20254,20253,11470630,신정2동,패션·잡화,-10.65,-26.49535664886247,15.845356648862468,동반 감소,True
C04_0967,20254,20253,11650652,양재2동,자동차·운송서비스,14.47,1.2829446556291924,13.187055344370808,동반 비감소,True
C04_1509,20254,20253,11260680,신내1동,음식·음료,5.22,-0.9308977863951462,6.150897786395146,상권 대비 선방,True
C04_1049,20254,20253,11650520,서초2동,패션·잡화,34.95,36.30605512047751,-1.3560551204775066,동반 비감소,True
C04_0368,20254,20253,11740600,천호1동,미용·뷰티,4.29,3.616797628210766,0.6732023717892339,동반 비감소,True
C04_1309,20254,20253,11680655,도곡1동,자동차·운송서비스,5.81,10.445853215975154,-4.635853215975154,동반 비감소,True
C04_1297,20254,20253,11350611,하계1동,여가·오락,18.22,7.805977855392543,10.414022144607456,동반 비감소,True
C04_0163,20254,20253,11620695,신림동,생활서비스,37.57,33.12526479824967,4.444735201750333,동반 비감소,True
C04_1893,20254,20253,11560660,신길4동,자동차·운송서비스,-48.88,-46.19656724336679,-2.6834327566332092,동반 감소,True
C04_1765,20254,20253,11680531,논현2동,여가·오락,4.95,8.445105975567092,-3.4951059755670917,동반 비감소,True
C04_0329,20254,20253,11440720,성산1동,식료품·편의소매,-10.7,-18.14291968247409,7.442919682474091,동반 감소,True
C04_1207,20254,20253,11680720,일원본동,패션·잡화,-53.18,-44.22963383314937,-8.950366166850628,동반 감소,True
C04_1277,20254,20253,11650580,반포3동,음식·음료,-10.14,-1.1214121069691552,-9.018587893030846,동반 감소,True
C04_1645,20254,20253,11380560,구산동,문화·취미·반려,44.84,20.946602479445776,23.893397520554227,동반 비감소,True
C04_0680,20254,20253,11560535,영등포동,자동차·운송서비스,26.06,8.982505510761719,17.07749448923828,동반 비감소,True
C04_1596,20254,20253,11740685,길동,패션·잡화,-3.52,-7.342092328587368,3.822092328587368,동반 감소,True
C04_1687,20254,20253,11170690,서빙고동,음식·음료,-1.9,3.4777180935745555,-5.377718093574556,고객만 감소,True
C04_0811,20254,20253,11710680,잠실3동,미용·뷰티,7.97,2.452571944726678,5.517428055273322,동반 비감소,True
C04_0045,20254,20253,11320680,쌍문3동,가구·인테리어,36.15,40.39373119826604,-4.24373119826604,동반 비감소,True
C04_0282,20254,20253,11620545,청림동,식료품·편의소매,-2.37,-12.84486042407007,10.47486042407007,동반 감소,True
C04_1036,20254,20253,11545610,독산1동,미용·뷰티,11.91,8.630460204600565,3.279539795399435,동반 비감소,True
C04_0604,20254,20253,11740600,천호1동,음식·음료,9.85,1.1403743339738703,8.70962566602613,동반 비감소,True
C04_0834,20254,20253,11110615,종로1·2·3·4가동,여가·오락,-1.44,2.387290025809796,-3.827290025809796,고객만 감소,True
C04_1448,20254,20253,11545710,시흥5동,가구·인테리어,-41.74,-39.75781285833779,-1.9821871416622088,동반 감소,True
C04_0724,20254,20253,11740640,성내1동,여가·오락,-21.45,-30.067871835486436,8.617871835486437,동반 감소,True
C04_0832,20254,20253,11470640,신정3동,식료품·편의소매,14.78,4.7077878255535,10.072212174446499,동반 비감소,True
C04_1948,20254,20253,11260600,중화1동,패션·잡화,18.78,4.417391858166919,14.362608141833082,동반 비감소,True
C04_0571,20254,20253,11290660,길음1동,음식·음료,-10.27,-6.249628069312418,-4.020371930687581,동반 감소,True
C04_0048,20254,20253,11590550,상도3동,생활서비스,50.03,38.181508084270035,11.848491915729966,동반 비감소,True
C04_1670,20254,20253,11290705,종암동,패션·잡화,-21.74,15.976687717223271,-37.716687717223266,고객만 감소,True
C04_0047,20254,20253,11590640,사당3동,가구·인테리어,4.23,2.807344261591127,1.4226557384088734,동반 비감소,True
C04_1924,20254,20253,11680656,도곡2동,전자기기·수리,48.91,42.201828870514206,6.708171129485791,동반 비감소,True
C04_1600,20254,20253,11530740,개봉1동,식료품·편의소매,-40.7,-3.8224758210452903,-36.877524178954715,동반 감소,True
C04_0904,20254,20253,11170590,용문동,가구·인테리어,100.0,261.11872107331095,-161.11872107331095,동반 비감소,True
C04_0411,20254,20253,11410565,충현동,여가·오락,-17.08,-13.734528536967893,-3.345471463032105,동반 감소,True
C04_1735,20254,20253,11710540,마천1동,미용·뷰티,22.74,28.61524334360366,-5.87524334360366,동반 비감소,True
C04_0574,20254,20253,11740515,강일동,여가·오락,1.52,-0.6028492622437431,2.122849262243743,상권 대비 선방,True
C04_0642,20254,20253,11710531,거여1동,생활서비스,30.79,21.353559398496923,9.436440601503076,동반 비감소,True
C04_1084,20254,20253,11215730,군자동,문화·취미·반려,-26.17,-36.83783807765641,10.667838077656405,동반 감소,True
C04_0205,20254,20253,11590651,사당5동,미용·뷰티,8.3,0.03942739891238389,8.260572601087617,동반 비감소,True
C04_0988,20254,20253,11440740,상암동,음식·음료,-0.24,-0.5485953910482344,0.3085953910482344,동반 감소,True
C04_0247,20254,20253,11290760,장위1동,식료품·편의소매,-15.6,-3.3049505722741013,-12.295049427725898,동반 감소,True
C04_0544,20254,20253,11110530,사직동,숙박,9.29,3.1635808497762374,6.126419150223762,동반 비감소,True
C04_1886,20254,20253,11410620,홍제1동,생활서비스,96.12,71.6716227839868,24.4483772160132,동반 비감소,True
C04_1010,20254,20253,11230740,이문1동,음식·음료,16.09,12.336318515285981,3.7536814847140185,동반 비감소,True
C04_0397,20254,20253,11500540,화곡1동,생활서비스,99.59,110.7315035991288,-11.141503599128797,동반 비감소,True
C04_1860,20254,20253,11545680,시흥2동,미용·뷰티,-59.05,-53.62184201860851,-5.428157981391486,동반 감소,True
C04_1623,20254,20253,11560535,영등포동,식료품·편의소매,-11.71,-6.214149757941511,-5.49585024205849,동반 감소,True
C04_0883,20254,20253,11680740,일원2동,음식·음료,-15.48,-5.752750143001373,-9.727249856998627,동반 감소,True
C04_0052,20254,20253,11740650,성내2동,전자기기·수리,8.91,4.367330424199567,4.542669575800433,동반 비감소,True
C04_1140,20254,20253,11650620,방배3동,미용·뷰티,-27.21,1.811668307815384,-29.021668307815386,고객만 감소,True
C04_0384,20254,20253,11110710,숭인2동,미용·뷰티,-5.55,-6.326173959375803,0.7761739593758028,동반 감소,True
C04_0147,20254,20253,11500605,가양3동,전자기기·수리,-19.13,-28.484667617574843,9.354667617574844,동반 감소,True
C04_1302,20254,20253,11620595,청룡동,숙박,6.56,-7.340687062111806,13.900687062111807,상권 대비 선방,True
C04_1480,20254,20253,11215870,구의3동,가구·인테리어,18.89,13.802681598875521,5.087318401124479,동반 비감소,True
C04_0799,20254,20253,11440740,상암동,패션·잡화,17.63,3.586924388019508,14.043075611980491,동반 비감소,True
C04_0479,20254,20253,11215810,광장동,자동차·운송서비스,-5.72,-1.773024553830127,-3.9469754461698727,동반 감소,True
C04_0847,20254,20253,11380570,대조동,미용·뷰티,-5.46,-2.5098163659801886,-2.9501836340198113,동반 감소,True
C04_1522,20254,20253,11140635,약수동,패션·잡화,54.99,49.85735388238011,5.132646117619892,동반 비감소,True
C04_1018,20254,20253,11230720,휘경1동,음식·음료,-11.05,-1.3836507686838861,-9.666349231316115,동반 감소,True
C04_1626,20254,20253,11560585,도림동,전자기기·수리,79.41,76.5310972026799,2.8789027973200945,동반 비감소,True
C04_1815,20254,20253,11590530,상도1동,패션·잡화,5.08,-9.65406021967845,14.734060219678451,상권 대비 선방,True
C04_1628,20254,20253,11650651,양재1동,음식·음료,14.61,5.5179050963902965,9.092094903609702,동반 비감소,True
C04_0324,20254,20253,11260610,중화2동,가구·인테리어,-24.37,-21.761853487424286,-2.608146512575715,동반 감소,True
C04_1143,20254,20253,11560540,여의동,식료품·편의소매,-6.85,-7.2094134611581655,0.35941346115816586,동반 감소,True
C04_1243,20254,20253,11290555,삼선동,음식·음료,-1.59,2.53243789131683,-4.12243789131683,고객만 감소,True
C04_1634,20254,20253,11710540,마천1동,음식·음료,4.05,-4.859409595071074,8.909409595071073,상권 대비 선방,True
C04_1017,20254,20253,11620625,인헌동,음식·음료,-7.58,8.828188395057879,-16.408188395057877,고객만 감소,True
C04_0391,20254,20253,11545610,독산1동,자동차·운송서비스,-14.07,-7.777269022990952,-6.2927309770090485,동반 감소,True
C04_1516,20254,20253,11710570,오금동,생활서비스,73.63,68.46057319114362,5.169426808856372,동반 비감소,True
C04_1820,20254,20253,11740530,명일1동,여가·오락,-3.2,12.62706161413918,-15.82706161413918,고객만 감소,True
C04_1259,20254,20253,11680580,삼성1동,음식·음료,13.03,8.003250919139425,5.026749080860574,동반 비감소,True
C04_1456,20254,20253,11740515,강일동,생활서비스,52.93,69.98574995216083,-17.05574995216083,동반 비감소,True
C04_0480,20254,20253,11440600,대흥동,패션·잡화,39.15,44.207647005362595,-5.057647005362597,동반 비감소,True
C04_0054,20254,20253,11170590,용문동,패션·잡화,11.14,25.8366756193128,-14.6966756193128,동반 비감소,True
C04_0701,20254,20253,11590670,신대방1동,음식·음료,-17.92,-4.708912229919737,-13.211087770080265,동반 감소,True
C04_0669,20254,20253,11260600,중화1동,음식·음료,-24.71,-9.215981114358641,-15.49401888564136,동반 감소,True
C04_0386,20254,20253,11440610,염리동,여가·오락,35.42,25.51245223375762,9.90754776624238,동반 비감소,True
C04_0549,20254,20253,11230730,휘경2동,음식·음료,-7.36,-3.7137437655827554,-3.646256234417245,동반 감소,True
C04_1538,20254,20253,11380631,신사1동,생활서비스,40.16,48.56738398642073,-8.407383986420733,동반 비감소,True
C04_1599,20254,20253,11260630,묵2동,전자기기·수리,-26.81,-28.231900631327434,1.4219006313274356,동반 감소,True
C04_0569,20254,20253,11215850,구의1동,문화·취미·반려,-43.42,-27.388282446510647,-16.031717553489354,동반 감소,True
C04_0307,20254,20253,11740590,암사3동,생활서비스,37.69,42.21647361628156,-4.526473616281564,동반 비감소,True
C04_1795,20254,20253,11260565,면목본동,가구·인테리어,39.44,5.152731746991668,34.28726825300833,동반 비감소,True
C04_0670,20254,20253,11380560,구산동,문화·취미·반려,17.79,20.946602479445776,-3.1566024794457768,동반 비감소,True
C04_1867,20254,20253,11440600,대흥동,음식·음료,-4.69,5.050135277409118,-9.740135277409118,고객만 감소,True
C04_0114,20254,20253,11170630,이촌1동,식료품·편의소매,-9.62,-4.017666798770714,-5.6023332012292855,동반 감소,True
C04_1798,20254,20253,11410620,홍제1동,가구·인테리어,100.0,572.648675167246,-472.648675167246,동반 비감소,True
C04_1326,20254,20253,11410660,홍은1동,전자기기·수리,100.0,588.4413309794778,-488.4413309794778,동반 비감소,True
C04_0510,20254,20253,11740540,명일2동,자동차·운송서비스,-12.78,12.871456154946115,-25.651456154946114,고객만 감소,True
C04_1825,20254,20253,11140615,신당동,숙박,-53.23,-15.901720414030818,-37.32827958596918,동반 감소,True
C04_0167,20254,20253,11440730,성산2동,자동차·운송서비스,-15.27,-7.786542656689399,-7.483457343310601,동반 감소,True
C04_1734,20254,20253,11560650,신길3동,문화·취미·반려,-10.4,-19.90888601037283,9.508886010372828,동반 감소,True
C04_0462,20254,20253,11440720,성산1동,여가·오락,31.35,8.818683573682652,22.53131642631735,동반 비감소,True
C04_1214,20254,20253,11260690,신내2동,음식·음료,10.11,-4.33654162636159,14.44654162636159,상권 대비 선방,True
C04_0406,20254,20253,11620565,성현동,음식·음료,-32.9,-15.169518232565359,-17.73048176743464,동반 감소,True
C04_1556,20254,20253,11410690,남가좌1동,미용·뷰티,-8.94,-7.292643129632037,-1.6473568703679629,동반 감소,True
C04_1329,20254,20253,11650540,잠원동,숙박,0.1,-5.314497249469429,5.414497249469429,상권 대비 선방,True
C04_1241,20254,20253,11590670,신대방1동,생활서비스,53.76,43.105196228173504,10.654803771826494,동반 비감소,True
C04_0266,20254,20253,11680521,논현1동,패션·잡화,1.17,14.07251230047455,-12.90251230047455,동반 비감소,True
C04_0689,20254,20253,11620575,행운동,전자기기·수리,18.47,14.294306650622367,4.175693349377632,동반 비감소,True
C04_1844,20254,20253,11710532,거여2동,패션·잡화,-4.31,-5.121453494058626,0.8114534940586262,동반 감소,True
C04_1163,20254,20253,11260655,망우본동,음식·음료,-8.62,3.1052169452869594,-11.72521694528696,고객만 감소,True
C04_0672,20254,20253,11650520,서초2동,생활서비스,3.92,1.0684875551738582,2.8515124448261417,동반 비감소,True
C04_1316,20254,20253,11110650,혜화동,가구·인테리어,-8.88,-18.452169237621018,9.572169237621017,동반 감소,True
C04_0125,20254,20253,11260620,묵1동,여가·오락,-16.91,-8.933156284411748,-7.976843715588252,동반 감소,True
C04_0652,20254,20253,11680610,대치2동,문화·취미·반려,-3.24,-7.416863277495689,4.176863277495689,동반 감소,True
C04_0473,20254,20253,11620645,서원동,문화·취미·반려,11.02,-12.075192161692982,23.09519216169298,상권 대비 선방,True
C04_0441,20254,20253,11710550,마천2동,여가·오락,44.36,24.312817572568555,20.047182427431444,동반 비감소,True
C04_0291,20254,20253,11140625,다산동,음식·음료,15.94,-3.7916598864925266,19.731659886492526,상권 대비 선방,True
C04_1724,20254,20253,11140670,황학동,식료품·편의소매,18.26,4.973405111025908,13.286594888974093,동반 비감소,True
C04_1833,20254,20253,11200690,성수2가3동,여가·오락,-16.17,-11.061360769618245,-5.1086392303817565,동반 감소,True
C04_1137,20254,20253,11290715,월곡1동,가구·인테리어,57.33,35.12673237374455,22.203267626255446,동반 비감소,True
C04_1117,20254,20253,11290590,돈암2동,식료품·편의소매,-9.95,-5.499355259600858,-4.450644740399142,동반 감소,True
C04_0665,20254,20253,11680510,신사동,문화·취미·반려,100.0,254.39315384426976,-154.39315384426976,동반 비감소,True
C04_0362,20254,20253,11590520,노량진2동,패션·잡화,8.09,16.18425814478035,-8.094258144780351,동반 비감소,True
C04_1324,20254,20253,11260590,상봉2동,자동차·운송서비스,-17.42,-12.123827933872777,-5.296172066127225,동반 감소,True
C04_0809,20254,20253,11620585,낙성대동,식료품·편의소매,-9.55,1.6889166779191722,-11.238916677919173,고객만 감소,True
C04_0664,20254,20253,11380650,수색동,패션·잡화,41.49,32.77024185745927,8.719758142540734,동반 비감소,True
C04_0051,20254,20253,11140670,황학동,가구·인테리어,1.03,-11.655916083773722,12.685916083773721,상권 대비 선방,True
C04_1753,20254,20253,11215860,구의2동,식료품·편의소매,2.37,0.5147726863829583,1.8552273136170419,동반 비감소,True
C04_1159,20254,20253,11620625,인헌동,자동차·운송서비스,13.82,14.876451372027798,-1.056451372027798,동반 비감소,True
C04_0876,20254,20253,11680720,일원본동,식료품·편의소매,-0.76,-4.3096294571500104,3.5496294571500107,동반 감소,True
C04_0011,20254,20253,11650610,방배2동,자동차·운송서비스,-10.83,-9.328976457392047,-1.5010235426079532,동반 감소,True
C04_1774,20254,20253,11230705,청량리동,가구·인테리어,-70.0,-73.01462439699068,3.0146243969906834,동반 감소,True
C04_1022,20254,20253,11320522,도봉2동,미용·뷰티,3.6,-10.756266074683063,14.356266074683063,상권 대비 선방,True
C04_1196,20254,20253,11620765,미성동,미용·뷰티,9.59,3.1940036441865383,6.395996355813462,동반 비감소,True
C04_0240,20254,20253,11215850,구의1동,식료품·편의소매,1.66,-4.102436830961842,5.762436830961843,상권 대비 선방,True
C04_1458,20254,20253,11170625,한강로동,패션·잡화,35.07,47.11990956904142,-12.049909569041418,동반 비감소,True
C04_1804,20254,20253,11110690,창신3동,미용·뷰티,-27.47,-29.86711356876224,2.39711356876224,동반 감소,True
C04_0227,20254,20253,11530595,가리봉동,음식·음료,-18.81,-4.644776689988738,-14.16522331001126,동반 감소,True
C04_1138,20254,20253,11620615,중앙동,여가·오락,18.14,22.357317589604353,-4.217317589604352,동반 비감소,True
C04_0692,20254,20253,11530510,신도림동,문화·취미·반려,100.0,209.3992332918941,-109.39923329189409,동반 비감소,True
C04_0341,20254,20253,11215847,자양4동,여가·오락,11.7,3.2497425049388795,8.45025749506112,동반 비감소,True
C04_1997,20254,20253,11200560,행당1동,식료품·편의소매,-4.81,1.0495743029312443,-5.859574302931244,고객만 감소,True
C04_0492,20254,20253,11260690,신내2동,여가·오락,11.05,13.77621298712235,-2.7262129871223486,동반 비감소,True
C04_0157,20254,20253,11440720,성산1동,가구·인테리어,8.8,2.252607091706915,6.5473929082930855,동반 비감소,True
C04_0104,20254,20253,11320513,창3동,패션·잡화,10.45,0.1359917974938396,10.314008202506159,동반 비감소,True
C04_0909,20254,20253,11620615,중앙동,생활서비스,36.2,31.377288836141748,4.822711163858255,동반 비감소,True
C04_0789,20254,20253,11200560,행당1동,여가·오락,54.44,60.39762799677588,-5.957627996775884,동반 비감소,True
C04_1824,20254,20253,11170555,청파동,자동차·운송서비스,-18.09,2.6172334368024686,-20.70723343680247,고객만 감소,True
C04_0678,20254,20253,11320670,쌍문2동,식료품·편의소매,-7.67,-4.3761743325497315,-3.2938256674502684,동반 감소,True
C04_1069,20254,20253,11350665,상계3·4동,문화·취미·반려,-70.0,-84.7411195461251,14.741119546125105,동반 감소,True
C04_0740,20254,20253,11590540,상도2동,음식·음료,-0.79,1.3486017962336838,-2.138601796233684,고객만 감소,True
C04_1499,20254,20253,11590605,흑석동,문화·취미·반려,100.0,96.9341270039803,3.0658729960197064,동반 비감소,True
C04_1255,20254,20253,11215770,중곡4동,여가·오락,20.91,14.40418207897778,6.505817921022221,동반 비감소,True
C04_1064,20254,20253,11305545,송중동,미용·뷰티,-29.37,-14.676300916608975,-14.693699083391026,동반 감소,True
C04_0053,20254,20253,11470560,신월1동,패션·잡화,-7.62,16.920084402521773,-24.540084402521774,고객만 감소,True
C04_1291,20254,20253,11470620,신정1동,자동차·운송서비스,7.69,-5.72201482874426,13.41201482874426,상권 대비 선방,True
C04_0132,20254,20253,11215740,중곡1동,문화·취미·반려,23.34,-0.816547969075232,24.15654796907523,상권 대비 선방,True
C04_1597,20254,20253,11215760,중곡3동,식료품·편의소매,-5.04,-2.3053514626988347,-2.7346485373011653,동반 감소,True
C04_1936,20254,20253,11740685,길동,전자기기·수리,100.0,294.7430970160274,-194.74309701602738,동반 비감소,True
C04_1354,20254,20253,11260600,중화1동,식료품·편의소매,-38.14,-29.54784679181548,-8.59215320818452,동반 감소,True
C04_1566,20254,20253,11590630,사당2동,패션·잡화,100.0,161.8390040158679,-61.839004015867914,동반 비감소,True
C04_1909,20254,20253,11500535,등촌3동,가구·인테리어,98.01,103.3370829952724,-5.3270829952723915,동반 비감소,True
C04_1032,20254,20253,11410700,남가좌2동,여가·오락,-9.56,-1.7601963555988864,-7.7998036444011145,동반 감소,True
C04_1590,20254,20253,11710690,잠실4동,미용·뷰티,13.89,9.572156709272406,4.317843290727595,동반 비감소,True
C04_0804,20254,20253,11260600,중화1동,자동차·운송서비스,-29.03,-23.761307150011657,-5.268692849988344,동반 감소,True
C04_1562,20254,20253,11350625,중계2·3동,식료품·편의소매,-6.16,2.294475959828124,-8.454475959828123,고객만 감소,True
C04_0188,20254,20253,11230600,답십리1동,미용·뷰티,-19.33,-12.02971217119303,-7.300287828806969,동반 감소,True
C04_1848,20254,20253,11650620,방배3동,음식·음료,1.52,-0.5759846095064747,2.0959846095064747,상권 대비 선방,True
C04_0109,20254,20253,11590560,상도4동,미용·뷰티,-15.97,-5.68264626234245,-10.28735373765755,동반 감소,True
C04_0413,20254,20253,11140520,소공동,음식·음료,-2.28,1.0556198167869013,-3.335619816786901,고객만 감소,True
C04_1707,20254,20253,11560560,당산2동,미용·뷰티,-11.11,-12.931087080964854,1.8210870809648547,동반 감소,True
C04_0317,20254,20253,11290715,월곡1동,자동차·운송서비스,-15.88,-31.533742448902757,15.653742448902756,동반 감소,True
C04_1739,20254,20253,11320515,창5동,미용·뷰티,13.6,6.704502006068203,6.895497993931797,동반 비감소,True
C04_1161,20254,20253,11680531,논현2동,미용·뷰티,-6.51,-2.8560326186271134,-3.6539673813728863,동반 감소,True
C04_1179,20254,20253,11470611,신월7동,여가·오락,-51.25,-29.155409673544142,-22.094590326455858,동반 감소,True
C04_0346,20254,20253,11350624,중계4동,식료품·편의소매,-7.81,-5.7215822302544295,-2.08841776974557,동반 감소,True
C04_0452,20254,20253,11290620,정릉1동,패션·잡화,-16.87,-18.513778356458044,1.6437783564580428,동반 감소,True
C04_0759,20254,20253,11380552,갈현2동,여가·오락,5.61,-11.033662243739784,16.643662243739783,상권 대비 선방,True
C04_1314,20254,20253,11560710,대림2동,가구·인테리어,-19.59,-36.49030010921973,16.90030010921973,동반 감소,True
C04_1809,20254,20253,11500603,가양1동,가구·인테리어,10.39,1.8117504320475541,8.578249567952447,동반 비감소,True
C04_0228,20254,20253,11200650,성수1가1동,미용·뷰티,51.17,52.56446736725486,-1.3944673672548618,동반 비감소,True
C04_0218,20254,20253,11440655,서강동,문화·취미·반려,56.32,48.039889355674624,8.280110644325376,동반 비감소,True
C04_0017,20254,20253,11230750,이문2동,여가·오락,40.89,37.78182971008486,3.1081702899151438,동반 비감소,True
C04_0824,20254,20253,11200550,사근동,생활서비스,-26.51,-20.78802356331292,-5.721976436687083,동반 감소,True
C04_0763,20254,20253,11545690,시흥3동,여가·오락,30.33,27.36505398826299,2.964946011737009,동반 비감소,True
C04_0085,20254,20253,11200520,왕십리2동,생활서비스,64.86,76.06898092933466,-11.208980929334658,동반 비감소,True
C04_0079,20254,20253,11680545,압구정동,자동차·운송서비스,-12.08,-7.601389093143506,-4.478610906856494,동반 감소,True
C04_1828,20254,20253,11560550,당산1동,자동차·운송서비스,-3.09,-16.79436294997837,13.704362949978371,동반 감소,True
C04_1871,20254,20253,11500611,발산1동,음식·음료,-7.03,5.194601395243126,-12.224601395243127,고객만 감소,True
C04_0232,20254,20253,11710532,거여2동,생활서비스,79.07,66.76878699569366,12.301213004306334,동반 비감소,True
C04_1535,20254,20253,11305555,송천동,자동차·운송서비스,4.85,-8.180498667694003,13.030498667694003,상권 대비 선방,True
C04_1303,20254,20253,11290810,석관동,생활서비스,-42.77,-40.55566259554065,-2.21433740445935,동반 감소,True
C04_0684,20254,20253,11290650,정릉4동,문화·취미·반려,-13.97,-31.124867394800315,17.154867394800313,동반 감소,True
C04_0797,20254,20253,11290575,동선동,미용·뷰티,-6.06,-13.143370833631696,7.0833708336316965,동반 감소,True
C04_1175,20254,20253,11320660,쌍문1동,음식·음료,40.62,-0.8284233121220175,41.44842331212202,상권 대비 선방,True
C04_0455,20254,20253,11680510,신사동,가구·인테리어,-42.35,-40.97324132649061,-1.3767586735093928,동반 감소,True
C04_0924,20254,20253,11380570,대조동,패션·잡화,-11.65,2.9387305402786,-14.5887305402786,고객만 감소,True
C04_1379,20254,20253,11620575,행운동,가구·인테리어,-23.73,-28.02788605578351,4.297886055783511,동반 감소,True
C04_1208,20254,20253,11305535,미아동,여가·오락,-27.45,-14.597173453820112,-12.852826546179887,동반 감소,True
C04_0350,20254,20253,11410585,신촌동,식료품·편의소매,0.53,2.4735643503919214,-1.9435643503919213,동반 비감소,True
C04_0552,20254,20253,11680690,개포4동,패션·잡화,9.76,9.61138181048149,0.14861818951851014,동반 비감소,True
C04_1624,20254,20253,11500611,발산1동,가구·인테리어,-9.86,-20.0385647527353,10.178564752735301,동반 감소,True
C04_1451,20254,20253,11470680,신정7동,생활서비스,38.08,34.34124506086036,3.738754939139639,동반 비감소,True
C04_0504,20254,20253,11560630,신길1동,여가·오락,-39.17,-20.63392065418218,-18.53607934581782,동반 감소,True
C04_0513,20254,20253,11305608,번3동,미용·뷰티,-15.68,-15.903316666316059,0.22331666631605884,동반 감소,True
C04_1977,20254,20253,11170510,후암동,패션·잡화,-14.77,-5.692456347035524,-9.077543652964476,동반 감소,True
C04_1575,20254,20253,11440680,합정동,식료품·편의소매,-2.08,-5.3505570155996,3.2705570155996,동반 감소,True
C04_1757,20254,20253,11350640,상계2동,전자기기·수리,-70.0,-87.79163041268464,17.79163041268464,동반 감소,True
C04_0325,20254,20253,11560620,양평2동,여가·오락,9.86,6.534087487761453,3.3259125122385464,동반 비감소,True
C04_0031,20254,20253,11260550,면목5동,자동차·운송서비스,-6.63,-34.59859398703563,27.96859398703563,동반 감소,True
C04_0140,20254,20253,11230545,제기동,생활서비스,58.74,49.64220260784127,9.097797392158732,동반 비감소,True
C04_1697,20254,20253,11590605,흑석동,식료품·편의소매,-7.42,0.9216280461637139,-8.341628046163713,고객만 감소,True
C04_0878,20254,20253,11545610,독산1동,여가·오락,-3.3,-4.328279459233098,1.0282794592330982,동반 감소,True
C04_0856,20254,20253,11560680,신길6동,자동차·운송서비스,12.99,13.762194584795328,-0.7721945847953275,동반 비감소,True
C04_0844,20254,20253,11710710,잠실6동,생활서비스,56.03,52.818894183239706,3.211105816760295,동반 비감소,True
C04_0691,20254,20253,11560560,당산2동,음식·음료,28.99,5.9970315614411795,22.99296843855882,동반 비감소,True
C04_1646,20254,20253,11740530,명일1동,여가·오락,7.56,12.62706161413918,-5.06706161413918,동반 비감소,True
C04_1711,20254,20253,11110680,창신2동,가구·인테리어,-50.41,-60.0,9.590000000000003,동반 감소,True
C04_1205,20254,20253,11215770,중곡4동,식료품·편의소매,13.31,6.030758529885749,7.279241470114251,동반 비감소,True
C04_1199,20254,20253,11530720,고척1동,미용·뷰티,-20.3,-23.953811833313733,3.653811833313732,동반 감소,True
C04_1592,20254,20253,11350640,상계2동,음식·음료,15.75,6.249656762926392,9.500343237073608,동반 비감소,True
C04_1839,20254,20253,11740660,성내3동,식료품·편의소매,0.7,16.64081811072522,-15.940818110725221,동반 비감소,True
C04_1096,20254,20253,11320700,방학2동,패션·잡화,30.89,38.706348534207805,-7.816348534207805,동반 비감소,True
C04_0723,20254,20253,11260630,묵2동,전자기기·수리,-12.03,-28.231900631327434,16.201900631327433,동반 감소,True
C04_0358,20254,20253,11260575,면목3·8동,자동차·운송서비스,17.47,6.5503681515692636,10.919631848430736,동반 비감소,True
C04_0853,20254,20253,11290555,삼선동,음식·음료,-1.07,2.53243789131683,-3.6024378913168302,고객만 감소,True
C04_1608,20254,20253,11650660,내곡동,미용·뷰티,-45.85,-58.38294167113961,12.53294167113961,동반 감소,True
C04_1180,20254,20253,11710680,잠실3동,패션·잡화,31.33,30.196655633506488,1.1333443664935103,동반 비감소,True
C04_0388,20254,20253,11305608,번3동,전자기기·수리,-46.38,-42.24246992145804,-4.137530078541964,동반 감소,True
C04_0833,20254,20253,11680750,수서동,미용·뷰티,-20.56,-19.963379855433907,-0.5966201445660921,동반 감소,True
C04_1919,20254,20253,11260550,면목5동,음식·음료,-12.46,-8.271315579164728,-4.188684420835273,동반 감소,True
C04_0744,20254,20253,11740530,명일1동,문화·취미·반려,18.67,13.023329579758403,5.646670420241598,동반 비감소,True
C04_1075,20254,20253,11170590,용문동,패션·잡화,24.03,25.8366756193128,-1.8066756193127986,동반 비감소,True
C04_0710,20254,20253,11590605,흑석동,가구·인테리어,-70.0,-59.05205178262195,-10.947948217378048,동반 감소,True
C04_0454,20254,20253,11320521,도봉1동,숙박,-3.23,-3.325324720209122,0.09532472020912186,동반 감소,True
C04_1933,20254,20253,11305603,번2동,미용·뷰티,-22.95,-17.598029292372996,-5.351970707627004,동반 감소,True
C04_1099,20254,20253,11320670,쌍문2동,자동차·운송서비스,-1.65,-6.628758679819446,4.978758679819446,동반 감소,True
C04_0970,20254,20253,11710710,잠실6동,생활서비스,67.22,52.818894183239706,14.401105816760293,동반 비감소,True
C04_1879,20254,20253,11545640,독산4동,패션·잡화,61.37,50.948565539253046,10.421434460746951,동반 비감소,True
C04_0637,20254,20253,11470620,신정1동,여가·오락,20.21,2.707504935633498,17.502495064366503,동반 비감소,True
C04_0706,20254,20253,11200650,성수1가1동,전자기기·수리,-40.19,-46.99778707004124,6.807787070041243,동반 감소,True
C04_0360,20254,20253,11545510,가산동,음식·음료,5.37,-1.6527370296496868,7.0227370296496865,상권 대비 선방,True
C04_1615,20254,20253,11140550,명동,여가·오락,3.39,-6.222441475661822,9.612441475661821,상권 대비 선방,True
C04_1572,20254,20253,11740570,암사1동,식료품·편의소매,-3.88,9.396509425852129,-13.27650942585213,고객만 감소,True
C04_0995,20254,20253,11215710,화양동,자동차·운송서비스,31.36,15.276176433442545,16.083823566557456,동반 비감소,True
C04_1548,20254,20253,11260655,망우본동,식료품·편의소매,9.28,8.183355814337535,1.0966441856624645,동반 비감소,True
C04_0695,20254,20253,11500590,화곡본동,음식·음료,7.22,2.393657591585119,4.826342408414881,동반 비감소,True
C04_0713,20254,20253,11290715,월곡1동,여가·오락,17.73,16.76764875523673,0.9623512447632692,동반 비감소,True
C04_1414,20254,20253,11140605,을지로동,문화·취미·반려,19.22,-4.120904334085706,23.340904334085707,상권 대비 선방,True
C04_1847,20254,20253,11230660,장안2동,가구·인테리어,-1.83,-1.3487674141354877,-0.48123258586451234,동반 감소,True
C04_0931,20254,20253,11680580,삼성1동,미용·뷰티,36.8,15.307568650086889,21.492431349913108,동반 비감소,True
C04_0279,20254,20253,11320513,창3동,여가·오락,21.47,17.43257039261179,4.0374296073882086,동반 비감소,True
C04_0090,20254,20253,11710641,문정1동,미용·뷰티,47.26,52.55596480534939,-5.295964805349392,동반 비감소,True
C04_0977,20254,20253,11440655,서강동,생활서비스,88.45,80.01040732586627,8.439592674133735,동반 비감소,True
C04_1263,20254,20253,11620665,서림동,가구·인테리어,-2.27,-13.133151650313646,10.863151650313647,동반 감소,True
C04_0050,20254,20253,11305635,수유3동,문화·취미·반려,14.98,22.546032646908575,-7.566032646908575,동반 비감소,True
C04_0919,20254,20253,11350625,중계2·3동,생활서비스,73.38,72.70844048786205,0.6715595121379465,동반 비감소,True
C04_1679,20254,20253,11290630,정릉2동,가구·인테리어,19.43,29.44983435209494,-10.01983435209494,동반 비감소,True
C04_0345,20254,20253,11560720,대림3동,패션·잡화,11.45,3.678601027158801,7.771398972841198,동반 비감소,True
C04_1391,20254,20253,11740580,암사2동,패션·잡화,-20.11,-15.762824102592365,-4.347175897407634,동반 감소,True
C04_0338,20254,20253,11110630,종로5·6가동,음식·음료,44.53,7.466302000692182,37.06369799930782,동반 비감소,True
C04_0023,20254,20253,11110515,청운효자동,가구·인테리어,73.03,56.431296221018414,16.598703778981587,동반 비감소,True
C04_0043,20254,20253,11530790,수궁동,여가·오락,9.22,0.3350313359580026,8.884968664041999,동반 비감소,True
C04_1111,20254,20253,11620735,대학동,문화·취미·반려,6.37,12.135448702504291,-5.765448702504291,동반 비감소,True
C04_1358,20254,20253,11440720,성산1동,미용·뷰티,-14.11,-2.9102081436416127,-11.199791856358386,동반 감소,True
C04_1034,20254,20253,11470520,목2동,여가·오락,4.54,1.4955208749159787,3.0444791250840213,동반 비감소,True
C04_1653,20254,20253,11500604,가양2동,생활서비스,83.8,76.7096081875104,7.0903918124895995,동반 비감소,True
C04_1021,20254,20253,11500590,화곡본동,패션·잡화,92.49,87.21425326828071,5.2757467317192805,동반 비감소,True
C04_0843,20254,20253,11710531,거여1동,자동차·운송서비스,-39.39,-44.22861865179979,4.838618651799791,동반 감소,True
C04_1461,20254,20253,11710647,위례동,식료품·편의소매,-14.7,1.9874458648176496,-16.687445864817647,고객만 감소,True
C04_0123,20254,20253,11680600,대치1동,여가·오락,-2.97,-14.596556691954065,11.626556691954065,동반 감소,True
C04_0732,20254,20253,11620725,조원동,문화·취미·반려,100.0,1285.1216425996352,-1185.1216425996352,동반 비감소,True
C04_0466,20254,20253,11290575,동선동,식료품·편의소매,1.11,5.201807804950764,-4.091807804950764,동반 비감소,True
C04_0370,20254,20253,11140615,신당동,가구·인테리어,-53.78,-50.8168389233475,-2.9631610766525043,동반 감소,True
C04_1213,20254,20253,11590640,사당3동,패션·잡화,-9.18,0.2492412698029467,-9.429241269802947,고객만 감소,True
C04_0347,20254,20253,11290580,돈암1동,미용·뷰티,7.13,5.474728665697071,1.6552713343029293,동반 비감소,True
C04_0831,20254,20253,11470620,신정1동,미용·뷰티,-17.04,-4.37493987950025,-12.66506012049975,동반 감소,True
C04_0848,20254,20253,11710720,잠실7동,식료품·편의소매,2.76,-11.023685475157253,13.783685475157252,상권 대비 선방,True
C04_1643,20254,20253,11260540,면목4동,전자기기·수리,100.0,330.5475843838895,-230.5475843838895,동반 비감소,True
C04_0623,20254,20253,11410685,홍은2동,음식·음료,-1.64,4.923145156962416,-6.563145156962416,고객만 감소,True
C04_0490,20254,20253,11215840,자양3동,미용·뷰티,7.29,4.446967886577968,2.8430321134220318,동반 비감소,True
C04_1252,20254,20253,11620685,신사동,문화·취미·반려,21.17,0.5359923655916976,20.634007634408306,동반 비감소,True
C04_0567,20254,20253,11740660,성내3동,여가·오락,6.02,1.7950832623446766,4.224916737655323,동반 비감소,True
C04_1216,20254,20253,11380631,신사1동,패션·잡화,-23.96,-6.964213381862128,-16.995786618137874,동반 감소,True
C04_1281,20254,20253,11545670,시흥1동,숙박,-19.31,-25.323256479927046,6.013256479927048,동반 감소,True
C04_0788,20254,20253,11710610,삼전동,여가·오락,-15.32,-12.588960534186555,-2.7310394658134456,동반 감소,True
C04_1537,20254,20253,11110615,종로1·2·3·4가동,식료품·편의소매,8.58,-0.9790847853987539,9.559084785398754,상권 대비 선방,True
C04_1517,20254,20253,11260565,면목본동,음식·음료,3.36,0.6079412330610046,2.7520587669389953,동반 비감소,True
C04_1943,20254,20253,11560670,신길5동,자동차·운송서비스,11.6,12.74441435001965,-1.14441435001965,동반 비감소,True
C04_0315,20254,20253,11470630,신정2동,패션·잡화,-17.28,-26.49535664886247,9.215356648862468,동반 감소,True
C04_1800,20254,20253,11590670,신대방1동,패션·잡화,-1.21,10.660796465526467,-11.870796465526468,고객만 감소,True
C04_1563,20254,20253,11740550,고덕1동,패션·잡화,100.0,2645.449626230034,-2545.449626230034,동반 비감소,True
C04_1082,20254,20253,11290600,안암동,자동차·운송서비스,-26.83,-24.706487801960574,-2.1235121980394247,동반 감소,True
C04_0663,20254,20253,11320710,방학3동,전자기기·수리,-42.43,-50.0,7.57,동반 감소,True
C04_1544,20254,20253,11200660,성수1가2동,여가·오락,29.94,33.09494563729949,-3.1549456372994875,동반 비감소,True
C04_1796,20254,20253,11440585,도화동,식료품·편의소매,-0.13,-3.7365385777255455,3.6065385777255456,동반 감소,True
C04_1540,20254,20253,11680640,역삼1동,미용·뷰티,11.68,2.693114717926126,8.986885282073874,동반 비감소,True
C04_1434,20254,20253,11650590,방배본동,음식·음료,-4.65,-4.073920735536218,-0.5760792644637824,동반 감소,True
C04_1028,20254,20253,11470670,신정6동,문화·취미·반려,-20.89,-28.11324016969401,7.223240169694009,동반 감소,True
C04_1173,20254,20253,11170650,이태원1동,패션·잡화,68.95,65.29339575430232,3.656604245697679,동반 비감소,True
C04_0518,20254,20253,11320513,창3동,미용·뷰티,3.99,-6.499859792298068,10.489859792298068,상권 대비 선방,True
C04_0152,20254,20253,11470650,신정4동,패션·잡화,15.46,25.346553025326646,-9.886553025326645,동반 비감소,True
C04_0993,20254,20253,11110550,부암동,식료품·편의소매,-9.14,0.8145749526736745,-9.954574952673674,고객만 감소,True
C04_0331,20254,20253,11650581,반포4동,자동차·운송서비스,5.08,5.808558926700869,-0.7285589267008685,동반 비감소,True
C04_1372,20254,20253,11350640,상계2동,문화·취미·반려,12.15,11.801862165523902,0.34813783447609836,동반 비감소,True
C04_1851,20254,20253,11500620,공항동,문화·취미·반려,5.36,7.133258424769817,-1.7732584247698169,동반 비감소,True
C04_1282,20254,20253,11290705,종암동,식료품·편의소매,11.4,18.929263954349306,-7.529263954349306,동반 비감소,True
C04_1133,20254,20253,11305645,우이동,자동차·운송서비스,32.67,35.31175716342678,-2.6417571634267816,동반 비감소,True
C04_1952,20254,20253,11215830,자양2동,패션·잡화,19.99,16.62488922432006,3.3651107756799377,동반 비감소,True
C04_1974,20254,20253,11350630,상계1동,패션·잡화,-0.97,-5.419414401582334,4.4494144015823345,동반 감소,True
C04_0415,20254,20253,11500590,화곡본동,숙박,2.08,-1.8156167043941296,3.8956167043941297,상권 대비 선방,True
C04_1953,20254,20253,11710690,잠실4동,식료품·편의소매,9.2,-2.470791358510749,11.670791358510748,상권 대비 선방,True
C04_0069,20254,20253,11320521,도봉1동,자동차·운송서비스,3.52,-2.3222130000628227,5.842213000062823,상권 대비 선방,True
C04_0293,20254,20253,11710570,오금동,식료품·편의소매,-21.24,-17.19280468574256,-4.04719531425744,동반 감소,True
C04_0141,20254,20253,11710562,방이2동,생활서비스,75.52,73.93788710587901,1.582112894120982,동반 비감소,True
C04_0181,20254,20253,11560540,여의동,가구·인테리어,-6.84,-5.465588479941241,-1.374411520058759,동반 감소,True
C04_0813,20254,20253,11290810,석관동,패션·잡화,-20.84,1.7866920237465278,-22.62669202374653,고객만 감소,True
C04_0757,20254,20253,11140670,황학동,패션·잡화,27.62,16.687331977837296,10.932668022162705,동반 비감소,True
C04_0382,20254,20253,11710566,오륜동,음식·음료,39.68,33.21045765327102,6.4695423467289785,동반 비감소,True
C04_0782,20254,20253,11620765,미성동,자동차·운송서비스,-8.02,0.7021301208950392,-8.722130120895038,고객만 감소,True
C04_0521,20254,20253,11110670,창신1동,미용·뷰티,100.0,173.5632616851004,-73.5632616851004,동반 비감소,True
C04_1589,20254,20253,11260680,신내1동,전자기기·수리,35.66,16.177313156481944,19.482686843518053,동반 비감소,True
C04_1519,20254,20253,11170650,이태원1동,숙박,-29.95,-22.264728015205414,-7.685271984794586,동반 감소,True
C04_0193,20254,20253,11215840,자양3동,문화·취미·반려,100.0,111.90922054894497,-11.909220548944973,동반 비감소,True
C04_1533,20254,20253,11560540,여의동,음식·음료,-3.97,2.0306391923229583,-6.000639192322959,고객만 감소,True
C04_0827,20254,20253,11650531,서초4동,전자기기·수리,-5.44,-14.10906080731662,8.669060807316619,동반 감소,True
C04_0870,20254,20253,11500535,등촌3동,문화·취미·반려,5.23,-1.709883632884368,6.939883632884369,상권 대비 선방,True
C04_0284,20254,20253,11680720,일원본동,생활서비스,45.93,32.1442438850676,13.785756114932397,동반 비감소,True
C04_0858,20254,20253,11140570,필동,자동차·운송서비스,-29.22,-25.265852675190793,-3.954147324809206,동반 감소,True
C04_1323,20254,20253,11650580,반포3동,전자기기·수리,-15.69,-20.659857970708572,4.969857970708572,동반 감소,True
C04_1565,20254,20253,11200570,행당2동,문화·취미·반려,-15.04,-18.52324133784401,3.48324133784401,동반 감소,True
C04_1402,20254,20253,11350612,하계2동,음식·음료,31.16,32.808879972105444,-1.6488799721054441,동반 비감소,True
C04_1182,20254,20253,11560515,영등포본동,식료품·편의소매,-1.27,0.12266652942709566,-1.3926665294270957,고객만 감소,True
C04_1616,20254,20253,11410700,남가좌2동,여가·오락,0.02,-1.7601963555988864,1.7801963555988864,상권 대비 선방,True
C04_0429,20254,20253,11320515,창5동,여가·오락,8.39,1.1835200133901047,7.206479986609896,동반 비감소,True
C04_0443,20254,20253,11440710,연남동,가구·인테리어,-5.67,-5.19443848840726,-0.4755615115927396,동반 감소,True
C04_1466,20254,20253,11740650,성내2동,가구·인테리어,96.03,89.68109226898733,6.348907731012673,동반 비감소,True
C04_1212,20254,20253,11710646,장지동,미용·뷰티,-2.2,22.99739071897957,-25.19739071897957,고객만 감소,True
C04_0646,20254,20253,11110640,이화동,문화·취미·반려,83.49,90.4448828819255,-6.954882881925499,동반 비감소,True
C04_1894,20254,20253,11710631,가락1동,식료품·편의소매,-18.03,1.1178103171987974,-19.147810317198797,고객만 감소,True
C04_1779,20254,20253,11350700,상계8동,패션·잡화,27.21,24.1775349846995,3.0324650153005024,동반 비감소,True
C04_1222,20254,20253,11650581,반포4동,생활서비스,-0.98,7.745968238280909,-8.72596823828091,고객만 감소,True
C04_0841,20254,20253,11500510,염창동,가구·인테리어,-37.84,-39.75293862991216,1.912938629912155,동반 감소,True
C04_1946,20254,20253,11440630,신수동,미용·뷰티,-5.65,-9.93376027124424,4.28376027124424,동반 감소,True
C04_1369,20254,20253,11290555,삼선동,음식·음료,-7.73,2.53243789131683,-10.26243789131683,고객만 감소,True
C04_0356,20254,20253,11560585,도림동,자동차·운송서비스,-3.24,-5.234541058754083,1.9945410587540824,동반 감소,True
C04_0488,20254,20253,11215710,화양동,여가·오락,20.79,3.2513711525031352,17.538628847496863,동반 비감소,True
C04_1266,20254,20253,11140570,필동,식료품·편의소매,-6.75,4.78302777430375,-11.53302777430375,고객만 감소,True
C04_0100,20254,20253,11380551,갈현1동,음식·음료,16.26,13.179688712567227,3.0803112874327745,동반 비감소,True
C04_1118,20254,20253,11650651,양재1동,패션·잡화,0.23,-12.076345471034722,12.306345471034723,상권 대비 선방,True
C04_0929,20254,20253,11215860,구의2동,전자기기·수리,-2.33,16.853078085370065,-19.183078085370063,고객만 감소,True
C04_1719,20254,20253,11680655,도곡1동,전자기기·수리,-70.0,-92.55328100721599,22.553281007215986,동반 감소,True
C04_1287,20254,20253,11260620,묵1동,문화·취미·반려,100.0,150.03773256243537,-50.037732562435366,동반 비감소,True
C04_0026,20254,20253,11215770,중곡4동,문화·취미·반려,-41.55,-40.83568814565349,-0.714311854346505,동반 감소,True
C04_0948,20254,20253,11440720,성산1동,문화·취미·반려,-70.0,-95.07561369826813,25.07561369826813,동반 감소,True
C04_0863,20254,20253,11440630,신수동,가구·인테리어,63.29,76.79259254232096,-13.502592542320961,동반 비감소,True
C04_0533,20254,20253,11440690,망원1동,패션·잡화,-9.03,-16.172614537620277,7.142614537620277,동반 감소,True
C04_1782,20254,20253,11740560,고덕2동,전자기기·수리,-6.61,6.000001933332877,-12.610001933332878,고객만 감소,True
C04_1827,20254,20253,11380590,응암2동,여가·오락,11.57,12.719591670164032,-1.1495916701640319,동반 비감소,True
C04_1897,20254,20253,11200620,금호4가동,미용·뷰티,-4.07,-10.172982997649916,6.1029829976499155,동반 감소,True
C04_1978,20254,20253,11470600,신월5동,문화·취미·반려,-24.47,-22.53955842324723,-1.93044157675277,동반 감소,True
C04_0094,20254,20253,11680690,개포4동,자동차·운송서비스,-4.56,-18.701354895291335,14.141354895291336,동반 감소,True
C04_0527,20254,20253,11170510,후암동,식료품·편의소매,6.88,3.9815410854902034,2.8984589145097965,동반 비감소,True
C04_0960,20254,20253,11230536,용신동,자동차·운송서비스,29.07,19.58582898402703,9.484171015972969,동반 비감소,True
C04_0601,20254,20253,11650520,서초2동,여가·오락,0.34,14.619765720776634,-14.279765720776634,동반 비감소,True
C04_0500,20254,20253,11170690,서빙고동,식료품·편의소매,15.25,-1.0961457147831588,16.34614571478316,상권 대비 선방,True
C04_1154,20254,20253,11560720,대림3동,문화·취미·반려,48.6,56.345828944278686,-7.745828944278685,동반 비감소,True
C04_1521,20254,20253,11260680,신내1동,여가·오락,-23.53,-10.919905049954505,-12.610094950045497,동반 감소,True
C04_1271,20254,20253,11170685,한남동,여가·오락,-1.99,-4.701752171519047,2.7117521715190467,동반 감소,True
C04_0565,20254,20253,11260590,상봉2동,숙박,-3.31,-1.0670486620043218,-2.2429513379956783,동반 감소,True
C04_0655,20254,20253,11650581,반포4동,생활서비스,0.22,7.745968238280909,-7.525968238280909,동반 비감소,True
C04_0497,20254,20253,11440630,신수동,미용·뷰티,-26.5,-9.93376027124424,-16.56623972875576,동반 감소,True
C04_1712,20254,20253,11590560,상도4동,전자기기·수리,9.66,20.934641541979772,-11.274641541979772,동반 비감소,True
C04_1632,20254,20253,11590540,상도2동,여가·오락,-3.77,-17.94321253932224,14.17321253932224,동반 감소,True
C04_1229,20254,20253,11440700,망원2동,미용·뷰티,-20.81,-10.692911428632023,-10.117088571367976,동반 감소,True
C04_0396,20254,20253,11260660,망우3동,가구·인테리어,11.46,8.868146216827522,2.5918537831724784,동반 비감소,True
C04_1068,20254,20253,11215850,구의1동,가구·인테리어,79.91,88.60182686244622,-8.69182686244622,동반 비감소,True
C04_1127,20254,20253,11260620,묵1동,음식·음료,-11.84,2.3750251646564857,-14.215025164656485,고객만 감소,True
C04_1514,20254,20253,11380520,불광1동,음식·음료,2.25,-0.3357145390259997,2.5857145390259997,상권 대비 선방,True
C04_0379,20254,20253,11230570,전농2동,여가·오락,23.55,26.336404034625318,-2.786404034625317,동반 비감소,True
C04_0897,20254,20253,11170630,이촌1동,패션·잡화,39.91,20.197016808027747,19.71298319197225,동반 비감소,True
C04_0270,20254,20253,11200690,성수2가3동,패션·잡화,53.38,40.21033016477256,13.169669835227445,동반 비감소,True
C04_0057,20254,20253,11680590,삼성2동,전자기기·수리,2.91,12.061956528167661,-9.151956528167661,동반 비감소,True
C04_0631,20254,20253,11290705,종암동,자동차·운송서비스,55.97,62.81789866497367,-6.84789866497367,동반 비감소,True
C04_0668,20254,20253,11560700,대림1동,여가·오락,-5.71,-3.645082000579314,-2.064917999420686,동반 감소,True
C04_0524,20254,20253,11530550,구로4동,음식·음료,-27.11,-12.563796243920732,-14.546203756079267,동반 감소,True
C04_1729,20254,20253,11620665,서림동,가구·인테리어,-8.8,-13.133151650313646,4.333151650313646,동반 감소,True
C04_0273,20254,20253,11440690,망원1동,생활서비스,-11.96,1.8582586369513265,-13.818258636951327,고객만 감소,True
C04_1834,20254,20253,11710690,잠실4동,식료품·편의소매,-2.17,-2.470791358510749,0.3007913585107489,동반 감소,True
C04_1292,20254,20253,11260630,묵2동,식료품·편의소매,20.26,2.12506402384407,18.13493597615593,동반 비감소,True
C04_1511,20254,20253,11740560,고덕2동,패션·잡화,32.15,38.353210965418725,-6.203210965418727,동반 비감소,True
C04_0361,20254,20253,11560690,신길7동,자동차·운송서비스,-24.85,-25.619534881861515,0.7695348818615138,동반 감소,True
C04_1003,20254,20253,11650590,방배본동,패션·잡화,30.42,42.837671547035484,-12.417671547035482,동반 비감소,True
C04_1586,20254,20253,11440740,상암동,식료품·편의소매,-17.85,-9.591117278202887,-8.258882721797114,동반 감소,True
C04_1988,20254,20253,11410720,북가좌2동,음식·음료,17.44,3.96352446938244,13.476475530617561,동반 비감소,True
C04_0898,20254,20253,11710710,잠실6동,여가·오락,-70.0,-50.0223352736193,-19.977664726380702,동반 감소,True
C04_0587,20254,20253,11140650,신당5동,미용·뷰티,-5.81,14.638870936279758,-20.448870936279757,고객만 감소,True
C04_1527,20254,20253,11110630,종로5·6가동,여가·오락,-0.08,11.563934965439838,-11.643934965439838,고객만 감소,True
C04_0800,20254,20253,11230570,전농2동,식료품·편의소매,5.39,-5.708165437926183,11.098165437926182,상권 대비 선방,True
C04_0425,20254,20253,11620715,난향동,패션·잡화,28.12,48.84324252144143,-20.72324252144143,동반 비감소,True
C04_0561,20254,20253,11200720,송정동,여가·오락,81.8,97.68153500144234,-15.881535001442344,동반 비감소,True
C04_1846,20254,20253,11650520,서초2동,음식·음료,-1.7,-1.4869191549310212,-0.21308084506897873,동반 감소,True
C04_0173,20254,20253,11530510,신도림동,식료품·편의소매,14.06,-9.612065137913516,23.672065137913517,상권 대비 선방,True
C04_0930,20254,20253,11200645,옥수동,여가·오락,49.54,65.95890753826606,-16.418907538266062,동반 비감소,True
C04_1821,20254,20253,11470540,목4동,가구·인테리어,-26.34,-26.478799211856753,0.13879921185675315,동반 감소,True
C04_1710,20254,20253,11410720,북가좌2동,음식·음료,8.54,3.96352446938244,4.576475530617559,동반 비감소,True
C04_0615,20254,20253,11530780,오류2동,전자기기·수리,100.0,149.1191898543204,-49.11918985432041,동반 비감소,True
C04_0055,20254,20253,11230705,청량리동,음식·음료,21.28,3.2687239502609655,18.011276049739035,동반 비감소,True
C04_0660,20254,20253,11350600,공릉2동,식료품·편의소매,5.44,4.883699975797229,0.5563000242027716,동반 비감소,True
C04_1029,20254,20253,11680521,논현1동,문화·취미·반려,97.66,105.80682372955876,-8.146823729558761,동반 비감소,True
C04_0330,20254,20253,11200570,행당2동,가구·인테리어,62.31,57.002580859257755,5.3074191407422475,동반 비감소,True
C04_1370,20254,20253,11620765,미성동,생활서비스,79.03,77.20509339714201,1.8249066028579932,동반 비감소,True
C04_0154,20254,20253,11470680,신정7동,생활서비스,38.34,34.34124506086036,3.998754939139644,동반 비감소,True
C04_1777,20254,20253,11350640,상계2동,패션·잡화,31.09,32.030540521672094,-0.9405405216720943,동반 비감소,True
C04_1840,20254,20253,11680600,대치1동,문화·취미·반려,-16.46,-40.18388654527969,23.72388654527969,동반 감소,True
C04_0143,20254,20253,11500520,등촌1동,패션·잡화,36.29,46.05207022394535,-9.76207022394535,동반 비감소,True
C04_1569,20254,20253,11710531,거여1동,자동차·운송서비스,-39.83,-44.22861865179979,4.398618651799794,동반 감소,True
C04_1856,20254,20253,11260620,묵1동,패션·잡화,40.96,23.319288245162916,17.640711754837085,동반 비감소,True
C04_1954,20254,20253,11680750,수서동,식료품·편의소매,-3.99,0.06291841127474829,-4.0529184112747485,고객만 감소,True
C04_1832,20254,20253,11545710,시흥5동,패션·잡화,100.0,117.73079113597875,-17.73079113597875,동반 비감소,True
C04_1890,20254,20253,11590640,사당3동,음식·음료,-15.52,2.0736860362877696,-17.59368603628777,고객만 감소,True
C04_0495,20254,20253,11350595,공릉1동,식료품·편의소매,-11.1,5.84596070801251,-16.94596070801251,고객만 감소,True
C04_1701,20254,20253,11140520,소공동,여가·오락,-5.86,-15.401271753338964,9.541271753338965,동반 감소,True
C04_0808,20254,20253,11380631,신사1동,생활서비스,61.66,48.56738398642073,13.092616013579267,동반 비감소,True
C04_1593,20254,20253,11230600,답십리1동,숙박,-42.01,-26.930258356281335,-15.079741643718663,동반 감소,True
C04_0498,20254,20253,11230610,답십리2동,음식·음료,4.64,-1.2551290119837133,5.8951290119837125,상권 대비 선방,True
C04_1812,20254,20253,11215770,중곡4동,미용·뷰티,14.33,15.191222772964608,-0.8612227729646076,동반 비감소,True
C04_0110,20254,20253,11530750,개봉2동,여가·오락,-13.52,-13.406606948231403,-0.11339305176859682,동반 감소,True
C04_1348,20254,20253,11290810,석관동,문화·취미·반려,32.38,32.72392608796571,-0.34392608796570556,동반 비감소,True
C04_1097,20254,20253,11710641,문정1동,가구·인테리어,21.44,28.981019831831922,-7.541019831831921,동반 비감소,True
C04_1016,20254,20253,11305608,번3동,음식·음료,-6.04,-1.7488123409690526,-4.291187659030948,동반 감소,True
C04_0651,20254,20253,11620545,청림동,미용·뷰티,7.69,16.106156582269616,-8.416156582269615,동반 비감소,True
C04_1067,20254,20253,11560535,영등포동,가구·인테리어,45.82,38.68144409762222,7.138555902377782,동반 비감소,True
C04_1315,20254,20253,11170570,원효로2동,음식·음료,-13.42,17.053381759279752,-30.473381759279754,고객만 감소,True
C04_0290,20254,20253,11260570,면목7동,전자기기·수리,-70.0,-79.43234700026318,9.432347000263178,동반 감소,True
C04_1443,20254,20253,11560540,여의동,패션·잡화,-17.83,2.5433426200705433,-20.37334262007054,고객만 감소,True
C04_0681,20254,20253,11710590,송파2동,생활서비스,2.87,7.591599606150234,-4.721599606150234,동반 비감소,True
C04_1585,20254,20253,11620765,미성동,여가·오락,14.61,22.742361824199975,-8.132361824199975,동반 비감소,True
C04_0318,20254,20253,11545640,독산4동,미용·뷰티,2.06,10.94869210291054,-8.88869210291054,동반 비감소,True
C04_0272,20254,20253,11500630,방화1동,가구·인테리어,-26.82,-37.73399482371021,10.913994823710212,동반 감소,True
C04_1766,20254,20253,11710566,오륜동,문화·취미·반려,61.99,35.087131021894024,26.902868978105978,동반 비감소,True
C04_1663,20254,20253,11410655,홍제2동,식료품·편의소매,15.85,28.24957941862969,-12.39957941862969,동반 비감소,True
C04_0151,20254,20253,11560700,대림1동,음식·음료,-2.74,-0.9001488955252546,-1.8398511044747456,동반 감소,True
C04_1803,20254,20253,11590630,사당2동,미용·뷰티,20.42,1.2129873815941883,19.207012618405813,동반 비감소,True
C04_1693,20254,20253,11215760,중곡3동,가구·인테리어,38.56,49.89930851496411,-11.33930851496411,동반 비감소,True
C04_1912,20254,20253,11260590,상봉2동,여가·오락,10.09,3.8110524177713545,6.278947582228645,동반 비감소,True
C04_0536,20254,20253,11110615,종로1·2·3·4가동,식료품·편의소매,6.65,-0.9790847853987539,7.629084785398755,상권 대비 선방,True
C04_1913,20254,20253,11320681,쌍문4동,식료품·편의소매,-17.99,-4.801415421482602,-13.188584578517396,동반 감소,True
C04_0905,20254,20253,11170630,이촌1동,식료품·편의소매,-16.34,-4.017666798770714,-12.322333201229286,동반 감소,True
C04_1907,20254,20253,11470670,신정6동,식료품·편의소매,-12.58,1.8059573902065473,-14.385957390206547,고객만 감소,True
C04_1044,20254,20253,11230610,답십리2동,패션·잡화,-28.53,-32.86620966447027,4.3362096644702675,동반 감소,True
C04_1452,20254,20253,11710680,잠실3동,음식·음료,20.39,15.990528411904027,4.399471588095974,동반 비감소,True
C04_0044,20254,20253,11350700,상계8동,가구·인테리어,61.64,33.3167410134136,28.323258986586403,동반 비감소,True
C04_1962,20254,20253,11290600,안암동,전자기기·수리,39.35,21.402202019902727,17.947797980097274,동반 비감소,True
C04_1491,20254,20253,11500530,등촌2동,문화·취미·반려,-5.31,-2.1034853643041584,-3.206514635695841,동반 감소,True
C04_0735,20254,20253,11110550,부암동,패션·잡화,57.84,68.54124414387286,-10.701244143872856,동반 비감소,True
C04_0372,20254,20253,11650570,반포2동,생활서비스,-10.62,2.325116750670597,-12.945116750670596,고객만 감소,True
C04_1000,20254,20253,11680730,일원1동,음식·음료,-12.01,-0.06732235347575166,-11.942677646524249,동반 감소,True
C04_1224,20254,20253,11215750,중곡2동,자동차·운송서비스,12.89,0.8533318971916337,12.036668102808367,동반 비감소,True
C04_0926,20254,20253,11545680,시흥2동,자동차·운송서비스,-48.04,-19.962043862649427,-28.077956137350572,동반 감소,True
C04_0558,20254,20253,11560680,신길6동,문화·취미·반려,81.46,92.51155761337648,-11.051557613376488,동반 비감소,True
C04_1299,20254,20253,11650600,방배1동,전자기기·수리,9.52,15.247142455273188,-5.727142455273189,동반 비감소,True
C04_0640,20254,20253,11290660,길음1동,음식·음료,-26.02,-6.249628069312418,-19.77037193068758,동반 감소,True
C04_0712,20254,20253,11590680,신대방2동,가구·인테리어,52.82,61.057351694698795,-8.237351694698795,동반 비감소,True
C04_1788,20254,20253,11440630,신수동,음식·음료,25.04,3.6155644544735077,21.424435545526492,동반 비감소,True
C04_0807,20254,20253,11680590,삼성2동,패션·잡화,1.14,-5.407121899660828,6.547121899660827,상권 대비 선방,True
C04_0292,20254,20253,11740520,상일동,패션·잡화,-45.17,-34.645488708070815,-10.524511291929187,동반 감소,True
C04_0779,20254,20253,11350595,공릉1동,미용·뷰티,44.03,48.425615667970504,-4.395615667970503,동반 비감소,True
C04_1481,20254,20253,11440690,망원1동,생활서비스,2.09,1.8582586369513265,0.23174136304867332,동반 비감소,True
C04_0906,20254,20253,11140635,약수동,전자기기·수리,-70.0,-74.23043215330487,4.230432153304875,동반 감소,True
C04_1914,20254,20253,11710642,문정2동,음식·음료,-6.64,-0.1396726746144994,-6.5003273253855,동반 감소,True
C04_0410,20254,20253,11320700,방학2동,가구·인테리어,16.28,8.7752814737031,7.504718526296902,동반 비감소,True
C04_0774,20254,20253,11530750,개봉2동,패션·잡화,-26.97,-7.918544219735657,-19.05145578026434,동반 감소,True
C04_0806,20254,20253,11305625,수유2동,음식·음료,8.96,3.9166515878743535,5.043348412125647,동반 비감소,True
C04_0542,20254,20253,11500604,가양2동,식료품·편의소매,2.14,-4.409284476350795,6.549284476350795,상권 대비 선방,True
C04_0259,20254,20253,11410700,남가좌2동,문화·취미·반려,100.0,803.1174882699415,-703.1174882699415,동반 비감소,True
C04_0777,20254,20253,11680655,도곡1동,문화·취미·반려,-3.23,-10.808510770926837,7.578510770926837,동반 감소,True
C04_1318,20254,20253,11650651,양재1동,가구·인테리어,-10.94,-6.0185239918225335,-4.921476008177466,동반 감소,True
C04_0467,20254,20253,11410685,홍은2동,여가·오락,-0.76,-2.04735127340111,1.28735127340111,동반 감소,True
C04_1931,20254,20253,11710650,잠실본동,패션·잡화,-23.23,-38.2938453547754,15.063845354775399,동반 감소,True
C04_0566,20254,20253,11350624,중계4동,문화·취미·반려,50.37,34.69457624071315,15.67542375928685,동반 비감소,True
C04_0199,20254,20253,11350665,상계3·4동,패션·잡화,61.96,57.86893225614848,4.091067743851518,동반 비감소,True
C04_1702,20254,20253,11410620,홍제1동,미용·뷰티,31.0,8.772414368363668,22.22758563163633,동반 비감소,True
C04_0937,20254,20253,11740610,천호2동,전자기기·수리,-38.94,-36.17226326610448,-2.767736733895518,동반 감소,True
C04_1250,20254,20253,11710550,마천2동,전자기기·수리,78.76,64.24673705594537,14.513262944054631,동반 비감소,True
C04_1332,20254,20253,11305535,미아동,숙박,-17.82,-37.94716632596844,20.12716632596844,동반 감소,True
C04_0058,20254,20253,11740610,천호2동,음식·음료,-0.3,1.7410225351293551,-2.041022535129355,고객만 감소,True
C04_0030,20254,20253,11620655,신원동,패션·잡화,-24.33,-9.80876589110119,-14.521234108898808,동반 감소,True
C04_1686,20254,20253,11230740,이문1동,음식·음료,17.46,12.336318515285981,5.1236814847140195,동반 비감소,True
C04_1730,20254,20253,11440660,서교동,식료품·편의소매,12.93,4.3412665178389265,8.588733482161073,동반 비감소,True
C04_1806,20254,20253,11140580,장충동,음식·음료,0.6,4.687004995082189,-4.087004995082189,동반 비감소,True
C04_0974,20254,20253,11170590,용문동,전자기기·수리,1.87,0.488250271960311,1.381749728039689,동반 비감소,True
C04_1238,20254,20253,11380625,역촌동,전자기기·수리,-57.54,-74.20634971761343,16.666349717613436,동반 감소,True
C04_0176,20254,20253,11170630,이촌1동,문화·취미·반려,-8.25,-5.517192624335154,-2.732807375664846,동반 감소,True
C04_1547,20254,20253,11140650,신당5동,여가·오락,-6.16,2.8150775039910148,-8.975077503991015,고객만 감소,True
C04_1658,20254,20253,11260660,망우3동,문화·취미·반려,1.77,-20.298239959553833,22.068239959553832,상권 대비 선방,True
C04_1153,20254,20253,11170690,서빙고동,미용·뷰티,-33.54,-24.742944029276558,-8.797055970723441,동반 감소,True
C04_1236,20254,20253,11350640,상계2동,음식·음료,12.74,6.249656762926392,6.490343237073608,동반 비감소,True
C04_0022,20254,20253,11620615,중앙동,식료품·편의소매,2.06,-0.6024532665192983,2.6624532665192984,상권 대비 선방,True
C04_0248,20254,20253,11680655,도곡1동,가구·인테리어,-70.0,-94.3844113131177,24.384411313117695,동반 감소,True
C04_1855,20254,20253,11380590,응암2동,자동차·운송서비스,-23.32,-15.245359149253757,-8.074640850746244,동반 감소,True
C04_1374,20254,20253,11200520,왕십리2동,가구·인테리어,-4.44,20.024651447486086,-24.464651447486087,고객만 감소,True
C04_1079,20254,20253,11680650,역삼2동,패션·잡화,33.04,34.82933234074687,-1.7893323407468742,동반 비감소,True
C04_0210,20254,20253,11140615,신당동,문화·취미·반려,100.0,172.54417146653483,-72.54417146653483,동반 비감소,True
C04_1253,20254,20253,11320710,방학3동,식료품·편의소매,-13.17,-8.527864816363806,-4.642135183636194,동반 감소,True
C04_1135,20254,20253,11650520,서초2동,미용·뷰티,-13.89,-15.93544023425303,2.0454402342530287,동반 감소,True
C04_0704,20254,20253,11410700,남가좌2동,자동차·운송서비스,3.58,-2.2714713031116607,5.85147130311166,상권 대비 선방,True
C04_0624,20254,20253,11620715,난향동,패션·잡화,48.24,48.84324252144143,-0.6032425214414303,동반 비감소,True
C04_1648,20254,20253,11215810,광장동,자동차·운송서비스,-8.38,-1.773024553830127,-6.606975446169874,동반 감소,True
C04_0957,20254,20253,11680690,개포4동,여가·오락,14.01,6.0208860766859384,7.989113923314061,동반 비감소,True
C04_1935,20254,20253,11110615,종로1·2·3·4가동,가구·인테리어,-5.63,-6.478336093546789,0.8483360935467887,동반 감소,True
C04_1677,20254,20253,11740620,천호3동,생활서비스,4.31,4.53788152969421,-0.22788152969421027,동반 비감소,True
C04_0035,20254,20253,11590530,상도1동,문화·취미·반려,-8.48,-16.734033568049476,8.254033568049476,동반 감소,True
C04_1363,20254,20253,11740570,암사1동,패션·잡화,-16.64,4.606388195873623,-21.246388195873624,고객만 감소,True
C04_0687,20254,20253,11620685,신사동,패션·잡화,34.73,26.0981088211633,8.631891178836696,동반 비감소,True
C04_1357,20254,20253,11350640,상계2동,미용·뷰티,-10.59,-11.994023743041149,1.404023743041149,동반 감소,True
C04_0024,20254,20253,11560515,영등포본동,숙박,20.19,12.500002041067248,7.689997958932754,동반 비감소,True
C04_0583,20254,20253,11380590,응암2동,자동차·운송서비스,-8.43,-15.245359149253757,6.815359149253757,동반 감소,True
C04_1462,20254,20253,11470540,목4동,가구·인테리어,-28.74,-26.478799211856753,-2.2612007881432454,동반 감소,True
C04_1813,20254,20253,11650540,잠원동,미용·뷰티,1.72,1.3421054106109498,0.3778945893890502,동반 비감소,True
C04_0928,20254,20253,11380510,녹번동,문화·취미·반려,15.25,7.718426540569401,7.531573459430599,동반 비감소,True
C04_0182,20254,20253,11380560,구산동,음식·음료,21.94,0.6235279767636825,21.31647202323632,동반 비감소,True
C04_0923,20254,20253,11170625,한강로동,자동차·운송서비스,34.37,43.07915188265004,-8.70915188265004,동반 비감소,True
C04_1116,20254,20253,11620525,보라매동,미용·뷰티,0.52,-0.4085910691264738,0.9285910691264738,상권 대비 선방,True
C04_0106,20254,20253,11140590,광희동,전자기기·수리,-14.44,4.40778374820745,-18.847783748207448,고객만 감소,True
C04_1994,20254,20253,11215850,구의1동,생활서비스,17.32,25.27535543597068,-7.955355435970681,동반 비감소,True
C04_0532,20254,20253,11740685,길동,패션·잡화,-10.12,-7.342092328587368,-2.777907671412631,동반 감소,True
C04_0698,20254,20253,11200580,응봉동,패션·잡화,33.25,35.277785475758286,-2.027785475758286,동반 비감소,True
C04_1304,20254,20253,11170590,용문동,문화·취미·반려,-70.0,-86.53944432859771,16.53944432859771,동반 감소,True
C04_0896,20254,20253,11215840,자양3동,전자기기·수리,-70.0,-74.35779404224485,4.357794042244848,동반 감소,True
C04_0765,20254,20253,11470570,신월2동,숙박,-2.94,-11.358674156227222,8.418674156227222,동반 감소,True
C04_0531,20254,20253,11650652,양재2동,패션·잡화,19.18,6.231012772868971,12.948987227131028,동반 비감소,True
C04_0748,20254,20253,11380510,녹번동,음식·음료,-13.87,-4.486640646764717,-9.383359353235281,동반 감소,True
C04_0029,20254,20253,11215740,중곡1동,식료품·편의소매,-3.75,5.4457077333115,-9.195707733311501,고객만 감소,True
C04_0778,20254,20253,11110570,무악동,식료품·편의소매,25.13,-8.467961091755761,33.597961091755764,상권 대비 선방,True
C04_0718,20254,20253,11620525,보라매동,여가·오락,-9.38,3.216594682107643,-12.596594682107643,고객만 감소,True
C04_1503,20254,20253,11470630,신정2동,여가·오락,-16.36,-6.560016559609593,-9.799983440390406,동반 감소,True
C04_0899,20254,20253,11140590,광희동,숙박,-12.67,0.4374011856993043,-13.107401185699304,고객만 감소,True
C04_0105,20254,20253,11305660,인수동,미용·뷰티,-1.68,-4.16878353556972,2.48878353556972,동반 감소,True
C04_0666,20254,20253,11710610,삼전동,문화·취미·반려,8.14,15.97000518791667,-7.830005187916669,동반 비감소,True
C04_0534,20254,20253,11740530,명일1동,패션·잡화,51.64,54.558871154887086,-2.9188711548870856,동반 비감소,True
C04_0059,20254,20253,11545610,독산1동,생활서비스,21.59,21.43129398170931,0.1587060182906903,동반 비감소,True
C04_1265,20254,20253,11470640,신정3동,자동차·운송서비스,41.38,32.91962518795426,8.460374812045742,동반 비감소,True
C04_1283,20254,20253,11170660,이태원2동,가구·인테리어,73.91,56.31521668168327,17.59478331831673,동반 비감소,True
C04_0890,20254,20253,11350570,월계2동,음식·음료,13.3,27.091157807364084,-13.791157807364083,동반 비감소,True
C04_0887,20254,20253,11320700,방학2동,자동차·운송서비스,-5.64,-1.4565991675850043,-4.183400832414995,동반 감소,True
C04_0645,20254,20253,11305645,우이동,문화·취미·반려,-70.0,-71.47042969175338,1.470429691753381,동반 감소,True
C04_0975,20254,20253,11740620,천호3동,미용·뷰티,-7.57,-3.92211708698994,-3.64788291301006,동반 감소,True
C04_1364,20254,20253,11440565,공덕동,숙박,-43.61,-65.6488744867262,22.0388744867262,동반 감소,True
C04_0634,20254,20253,11620630,남현동,음식·음료,15.56,3.943152303029551,11.61684769697045,동반 비감소,True
C04_1622,20254,20253,11320522,도봉2동,여가·오락,21.73,42.21426193664717,-20.48426193664717,동반 비감소,True
C04_0733,20254,20253,11560535,영등포동,문화·취미·반려,8.9,23.61758597018484,-14.71758597018484,동반 비감소,True
C04_1728,20254,20253,11680510,신사동,숙박,-1.12,0.32851520956227453,-1.4485152095622746,고객만 감소,True
C04_1162,20254,20253,11620575,행운동,자동차·운송서비스,-12.47,-9.897711541890885,-2.5722884581091154,동반 감소,True
C04_1619,20254,20253,11440610,염리동,자동차·운송서비스,-15.35,-20.95560921938462,5.60560921938462,동반 감소,True
C04_1211,20254,20253,11215847,자양4동,생활서비스,26.4,22.358155622100085,4.041844377899913,동반 비감소,True
C04_0322,20254,20253,11440660,서교동,가구·인테리어,-4.72,0.1456753125268051,-4.865675312526805,고객만 감소,True
C04_1874,20254,20253,11290660,길음1동,생활서비스,58.86,56.61171712695021,2.2482828730497886,동반 비감소,True
C04_1749,20254,20253,11710632,가락2동,여가·오락,17.02,-2.620122162970717,19.640122162970716,상권 대비 선방,True
C04_0420,20254,20253,11680730,일원1동,식료품·편의소매,-3.94,-3.6609508597104656,-0.2790491402895343,동반 감소,True
C04_0742,20254,20253,11530520,구로1동,생활서비스,8.94,10.644767686896706,-1.704767686896707,동반 비감소,True
C04_1037,20254,20253,11710531,거여1동,여가·오락,20.94,-5.92624333174776,26.86624333174776,상권 대비 선방,True
C04_1066,20254,20253,11230660,장안2동,여가·오락,3.0,-4.048172159434249,7.048172159434249,상권 대비 선방,True
C04_1797,20254,20253,11170530,남영동,전자기기·수리,100.0,1246.0086634639458,-1146.0086634639458,동반 비감소,True
C04_0873,20254,20253,11440600,대흥동,생활서비스,44.58,46.61512056491315,-2.03512056491315,동반 비감소,True
C04_1187,20254,20253,11380560,구산동,생활서비스,9.49,19.55909314074904,-10.069093140749041,동반 비감소,True
C04_1664,20254,20253,11215740,중곡1동,문화·취미·반려,-21.94,-0.816547969075232,-21.12345203092477,동반 감소,True
C04_1087,20254,20253,11530540,구로3동,여가·오락,1.88,8.384070289230161,-6.504070289230161,동반 비감소,True
C04_0901,20254,20253,11320660,쌍문1동,식료품·편의소매,23.22,3.2466788937489444,19.973321106251056,동반 비감소,True
C04_0892,20254,20253,11530740,개봉1동,자동차·운송서비스,-6.65,-1.75448474465153,-4.895515255348471,동반 감소,True
C04_0725,20254,20253,11500640,방화2동,식료품·편의소매,-4.74,-3.7091607042830987,-1.0308392957169015,동반 감소,True
C04_0437,20254,20253,11680521,논현1동,숙박,12.23,-0.3850787967306757,12.615078796730677,상권 대비 선방,True
C04_1439,20254,20253,11110630,종로5·6가동,여가·오락,26.8,11.563934965439838,15.236065034560163,동반 비감소,True
C04_1955,20254,20253,11560620,양평2동,자동차·운송서비스,12.97,3.03418200518073,9.93581799481927,동반 비감소,True
C04_1990,20254,20253,11560535,영등포동,숙박,26.06,25.09763525396307,0.9623647460369291,동반 비감소,True
C04_0477,20254,20253,11560680,신길6동,숙박,-58.68,-54.20353033632568,-4.476469663674322,동반 감소,True
C04_0996,20254,20253,11200520,왕십리2동,여가·오락,-16.57,-22.765299908006607,6.195299908006607,동반 감소,True
C04_1488,20254,20253,11740515,강일동,패션·잡화,12.54,5.4619284709478855,7.078071529052114,동반 비감소,True
C04_0385,20254,20253,11500535,등촌3동,음식·음료,8.86,3.8178535373660782,5.042146462633921,동반 비감소,True
C04_1963,20254,20253,11380560,구산동,생활서비스,32.24,19.55909314074904,12.68090685925096,동반 비감소,True
C04_1552,20254,20253,11560710,대림2동,가구·인테리어,-39.96,-36.49030010921973,-3.4696998907802694,동반 감소,True
C04_0209,20254,20253,11740520,상일동,음식·음료,-25.27,-4.133003054105777,-21.13699694589422,동반 감소,True
C04_1564,20254,20253,11260600,중화1동,음식·음료,1.68,-9.215981114358641,10.89598111435864,상권 대비 선방,True
C04_1136,20254,20253,11140580,장충동,문화·취미·반려,13.01,22.3462696306147,-9.3362696306147,동반 비감소,True
C04_1721,20254,20253,11320660,쌍문1동,전자기기·수리,100.0,337.32486147274716,-237.32486147274716,동반 비감소,True
C04_1206,20254,20253,11260610,중화2동,식료품·편의소매,33.81,32.927046175863886,0.8829538241361163,동반 비감소,True
C04_1559,20254,20253,11290580,돈암1동,음식·음료,-3.24,11.00958156675187,-14.24958156675187,고객만 감소,True
C04_1980,20254,20253,11305645,우이동,자동차·운송서비스,51.93,35.31175716342678,16.618242836573216,동반 비감소,True
C04_1050,20254,20253,11740640,성내1동,여가·오락,-11.97,-30.067871835486436,18.097871835486437,동반 감소,True
C04_0359,20254,20253,11500550,화곡2동,여가·오락,6.49,3.0809427476621964,3.4090572523378038,동반 비감소,True
C04_1235,20254,20253,11620765,미성동,자동차·운송서비스,-23.17,0.7021301208950392,-23.87213012089504,고객만 감소,True
C04_0709,20254,20253,11590620,사당1동,음식·음료,36.38,12.700200446024713,23.67979955397529,동반 비감소,True
C04_0857,20254,20253,11110710,숭인2동,가구·인테리어,-39.35,-36.822631830633014,-2.527368169366987,동반 감소,True
C04_0972,20254,20253,11620725,조원동,문화·취미·반려,100.0,1285.1216425996352,-1185.1216425996352,동반 비감소,True
C04_1381,20254,20253,11170530,남영동,숙박,-33.29,-6.227368939652688,-27.06263106034731,동반 감소,True
C04_0399,20254,20253,11470670,신정6동,문화·취미·반려,-43.49,-28.11324016969401,-15.376759830305993,동반 감소,True
C04_0783,20254,20253,11440610,염리동,여가·오락,41.1,25.51245223375762,15.58754776624238,동반 비감소,True
C04_0835,20254,20253,11710532,거여2동,문화·취미·반려,-65.97,-56.98524061903891,-8.984759380961087,동반 감소,True
C04_1406,20254,20253,11380632,신사2동,미용·뷰티,-11.64,1.9951829992796544,-13.635182999279655,고객만 감소,True
C04_0098,20254,20253,11200540,마장동,음식·음료,-2.92,0.5649260555911528,-3.4849260555911528,고객만 감소,True
C04_1276,20254,20253,11305535,미아동,생활서비스,93.4,105.98093790004998,-12.580937900049975,동반 비감소,True
C04_1830,20254,20253,11170520,용산2가동,식료품·편의소매,5.79,1.585689054453665,4.204310945546335,동반 비감소,True
C04_0178,20254,20253,11410690,남가좌1동,식료품·편의소매,-8.4,-3.6274325774370397,-4.772567422562961,동반 감소,True
C04_0335,20254,20253,11260520,면목2동,전자기기·수리,7.23,-17.50794343065456,24.73794343065456,상권 대비 선방,True
C04_1223,20254,20253,11560610,양평1동,미용·뷰티,25.0,-0.4641084284375374,25.464108428437537,상권 대비 선방,True
C04_1541,20254,20253,11260565,면목본동,생활서비스,44.85,56.95201946909756,-12.102019469097556,동반 비감소,True
C04_1312,20254,20253,11350640,상계2동,전자기기·수리,-70.0,-87.79163041268464,17.79163041268464,동반 감소,True
C04_1916,20254,20253,11590680,신대방2동,패션·잡화,100.0,162.89680411797613,-62.89680411797613,동반 비감소,True
C04_0959,20254,20253,11290525,성북동,식료품·편의소매,7.63,-3.032807199434684,10.662807199434685,상권 대비 선방,True
C04_1191,20254,20253,11215870,구의3동,자동차·운송서비스,35.49,19.428690909418123,16.06130909058188,동반 비감소,True
C04_0195,20254,20253,11545710,시흥5동,가구·인테리어,-33.2,-39.75781285833779,6.55781285833779,동반 감소,True
C04_0881,20254,20253,11710670,잠실2동,식료품·편의소매,15.23,-17.63549413838865,32.865494138388655,상권 대비 선방,True
C04_1397,20254,20253,11215830,자양2동,음식·음료,-5.62,1.538883244712097,-7.158883244712097,고객만 감소,True
C04_1822,20254,20253,11305635,수유3동,여가·오락,22.96,-0.8090425928788281,23.76904259287883,상권 대비 선방,True
C04_1347,20254,20253,11560700,대림1동,음식·음료,2.05,-0.9001488955252546,2.9501488955252544,상권 대비 선방,True
C04_0418,20254,20253,11740640,성내1동,음식·음료,-0.79,0.09381385831752631,-0.8838138583175263,고객만 감소,True
C04_1921,20254,20253,11170660,이태원2동,가구·인테리어,75.43,56.31521668168327,19.11478331831674,동반 비감소,True
C04_1446,20254,20253,11710650,잠실본동,가구·인테리어,18.9,9.941710829208095,8.958289170791904,동반 비감소,True
C04_1940,20254,20253,11440590,용강동,가구·인테리어,26.56,17.135559068040006,9.424440931959992,동반 비감소,True
C04_0682,20254,20253,11440730,성산2동,가구·인테리어,6.46,-9.949762666709772,16.40976266670977,상권 대비 선방,True
C04_0235,20254,20253,11620525,보라매동,음식·음료,11.06,-2.9035433429456914,13.963543342945691,상권 대비 선방,True
C04_1557,20254,20253,11710520,풍납2동,미용·뷰티,-8.94,-9.841842972667337,0.9018429726673372,동반 감소,True
C04_1818,20254,20253,11470600,신월5동,음식·음료,-2.88,-3.695215114981354,0.815215114981354,동반 감소,True
C04_1215,20254,20253,11320710,방학3동,식료품·편의소매,-7.58,-8.527864816363806,0.9478648163638059,동반 감소,True
C04_0882,20254,20253,11260655,망우본동,전자기기·수리,-8.06,-18.459548090090173,10.399548090090173,동반 감소,True
C04_0250,20254,20253,11500570,화곡4동,여가·오락,-29.37,-13.568190585388306,-15.801809414611695,동반 감소,True
C04_0115,20254,20253,11230750,이문2동,생활서비스,50.21,63.51702446842069,-13.307024468420693,동반 비감소,True
C04_0966,20254,20253,11650652,양재2동,문화·취미·반려,25.49,21.273951036097394,4.216048963902605,동반 비감소,True
C04_1052,20254,20253,11350695,상계6·7동,문화·취미·반려,-5.71,-1.8579684988126566,-3.8520315011873434,동반 감소,True
C04_0590,20254,20253,11710532,거여2동,자동차·운송서비스,-8.46,-5.923616335634407,-2.5363836643655935,동반 감소,True
C04_0795,20254,20253,11680660,개포1동,미용·뷰티,24.08,14.974199134607847,9.105800865392151,동반 비감소,True
C04_0696,20254,20253,11350630,상계1동,음식·음료,-7.7,-2.546067046998368,-5.1539329530016325,동반 감소,True
C04_1004,20254,20253,11260590,상봉2동,생활서비스,4.54,23.297668367409297,-18.7576683674093,동반 비감소,True
C04_1858,20254,20253,11680565,청담동,전자기기·수리,28.23,19.133007912335586,9.096992087664415,동반 비감소,True
C04_0927,20254,20253,11200790,용답동,생활서비스,-31.8,-19.116443928742644,-12.683556071257357,동반 감소,True
C04_1350,20254,20253,11200670,성수2가1동,가구·인테리어,3.99,-3.3676873807025554,7.357687380702556,상권 대비 선방,True
C04_0675,20254,20253,11680640,역삼1동,문화·취미·반려,41.52,21.53568348746262,19.984316512537383,동반 비감소,True
C04_0600,20254,20253,11215850,구의1동,문화·취미·반려,-18.78,-27.388282446510647,8.608282446510646,동반 감소,True
C04_1554,20254,20253,11215830,자양2동,자동차·운송서비스,-18.74,-6.069271993791281,-12.670728006208718,동반 감소,True
C04_1668,20254,20253,11215780,능동,여가·오락,-4.77,-8.52874149576558,3.7587414957655803,동반 감소,True
C04_0316,20254,20253,11680610,대치2동,가구·인테리어,9.52,16.214637672469845,-6.694637672469845,동반 비감소,True
C04_0621,20254,20253,11620645,서원동,숙박,-5.19,-7.634323800819265,2.444323800819265,동반 감소,True
C04_1671,20254,20253,11530520,구로1동,식료품·편의소매,-16.82,-4.287120477286588,-12.532879522713412,동반 감소,True
C04_1366,20254,20253,11500530,등촌2동,패션·잡화,-8.94,-27.283977042851724,18.343977042851726,동반 감소,True
C04_0593,20254,20253,11470640,신정3동,여가·오락,-37.22,-27.302343001717833,-9.917656998282165,동반 감소,True
C04_1785,20254,20253,11140670,황학동,자동차·운송서비스,17.99,14.987905821521252,3.002094178478746,동반 비감소,True
C04_0351,20254,20253,11650610,방배2동,미용·뷰티,-41.65,-33.61087199220275,-8.039128007797245,동반 감소,True
C04_1041,20254,20253,11305545,송중동,문화·취미·반려,23.59,17.952828209229168,5.637171790770832,동반 비감소,True
C04_0148,20254,20253,11740550,고덕1동,문화·취미·반려,-1.62,-5.069122382457792,3.4491223824577917,동반 감소,True
C04_0430,20254,20253,11530770,오류1동,문화·취미·반려,61.47,72.322400723701,-10.852400723700995,동반 비감소,True
C04_1172,20254,20253,11620725,조원동,자동차·운송서비스,-26.4,-14.285645564450789,-12.11435443554921,동반 감소,True
C04_0092,20254,20253,11305575,삼각산동,패션·잡화,0.69,8.754172721534715,-8.064172721534716,동반 비감소,True
C04_1993,20254,20253,11110710,숭인2동,숙박,29.73,40.582638823448306,-10.852638823448306,동반 비감소,True
C04_1417,20254,20253,11215847,자양4동,여가·오락,-5.05,3.2497425049388795,-8.29974250493888,고객만 감소,True
C04_1353,20254,20253,11230705,청량리동,전자기기·수리,17.27,-19.023138596121548,36.29313859612155,상권 대비 선방,True
C04_0830,20254,20253,11320514,창4동,숙박,-9.6,10.317132240734516,-19.917132240734517,고객만 감소,True
C04_1763,20254,20253,11500593,화곡8동,자동차·운송서비스,46.24,50.159177570584056,-3.919177570584054,동반 비감소,True
C04_1447,20254,20253,11560540,여의동,가구·인테리어,-14.49,-5.465588479941241,-9.02441152005876,동반 감소,True
C04_1393,20254,20253,11170520,용산2가동,여가·오락,50.94,27.48478972179349,23.455210278206508,동반 비감소,True
C04_1313,20254,20253,11530530,구로2동,여가·오락,8.03,19.52837496565605,-11.49837496565605,동반 비감소,True
C04_1237,20254,20253,11320512,창2동,여가·오락,55.02,29.577854650486103,25.4421453495139,동반 비감소,True
C04_0737,20254,20253,11545630,독산3동,패션·잡화,36.43,45.79663541000851,-9.366635410008513,동반 비감소,True
C04_0136,20254,20253,11740590,암사3동,식료품·편의소매,8.79,-0.5829283482799097,9.37292834827991,상권 대비 선방,True
C04_1758,20254,20253,11680640,역삼1동,여가·오락,-1.0,-3.9684498455700434,2.9684498455700434,동반 감소,True
C04_0308,20254,20253,11215740,중곡1동,가구·인테리어,27.77,50.76680972621901,-22.99680972621901,동반 비감소,True
C04_0814,20254,20253,11470650,신정4동,여가·오락,16.1,11.599714210385237,4.5002857896147646,동반 비감소,True
C04_1479,20254,20253,11740540,명일2동,패션·잡화,-35.59,-22.65819735213389,-12.931802647866114,동반 감소,True
C04_0015,20254,20253,11305535,미아동,숙박,-19.41,-37.94716632596844,18.53716632596844,동반 감소,True
C04_1398,20254,20253,11650570,반포2동,패션·잡화,-16.54,9.695365414531487,-26.235365414531486,고객만 감소,True
C04_1046,20254,20253,11110615,종로1·2·3·4가동,식료품·편의소매,7.26,-0.9790847853987539,8.239084785398754,상권 대비 선방,True
C04_0261,20254,20253,11305645,우이동,패션·잡화,100.0,186.40724205793316,-86.40724205793316,동반 비감소,True
C04_1482,20254,20253,11320515,창5동,음식·음료,10.7,-6.096578581499868,16.796578581499865,상권 대비 선방,True
C04_1534,20254,20253,11410615,연희동,생활서비스,8.04,25.90270497724463,-17.86270497724463,동반 비감소,True
C04_1872,20254,20253,11380640,증산동,미용·뷰티,26.02,11.607447900628753,14.412552099371247,동반 비감소,True
C04_1014,20254,20253,11380510,녹번동,음식·음료,-0.56,-4.486640646764717,3.926640646764717,동반 감소,True
C04_1737,20254,20253,11230710,회기동,미용·뷰티,-20.01,-23.227572139244835,3.217572139244833,동반 감소,True
C04_1078,20254,20253,11410685,홍은2동,여가·오락,-13.6,-2.04735127340111,-11.552648726598889,동반 감소,True
C04_0006,20254,20253,11560700,대림1동,생활서비스,73.29,73.66029554604039,-0.3702955460403814,동반 비감소,True
C04_1203,20254,20253,11290590,돈암2동,패션·잡화,-14.93,-20.97002004664955,6.040020046649552,동반 감소,True
C04_0339,20254,20253,11380640,증산동,패션·잡화,2.56,-3.627822209344278,6.187822209344278,상권 대비 선방,True
C04_1419,20254,20253,11560680,신길6동,미용·뷰티,-27.59,-23.01698878855316,-4.57301121144684,동반 감소,True
C04_1773,20254,20253,11470570,신월2동,문화·취미·반려,42.86,43.43205637682299,-0.5720563768229923,동반 비감소,True
C04_1264,20254,20253,11530550,구로4동,숙박,55.79,41.83618475767887,13.953815242321127,동반 비감소,True
C04_1976,20254,20253,11500611,발산1동,숙박,35.98,39.150990767323826,-3.170990767323829,동반 비감소,True
C04_0894,20254,20253,11290575,동선동,여가·오락,-20.46,-5.87613813428749,-14.58386186571251,동반 감소,True
C04_0166,20254,20253,11530740,개봉1동,가구·인테리어,-27.44,-28.06167653470314,0.6216765347031377,동반 감소,True
C04_0101,20254,20253,11305603,번2동,음식·음료,20.95,15.730155859824912,5.219844140175088,동반 비감소,True
C04_0327,20254,20253,11110700,숭인1동,미용·뷰티,14.69,8.044504740633474,6.645495259366525,동반 비감소,True
C04_1883,20254,20253,11410655,홍제2동,생활서비스,50.8,50.509777201855634,0.290222798144363,동반 비감소,True
C04_1767,20254,20253,11620525,보라매동,문화·취미·반려,81.58,108.4685684901189,-26.8885684901189,동반 비감소,True
C04_0818,20254,20253,11440660,서교동,미용·뷰티,14.78,-7.117246062683835,21.897246062683834,상권 대비 선방,True
C04_0252,20254,20253,11230720,휘경1동,음식·음료,25.43,-1.3836507686838861,26.813650768683885,상권 대비 선방,True
C04_1699,20254,20253,11110670,창신1동,문화·취미·반려,59.35,48.71701343033183,10.63298656966817,동반 비감소,True
C04_0444,20254,20253,11230720,휘경1동,미용·뷰티,-24.57,1.7654780891911415,-26.33547808919114,고객만 감소,True
C04_0038,20254,20253,11305615,수유1동,전자기기·수리,-0.77,2.4096148446528742,-3.1796148446528743,고객만 감소,True
C04_0730,20254,20253,11200560,행당1동,가구·인테리어,-28.71,-20.323495541923,-8.386504458077003,동반 감소,True
C04_1760,20254,20253,11680521,논현1동,패션·잡화,10.21,14.07251230047455,-3.862512300474549,동반 비감소,True
C04_1501,20254,20253,11215710,화양동,자동차·운송서비스,11.5,15.276176433442545,-3.7761764334425454,동반 비감소,True
C04_0445,20254,20253,11590670,신대방1동,생활서비스,18.84,43.105196228173504,-24.265196228173505,동반 비감소,True
C04_1045,20254,20253,11530740,개봉1동,음식·음료,0.98,-2.10373897335161,3.08373897335161,상권 대비 선방,True
C04_1560,20254,20253,11560710,대림2동,숙박,-11.19,-8.362101658841203,-2.8278983411587966,동반 감소,True
C04_0124,20254,20253,11260575,면목3·8동,문화·취미·반려,37.25,22.393083058672893,14.856916941327107,동반 비감소,True
C04_0309,20254,20253,11440740,상암동,전자기기·수리,25.64,39.22175222735713,-13.581752227357129,동반 비감소,True
C04_0481,20254,20253,11470670,신정6동,미용·뷰티,19.78,8.038883273412045,11.741116726587956,동반 비감소,True
C04_1476,20254,20253,11740590,암사3동,생활서비스,41.77,42.21647361628156,-0.44647361628155835,동반 비감소,True
C04_1769,20254,20253,11740515,강일동,미용·뷰티,5.92,5.955128907864249,-0.03512890786424894,동반 비감소,True
C04_0918,20254,20253,11500640,방화2동,미용·뷰티,-23.93,-14.860121576682428,-9.069878423317572,동반 감소,True
C04_1340,20254,20253,11620695,신림동,문화·취미·반려,44.72,41.5990900481896,3.120909951810397,동반 비감소,True
C04_0474,20254,20253,11590605,흑석동,미용·뷰티,27.47,3.6763496996748968,23.7936503003251,동반 비감소,True
C04_1835,20254,20253,11620695,신림동,숙박,11.4,4.893021328049074,6.506978671950926,동반 비감소,True
C04_0912,20254,20253,11740700,둔촌2동,전자기기·수리,-70.0,-95.94470046011769,25.944700460117687,동반 감소,True
C04_1149,20254,20253,11530770,오류1동,음식·음료,-12.31,-4.99579536744017,-7.31420463255983,동반 감소,True
C04_1197,20254,20253,11530760,개봉3동,전자기기·수리,-70.0,-85.48802765186258,15.48802765186258,동반 감소,True
C04_0886,20254,20253,11545680,시흥2동,문화·취미·반려,-19.93,-3.6761397411688934,-16.253860258831107,동반 감소,True
C04_1496,20254,20253,11620645,서원동,가구·인테리어,-12.64,-25.678068805331222,13.038068805331221,동반 감소,True
C04_0226,20254,20253,11740580,암사2동,패션·잡화,-14.72,-15.762824102592365,1.0428241025923644,동반 감소,True
C04_1675,20254,20253,11305535,미아동,숙박,-45.31,-37.94716632596844,-7.362833674031563,동반 감소,True
C04_1048,20254,20253,11200615,금호2·3가동,가구·인테리어,-5.3,-7.351536212926746,2.051536212926746,동반 감소,True
C04_0025,20254,20253,11305645,우이동,식료품·편의소매,24.32,4.793006131777,19.526993868223002,동반 비감소,True
C04_1422,20254,20253,11560585,도림동,미용·뷰티,-39.73,-20.176266424775857,-19.55373357522414,동반 감소,True
C04_1025,20254,20253,11530595,가리봉동,미용·뷰티,-11.13,1.2812294318232054,-12.411229431823205,고객만 감소,True
C04_1845,20254,20253,11290770,장위2동,미용·뷰티,-23.28,-18.63810627742074,-4.641893722579262,동반 감소,True
C04_1986,20254,20253,11140605,을지로동,숙박,24.57,25.4997083774541,-0.929708377454098,동반 비감소,True
C04_1317,20254,20253,11140635,약수동,전자기기·수리,-70.0,-74.23043215330487,4.230432153304875,동반 감소,True
C04_0269,20254,20253,11200535,왕십리도선동,식료품·편의소매,67.39,60.83594926542031,6.55405073457969,동반 비감소,True
C04_0257,20254,20253,11215780,능동,여가·오락,-30.66,-8.52874149576558,-22.13125850423442,동반 감소,True
C04_1170,20254,20253,11590510,노량진1동,생활서비스,37.18,20.588235538632116,16.591764461367884,동반 비감소,True
C04_1388,20254,20253,11380520,불광1동,가구·인테리어,-29.16,-16.825948053614947,-12.334051946385053,동반 감소,True
C04_0375,20254,20253,11260590,상봉2동,생활서비스,32.47,23.297668367409297,9.172331632590701,동반 비감소,True
C04_0674,20254,20253,11380600,응암3동,숙박,-42.61,-23.939561064128778,-18.67043893587122,동반 감소,True
C04_0056,20254,20253,11500590,화곡본동,자동차·운송서비스,-5.48,-10.298915156810672,4.818915156810672,동반 감소,True
C04_0705,20254,20253,11380552,갈현2동,음식·음료,7.19,0.8692051078082796,6.320794892191721,동반 비감소,True
C04_0422,20254,20253,11290780,장위3동,음식·음료,-20.27,-1.6821526085768812,-18.587847391423118,동반 감소,True
C04_0334,20254,20253,11305615,수유1동,여가·오락,32.83,26.226836607735258,6.60316339226474,동반 비감소,True
C04_0700,20254,20253,11380600,응암3동,숙박,-23.83,-23.939561064128778,0.10956106412877986,동반 감소,True
C04_1609,20254,20253,11110700,숭인1동,미용·뷰티,12.39,8.044504740633474,4.345495259366526,동반 비감소,True
C04_1349,20254,20253,11545680,시흥2동,문화·취미·반려,-4.31,-3.6761397411688934,-0.6338602588311062,동반 감소,True
C04_1662,20254,20253,11200535,왕십리도선동,숙박,44.52,52.901636982525524,-8.38163698252552,동반 비감소,True
C04_1110,20254,20253,11500550,화곡2동,패션·잡화,-70.0,-47.17373321004364,-22.826266789956357,동반 감소,True
C04_0219,20254,20253,11680750,수서동,가구·인테리어,-70.0,-88.08253276943108,18.082532769431083,동반 감소,True
C04_1239,20254,20253,11470530,목3동,자동차·운송서비스,-4.37,-1.2805685037350245,-3.0894314962649756,동반 감소,True
C04_0213,20254,20253,11500630,방화1동,여가·오락,5.94,1.3785331134213985,4.561466886578602,동반 비감소,True
C04_0333,20254,20253,11350710,상계9동,생활서비스,82.1,80.27760397556574,1.822396024434255,동반 비감소,True
C04_0895,20254,20253,11545510,가산동,자동차·운송서비스,-1.97,-10.539254959789169,8.569254959789168,동반 감소,True
C04_1829,20254,20253,11650520,서초2동,미용·뷰티,-26.51,-15.93544023425303,-10.574559765746972,동반 감소,True
C04_0755,20254,20253,11215730,군자동,미용·뷰티,-1.38,-9.738469922999249,8.358469922999248,동반 감소,True
C04_1015,20254,20253,11590680,신대방2동,미용·뷰티,-7.31,-4.2380935773806305,-3.071906422619369,동반 감소,True
C04_1768,20254,20253,11260570,면목7동,생활서비스,64.63,69.29285657274016,-4.662856572740168,동반 비감소,True
C04_1958,20254,20253,11215710,화양동,식료품·편의소매,-25.33,-8.354226895590344,-16.975773104409654,동반 감소,True
C04_1705,20254,20253,11710531,거여1동,문화·취미·반려,-5.35,0.0,-5.35,고객만 감소,True
C04_0042,20254,20253,11290760,장위1동,생활서비스,100.0,628.1007354902193,-528.1007354902193,동반 비감소,True
C04_0310,20254,20253,11380600,응암3동,패션·잡화,31.5,19.96666004981811,11.53333995018189,동반 비감소,True
C04_1956,20254,20253,11230650,장안1동,음식·음료,0.49,-1.7635933187648112,2.2535933187648114,상권 대비 선방,True
C04_0617,20254,20253,11470610,신월6동,가구·인테리어,-12.39,-11.651128662585752,-0.738871337414249,동반 감소,True
C04_0380,20254,20253,11740540,명일2동,미용·뷰티,-14.89,-17.968989281505287,3.0789892815052866,동반 감소,True
C04_1054,20254,20253,11710570,오금동,자동차·운송서비스,-3.37,-5.7143389322604765,2.3443389322604764,동반 감소,True
C04_1801,20254,20253,11710670,잠실2동,음식·음료,-1.14,-13.857236746535595,12.717236746535594,동반 감소,True
C04_0555,20254,20253,11560560,당산2동,생활서비스,48.86,48.37514179134579,0.4848582086542095,동반 비감소,True
C04_0002,20254,20253,11305625,수유2동,생활서비스,92.47,68.08986786613391,24.380132133866084,동반 비감소,True
C04_0095,20254,20253,11710520,풍납2동,문화·취미·반려,62.08,59.68995622966775,2.390043770332248,동반 비감소,True
C04_0828,20254,20253,11260580,상봉1동,생활서비스,34.65,52.3838500947347,-17.7338500947347,동반 비감소,True
C04_0877,20254,20253,11200570,행당2동,패션·잡화,-38.46,-60.673850629669786,22.213850629669786,동반 감소,True
C04_1951,20254,20253,11590510,노량진1동,자동차·운송서비스,-22.13,-21.510337226107733,-0.6196627738922658,동반 감소,True
C04_0296,20254,20253,11230740,이문1동,여가·오락,-20.62,-24.58594488494421,3.9659448849442107,동반 감소,True
C04_1330,20254,20253,11470600,신월5동,미용·뷰티,-13.35,-10.208793565758755,-3.1412064342412442,동반 감소,True
C04_0629,20254,20253,11230750,이문2동,숙박,80.69,50.77858003017703,29.911419969822965,동반 비감소,True
C04_0786,20254,20253,11650652,양재2동,문화·취미·반려,19.13,21.273951036097394,-2.143951036097395,동반 비감소,True
C04_0231,20254,20253,11590650,사당4동,식료품·편의소매,2.08,4.555681301609682,-2.475681301609682,동반 비감소,True
C04_0910,20254,20253,11350560,월계1동,미용·뷰티,-13.25,0.23270071777721224,-13.482700717777213,고객만 감소,True
C04_0507,20254,20253,11650600,방배1동,패션·잡화,-43.69,-50.30028867148819,6.610288671488192,동반 감소,True
C04_1708,20254,20253,11260600,중화1동,문화·취미·반려,-47.96,-51.27456936046606,3.3145693604660593,동반 감소,True
C04_0769,20254,20253,11380551,갈현1동,음식·음료,7.83,13.179688712567227,-5.349688712567227,동반 비감소,True
C04_0264,20254,20253,11290630,정릉2동,식료품·편의소매,47.11,52.496586503055866,-5.386586503055867,동반 비감소,True
C04_0009,20254,20253,11440565,공덕동,식료품·편의소매,34.03,30.213976942091403,3.8160230579085983,동반 비감소,True
C04_0202,20254,20253,11170570,원효로2동,생활서비스,36.33,47.34149955384124,-11.01149955384124,동반 비감소,True
C04_0332,20254,20253,11620615,중앙동,식료품·편의소매,-5.9,-0.6024532665192983,-5.2975467334807025,동반 감소,True
C04_0650,20254,20253,11560680,신길6동,여가·오락,47.9,33.60073205162757,14.299267948372432,동반 비감소,True
C04_1831,20254,20253,11110650,혜화동,여가·오락,-2.98,-13.12968829580231,10.14968829580231,동반 감소,True
C04_1568,20254,20253,11200560,행당1동,미용·뷰티,1.24,1.3299765296986177,-0.08997652969861769,동반 비감소,True
C04_0197,20254,20253,11110680,창신2동,가구·인테리어,-51.88,-60.0,8.119999999999997,동반 감소,True
C04_0785,20254,20253,11590630,사당2동,가구·인테리어,100.0,965.6895430420393,-865.6895430420393,동반 비감소,True
C04_1775,20254,20253,11305645,우이동,생활서비스,3.67,5.0086567973493645,-1.3386567973493646,동반 비감소,True
C04_0657,20254,20253,11305635,수유3동,숙박,19.86,7.244535142075326,12.615464857924675,동반 비감소,True
C04_1408,20254,20253,11560670,신길5동,자동차·운송서비스,23.25,12.74441435001965,10.50558564998035,동반 비감소,True
C04_1613,20254,20253,11650530,서초3동,미용·뷰티,100.0,162.48562358250544,-62.48562358250544,동반 비감소,True
C04_1667,20254,20253,11290760,장위1동,여가·오락,-41.25,-27.118379210025335,-14.131620789974665,동반 감소,True
C04_0238,20254,20253,11230570,전농2동,문화·취미·반려,-44.92,-50.06536951708731,5.14536951708731,동반 감소,True
C04_0072,20254,20253,11410660,홍은1동,식료품·편의소매,-30.67,-20.648481911210148,-10.021518088789854,동반 감소,True
C04_1240,20254,20253,11710680,잠실3동,음식·음료,16.1,15.990528411904027,0.10947158809597468,동반 비감소,True
C04_1678,20254,20253,11200520,왕십리2동,미용·뷰티,3.43,3.9398149081792733,-0.5098149081792731,동반 비감소,True
C04_0343,20254,20253,11680640,역삼1동,문화·취미·반려,16.21,21.53568348746262,-5.325683487462619,동반 비감소,True
C04_0816,20254,20253,11710641,문정1동,여가·오락,3.24,14.580739089420614,-11.340739089420614,동반 비감소,True
C04_1789,20254,20253,11260570,면목7동,패션·잡화,20.26,27.573721726136924,-7.313721726136922,동반 비감소,True
C04_0933,20254,20253,11350624,중계4동,음식·음료,4.36,0.5131369032609356,3.8468630967390647,동반 비감소,True
C04_0946,20254,20253,11380625,역촌동,미용·뷰티,-13.44,-7.725369091441914,-5.714630908558085,동반 감소,True
C04_0608,20254,20253,11590670,신대방1동,식료품·편의소매,-6.0,1.3030406238728087,-7.303040623872809,고객만 감소,True
C04_0984,20254,20253,11650550,반포본동,패션·잡화,78.67,87.38595250662198,-8.715952506621974,동반 비감소,True
C04_0942,20254,20253,11170660,이태원2동,음식·음료,-4.01,8.477289784268471,-12.487289784268471,고객만 감소,True
C04_0190,20254,20253,11470530,목3동,문화·취미·반려,52.06,19.995851208181236,32.064148791818766,동반 비감소,True
C04_1902,20254,20253,11215710,화양동,여가·오락,29.09,3.2513711525031352,25.838628847496864,동반 비감소,True
C04_1065,20254,20253,11545620,독산2동,패션·잡화,-27.63,-22.086633476141206,-5.5433665238587935,동반 감소,True
C04_1808,20254,20253,11170625,한강로동,문화·취미·반려,10.59,13.425122556880687,-2.8351225568806875,동반 비감소,True
C04_0514,20254,20253,11530730,고척2동,여가·오락,27.84,33.827599796179356,-5.987599796179357,동반 비감소,True
C04_0337,20254,20253,11290555,삼선동,음식·음료,14.24,2.53243789131683,11.70756210868317,동반 비감소,True
C04_0294,20254,20253,11470550,목5동,미용·뷰티,0.52,-0.7728807981370656,1.2928807981370656,상권 대비 선방,True
C04_1248,20254,20253,11680750,수서동,식료품·편의소매,-1.38,0.06291841127474829,-1.4429184112747482,고객만 감소,True
C04_1325,20254,20253,11560650,신길3동,가구·인테리어,-36.53,-17.63744648825695,-18.892553511743053,동반 감소,True
C04_1674,20254,20253,11710600,석촌동,생활서비스,62.11,43.881914266273526,18.228085733726473,동반 비감소,True
C04_0137,20254,20253,11200615,금호2·3가동,문화·취미·반려,26.46,13.829189880199344,12.630810119800657,동반 비감소,True
C04_0113,20254,20253,11650600,방배1동,문화·취미·반려,-17.57,-30.15140079059502,12.58140079059502,동반 감소,True
C04_1123,20254,20253,11350595,공릉1동,가구·인테리어,96.04,86.97699253425245,9.06300746574756,동반 비감소,True
C04_0075,20254,20253,11290810,석관동,음식·음료,11.39,12.815090825400443,-1.4250908254004422,동반 비감소,True
C04_1492,20254,20253,11230710,회기동,패션·잡화,22.03,28.941877692326123,-6.911877692326122,동반 비감소,True
C04_1384,20254,20253,11590540,상도2동,식료품·편의소매,-11.99,-9.594018346542377,-2.395981653457623,동반 감소,True
C04_0614,20254,20253,11620630,남현동,문화·취미·반려,100.0,594.5700566457407,-494.5700566457407,동반 비감소,True
C04_0823,20254,20253,11740600,천호1동,자동차·운송서비스,4.3,10.207075608060933,-5.907075608060933,동반 비감소,True
C04_1744,20254,20253,11710650,잠실본동,음식·음료,2.85,-2.271339914940562,5.121339914940562,상권 대비 선방,True
C04_1555,20254,20253,11680730,일원1동,패션·잡화,-36.48,-40.304996008516014,3.824996008516017,동반 감소,True
C04_1817,20254,20253,11740550,고덕1동,문화·취미·반려,-1.31,-5.069122382457792,3.7591223824577917,동반 감소,True
C04_0840,20254,20253,11590510,노량진1동,가구·인테리어,-7.8,2.179906194862835,-9.979906194862835,고객만 감소,True
C04_1365,20254,20253,11200570,행당2동,가구·인테리어,42.7,57.002580859257755,-14.302580859257752,동반 비감소,True
C04_1470,20254,20253,11500540,화곡1동,식료품·편의소매,-6.12,-1.0481720481625656,-5.0718279518374345,동반 감소,True
C04_0538,20254,20253,11440600,대흥동,가구·인테리어,62.22,60.28019321740541,1.9398067825945873,동반 비감소,True
C04_1604,20254,20253,11110630,종로5·6가동,음식·음료,6.24,7.466302000692182,-1.2263020006921819,동반 비감소,True
C04_0535,20254,20253,11200620,금호4가동,패션·잡화,13.79,-2.084947722220687,15.874947722220686,상권 대비 선방,True
C04_0237,20254,20253,11215770,중곡4동,전자기기·수리,100.0,121.8622996485661,-21.862299648566093,동반 비감소,True
C04_0049,20254,20253,11650540,잠원동,가구·인테리어,22.2,28.99847863559044,-6.798478635590442,동반 비감소,True
C04_0175,20254,20253,11290780,장위3동,미용·뷰티,34.15,-2.2263235779346746,36.37632357793467,상권 대비 선방,True
C04_0251,20254,20253,11410620,홍제1동,생활서비스,86.17,71.6716227839868,14.498377216013196,동반 비감소,True
C04_0161,20254,20253,11170520,용산2가동,음식·음료,16.69,11.73867040376404,4.951329596235961,동반 비감소,True
C04_1764,20254,20253,11650652,양재2동,자동차·운송서비스,-0.59,1.2829446556291924,-1.8729446556291922,고객만 감소,True
C04_0186,20254,20253,11260540,면목4동,패션·잡화,-49.44,-54.45893832892858,5.018938328928584,동반 감소,True
C04_1877,20254,20253,11470620,신정1동,패션·잡화,-0.26,13.412813419627746,-13.672813419627746,고객만 감소,True
C04_0319,20254,20253,11290620,정릉1동,미용·뷰티,3.42,-8.685759376396152,12.105759376396152,상권 대비 선방,True
C04_0517,20254,20253,11590530,상도1동,음식·음료,20.89,5.167475400811283,15.722524599188716,동반 비감소,True
C04_0258,20254,20253,11380590,응암2동,생활서비스,-26.97,-30.025252465246886,3.0552524652468875,동반 감소,True
C04_0184,20254,20253,11545510,가산동,생활서비스,8.47,5.221765275481793,3.2482347245182073,동반 비감소,True
C04_0968,20254,20253,11110630,종로5·6가동,음식·음료,12.23,7.466302000692182,4.763697999307818,동반 비감소,True
C04_1836,20254,20253,11380551,갈현1동,숙박,-3.2,-3.0313780005703506,-0.16862199942964962,동반 감소,True
C04_1088,20254,20253,11290590,돈암2동,음식·음료,5.78,-1.087124429230446,6.867124429230446,상권 대비 선방,True
C04_1378,20254,20253,11710600,석촌동,식료품·편의소매,13.52,20.244743996342574,-6.724743996342575,동반 비감소,True
C04_1254,20254,20253,11140605,을지로동,숙박,44.98,25.4997083774541,19.4802916225459,동반 비감소,True
C04_1602,20254,20253,11290705,종암동,여가·오락,16.34,8.629456117790536,7.710543882209464,동반 비감소,True
C04_0673,20254,20253,11215847,자양4동,숙박,-55.51,-39.35619368394656,-16.15380631605344,동반 감소,True
C04_1008,20254,20253,11230710,회기동,문화·취미·반려,8.5,16.51900259790604,-8.019002597906042,동반 비감소,True
C04_0767,20254,20253,11200535,왕십리도선동,식료품·편의소매,56.34,60.83594926542031,-4.4959492654203075,동반 비감소,True
C04_1485,20254,20253,11680655,도곡1동,자동차·운송서비스,7.49,10.445853215975154,-2.9558532159751536,동반 비감소,True
C04_1873,20254,20253,11200560,행당1동,미용·뷰티,6.17,1.3299765296986177,4.840023470301382,동반 비감소,True
C04_0611,20254,20253,11710641,문정1동,문화·취미·반려,-13.89,-16.11630633265676,2.2263063326567583,동반 감소,True
C04_1355,20254,20253,11110540,삼청동,미용·뷰티,67.85,66.64602463690814,1.2039753630918568,동반 비감소,True
C04_1072,20254,20253,11440585,도화동,전자기기·수리,-70.0,-70.43852652912021,0.4385265291202103,동반 감소,True
C04_0589,20254,20253,11530560,구로5동,가구·인테리어,-10.12,-7.091695151197874,-3.028304848802125,동반 감소,True
C04_0158,20254,20253,11200570,행당2동,문화·취미·반려,-15.61,-18.52324133784401,2.91324133784401,동반 감소,True
C04_1529,20254,20253,11500593,화곡8동,가구·인테리어,-70.0,-59.842480349704296,-10.157519650295704,동반 감소,True
C04_1445,20254,20253,11440720,성산1동,음식·음료,8.23,9.852730613277693,-1.6227306132776924,동반 비감소,True
C04_1171,20254,20253,11680650,역삼2동,자동차·운송서비스,-35.4,-37.82288423547858,2.422884235478584,동반 감소,True
C04_0419,20254,20253,11470680,신정7동,식료품·편의소매,1.03,-4.0797631226801245,5.109763122680125,상권 대비 선방,True
C04_0649,20254,20253,11170520,용산2가동,문화·취미·반려,8.7,-1.6398344133901843,10.339834413390184,상권 대비 선방,True
C04_1713,20254,20253,11260660,망우3동,음식·음료,-8.82,4.316204642346344,-13.136204642346344,고객만 감소,True
C04_1780,20254,20253,11290810,석관동,패션·잡화,10.83,1.7866920237465278,9.043307976253473,동반 비감소,True
C04_0708,20254,20253,11680545,압구정동,전자기기·수리,100.0,1331.6665014070827,-1231.6665014070827,동반 비감소,True
C04_0285,20254,20253,11230545,제기동,패션·잡화,11.14,11.683271727495681,-0.5432717274956804,동반 비감소,True
C04_0376,20254,20253,11440655,서강동,식료품·편의소매,22.43,2.177748132630386,20.252251867369615,동반 비감소,True
C04_1515,20254,20253,11110680,창신2동,음식·음료,9.7,10.199176311950575,-0.4991763119505759,동반 비감소,True
C04_1261,20254,20253,11350580,월계3동,식료품·편의소매,24.41,1.0088568524491581,23.40114314755084,동반 비감소,True
C04_1473,20254,20253,11260540,면목4동,여가·오락,4.81,16.358016996145764,-11.548016996145765,동반 비감소,True
C04_1573,20254,20253,11290685,길음2동,패션·잡화,40.06,31.771785511120765,8.288214488879238,동반 비감소,True
C04_0381,20254,20253,11320700,방학2동,식료품·편의소매,22.64,20.505580905428445,2.1344190945715553,동반 비감소,True
C04_0955,20254,20253,11710646,장지동,패션·잡화,-30.42,-26.631298491387735,-3.7887015086122666,동반 감소,True
C04_0885,20254,20253,11530730,고척2동,패션·잡화,60.42,69.31881524418179,-8.89881524418179,동반 비감소,True
C04_0949,20254,20253,11710580,송파1동,생활서비스,47.47,50.40367390140794,-2.9336739014079427,동반 비감소,True
C04_1273,20254,20253,11290610,보문동,자동차·운송서비스,-0.39,-8.081948357212731,7.691948357212731,동반 감소,True
C04_0366,20254,20253,11590680,신대방2동,생활서비스,-6.87,15.76302867695385,-22.63302867695385,고객만 감소,True
C04_0613,20254,20253,11500640,방화2동,미용·뷰티,-30.91,-14.860121576682428,-16.049878423317573,동반 감소,True
C04_1166,20254,20253,11440660,서교동,숙박,-41.18,-45.377936455544265,4.197936455544266,동반 감소,True
C04_0805,20254,20253,11545670,시흥1동,미용·뷰티,-8.58,7.548136986520726,-16.128136986520726,고객만 감소,True
C04_1339,20254,20253,11305625,수유2동,문화·취미·반려,22.05,22.045998421558345,0.004001578441656051,동반 비감소,True
C04_1392,20254,20253,11650610,방배2동,생활서비스,69.01,74.37994465589348,-5.369944655893477,동반 비감소,True
C04_0371,20254,20253,11470580,신월3동,여가·오락,-30.84,-36.70323124196874,5.863231241968737,동반 감소,True
C04_1351,20254,20253,11500540,화곡1동,식료품·편의소매,-7.55,-1.0481720481625656,-6.501827951837434,동반 감소,True
C04_0803,20254,20253,11230740,이문1동,가구·인테리어,100.0,672.3578325531583,-572.3578325531583,동반 비감소,True
C04_0647,20254,20253,11680740,일원2동,식료품·편의소매,-14.69,-9.130934674765424,-5.559065325234576,동반 감소,True
C04_1194,20254,20253,11305545,송중동,식료품·편의소매,-7.23,8.753083378284998,-15.983083378284999,고객만 감소,True
C04_1288,20254,20253,11350621,중계1동,음식·음료,-20.38,-10.89414026683676,-9.485859733163238,동반 감소,True
C04_1106,20254,20253,11410620,홍제1동,여가·오락,-13.99,-12.07317602376471,-1.9168239762352908,동반 감소,True
C04_1380,20254,20253,11650620,방배3동,식료품·편의소매,-16.98,-6.25218532618047,-10.72781467381953,동반 감소,True
C04_0546,20254,20253,11320514,창4동,여가·오락,-0.83,6.684955505103862,-7.514955505103862,고객만 감소,True
C04_1660,20254,20253,11470610,신월6동,자동차·운송서비스,17.88,24.363635437941422,-6.483635437941423,동반 비감소,True
C04_1574,20254,20253,11530730,고척2동,전자기기·수리,-5.51,-18.204035122273233,12.694035122273233,동반 감소,True
C04_1743,20254,20253,11680740,일원2동,문화·취미·반려,43.27,36.647829949805335,6.6221700501946685,동반 비감소,True
C04_1204,20254,20253,11290725,월곡2동,패션·잡화,-6.65,-19.388291368793208,12.738291368793208,동반 감소,True
C04_0917,20254,20253,11650620,방배3동,자동차·운송서비스,11.76,-3.0650601085029927,14.825060108502992,상권 대비 선방,True
C04_1100,20254,20253,11230560,전농1동,패션·잡화,14.01,23.8995001729031,-9.8895001729031,동반 비감소,True
C04_0476,20254,20253,11500640,방화2동,숙박,1.01,0.23771555186193893,0.7722844481380611,동반 비감소,True
C04_1344,20254,20253,11200645,옥수동,식료품·편의소매,-2.5,-6.415761779260809,3.9157617792608086,동반 감소,True
C04_0200,20254,20253,11290555,삼선동,전자기기·수리,-45.28,-34.76947758212242,-10.510522417877581,동반 감소,True
C04_1985,20254,20253,11680650,역삼2동,가구·인테리어,27.09,37.04894533233664,-9.958945332336643,동반 비감소,True
C04_1256,20254,20253,11140540,회현동,패션·잡화,69.57,30.315640374915542,39.25435962508445,동반 비감소,True
C04_1275,20254,20253,11530520,구로1동,생활서비스,0.46,10.644767686896706,-10.184767686896706,동반 비감소,True
C04_1077,20254,20253,11305545,송중동,음식·음료,-13.12,4.199353764231728,-17.319353764231728,고객만 감소,True
C04_0697,20254,20253,11530760,개봉3동,여가·오락,5.46,1.6751577621725078,3.784842237827492,동반 비감소,True
C04_0979,20254,20253,11740570,암사1동,패션·잡화,4.0,4.606388195873623,-0.606388195873623,동반 비감소,True
C04_1690,20254,20253,11440655,서강동,여가·오락,-8.94,1.468824484024256,-10.408824484024255,고객만 감소,True
C04_1984,20254,20253,11290770,장위2동,여가·오락,8.11,-5.45007713390998,13.56007713390998,상권 대비 선방,True
C04_0243,20254,20253,11440655,서강동,식료품·편의소매,-4.4,2.177748132630386,-6.577748132630386,고객만 감소,True
C04_0160,20254,20253,11710647,위례동,미용·뷰티,-0.35,0.16206713317274968,-0.5120671331727497,고객만 감소,True
C04_0999,20254,20253,11290555,삼선동,전자기기·수리,-44.42,-34.76947758212242,-9.650522417877582,동반 감소,True
C04_0028,20254,20253,11530550,구로4동,숙박,36.02,41.83618475767887,-5.816184757678869,동반 비감소,True
C04_1939,20254,20253,11545710,시흥5동,가구·인테리어,-24.87,-39.75781285833779,14.887812858337792,동반 감소,True
C04_1490,20254,20253,11590670,신대방1동,생활서비스,35.65,43.105196228173504,-7.455196228173506,동반 비감소,True
C04_1192,20254,20253,11500520,등촌1동,자동차·운송서비스,17.02,4.387868209153067,12.632131790846932,동반 비감소,True
C04_0139,20254,20253,11470590,신월4동,생활서비스,100.0,105.22756675104637,-5.227566751046368,동반 비감소,True
C04_1242,20254,20253,11710642,문정2동,음식·음료,13.33,-0.1396726746144994,13.4696726746145,상권 대비 선방,True
C04_0352,20254,20253,11500540,화곡1동,생활서비스,100.0,110.7315035991288,-10.7315035991288,동반 비감소,True
C04_0578,20254,20253,11230740,이문1동,식료품·편의소매,4.52,7.716254276639556,-3.1962542766395563,동반 비감소,True
C04_0461,20254,20253,11290715,월곡1동,미용·뷰티,0.4,-5.896155125327873,6.296155125327873,상권 대비 선방,True
C04_1101,20254,20253,11260565,면목본동,식료품·편의소매,5.3,6.199830512878712,-0.8998305128787125,동반 비감소,True
C04_0271,20254,20253,11740530,명일1동,여가·오락,21.53,12.62706161413918,8.902938385860821,동반 비감소,True
C04_1957,20254,20253,11650610,방배2동,식료품·편의소매,-13.02,2.759052360921177,-15.779052360921177,고객만 감소,True
C04_1571,20254,20253,11500570,화곡4동,자동차·운송서비스,7.05,3.4365328753147573,3.6134671246852426,동반 비감소,True
C04_1478,20254,20253,11230705,청량리동,가구·인테리어,-70.0,-73.01462439699068,3.0146243969906834,동반 감소,True
C04_0164,20254,20253,11230536,용신동,미용·뷰티,-30.04,-38.057497260985116,8.017497260985117,동반 감소,True
C04_0287,20254,20253,11410585,신촌동,가구·인테리어,100.0,142.5185654653026,-42.5185654653026,동반 비감소,True
C04_0086,20254,20253,11290810,석관동,미용·뷰티,-15.01,-4.166837173759797,-10.843162826240203,동반 감소,True
C04_0793,20254,20253,11290780,장위3동,문화·취미·반려,-43.63,-22.193854794931966,-21.436145205068037,동반 감소,True
C04_1961,20254,20253,11140625,다산동,미용·뷰티,8.98,5.107507968143099,3.8724920318569014,동반 비감소,True
C04_1396,20254,20253,11200690,성수2가3동,패션·잡화,35.77,40.21033016477256,-4.440330164772554,동반 비감소,True
C04_0618,20254,20253,11500510,염창동,전자기기·수리,-2.4,-6.108545327818538,3.708545327818538,동반 감소,True
C04_1093,20254,20253,11170560,원효로1동,식료품·편의소매,-22.18,-20.99854416840923,-1.181455831590771,동반 감소,True
C04_1750,20254,20253,11305535,미아동,자동차·운송서비스,15.38,4.962615491227695,10.417384508772304,동반 비감소,True
C04_1279,20254,20253,11500540,화곡1동,패션·잡화,25.0,25.315751959274245,-0.3157519592742446,동반 비감소,True
C04_1906,20254,20253,11110710,숭인2동,가구·인테리어,-53.04,-36.822631830633014,-16.217368169366985,동반 감소,True
C04_0464,20254,20253,11620725,조원동,미용·뷰티,0.46,19.72036918115694,-19.26036918115694,동반 비감소,True
C04_0641,20254,20253,11215820,자양1동,미용·뷰티,16.43,-1.18690003449351,17.61690003449351,상권 대비 선방,True
C04_0616,20254,20253,11215850,구의1동,미용·뷰티,-13.2,-14.142567272557937,0.9425672725579375,동반 감소,True
C04_0628,20254,20253,11680670,개포2동,음식·음료,8.19,12.707888638428289,-4.517888638428289,동반 비감소,True
C04_1756,20254,20253,11440740,상암동,미용·뷰티,-1.57,-0.9596586384835515,-0.6103413615164486,동반 감소,True
C04_0736,20254,20253,11215820,자양1동,문화·취미·반려,100.0,184.14174667027478,-84.14174667027478,동반 비감소,True
C04_1672,20254,20253,11200650,성수1가1동,여가·오락,10.34,16.001368897730693,-5.661368897730693,동반 비감소,True
C04_1778,20254,20253,11410690,남가좌1동,미용·뷰티,-9.55,-7.292643129632037,-2.257356870367964,동반 감소,True
C04_1497,20254,20253,11650581,반포4동,가구·인테리어,70.08,77.47979367965787,-7.399793679657876,동반 비감소,True
C04_0978,20254,20253,11680545,압구정동,전자기기·수리,100.0,1331.6665014070827,-1231.6665014070827,동반 비감소,True
C04_0768,20254,20253,11260565,면목본동,숙박,-44.75,-45.598692918684236,0.848692918684236,동반 감소,True
C04_0398,20254,20253,11380650,수색동,미용·뷰티,-48.57,-54.40049001616725,5.830490016167246,동반 감소,True
C04_0067,20254,20253,11560720,대림3동,패션·잡화,7.97,3.678601027158801,4.291398972841199,동반 비감소,True
C04_1411,20254,20253,11320521,도봉1동,전자기기·수리,-37.87,-36.280581142153615,-1.5894188578463826,동반 감소,True
C04_0363,20254,20253,11440555,아현동,음식·음료,-13.91,-10.771333460605648,-3.138666539394352,동반 감소,True
C04_1342,20254,20253,11440730,성산2동,문화·취미·반려,-25.84,-29.87306859300315,4.033068593003151,동반 감소,True
C04_0174,20254,20253,11140635,약수동,음식·음료,1.82,4.087057691530305,-2.2670576915303045,동반 비감소,True
C04_1507,20254,20253,11260590,상봉2동,패션·잡화,49.13,38.490444293644366,10.639555706355637,동반 비감소,True
C04_0039,20254,20253,11740520,상일동,식료품·편의소매,-4.59,0.9585047302637983,-5.548504730263798,고객만 감소,True
C04_0958,20254,20253,11620765,미성동,생활서비스,77.36,77.20509339714201,0.15490660285799152,동반 비감소,True
C04_1129,20254,20253,11650600,방배1동,미용·뷰티,-52.37,-31.1919026257529,-21.1780973742471,동반 감소,True
C04_1474,20254,20253,11440590,용강동,문화·취미·반려,16.67,12.667703083013215,4.002296916986786,동반 비감소,True
C04_1174,20254,20253,11410620,홍제1동,문화·취미·반려,41.69,43.43771243174728,-1.7477124317472814,동반 비감소,True
C04_1095,20254,20253,11470510,목1동,여가·오락,17.73,4.96702668932032,12.76297331067968,동반 비감소,True
C04_1651,20254,20253,11740700,둔촌2동,생활서비스,7.82,19.845510941862464,-12.025510941862464,동반 비감소,True
C04_1098,20254,20253,11545630,독산3동,생활서비스,87.26,85.07793178526961,2.1820682147303927,동반 비감소,True
C04_1950,20254,20253,11740600,천호1동,여가·오락,-8.56,12.186163144310624,-20.746163144310625,고객만 감소,True
C04_0951,20254,20253,11380600,응암3동,미용·뷰티,-21.05,-13.225921949332509,-7.824078050667492,동반 감소,True
C04_0506,20254,20253,11590630,사당2동,자동차·운송서비스,27.98,14.827343225637302,13.152656774362699,동반 비감소,True
C04_0433,20254,20253,11305615,수유1동,숙박,-39.9,-33.97228286989387,-5.9277171301061315,동반 감소,True
C04_0610,20254,20253,11560700,대림1동,문화·취미·반려,-12.89,-16.971710661003048,4.081710661003047,동반 감소,True
C04_1810,20254,20253,11545710,시흥5동,미용·뷰티,-35.69,-25.494845265584754,-10.195154734415244,동반 감소,True
C04_1691,20254,20253,11530530,구로2동,문화·취미·반려,1.09,0.2416889031634284,0.8483110968365717,동반 비감소,True
C04_1588,20254,20253,11500570,화곡4동,음식·음료,19.05,-2.3174372973223,21.3674372973223,상권 대비 선방,True
C04_1791,20254,20253,11200590,금호1가동,식료품·편의소매,16.38,6.125557271676496,10.254442728323504,동반 비감소,True
C04_1922,20254,20253,11200720,송정동,여가·오락,95.62,97.68153500144234,-2.061535001442337,동반 비감소,True
C04_0914,20254,20253,11545680,시흥2동,음식·음료,-17.3,-11.435313647874956,-5.8646863521250445,동반 감소,True
C04_0980,20254,20253,11200615,금호2·3가동,음식·음료,12.32,-3.3743714405185643,15.694371440518564,상권 대비 선방,True
C04_1854,20254,20253,11380632,신사2동,식료품·편의소매,1.37,7.020166953710971,-5.650166953710971,동반 비감소,True
C04_1148,20254,20253,11530510,신도림동,음식·음료,-11.97,-2.2743294624712806,-9.69567053752872,동반 감소,True
C04_1790,20254,20253,11545630,독산3동,가구·인테리어,14.88,12.864576083702994,2.0154239162970065,동반 비감소,True
C04_1189,20254,20253,11200650,성수1가1동,음식·음료,-0.21,6.512628616408023,-6.722628616408023,고객만 감소,True
C04_0738,20254,20253,11350665,상계3·4동,문화·취미·반려,-70.0,-84.7411195461251,14.741119546125105,동반 감소,True
C04_0915,20254,20253,11200690,성수2가3동,자동차·운송서비스,1.22,-15.661791231197665,16.881791231197663,상권 대비 선방,True
C04_0575,20254,20253,11500615,우장산동,미용·뷰티,23.31,19.086152981864114,4.223847018135885,동반 비감소,True
C04_1070,20254,20253,11500535,등촌3동,여가·오락,22.47,-3.9209421213278417,26.39094212132784,상권 대비 선방,True
C04_1999,20254,20253,11470670,신정6동,문화·취미·반려,-26.6,-28.11324016969401,1.5132401696940079,동반 감소,True
C04_0349,20254,20253,11110515,청운효자동,문화·취미·반려,10.94,0.5795821706770399,10.360417829322959,동반 비감소,True
C04_0393,20254,20253,11620615,중앙동,음식·음료,4.12,2.1260308778202397,1.9939691221797604,동반 비감소,True
C04_1145,20254,20253,11470510,목1동,자동차·운송서비스,-41.42,-48.12444995891485,6.70444995891485,동반 감소,True
C04_0911,20254,20253,11305645,우이동,문화·취미·반려,-67.64,-71.47042969175338,3.8304296917533804,동반 감소,True
C04_1639,20254,20253,11410620,홍제1동,자동차·운송서비스,22.77,20.48560325971649,2.2843967402835084,동반 비감소,True
C04_1165,20254,20253,11230730,휘경2동,여가·오락,-6.83,2.366114721447099,-9.196114721447099,고객만 감소,True
C04_0187,20254,20253,11110515,청운효자동,패션·잡화,-11.15,-9.536825512137813,-1.613174487862187,동반 감소,True
C04_0165,20254,20253,11620725,조원동,가구·인테리어,-3.23,4.807137457099286,-8.037137457099286,고객만 감소,True
C04_1274,20254,20253,11650540,잠원동,식료품·편의소매,-9.1,-9.46773916496756,0.3677391649675599,동반 감소,True
C04_0482,20254,20253,11530540,구로3동,패션·잡화,39.32,45.784049180574456,-6.464049180574456,동반 비감소,True
C04_0083,20254,20253,11410690,남가좌1동,여가·오락,11.45,-5.633280344639724,17.083280344639725,상권 대비 선방,True
C04_1979,20254,20253,11710670,잠실2동,음식·음료,8.81,-13.857236746535595,22.667236746535593,상권 대비 선방,True
C04_1546,20254,20253,11650651,양재1동,가구·인테리어,9.25,-6.0185239918225335,15.268523991822534,상권 대비 선방,True
C04_1345,20254,20253,11410685,홍은2동,가구·인테리어,100.0,572.7226012732308,-472.7226012732308,동반 비감소,True
C04_1013,20254,20253,11470620,신정1동,미용·뷰티,4.93,-4.37493987950025,9.30493987950025,상권 대비 선방,True
C04_0171,20254,20253,11380590,응암2동,음식·음료,-3.01,-15.798412324185286,12.788412324185286,동반 감소,True
C04_0401,20254,20253,11710562,방이2동,가구·인테리어,100.0,185.2259203007649,-85.2259203007649,동반 비감소,True
C04_1220,20254,20253,11620665,서림동,문화·취미·반려,-30.08,-34.87021417608336,4.79021417608336,동반 감소,True
C04_0206,20254,20253,11500510,염창동,패션·잡화,39.26,27.538806063045417,11.721193936954581,동반 비감소,True
C04_0751,20254,20253,11290555,삼선동,패션·잡화,36.79,31.44595701815065,5.3440429818493485,동반 비감소,True
C04_0491,20254,20253,11560540,여의동,자동차·운송서비스,31.81,43.1270366053931,-11.317036605393103,동반 비감소,True
C04_1726,20254,20253,11140590,광희동,패션·잡화,21.14,17.962837533590093,3.177162466409907,동반 비감소,True
C04_1156,20254,20253,11650652,양재2동,가구·인테리어,7.62,19.622278950114858,-12.002278950114857,동반 비감소,True
C04_0314,20254,20253,11350600,공릉2동,음식·음료,18.13,-2.788558307890532,20.91855830789053,상권 대비 선방,True
C04_0826,20254,20253,11500611,발산1동,생활서비스,46.37,50.86595819955355,-4.495958199553556,동반 비감소,True
C04_0987,20254,20253,11650520,서초2동,음식·음료,-6.38,-1.4869191549310212,-4.893080845068979,동반 감소,True
C04_1232,20254,20253,11140680,중림동,가구·인테리어,-45.33,-20.84038451137943,-24.48961548862057,동반 감소,True
C04_1023,20254,20253,11260690,신내2동,식료품·편의소매,-12.36,-1.4603636847980939,-10.899636315201906,동반 감소,True
C04_0752,20254,20253,11740620,천호3동,미용·뷰티,1.54,-3.92211708698994,5.46211708698994,상권 대비 선방,True
C04_0541,20254,20253,11530740,개봉1동,음식·음료,3.27,-2.10373897335161,5.37373897335161,상권 대비 선방,True
C04_1382,20254,20253,11470650,신정4동,식료품·편의소매,1.18,-3.7108473756307325,4.890847375630733,상권 대비 선방,True
C04_1508,20254,20253,11260565,면목본동,식료품·편의소매,-1.94,6.199830512878712,-8.139830512878712,고객만 감소,True
C04_1659,20254,20253,11530560,구로5동,미용·뷰티,-5.3,-9.961359592760877,4.661359592760877,동반 감소,True
C04_0580,20254,20253,11440660,서교동,전자기기·수리,4.01,-15.264144551167757,19.27414455116776,상권 대비 선방,True
C04_0794,20254,20253,11305608,번3동,패션·잡화,11.34,16.673959282821848,-5.333959282821848,동반 비감소,True
C04_0267,20254,20253,11680750,수서동,가구·인테리어,-70.0,-88.08253276943108,18.082532769431083,동반 감소,True
C04_0787,20254,20253,11320512,창2동,식료품·편의소매,20.25,11.155025517618643,9.094974482381357,동반 비감소,True
C04_0485,20254,20253,11260540,면목4동,가구·인테리어,15.01,6.555187757866632,8.454812242133368,동반 비감소,True
C04_1998,20254,20253,11710561,방이1동,음식·음료,-4.3,3.5042119095135993,-7.804211909513599,고객만 감소,True
C04_1932,20254,20253,11260565,면목본동,자동차·운송서비스,34.75,31.049451354701162,3.700548645298838,동반 비감소,True
C04_0449,20254,20253,11170640,이촌2동,생활서비스,21.85,21.063238802708682,0.7867611972913195,동반 비감소,True
C04_0223,20254,20253,11530750,개봉2동,생활서비스,62.18,78.52318035561485,-16.343180355614855,동반 비감소,True
C04_0146,20254,20253,11560710,대림2동,가구·인테리어,-17.1,-36.49030010921973,19.39030010921973,동반 감소,True
C04_1617,20254,20253,11305645,우이동,자동차·운송서비스,50.77,35.31175716342678,15.45824283657322,동반 비감소,True
C04_1635,20254,20253,11170700,보광동,생활서비스,-37.73,-38.25828624405813,0.5282862440581297,동반 감소,True
C04_1793,20254,20253,11470590,신월4동,패션·잡화,-14.32,-7.7590574178322935,-6.560942582167707,동반 감소,True
C04_0749,20254,20253,11350720,상계10동,문화·취미·반려,-21.68,-11.35095087731679,-10.329049122683209,동반 감소,True
C04_1290,20254,20253,11680640,역삼1동,문화·취미·반려,0.69,21.53568348746262,-20.84568348746262,동반 비감소,True
C04_1433,20254,20253,11410565,충현동,문화·취미·반려,-6.27,8.92921251247467,-15.19921251247467,고객만 감소,True
C04_1120,20254,20253,11620525,보라매동,자동차·운송서비스,-7.15,2.666438380316527,-9.816438380316526,고객만 감소,True
C04_0935,20254,20253,11230545,제기동,전자기기·수리,100.0,233.88769881921064,-133.88769881921064,동반 비감소,True
C04_0956,20254,20253,11680640,역삼1동,음식·음료,-14.98,-1.757239688219503,-13.222760311780497,동반 감소,True
C04_0907,20254,20253,11620685,신사동,문화·취미·반려,-14.0,0.5359923655916976,-14.535992365591698,고객만 감소,True
C04_0018,20254,20253,11440710,연남동,음식·음료,-8.88,6.977608403402424,-15.857608403402425,고객만 감소,True
C04_0091,20254,20253,11680656,도곡2동,여가·오락,-51.64,-45.95369648048442,-5.686303519515583,동반 감소,True
C04_0342,20254,20253,11470680,신정7동,자동차·운송서비스,-59.13,-47.01935891000125,-12.11064108999875,동반 감소,True
C04_0764,20254,20253,11290620,정릉1동,음식·음료,-11.0,-2.167756721299907,-8.832243278700092,동반 감소,True
C04_1949,20254,20253,11320515,창5동,음식·음료,-4.87,-6.096578581499868,1.2265785814998678,동반 감소,True
C04_1716,20254,20253,11260620,묵1동,식료품·편의소매,-10.07,-2.5911269870095066,-7.478873012990494,동반 감소,True
C04_0414,20254,20253,11740610,천호2동,숙박,9.16,6.450741419916128,2.7092585800838718,동반 비감소,True
C04_1852,20254,20253,11470600,신월5동,여가·오락,19.06,12.090788844853595,6.969211155146404,동반 비감소,True
C04_0792,20254,20253,11170625,한강로동,음식·음료,11.72,6.960041489217961,4.75995851078204,동반 비감소,True
C04_1792,20254,20253,11710531,거여1동,패션·잡화,-3.66,8.17968242624647,-11.83968242624647,고객만 감소,True
C04_1209,20254,20253,11740530,명일1동,패션·잡화,48.43,54.558871154887086,-6.1288711548870864,동반 비감소,True
C04_0427,20254,20253,11560650,신길3동,식료품·편의소매,-29.98,-17.408212432733173,-12.571787567266828,동반 감소,True
C04_0598,20254,20253,11305635,수유3동,가구·인테리어,20.41,3.8271027085460707,16.58289729145393,동반 비감소,True
C04_1311,20254,20253,11215860,구의2동,여가·오락,-35.11,-32.235210658124956,-2.8747893418750436,동반 감소,True
C04_1457,20254,20253,11560550,당산1동,자동차·운송서비스,-25.14,-16.79436294997837,-8.34563705002163,동반 감소,True
C04_0116,20254,20253,11680510,신사동,패션·잡화,25.77,23.01528927986196,2.754710720138039,동반 비감소,True
C04_1119,20254,20253,11290715,월곡1동,미용·뷰티,-6.14,-5.896155125327873,-0.2438448746721269,동반 감소,True
C04_1472,20254,20253,11290810,석관동,식료품·편의소매,-12.0,4.772877327024916,-16.772877327024915,고객만 감소,True
C04_1587,20254,20253,11140615,신당동,패션·잡화,5.56,1.2569499397065753,4.303050060293424,동반 비감소,True
C04_0791,20254,20253,11740640,성내1동,가구·인테리어,43.74,59.00409100513533,-15.264091005135327,동반 비감소,True
C04_0891,20254,20253,11440655,서강동,패션·잡화,-22.69,-22.805025495219855,0.11502549521985372,동반 감소,True
C04_0599,20254,20253,11620745,삼성동,미용·뷰티,30.24,10.117374799648937,20.12262520035106,동반 비감소,True
C04_1859,20254,20253,11620725,조원동,생활서비스,28.42,36.23189150082522,-7.811891500825219,동반 비감소,True
C04_1637,20254,20253,11740685,길동,패션·잡화,-0.65,-7.342092328587368,6.692092328587368,동반 감소,True
C04_1094,20254,20253,11230705,청량리동,미용·뷰티,13.48,10.53886328371707,2.94113671628293,동반 비감소,True
C04_0528,20254,20253,11380570,대조동,전자기기·수리,-42.71,-60.0,17.29,동반 감소,True
C04_0127,20254,20253,11320680,쌍문3동,여가·오락,-19.66,-10.246408362827408,-9.413591637172592,동반 감소,True
C04_0667,20254,20253,11680700,세곡동,식료품·편의소매,-0.6,0.9289700204719864,-1.5289700204719865,고객만 감소,True
C04_0036,20254,20253,11710650,잠실본동,전자기기·수리,15.48,-8.111866156592384,23.591866156592385,상권 대비 선방,True
C04_1738,20254,20253,11110570,무악동,음식·음료,3.73,-4.971951889714998,8.701951889714998,상권 대비 선방,True
C04_0722,20254,20253,11560540,여의동,식료품·편의소매,24.31,-7.2094134611581655,31.519413461158166,상권 대비 선방,True
C04_0539,20254,20253,11680580,삼성1동,음식·음료,27.78,8.003250919139425,19.776749080860576,동반 비감소,True
C04_1360,20254,20253,11350670,상계5동,여가·오락,1.42,-11.124833364598185,12.544833364598185,상권 대비 선방,True
C04_1453,20254,20253,11320522,도봉2동,가구·인테리어,-11.13,-27.4276361970755,16.297636197075498,동반 감소,True
C04_1945,20254,20253,11230600,답십리1동,문화·취미·반려,17.88,11.871267862493262,6.008732137506737,동반 비감소,True
C04_1385,20254,20253,11170660,이태원2동,문화·취미·반려,-31.63,-17.862411798444032,-13.767588201555967,동반 감소,True
C04_1026,20254,20253,11500604,가양2동,식료품·편의소매,-8.07,-4.409284476350795,-3.6607155236492055,동반 감소,True
C04_0822,20254,20253,11200540,마장동,식료품·편의소매,24.99,3.6191402672205886,21.370859732779408,동반 비감소,True
C04_1545,20254,20253,11740540,명일2동,패션·잡화,-24.69,-22.65819735213389,-2.0318026478661118,동반 감소,True
C04_1420,20254,20253,11590620,사당1동,자동차·운송서비스,-17.67,-14.267528789873118,-3.4024712101268832,동반 감소,True
C04_0525,20254,20253,11380530,불광2동,숙박,5.85,17.30658095123916,-11.45658095123916,동반 비감소,True
C04_0550,20254,20253,11215780,능동,전자기기·수리,-55.83,-61.18849882238494,5.358498822384945,동반 감소,True
C04_0224,20254,20253,11380650,수색동,패션·잡화,15.71,32.77024185745927,-17.060241857459268,동반 비감소,True
C04_0404,20254,20253,11560620,양평2동,패션·잡화,70.43,73.48906851580288,-3.0590685158028776,동반 비감소,True
C04_1866,20254,20253,11230650,장안1동,자동차·운송서비스,-40.99,-27.935379430482044,-13.054620569517958,동반 감소,True
C04_0603,20254,20253,11545670,시흥1동,생활서비스,100.0,344.0232351927667,-244.02323519276672,동반 비감소,True
C04_1536,20254,20253,11500603,가양1동,전자기기·수리,-6.71,8.98405886989262,-15.694058869892618,고객만 감소,True
C04_1755,20254,20253,11215850,구의1동,여가·오락,-1.16,9.718814447342572,-10.878814447342572,고객만 감소,True
C04_0004,20254,20253,11230545,제기동,가구·인테리어,67.72,55.37572513606956,12.344274863930437,동반 비감소,True
C04_0685,20254,20253,11410710,북가좌1동,문화·취미·반려,-9.69,-12.767445595981508,3.0774455959815086,동반 감소,True
C04_1776,20254,20253,11440710,연남동,미용·뷰티,-0.84,0.42453165976892304,-1.264531659768923,고객만 감소,True
C04_1582,20254,20253,11410555,북아현동,미용·뷰티,-5.68,-7.318024109227473,1.638024109227473,동반 감소,True
C04_0367,20254,20253,11590605,흑석동,여가·오락,-12.88,-8.114879063752978,-4.765120936247023,동반 감소,True
C04_0584,20254,20253,11500604,가양2동,생활서비스,67.8,76.7096081875104,-8.9096081875104,동반 비감소,True
C04_0679,20254,20253,11680730,일원1동,가구·인테리어,-35.82,-18.09372394814812,-17.72627605185188,동반 감소,True
C04_0012,20254,20253,11170530,남영동,전자기기·수리,100.0,1246.0086634639458,-1146.0086634639458,동반 비감소,True
C04_0409,20254,20253,11290610,보문동,숙박,-24.52,-17.215280032000592,-7.304719967999407,동반 감소,True
C04_1356,20254,20253,11230705,청량리동,자동차·운송서비스,-24.71,-6.760101632627624,-17.949898367372377,동반 감소,True
C04_0920,20254,20253,11200535,왕십리도선동,미용·뷰티,-7.32,4.451816487720883,-11.771816487720884,고객만 감소,True
C04_1011,20254,20253,11740530,명일1동,가구·인테리어,-15.56,-12.50574547908152,-3.05425452091848,동반 감소,True
C04_0447,20254,20253,11110650,혜화동,문화·취미·반려,34.38,38.676777750992116,-4.2967777509921135,동반 비감소,True
C04_1295,20254,20253,11290640,정릉3동,음식·음료,26.29,12.862354195023972,13.427645804976027,동반 비감소,True
C04_0505,20254,20253,11350560,월계1동,여가·오락,-15.34,-11.69513808787861,-3.6448619121213905,동반 감소,True
C04_0402,20254,20253,11710642,문정2동,음식·음료,3.5,-0.1396726746144994,3.6396726746144994,상권 대비 선방,True
C04_0041,20254,20253,11410685,홍은2동,음식·음료,17.64,4.923145156962416,12.716854843037584,동반 비감소,True
C04_1816,20254,20253,11380631,신사1동,생활서비스,38.37,48.56738398642073,-10.197383986420732,동반 비감소,True
C04_0244,20254,20253,11215770,중곡4동,여가·오락,14.89,14.40418207897778,0.4858179210222211,동반 비감소,True
C04_0859,20254,20253,11650530,서초3동,가구·인테리어,25.79,28.85589096942882,-3.0658909694288212,동반 비감소,True
C04_1362,20254,20253,11710710,잠실6동,음식·음료,7.4,0.5806641421110204,6.81933585788898,동반 비감소,True
C04_1896,20254,20253,11560690,신길7동,전자기기·수리,-28.36,-36.36363636363637,8.003636363636367,동반 감소,True
C04_0486,20254,20253,11350621,중계1동,생활서비스,79.24,55.94813921168613,23.291860788313862,동반 비감소,True
C04_1495,20254,20253,11620695,신림동,숙박,4.25,4.893021328049074,-0.6430213280490742,동반 비감소,True
C04_1320,20254,20253,11230650,장안1동,식료품·편의소매,-7.54,1.026407090175896,-8.566407090175897,고객만 감소,True
C04_0728,20254,20253,11320710,방학3동,미용·뷰티,5.99,-9.401210780111025,15.391210780111026,상권 대비 선방,True
C04_0622,20254,20253,11590620,사당1동,패션·잡화,-9.9,-0.29901467525812464,-9.600985324741876,동반 감소,True
C04_0998,20254,20253,11350670,상계5동,식료품·편의소매,7.59,10.464164139132471,-2.8741641391324713,동반 비감소,True
C04_1652,20254,20253,11140580,장충동,생활서비스,50.34,17.557717968450714,32.782282031549286,동반 비감소,True
C04_0099,20254,20253,11680640,역삼1동,전자기기·수리,-31.02,-31.069860073274803,0.049860073274803796,동반 감소,True
C04_0537,20254,20253,11680740,일원2동,문화·취미·반려,22.36,36.647829949805335,-14.287829949805335,동반 비감소,True
C04_1142,20254,20253,11470580,신월3동,문화·취미·반려,55.72,38.08906195384392,17.630938046156082,동반 비감소,True
C04_0323,20254,20253,11215830,자양2동,가구·인테리어,84.26,96.60146446333997,-12.34146446333996,동반 비감소,True
C04_1437,20254,20253,11230560,전농1동,식료품·편의소매,17.33,-1.2422261916740562,18.572226191674055,상권 대비 선방,True
C04_1053,20254,20253,11620565,성현동,전자기기·수리,100.0,165.94637153395357,-65.94637153395357,동반 비감소,True
C04_1706,20254,20253,11710532,거여2동,식료품·편의소매,6.28,-0.4211034743387687,6.701103474338769,상권 대비 선방,True
C04_0135,20254,20253,11305645,우이동,음식·음료,-23.21,-16.938054316461738,-6.271945683538263,동반 감소,True
C04_1308,20254,20253,11350611,하계1동,음식·음료,6.68,1.9627067410285193,4.71729325897148,동반 비감소,True
C04_1130,20254,20253,11650540,잠원동,패션·잡화,53.5,46.900959977677026,6.599040022322974,동반 비감소,True
C04_0721,20254,20253,11110630,종로5·6가동,문화·취미·반려,52.14,47.00813607852052,5.131863921479479,동반 비감소,True
C04_0068,20254,20253,11230610,답십리2동,식료품·편의소매,15.65,2.5545532975655316,13.095446702434469,동반 비감소,True
C04_0925,20254,20253,11470610,신월6동,미용·뷰티,-16.05,0.9140812122668596,-16.964081212266862,고객만 감소,True
C04_1103,20254,20253,11260600,중화1동,음식·음료,-35.8,-9.215981114358641,-26.584018885641356,동반 감소,True
C04_1081,20254,20253,11710550,마천2동,식료품·편의소매,18.81,25.600287242229115,-6.790287242229116,동반 비감소,True
C04_0585,20254,20253,11170660,이태원2동,음식·음료,-5.74,8.477289784268471,-14.217289784268472,고객만 감소,True
C04_0276,20254,20253,11590620,사당1동,미용·뷰티,-0.25,-3.362361481033971,3.112361481033971,동반 감소,True
C04_1594,20254,20253,11140550,명동,생활서비스,58.28,50.54504338053445,7.7349566194655495,동반 비감소,True
C04_0289,20254,20253,11680580,삼성1동,여가·오락,2.1,-2.0032986718516166,4.103298671851617,상권 대비 선방,True
C04_1210,20254,20253,11290555,삼선동,음식·음료,7.45,2.53243789131683,4.91756210868317,동반 비감소,True
C04_0122,20254,20253,11650520,서초2동,패션·잡화,38.16,36.30605512047751,1.853944879522487,동반 비감소,True
C04_1423,20254,20253,11200720,송정동,미용·뷰티,12.14,-7.024882708246826,19.16488270824683,상권 대비 선방,True
C04_0280,20254,20253,11140590,광희동,문화·취미·반려,-38.48,-28.348890880227916,-10.13110911977208,동반 감소,True
C04_0932,20254,20253,11290810,석관동,생활서비스,-48.2,-40.55566259554065,-7.64433740445935,동반 감소,True
C04_1526,20254,20253,11500550,화곡2동,음식·음료,-20.09,-11.274107595063331,-8.815892404936669,동반 감소,True
C04_0394,20254,20253,11680565,청담동,여가·오락,-16.19,-15.522210236444911,-0.6677897635550902,동반 감소,True
C04_1083,20254,20253,11290650,정릉4동,미용·뷰티,0.16,-0.5655962628251521,0.7255962628251521,상권 대비 선방,True
C04_1449,20254,20253,11290705,종암동,식료품·편의소매,8.53,18.929263954349306,-10.399263954349307,동반 비감소,True
C04_1799,20254,20253,11170625,한강로동,식료품·편의소매,-0.82,-5.240365050810503,4.420365050810503,동반 감소,True
C04_0070,20254,20253,11590605,흑석동,여가·오락,-6.44,-8.114879063752978,1.6748790637529778,동반 감소,True
C04_1842,20254,20253,11440655,서강동,가구·인테리어,-22.16,-15.336341160525224,-6.823658839474776,동반 감소,True
C04_1698,20254,20253,11380580,응암1동,식료품·편의소매,32.0,1.7520300213219597,30.24796997867804,동반 비감소,True
C04_1038,20254,20253,11320660,쌍문1동,여가·오락,-17.77,-34.930172452283706,17.160172452283707,동반 감소,True
C04_0395,20254,20253,11530760,개봉3동,미용·뷰티,-38.55,-11.444927516917025,-27.10507248308297,동반 감소,True
C04_0177,20254,20253,11530760,개봉3동,음식·음료,-6.97,-10.034886611999916,3.064886611999916,동반 감소,True
C04_0456,20254,20253,11215730,군자동,미용·뷰티,3.03,-9.738469922999249,12.768469922999248,상권 대비 선방,True
C04_0077,20254,20253,11470510,목1동,미용·뷰티,-26.79,-20.8755702155786,-5.914429784421401,동반 감소,True
C04_1850,20254,20253,11410685,홍은2동,음식·음료,27.49,4.923145156962416,22.566854843037582,동반 비감소,True
C04_0548,20254,20253,11650651,양재1동,문화·취미·반려,6.03,1.7499837803405693,4.280016219659431,동반 비감소,True
C04_1681,20254,20253,11545700,시흥4동,문화·취미·반려,-40.64,-31.4578072842744,-9.182192715725602,동반 감소,True
C04_0168,20254,20253,11410585,신촌동,전자기기·수리,-70.0,-68.12853652486722,-1.871463475132785,동반 감소,True
C04_1249,20254,20253,11380520,불광1동,가구·인테리어,-0.27,-16.825948053614947,16.555948053614948,동반 감소,True
C04_1525,20254,20253,11200560,행당1동,미용·뷰티,-9.51,1.3299765296986177,-10.839976529698617,고객만 감소,True
C04_0612,20254,20253,11590650,사당4동,생활서비스,47.65,40.95746184860927,6.692538151390728,동반 비감소,True
C04_0357,20254,20253,11440690,망원1동,생활서비스,11.21,1.8582586369513265,9.351741363048674,동반 비감소,True
C04_1373,20254,20253,11590640,사당3동,음식·음료,-0.93,2.0736860362877696,-3.0036860362877698,고객만 감소,True
C04_1487,20254,20253,11410585,신촌동,미용·뷰티,-2.17,-7.043498380189883,4.873498380189883,동반 감소,True
C04_1814,20254,20253,11620575,행운동,생활서비스,58.74,62.916248028167644,-4.176248028167642,동반 비감소,True
C04_1227,20254,20253,11740620,천호3동,자동차·운송서비스,28.37,40.40896655542963,-12.038966555429628,동반 비감소,True
C04_1561,20254,20253,11740530,명일1동,숙박,78.1,75.83643099282847,2.263569007171526,동반 비감소,True
C04_1183,20254,20253,11530770,오류1동,패션·잡화,-3.79,17.01499458093414,-20.80499458093414,고객만 감소,True
C04_1469,20254,20253,11530530,구로2동,미용·뷰티,-5.19,-15.359833475000995,10.169833475000996,동반 감소,True
C04_1455,20254,20253,11200660,성수1가2동,문화·취미·반려,6.65,-2.534184921553595,9.184184921553594,상권 대비 선방,True
C04_0469,20254,20253,11740700,둔촌2동,자동차·운송서비스,54.0,47.69358079620769,6.306419203792309,동반 비감소,True
C04_0945,20254,20253,11380552,갈현2동,음식·음료,29.94,0.8692051078082796,29.07079489219172,동반 비감소,True
C04_1732,20254,20253,11260610,중화2동,숙박,26.35,13.396564544576584,12.953435455423417,동반 비감소,True
C04_0868,20254,20253,11530560,구로5동,문화·취미·반려,100.0,164.40962403793156,-64.40962403793156,동반 비감소,True
C04_0648,20254,20253,11650621,방배4동,미용·뷰티,-20.76,1.4683178769679284,-22.228317876967928,고객만 감소,True
C04_1416,20254,20253,11710647,위례동,미용·뷰티,5.86,0.16206713317274968,5.697932866827251,동반 비감소,True
C04_0189,20254,20253,11740540,명일2동,생활서비스,6.9,16.220508670384113,-9.320508670384113,동반 비감소,True
C04_1486,20254,20253,11560650,신길3동,생활서비스,1.9,18.02948754172986,-16.129487541729862,동반 비감소,True
C04_1523,20254,20253,11740700,둔촌2동,숙박,-33.75,-29.910398077160274,-3.8396019228397265,동반 감소,True
C04_1200,20254,20253,11650510,서초1동,자동차·운송서비스,-11.32,2.330979672882494,-13.650979672882494,고객만 감소,True
C04_0020,20254,20253,11260550,면목5동,미용·뷰티,4.54,2.005548927229084,2.534451072770916,동반 비감소,True
C04_1512,20254,20253,11440730,성산2동,여가·오락,4.94,-4.161165656230992,9.101165656230993,상권 대비 선방,True
C04_1465,20254,20253,11260620,묵1동,패션·잡화,3.46,23.319288245162916,-19.859288245162915,동반 비감소,True
C04_0874,20254,20253,11440610,염리동,미용·뷰티,-13.07,3.5234941592434676,-16.59349415924347,고객만 감소,True
C04_1991,20254,20253,11650600,방배1동,패션·잡화,-70.0,-50.30028867148819,-19.69971132851181,동반 감소,True
C04_1063,20254,20253,11380570,대조동,전자기기·수리,-57.64,-60.0,2.3599999999999994,동반 감소,True
C04_1882,20254,20253,11500520,등촌1동,문화·취미·반려,-4.99,3.8572715690142534,-8.847271569014254,고객만 감소,True
C04_1654,20254,20253,11200660,성수1가2동,패션·잡화,-44.31,-31.037788040106218,-13.272211959893784,동반 감소,True
C04_0586,20254,20253,11290620,정릉1동,패션·잡화,-6.1,-18.513778356458044,12.413778356458044,동반 감소,True
C04_1650,20254,20253,11305603,번2동,전자기기·수리,-70.0,-73.29484594971099,3.2948459497109894,동반 감소,True
C04_0185,20254,20253,11620575,행운동,생활서비스,52.01,62.916248028167644,-10.906248028167646,동반 비감소,True
C04_1226,20254,20253,11560610,양평1동,음식·음료,4.66,-2.2570345262427183,6.917034526242718,상권 대비 선방,True
C04_0312,20254,20253,11650530,서초3동,식료품·편의소매,-16.86,-7.66496782403091,-9.19503217596909,동반 감소,True
C04_1925,20254,20253,11350700,상계8동,식료품·편의소매,-15.3,2.3112110523413776,-17.61121105234138,고객만 감소,True
C04_0032,20254,20253,11410520,천연동,생활서비스,88.17,78.34058790874363,9.829412091256373,동반 비감소,True
C04_1146,20254,20253,11260565,면목본동,음식·음료,-7.1,0.6079412330610046,-7.707941233061004,고객만 감소,True
C04_1218,20254,20253,11710590,송파2동,문화·취미·반려,12.46,12.813740853829314,-0.3537408538293132,동반 비감소,True
C04_0880,20254,20253,11200520,왕십리2동,생활서비스,74.94,76.06898092933466,-1.1289809293346593,동반 비감소,True
C04_0790,20254,20253,11320710,방학3동,음식·음료,-12.75,-10.355026106582466,-2.394973893417534,동반 감소,True
C04_1885,20254,20253,11680640,역삼1동,가구·인테리어,100.0,167.89643838221187,-67.89643838221187,동반 비감소,True
C04_0693,20254,20253,11560540,여의동,식료품·편의소매,-7.16,-7.2094134611581655,0.04941346115816536,동반 감소,True
C04_0201,20254,20253,11500630,방화1동,미용·뷰티,-13.79,-6.350747828486513,-7.439252171513486,동반 감소,True
C04_1086,20254,20253,11530560,구로5동,생활서비스,41.24,36.44880306914708,4.791196930852919,동반 비감소,True
C04_0417,20254,20253,11290575,동선동,문화·취미·반려,19.08,27.105629163780186,-8.025629163780188,동반 비감소,True
C04_1185,20254,20253,11200520,왕십리2동,가구·인테리어,37.47,20.024651447486086,17.445348552513913,동반 비감소,True
C04_0965,20254,20253,11545690,시흥3동,여가·오락,36.43,27.36505398826299,9.06494601173701,동반 비감소,True
C04_0556,20254,20253,11620525,보라매동,문화·취미·반려,100.0,108.4685684901189,-8.468568490118898,동반 비감소,True
C04_0138,20254,20253,11500615,우장산동,문화·취미·반려,-40.26,-39.41090142877286,-0.8490985712271382,동반 감소,True
C04_1959,20254,20253,11650570,반포2동,문화·취미·반려,22.42,8.950296856671724,13.469703143328278,동반 비감소,True
C04_0626,20254,20253,11740550,고덕1동,가구·인테리어,16.31,-5.303999733749021,21.61399973374902,상권 대비 선방,True
C04_1717,20254,20253,11680610,대치2동,미용·뷰티,-2.76,4.698527006115527,-7.458527006115527,고객만 감소,True
C04_0849,20254,20253,11140635,약수동,미용·뷰티,-1.18,7.599733313583723,-8.779733313583723,고객만 감소,True
C04_1680,20254,20253,11230740,이문1동,자동차·운송서비스,-11.93,-11.217351400962617,-0.712648599037383,동반 감소,True
C04_0446,20254,20253,11590560,상도4동,가구·인테리어,3.39,1.8446501685456695,1.5453498314543306,동반 비감소,True
C04_0008,20254,20253,11710610,삼전동,식료품·편의소매,4.31,2.87915412150479,1.4308458784952096,동반 비감소,True
C04_1887,20254,20253,11650550,반포본동,미용·뷰티,-20.29,0.8504520905110446,-21.140452090511044,고객만 감소,True
C04_0717,20254,20253,11590680,신대방2동,패션·잡화,100.0,162.89680411797613,-62.89680411797613,동반 비감소,True
C04_0597,20254,20253,11200620,금호4가동,가구·인테리어,-70.0,-81.44301422438048,11.443014224380477,동반 감소,True
C04_0472,20254,20253,11140625,다산동,패션·잡화,100.0,111.77079972609505,-11.77079972609505,동반 비감소,True
C04_0862,20254,20253,11290630,정릉2동,패션·잡화,21.38,18.555466414098156,2.8245335859018432,동반 비감소,True
C04_0436,20254,20253,11380625,역촌동,전자기기·수리,-70.0,-74.20634971761343,4.206349717613435,동반 감소,True
C04_0643,20254,20253,11260620,묵1동,음식·음료,1.91,2.3750251646564857,-0.4650251646564858,동반 비감소,True
C04_1889,20254,20253,11320514,창4동,자동차·운송서비스,62.56,48.01681484600269,14.543185153997314,동반 비감소,True
C04_0635,20254,20253,11410640,홍제3동,여가·오락,28.9,-0.10518333875734198,29.00518333875734,상권 대비 선방,True
C04_0475,20254,20253,11200535,왕십리도선동,문화·취미·반려,84.17,83.60793813398854,0.5620618660114616,동반 비감소,True
C04_0739,20254,20253,11545670,시흥1동,미용·뷰티,4.76,7.548136986520726,-2.788136986520726,동반 비감소,True
C04_0304,20254,20253,11590540,상도2동,패션·잡화,94.69,81.70735331761475,12.982646682385251,동반 비감소,True
C04_1121,20254,20253,11320700,방학2동,가구·인테리어,-11.81,8.7752814737031,-20.5852814737031,고객만 감소,True
C04_0715,20254,20253,11710531,거여1동,미용·뷰티,13.33,6.586468050310934,6.743531949689066,동반 비감소,True
C04_0191,20254,20253,11305534,삼양동,문화·취미·반려,5.96,9.124048043796318,-3.164048043796318,동반 비감소,True
C04_0743,20254,20253,11620765,미성동,생활서비스,73.87,77.20509339714201,-3.3350933971420034,동반 비감소,True
C04_0499,20254,20253,11290640,정릉3동,문화·취미·반려,-5.17,-29.93562076400843,24.765620764008432,동반 감소,True
C04_0554,20254,20253,11380530,불광2동,생활서비스,69.47,78.2013172681157,-8.731317268115703,동반 비감소,True
C04_0520,20254,20253,11200615,금호2·3가동,미용·뷰티,6.87,-1.9221406662808138,8.792140666280813,상권 대비 선방,True
C04_0582,20254,20253,11140625,다산동,식료품·편의소매,-21.28,-12.14935388433297,-9.130646115667032,동반 감소,True
C04_1306,20254,20253,11200540,마장동,생활서비스,68.46,63.72331824556199,4.736681754438003,동반 비감소,True
C04_1450,20254,20253,11440660,서교동,음식·음료,21.43,6.596355273479837,14.833644726520163,동반 비감소,True
C04_0796,20254,20253,11350600,공릉2동,미용·뷰티,0.74,-2.903496097220104,3.643496097220104,상권 대비 선방,True
C04_0747,20254,20253,11200570,행당2동,생활서비스,100.0,107.61594759097565,-7.615947590975651,동반 비감소,True
C04_0938,20254,20253,11440680,합정동,식료품·편의소매,-24.77,-5.3505570155996,-19.419442984400398,동반 감소,True
C04_0060,20254,20253,11710510,풍납1동,자동차·운송서비스,-9.35,-18.1798517057132,8.829851705713201,동반 감소,True
C04_1033,20254,20253,11290715,월곡1동,음식·음료,-11.62,3.420527493091985,-15.040527493091984,고객만 감소,True
C04_0313,20254,20253,11440630,신수동,미용·뷰티,-14.73,-9.93376027124424,-4.79623972875576,동반 감소,True
C04_0133,20254,20253,11500540,화곡1동,가구·인테리어,-18.52,-25.61799427463155,7.097994274631549,동반 감소,True
C04_1981,20254,20253,11680600,대치1동,음식·음료,-0.88,-5.128380813863631,4.248380813863631,동반 감소,True
C04_1257,20254,20253,11380690,진관동,식료품·편의소매,-31.82,-17.507241112874794,-14.312758887125206,동반 감소,True
C04_1460,20254,20253,11230730,휘경2동,음식·음료,-1.66,-3.7137437655827554,2.0537437655827553,동반 감소,True
C04_0493,20254,20253,11290725,월곡2동,음식·음료,11.78,2.5100713276732023,9.269928672326797,동반 비감소,True
C04_0602,20254,20253,11710642,문정2동,여가·오락,23.0,17.10779379470655,5.892206205293451,동반 비감소,True
C04_0766,20254,20253,11530530,구로2동,음식·음료,33.28,-0.8607444211586102,34.14074442115861,상권 대비 선방,True
C04_1843,20254,20253,11305555,송천동,자동차·운송서비스,-8.97,-8.180498667694003,-0.7895013323059974,동반 감소,True
C04_1704,20254,20253,11380650,수색동,음식·음료,-16.51,14.217288381995763,-30.727288381995763,고객만 감소,True
C04_0471,20254,20253,11545670,시흥1동,미용·뷰티,8.75,7.548136986520726,1.201863013479274,동반 비감소,True
C04_1636,20254,20253,11650621,방배4동,생활서비스,20.22,20.86962422949574,-0.6496242294957426,동반 비감소,True
C04_0606,20254,20253,11200720,송정동,음식·음료,4.45,0.08686235325123803,4.363137646748762,동반 비감소,True
C04_0179,20254,20253,11260590,상봉2동,전자기기·수리,-70.0,-91.75117409329219,21.751174093292192,동반 감소,True
C04_0424,20254,20253,11200645,옥수동,패션·잡화,49.78,62.65678530811138,-12.87678530811138,동반 비감소,True
C04_1683,20254,20253,11320710,방학3동,전자기기·수리,-52.83,-50.0,-2.8299999999999983,동반 감소,True
C04_0842,20254,20253,11215750,중곡2동,식료품·편의소매,0.34,1.533422567090148,-1.193422567090148,동반 비감소,True
C04_1900,20254,20253,11470580,신월3동,가구·인테리어,-5.97,4.821662735953414,-10.791662735953413,고객만 감소,True
C04_0198,20254,20253,11440630,신수동,생활서비스,0.11,7.8520449269842585,-7.742044926984258,동반 비감소,True
C04_0374,20254,20253,11680670,개포2동,전자기기·수리,-10.22,-6.0387809166303485,-4.181219083369652,동반 감소,True
C04_1337,20254,20253,11620765,미성동,가구·인테리어,11.16,18.296519460586257,-7.136519460586257,동반 비감소,True
C04_0639,20254,20253,11305660,인수동,가구·인테리어,100.0,107.01889496382874,-7.018894963828743,동반 비감소,True
C04_0588,20254,20253,11740640,성내1동,미용·뷰티,-29.3,-40.42318039080802,11.12318039080802,동반 감소,True
C04_0222,20254,20253,11680740,일원2동,문화·취미·반려,32.36,36.647829949805335,-4.287829949805335,동반 비감소,True
C04_0579,20254,20253,11590550,상도3동,식료품·편의소매,-3.84,3.9537090742579606,-7.7937090742579604,고객만 감소,True
C04_1676,20254,20253,11290600,안암동,미용·뷰티,23.83,13.255588867432966,10.574411132567032,동반 비감소,True
C04_1371,20254,20253,11560660,신길4동,음식·음료,-5.51,0.1393427692380822,-5.649342769238082,고객만 감소,True
C04_1104,20254,20253,11380570,대조동,음식·음료,1.34,3.9784317865342533,-2.6384317865342535,동반 비감소,True
C04_0625,20254,20253,11620775,난곡동,전자기기·수리,6.28,-9.889395305904724,16.169395305904725,상권 대비 선방,True
C04_0217,20254,20253,11320680,쌍문3동,여가·오락,-3.47,-10.246408362827408,6.776408362827407,동반 감소,True
C04_1928,20254,20253,11380580,응암1동,음식·음료,-11.48,-1.224116759942051,-10.25588324005795,동반 감소,True
C04_1748,20254,20253,11620630,남현동,생활서비스,34.0,40.998818837279316,-6.998818837279316,동반 비감소,True
C04_0192,20254,20253,11215860,구의2동,생활서비스,-20.57,-3.092340478525879,-17.47765952147412,동반 감소,True
C04_1865,20254,20253,11140625,다산동,여가·오락,13.49,36.856668963141104,-23.3666689631411,동반 비감소,True
C04_1580,20254,20253,11650621,방배4동,자동차·운송서비스,-25.08,7.253505959119333,-32.33350595911933,고객만 감소,True
C04_0246,20254,20253,11320670,쌍문2동,식료품·편의소매,4.07,-4.3761743325497315,8.446174332549731,상권 대비 선방,True
C04_1618,20254,20253,11170640,이촌2동,가구·인테리어,-6.47,-2.9338069193472482,-3.5361930806527515,동반 감소,True
C04_0659,20254,20253,11740515,강일동,음식·음료,17.93,-6.344688690145572,24.274688690145574,상권 대비 선방,True
C04_0511,20254,20253,11560585,도림동,미용·뷰티,-22.85,-20.176266424775857,-2.6737335752241442,동반 감소,True
C04_0953,20254,20253,11215830,자양2동,가구·인테리어,100.0,96.60146446333997,3.3985355366600345,동반 비감소,True
C04_0403,20254,20253,11440730,성산2동,패션·잡화,68.52,67.01593056747221,1.5040694325277855,동반 비감소,True
C04_1807,20254,20253,11320660,쌍문1동,음식·음료,7.02,-0.8284233121220175,7.8484233121220175,상권 대비 선방,True
C04_1761,20254,20253,11680670,개포2동,미용·뷰티,-20.55,-7.862448663644795,-12.687551336355206,동반 감소,True
C04_1794,20254,20253,11500520,등촌1동,자동차·운송서비스,6.54,4.387868209153067,2.1521317908469326,동반 비감소,True
C04_1550,20254,20253,11320512,창2동,여가·오락,39.29,29.577854650486103,9.712145349513897,동반 비감소,True
C04_1875,20254,20253,11620695,신림동,미용·뷰티,-27.77,-15.743474051951134,-12.026525948048866,동반 감소,True
C04_0470,20254,20253,11560540,여의동,자동차·운송서비스,35.31,43.1270366053931,-7.817036605393099,동반 비감소,True
C04_0963,20254,20253,11710641,문정1동,생활서비스,46.53,55.59865072785017,-9.06865072785017,동반 비감소,True
C04_0850,20254,20253,11650510,서초1동,가구·인테리어,-53.51,-52.762865362806046,-0.7471346371939518,동반 감소,True
C04_0392,20254,20253,11410655,홍제2동,가구·인테리어,-34.21,-21.970995788848104,-12.239004211151897,동반 감소,True
C04_0225,20254,20253,11530760,개봉3동,여가·오락,-8.18,1.6751577621725078,-9.855157762172507,고객만 감소,True
C04_0630,20254,20253,11620615,중앙동,여가·오락,17.23,22.357317589604353,-5.127317589604353,동반 비감소,True
C04_0727,20254,20253,11530760,개봉3동,식료품·편의소매,-34.67,-18.80436391060941,-15.865636089390591,동반 감소,True
C04_1531,20254,20253,11500603,가양1동,가구·인테리어,-24.02,1.8117504320475541,-25.831750432047553,고객만 감소,True
C04_1427,20254,20253,11200540,마장동,생활서비스,52.64,63.72331824556199,-11.08331824556199,동반 비감소,True
C04_0078,20254,20253,11440555,아현동,가구·인테리어,-1.06,-3.467080024362057,2.407080024362057,동반 감소,True
C04_0619,20254,20253,11320670,쌍문2동,생활서비스,5.68,-18.705034308524393,24.385034308524393,상권 대비 선방,True
C04_1425,20254,20253,11470620,신정1동,가구·인테리어,-6.29,-21.655460699207406,15.365460699207407,동반 감소,True
C04_0484,20254,20253,11305660,인수동,미용·뷰티,-23.15,-4.16878353556972,-18.98121646443028,동반 감소,True
C04_0034,20254,20253,11650600,방배1동,가구·인테리어,-2.51,-17.50124979204415,14.99124979204415,동반 감소,True
C04_0761,20254,20253,11410700,남가좌2동,가구·인테리어,7.68,0.09153745854908468,7.588462541450915,동반 비감소,True
C04_0720,20254,20253,11650652,양재2동,식료품·편의소매,-14.63,-0.07941467449645856,-14.550585325503542,동반 감소,True
C04_1996,20254,20253,11140570,필동,미용·뷰티,-8.37,-11.423618267880443,3.0536182678804433,동반 감소,True
C04_1305,20254,20253,11200535,왕십리도선동,숙박,39.91,52.901636982525524,-12.991636982525527,동반 비감소,True
C04_0969,20254,20253,11710550,마천2동,식료품·편의소매,28.1,25.600287242229115,2.4997127577708866,동반 비감소,True
C04_0564,20254,20253,11740700,둔촌2동,자동차·운송서비스,66.42,47.69358079620769,18.72641920379231,동반 비감소,True
C04_0432,20254,20253,11545670,시흥1동,생활서비스,100.0,344.0232351927667,-244.02323519276672,동반 비감소,True
C04_0983,20254,20253,11215740,중곡1동,생활서비스,44.11,44.5937374979817,-0.48373749798169996,동반 비감소,True
C04_0936,20254,20253,11170510,후암동,가구·인테리어,86.72,104.99019759949886,-18.270197599498857,동반 비감소,True
C04_1167,20254,20253,11140540,회현동,미용·뷰티,-0.87,-0.014422352248433246,-0.8555776477515667,동반 감소,True
C04_0494,20254,20253,11650580,반포3동,자동차·운송서비스,61.82,60.599232390266636,1.2207676097333646,동반 비감소,True
C04_1542,20254,20253,11470640,신정3동,생활서비스,54.73,65.73020757853274,-11.000207578532745,동반 비감소,True
C04_1598,20254,20253,11140670,황학동,음식·음료,8.1,2.091069644387966,6.0089303556120335,동반 비감소,True
C04_1346,20254,20253,11560560,당산2동,자동차·운송서비스,49.3,48.77536762149764,0.5246323785023606,동반 비감소,True
C04_1869,20254,20253,11140590,광희동,여가·오락,-3.18,5.632994444503958,-8.812994444503959,고객만 감소,True
C04_1341,20254,20253,11200790,용답동,음식·음료,23.95,-1.1473313661898743,25.097331366189874,상권 대비 선방,True
C04_1468,20254,20253,11680670,개포2동,미용·뷰티,15.04,-7.862448663644795,22.902448663644794,상권 대비 선방,True
C04_1610,20254,20253,11380552,갈현2동,미용·뷰티,-5.23,5.545520607952703,-10.775520607952704,고객만 감소,True
C04_1429,20254,20253,11740520,상일동,패션·잡화,-31.65,-34.645488708070815,2.995488708070816,동반 감소,True
C04_1581,20254,20253,11740530,명일1동,음식·음료,15.12,0.21043242230849302,14.909567577691506,동반 비감소,True
C04_0947,20254,20253,11560630,신길1동,문화·취미·반려,-6.72,9.125020315908895,-15.845020315908894,고객만 감소,True
C04_1076,20254,20253,11740685,길동,전자기기·수리,100.0,294.7430970160274,-194.74309701602738,동반 비감소,True
C04_1747,20254,20253,11560550,당산1동,식료품·편의소매,-41.92,-31.328070330730718,-10.591929669269284,동반 감소,True
C04_1665,20254,20253,11650610,방배2동,여가·오락,11.23,30.010443879488125,-18.780443879488125,동반 비감소,True
C04_0729,20254,20253,11680700,세곡동,전자기기·수리,-70.0,-63.16034797474317,-6.839652025256832,동반 감소,True
C04_0922,20254,20253,11680545,압구정동,전자기기·수리,100.0,1331.6665014070827,-1231.6665014070827,동반 비감소,True
C04_1091,20254,20253,11230710,회기동,미용·뷰티,-14.67,-23.227572139244835,8.557572139244835,동반 감소,True
C04_0111,20254,20253,11500520,등촌1동,전자기기·수리,-70.0,-49.6588952169663,-20.3411047830337,동반 감소,True
C04_0021,20254,20253,11620565,성현동,여가·오락,-54.65,-73.6842105263158,19.034210526315796,동반 감소,True
C04_1975,20254,20253,11200560,행당1동,자동차·운송서비스,-52.28,-46.0241818948771,-6.2558181051228985,동반 감소,True
C04_0683,20254,20253,11560550,당산1동,가구·인테리어,70.2,69.58256419141415,0.6174358085858529,동반 비감소,True
C04_0627,20254,20253,11350665,상계3·4동,전자기기·수리,100.0,256.40907947681785,-156.40907947681785,동반 비감소,True
C04_1444,20254,20253,11680656,도곡2동,패션·잡화,32.57,15.431360659442305,17.138639340557695,동반 비감소,True
C04_1752,20254,20253,11710520,풍납2동,자동차·운송서비스,-21.03,-24.475038340627965,3.4450383406279634,동반 감소,True
C04_0037,20254,20253,11170560,원효로1동,자동차·운송서비스,-22.04,-3.471359371541738,-18.56864062845826,동반 감소,True
C04_0435,20254,20253,11230560,전농1동,패션·잡화,33.8,23.8995001729031,9.900499827096898,동반 비감소,True
C04_0064,20254,20253,11560605,문래동,여가·오락,19.14,20.33802743343731,-1.1980274334373107,동반 비감소,True
C04_1655,20254,20253,11740610,천호2동,자동차·운송서비스,-4.61,-4.1146903121387695,-0.49530968786123086,동반 감소,True
C04_0303,20254,20253,11320521,도봉1동,여가·오락,-20.47,-10.647162489105677,-9.822837510894322,동반 감소,True
C04_0298,20254,20253,11230545,제기동,가구·인테리어,49.49,55.37572513606956,-5.88572513606956,동반 비감소,True
C04_1684,20254,20253,11305660,인수동,문화·취미·반려,22.02,33.355216940954534,-11.335216940954535,동반 비감소,True
C04_1688,20254,20253,11620695,신림동,문화·취미·반려,43.35,41.5990900481896,1.7509099518103994,동반 비감소,True
C04_1459,20254,20253,11350580,월계3동,문화·취미·반려,20.42,11.6934095408463,8.726590459153702,동반 비감소,True
C04_1471,20254,20253,11260580,상봉1동,미용·뷰티,26.84,17.01507178781716,9.82492821218284,동반 비감소,True
C04_1787,20254,20253,11380650,수색동,식료품·편의소매,-25.8,-8.652497770647404,-17.147502229352597,동반 감소,True
C04_1454,20254,20253,11350625,중계2·3동,음식·음료,11.97,-1.908453766582241,13.878453766582242,상권 대비 선방,True
C04_1245,20254,20253,11560680,신길6동,문화·취미·반려,96.12,92.51155761337648,3.6084423866235227,동반 비감소,True
C04_0241,20254,20253,11740600,천호1동,패션·잡화,91.37,87.5184528053698,3.8515471946302,동반 비감소,True
C04_0344,20254,20253,11680720,일원본동,패션·잡화,-50.3,-44.22963383314937,-6.070366166850626,동반 감소,True
C04_1605,20254,20253,11440610,염리동,생활서비스,35.92,16.208788008709885,19.711211991290117,동반 비감소,True
C04_0277,20254,20253,11590605,흑석동,문화·취미·반려,100.0,96.9341270039803,3.0658729960197064,동반 비감소,True
C04_0775,20254,20253,11560690,신길7동,문화·취미·반려,-49.0,-39.911668174261685,-9.088331825738315,동반 감소,True
C04_1131,20254,20253,11170700,보광동,음식·음료,6.27,-3.5394255901576965,9.809425590157696,상권 대비 선방,True
C04_0082,20254,20253,11680656,도곡2동,문화·취미·반려,7.19,-3.4818232902187107,10.671823290218711,상권 대비 선방,True
C04_1020,20254,20253,11110560,평창동,생활서비스,21.78,35.26958816475143,-13.489588164751432,동반 비감소,True
C04_0656,20254,20253,11215710,화양동,숙박,-3.35,7.251657588102445,-10.601657588102444,고객만 감소,True
C04_0875,20254,20253,11710610,삼전동,식료품·편의소매,1.82,2.87915412150479,-1.05915412150479,동반 비감소,True
C04_1195,20254,20253,11650610,방배2동,음식·음료,-2.41,13.534678664005707,-15.944678664005707,고객만 감소,True
C04_1177,20254,20253,11380530,불광2동,문화·취미·반려,-20.3,-15.733157413784726,-4.566842586215275,동반 감소,True
C04_1577,20254,20253,11650590,방배본동,문화·취미·반려,100.0,119.48651685348378,-19.486516853483778,동반 비감소,True
C04_0003,20254,20253,11680600,대치1동,여가·오락,-14.99,-14.596556691954065,-0.39344330804593497,동반 감소,True
C04_1891,20254,20253,11410655,홍제2동,식료품·편의소매,20.53,28.24957941862969,-7.719579418629689,동반 비감소,True
C04_1567,20254,20253,11290575,동선동,미용·뷰티,-31.13,-13.143370833631696,-17.986629166368303,동반 감소,True
C04_1278,20254,20253,11530540,구로3동,문화·취미·반려,-23.51,-26.181422748261628,2.6714227482616266,동반 감소,True
C04_0810,20254,20253,11290590,돈암2동,생활서비스,13.14,24.016230425153417,-10.876230425153416,동반 비감소,True
C04_0487,20254,20253,11110670,창신1동,여가·오락,16.21,7.56447410386496,8.645525896135041,동반 비감소,True
C04_1513,20254,20253,11545610,독산1동,숙박,25.28,20.61332686096613,4.666673139033872,동반 비감소,True
C04_1908,20254,20253,11410690,남가좌1동,식료품·편의소매,-16.12,-3.6274325774370397,-12.492567422562962,동반 감소,True
C04_1692,20254,20253,11590530,상도1동,숙박,100.0,288.9908039763919,-188.99080397639187,동반 비감소,True
C04_0726,20254,20253,11440610,염리동,문화·취미·반려,49.97,73.24373372194566,-23.27373372194566,동반 비감소,True
C04_1917,20254,20253,11470650,신정4동,전자기기·수리,-70.0,-81.38552049301929,11.385520493019285,동반 감소,True
C04_0216,20254,20253,11350560,월계1동,생활서비스,60.17,68.70546436644787,-8.535464366447869,동반 비감소,True
C04_0262,20254,20253,11110530,사직동,여가·오락,11.74,4.350246306064931,7.389753693935069,동반 비감소,True
C04_0066,20254,20253,11380520,불광1동,문화·취미·반려,69.51,84.25708166859678,-14.747081668596778,동반 비감소,True
C04_1285,20254,20253,11170685,한남동,음식·음료,-2.83,2.370099873903908,-5.200099873903908,고객만 감소,True
C04_0103,20254,20253,11305575,삼각산동,패션·잡화,-1.39,8.754172721534715,-10.144172721534716,고객만 감소,True
C04_0311,20254,20253,11680630,대치4동,숙박,-37.48,-12.156697157289065,-25.32330284271093,동반 감소,True
C04_0439,20254,20253,11140570,필동,가구·인테리어,-64.97,-50.00460416666667,-14.965395833333332,동반 감소,True
C04_1107,20254,20253,11740540,명일2동,음식·음료,14.67,-2.319650554269914,16.989650554269915,상권 대비 선방,True
C04_0754,20254,20253,11290620,정릉1동,음식·음료,-1.62,-2.167756721299907,0.547756721299907,동반 감소,True
C04_1157,20254,20253,11440630,신수동,가구·인테리어,81.07,76.79259254232096,4.277407457679033,동반 비감소,True
C04_0336,20254,20253,11530595,가리봉동,여가·오락,-1.21,-12.477091326892909,11.26709132689291,동반 감소,True
C04_0503,20254,20253,11710561,방이1동,문화·취미·반려,12.52,1.2827796872807218,11.237220312719277,동반 비감소,True
C04_1965,20254,20253,11305575,삼각산동,여가·오락,-31.26,-20.317597758037355,-10.942402241962647,동반 감소,True
C04_1745,20254,20253,11110550,부암동,자동차·운송서비스,8.51,15.243900281219446,-6.733900281219446,동반 비감소,True
C04_1073,20254,20253,11710600,석촌동,문화·취미·반려,-30.74,-28.650699722452366,-2.0893002775476326,동반 감소,True
C04_1863,20254,20253,11260655,망우본동,음식·음료,-19.57,3.1052169452869594,-22.67521694528696,고객만 감소,True
C04_0869,20254,20253,11170625,한강로동,자동차·운송서비스,46.46,43.07915188265004,3.380848117349963,동반 비감소,True
C04_0594,20254,20253,11290555,삼선동,문화·취미·반려,47.72,39.11014042098315,8.609859579016849,동반 비감소,True
C04_0478,20254,20253,11500530,등촌2동,패션·잡화,-14.01,-27.283977042851724,13.273977042851724,동반 감소,True
C04_1040,20254,20253,11530540,구로3동,음식·음료,-5.04,-1.2193693417751894,-3.8206306582248106,동반 감소,True
C04_1614,20254,20253,11530790,수궁동,문화·취미·반려,99.33,103.56770762791206,-4.237707627912059,동반 비감소,True
C04_0440,20254,20253,11230650,장안1동,숙박,31.22,22.69922133750022,8.52077866249978,동반 비감소,True
C04_0568,20254,20253,11470610,신월6동,문화·취미·반려,-62.04,-67.70231388337815,5.662313883378154,동반 감소,True
C04_1251,20254,20253,11470640,신정3동,미용·뷰티,3.95,-1.7833107499353962,5.733310749935397,상권 대비 선방,True
C04_0162,20254,20253,11680630,대치4동,식료품·편의소매,-19.54,-10.834372500121603,-8.705627499878396,동반 감소,True
C04_1268,20254,20253,11230610,답십리2동,전자기기·수리,-62.76,-77.50792282933874,14.74792282933874,동반 감소,True
C04_1006,20254,20253,11290525,성북동,가구·인테리어,-26.03,-28.854214544056266,2.8242145440562645,동반 감소,True
C04_0265,20254,20253,11710562,방이2동,미용·뷰티,7.3,-10.819492860407188,18.11949286040719,상권 대비 선방,True
C04_1607,20254,20253,11740620,천호3동,미용·뷰티,1.33,-3.92211708698994,5.252117086989941,상권 대비 선방,True
C04_0212,20254,20253,11710620,가락본동,생활서비스,65.43,57.896664207426454,7.533335792573553,동반 비감소,True
C04_1920,20254,20253,11215710,화양동,자동차·운송서비스,17.99,15.276176433442545,2.713823566557453,동반 비감소,True
C04_0780,20254,20253,11260655,망우본동,숙박,23.63,43.63469395916915,-20.00469395916915,동반 비감소,True
C04_1700,20254,20253,11560610,양평1동,미용·뷰티,15.19,-0.4641084284375374,15.654108428437537,상권 대비 선방,True
C04_0320,20254,20253,11530510,신도림동,음식·음료,-18.58,-2.2743294624712806,-16.30567053752872,동반 감소,True
C04_1043,20254,20253,11170700,보광동,생활서비스,-24.26,-38.25828624405813,13.998286244058125,동반 감소,True
C04_1703,20254,20253,11215780,능동,음식·음료,-10.94,-1.4993896308613253,-9.440610369138675,동반 감소,True
C04_1310,20254,20253,11710532,거여2동,미용·뷰티,0.19,-9.004230976757254,9.194230976757254,상권 대비 선방,True
C04_0295,20254,20253,11680590,삼성2동,패션·잡화,-18.52,-5.407121899660828,-13.112878100339172,동반 감소,True
C04_1892,20254,20253,11470630,신정2동,음식·음료,-2.48,3.8719396284676133,-6.351939628467614,고객만 감소,True
C04_0063,20254,20253,11230610,답십리2동,생활서비스,93.56,90.27995329813079,3.2800467018692103,동반 비감소,True
C04_0962,20254,20253,11680655,도곡1동,식료품·편의소매,-19.48,-2.2714547400530027,-17.208545259946998,동반 감소,True
C04_0286,20254,20253,11170510,후암동,음식·음료,-8.9,7.959592449971309,-16.85959244997131,고객만 감소,True
C04_0502,20254,20253,11215770,중곡4동,생활서비스,39.49,22.43689657741328,17.053103422586723,동반 비감소,True
C04_0607,20254,20253,11470510,목1동,문화·취미·반려,-24.59,-23.721237472765566,-0.8687625272344341,동반 감소,True
C04_1969,20254,20253,11530560,구로5동,생활서비스,28.43,36.44880306914708,-8.018803069147083,동반 비감소,True
C04_1418,20254,20253,11170700,보광동,미용·뷰티,4.76,-3.9106679955645096,8.670667995564509,상권 대비 선방,True
C04_0971,20254,20253,11470530,목3동,여가·오락,17.72,12.08110180381443,5.638898196185568,동반 비감소,True
C04_1918,20254,20253,11680720,일원본동,생활서비스,37.44,32.1442438850676,5.295756114932395,동반 비감소,True
C04_1811,20254,20253,11470630,신정2동,자동차·운송서비스,-29.28,-13.610410072729472,-15.669589927270529,동반 감소,True
C04_1736,20254,20253,11305660,인수동,여가·오락,-24.45,-2.6976052292633113,-21.75239477073669,동반 감소,True
C04_1122,20254,20253,11140580,장충동,패션·잡화,12.74,18.04443889940557,-5.30443889940557,동반 비감소,True
C04_1630,20254,20253,11380552,갈현2동,생활서비스,100.0,105.89385922157506,-5.893859221575056,동반 비감소,True
C04_1595,20254,20253,11530790,수궁동,전자기기·수리,100.0,459.25108480458,-359.25108480458,동반 비감소,True
C04_0573,20254,20253,11350600,공릉2동,전자기기·수리,100.0,322.78248860875146,-222.78248860875146,동반 비감소,True
C04_1055,20254,20253,11500535,등촌3동,자동차·운송서비스,-17.16,-21.504993233297288,4.344993233297288,동반 감소,True
C04_1415,20254,20253,11650651,양재1동,자동차·운송서비스,-2.65,-6.402507780308719,3.752507780308719,동반 감소,True
C04_1085,20254,20253,11380650,수색동,자동차·운송서비스,11.07,12.264363970902004,-1.1943639709020033,동반 비감소,True
C04_0798,20254,20253,11590651,사당5동,식료품·편의소매,-12.86,-12.082994667632851,-0.777005332367148,동반 감소,True
C04_1584,20254,20253,11230536,용신동,식료품·편의소매,36.65,24.706370324762062,11.943629675237936,동반 비감소,True
C04_1967,20254,20253,11620615,중앙동,식료품·편의소매,5.84,-0.6024532665192983,6.442453266519298,상권 대비 선방,True
C04_1500,20254,20253,11320512,창2동,문화·취미·반려,28.53,28.669859571459398,-0.13985957145939665,동반 비감소,True
C04_0421,20254,20253,11560515,영등포본동,식료품·편의소매,-5.89,0.12266652942709566,-6.012666529427095,고객만 감소,True
C04_0889,20254,20253,11500550,화곡2동,식료품·편의소매,-26.71,-4.241799381652256,-22.468200618347744,동반 감소,True
C04_1498,20254,20253,11140615,신당동,미용·뷰티,60.67,48.84151856062871,11.828481439371295,동반 비감소,True
C04_0547,20254,20253,11230560,전농1동,미용·뷰티,16.05,3.141310405365161,12.90868959463484,동반 비감소,True
C04_0460,20254,20253,11110600,가회동,미용·뷰티,-8.23,-12.80069859684767,4.57069859684767,동반 감소,True
C04_1864,20254,20253,11620615,중앙동,생활서비스,15.59,31.377288836141748,-15.787288836141748,동반 비감소,True
C04_1390,20254,20253,11260610,중화2동,패션·잡화,18.43,8.295975511166898,10.134024488833102,동반 비감소,True
C04_1262,20254,20253,11560535,영등포동,여가·오락,-13.6,-5.581471207024691,-8.018528792975308,동반 감소,True
C04_0745,20254,20253,11530510,신도림동,문화·취미·반려,100.0,209.3992332918941,-109.39923329189409,동반 비감소,True
C04_1132,20254,20253,11650530,서초3동,미용·뷰티,100.0,162.48562358250544,-62.48562358250544,동반 비감소,True
C04_1438,20254,20253,11650560,반포1동,음식·음료,-0.89,0.09791101731413399,-0.987911017314134,고객만 감소,True
C04_0416,20254,20253,11215780,능동,여가·오락,14.01,-8.52874149576558,22.538741495765578,상권 대비 선방,True
C04_1270,20254,20253,11500620,공항동,가구·인테리어,-7.71,-10.155190597929876,2.4451905979298756,동반 감소,True
C04_1335,20254,20253,11215710,화양동,미용·뷰티,3.28,-9.871621476291214,13.151621476291213,상권 대비 선방,True
C04_1696,20254,20253,11260575,면목3·8동,생활서비스,100.0,106.00685504504352,-6.0068550450435225,동반 비감소,True
C04_1841,20254,20253,11230536,용신동,패션·잡화,100.0,137.44544907543906,-37.44544907543906,동반 비감소,True
C04_0829,20254,20253,11710550,마천2동,가구·인테리어,-33.74,-31.685637443575267,-2.054362556424735,동반 감소,True
C04_0939,20254,20253,11590650,사당4동,미용·뷰티,38.9,9.53911191703456,29.360888082965438,동반 비감소,True
C04_0306,20254,20253,11440720,성산1동,여가·오락,6.69,8.818683573682652,-2.1286835736826513,동반 비감소,True
C04_1144,20254,20253,11260630,묵2동,패션·잡화,10.7,3.991563040329771,6.7084369596702285,동반 비감소,True
C04_0412,20254,20253,11110700,숭인1동,패션·잡화,100.0,1468.8083145149385,-1368.8083145149385,동반 비감소,True
C04_0263,20254,20253,11470530,목3동,생활서비스,18.8,36.22869345610009,-17.42869345610009,동반 비감소,True
C04_1603,20254,20253,11305615,수유1동,숙박,-28.62,-33.97228286989387,5.352282869893866,동반 감소,True
C04_1125,20254,20253,11530560,구로5동,식료품·편의소매,-6.94,-7.6761586846769925,0.7361586846769921,동반 감소,True
C04_1327,20254,20253,11680630,대치4동,미용·뷰티,5.58,-9.802222648919079,15.382222648919079,상권 대비 선방,True
C04_0463,20254,20253,11290770,장위2동,자동차·운송서비스,-12.77,-22.280872562138466,9.510872562138466,동반 감소,True
C04_0815,20254,20253,11305635,수유3동,미용·뷰티,-24.37,-2.1418268184849043,-22.228173181515096,동반 감소,True
C04_0170,20254,20253,11140570,필동,생활서비스,69.83,54.63630574963278,15.193694250367216,동반 비감소,True
C04_0128,20254,20253,11140605,을지로동,패션·잡화,-8.26,-30.166940464214942,21.90694046421494,동반 감소,True
C04_0073,20254,20253,11260540,면목4동,가구·인테리어,5.7,6.555187757866632,-0.8551877578666316,동반 비감소,True
C04_0061,20254,20253,11290630,정릉2동,미용·뷰티,-11.09,5.2130177073682615,-16.303017707368262,고객만 감소,True
C04_1489,20254,20253,11380631,신사1동,식료품·편의소매,27.47,-2.1634251892511447,29.63342518925114,상권 대비 선방,True
C04_1410,20254,20253,11350600,공릉2동,패션·잡화,-16.12,2.053616927276747,-18.173616927276747,고객만 감소,True
C04_0989,20254,20253,11350625,중계2·3동,음식·음료,-25.94,-1.908453766582241,-24.03154623341776,동반 감소,True
C04_1336,20254,20253,11560560,당산2동,패션·잡화,-52.59,-43.92388175627503,-8.666118243724974,동반 감소,True
C04_0609,20254,20253,11290575,동선동,숙박,-34.46,-11.679468846539109,-22.780531153460892,동반 감소,True
C04_0846,20254,20253,11320700,방학2동,식료품·편의소매,14.19,20.505580905428445,-6.315580905428446,동반 비감소,True
C04_0570,20254,20253,11680510,신사동,여가·오락,-0.6,-11.848317040695877,11.248317040695877,동반 감소,True
C04_1233,20254,20253,11290555,삼선동,숙박,77.92,74.09992714961069,3.820072850389309,동반 비감소,True
C04_1184,20254,20253,11170625,한강로동,전자기기·수리,10.83,15.582439564139028,-4.752439564139028,동반 비감소,True
C04_0851,20254,20253,11545680,시흥2동,음식·음료,-9.24,-11.435313647874956,2.195313647874956,동반 감소,True
C04_1673,20254,20253,11350580,월계3동,자동차·운송서비스,17.47,24.743355688855306,-7.2733556888553075,동반 비감소,True
C04_0563,20254,20253,11230720,휘경1동,전자기기·수리,-50.87,-49.51541845180382,-1.3545815481961796,동반 감소,True
C04_0559,20254,20253,11305660,인수동,가구·인테리어,100.0,107.01889496382874,-7.018894963828743,동반 비감소,True
C04_0088,20254,20253,11350710,상계9동,패션·잡화,-30.04,-24.62864556130725,-5.411354438692751,동반 감소,True
C04_0961,20254,20253,11110615,종로1·2·3·4가동,식료품·편의소매,-18.04,-0.9790847853987539,-17.060915214601245,동반 감소,True
C04_0230,20254,20253,11410710,북가좌1동,미용·뷰티,-12.02,3.6022147653093306,-15.62221476530933,고객만 감소,True
C04_1060,20254,20253,11350710,상계9동,식료품·편의소매,-12.25,-4.5246683373858065,-7.7253316626141935,동반 감소,True
C04_1440,20254,20253,11290650,정릉4동,가구·인테리어,-8.45,-2.0508979031171437,-6.399102096882856,동반 감소,True
C04_0156,20254,20253,11215760,중곡3동,문화·취미·반려,23.34,15.091035329527692,8.248964670472308,동반 비감소,True
C04_1112,20254,20253,11350621,중계1동,생활서비스,51.2,55.94813921168613,-4.74813921168613,동반 비감소,True
C04_1551,20254,20253,11470670,신정6동,문화·취미·반려,-30.03,-28.11324016969401,-1.9167598303059918,동반 감소,True
C04_0229,20254,20253,11650581,반포4동,자동차·운송서비스,18.51,5.808558926700869,12.701441073299133,동반 비감소,True
C04_1781,20254,20253,11320700,방학2동,음식·음료,-17.28,-2.5240621196303548,-14.755937880369647,동반 감소,True
C04_1400,20254,20253,11470530,목3동,식료품·편의소매,14.86,9.484470204089046,5.375529795910953,동반 비감소,True
C04_1421,20254,20253,11710570,오금동,패션·잡화,70.73,63.39807344937245,7.331926550627557,동반 비감소,True
C04_1543,20254,20253,11320660,쌍문1동,전자기기·수리,100.0,337.32486147274716,-237.32486147274716,동반 비감소,True
C04_1062,20254,20253,11140650,신당5동,여가·오락,0.79,2.8150775039910148,-2.0250775039910147,동반 비감소,True
C04_0633,20254,20253,11170690,서빙고동,생활서비스,57.46,40.71305397877065,16.74694602122935,동반 비감소,True
C04_0405,20254,20253,11230710,회기동,음식·음료,-10.14,8.2961116770786,-18.4361116770786,고객만 감소,True
C04_1746,20254,20253,11560620,양평2동,식료품·편의소매,12.91,-0.39909650326366286,13.309096503263664,상권 대비 선방,True
C04_0812,20254,20253,11260660,망우3동,자동차·운송서비스,-27.2,-26.34707465207623,-0.8529253479237688,동반 감소,True
C04_1741,20254,20253,11170690,서빙고동,미용·뷰티,-28.92,-24.742944029276558,-4.177055970723444,동반 감소,True
C04_1944,20254,20253,11140590,광희동,여가·오락,-3.67,5.632994444503958,-9.302994444503959,고객만 감소,True
C04_1518,20254,20253,11500591,화곡6동,미용·뷰티,-2.45,-3.159005111982127,0.709005111982127,동반 감소,True
C04_1926,20254,20253,11740610,천호2동,숙박,-6.78,6.450741419916128,-13.230741419916129,고객만 감소,True
C04_1012,20254,20253,11140605,을지로동,미용·뷰티,11.09,2.158038989924016,8.931961010075984,동반 비감소,True
C04_1612,20254,20253,11440690,망원1동,문화·취미·반려,28.2,33.93337336318372,-5.73337336318372,동반 비감소,True
C04_0731,20254,20253,11545630,독산3동,음식·음료,-1.63,0.35695980366641233,-1.9869598036664122,고객만 감소,True
C04_1368,20254,20253,11680750,수서동,미용·뷰티,-13.03,-19.963379855433907,6.933379855433907,동반 감소,True
C04_0102,20254,20253,11440565,공덕동,음식·음료,30.51,5.5875727453675195,24.92242725463248,동반 비감소,True
C04_0089,20254,20253,11530510,신도림동,여가·오락,-6.71,6.953197642410336,-13.663197642410335,고객만 감소,True
C04_0819,20254,20253,11650530,서초3동,패션·잡화,15.48,30.06977854604107,-14.589778546041071,동반 비감소,True
C04_0940,20254,20253,11590670,신대방1동,생활서비스,23.97,43.105196228173504,-19.135196228173506,동반 비감소,True
C04_1838,20254,20253,11380510,녹번동,식료품·편의소매,-70.0,-82.46842276929581,12.468422769295813,동반 감소,True
C04_0459,20254,20253,11305608,번3동,미용·뷰티,-11.4,-15.903316666316059,4.503316666316058,동반 감소,True
C04_1549,20254,20253,11230720,휘경1동,음식·음료,10.08,-1.3836507686838861,11.463650768683886,상권 대비 선방,True
C04_1361,20254,20253,11320700,방학2동,미용·뷰티,-5.43,-11.094057204526598,5.664057204526598,동반 감소,True
C04_0249,20254,20253,11140590,광희동,전자기기·수리,10.01,4.40778374820745,5.60221625179255,동반 비감소,True
C04_0129,20254,20253,11680531,논현2동,숙박,-14.96,-1.3480994035933391,-13.611900596406661,동반 감소,True
C04_1722,20254,20253,11545670,시흥1동,음식·음료,1.82,4.158575128957853,-2.338575128957853,동반 비감소,True
C04_1880,20254,20253,11440680,합정동,가구·인테리어,100.0,166.0098557726747,-66.00985577267471,동반 비감소,True
C04_1770,20254,20253,11440585,도화동,문화·취미·반려,-5.12,4.250796662989886,-9.370796662989886,고객만 감소,True
C04_0081,20254,20253,11560515,영등포본동,미용·뷰티,19.33,13.058352359067737,6.271647640932262,동반 비감소,True
C04_0207,20254,20253,11305635,수유3동,음식·음료,6.36,5.894312382756595,0.4656876172434057,동반 비감소,True
C04_0981,20254,20253,11200720,송정동,가구·인테리어,-59.63,-35.99034793263495,-23.639652067365056,동반 감소,True
C04_1331,20254,20253,11590640,사당3동,음식·음료,-5.84,2.0736860362877696,-7.9136860362877695,고객만 감소,True
C04_1657,20254,20253,11560680,신길6동,식료품·편의소매,7.49,-2.6618864378711304,10.15188643787113,상권 대비 선방,True
C04_1904,20254,20253,11740550,고덕1동,패션·잡화,100.0,2645.449626230034,-2545.449626230034,동반 비감소,True
C04_1751,20254,20253,11560540,여의동,식료품·편의소매,-11.51,-7.2094134611581655,-4.300586538841834,동반 감소,True
C04_0145,20254,20253,11170530,남영동,미용·뷰티,-6.13,-20.719677890401012,14.589677890401013,동반 감소,True
C04_1124,20254,20253,11350619,중계본동,미용·뷰티,27.85,0.5292606698356961,27.320739330164304,동반 비감소,True
C04_0274,20254,20253,11710570,오금동,자동차·운송서비스,7.65,-5.7143389322604765,13.364338932260477,상권 대비 선방,True
C04_1160,20254,20253,11110680,창신2동,미용·뷰티,-21.9,-34.019210661708286,12.119210661708287,동반 감소,True
C04_1695,20254,20253,11440590,용강동,전자기기·수리,-70.0,-93.08081846282202,23.080818462822023,동반 감소,True
C04_0215,20254,20253,11290705,종암동,자동차·운송서비스,44.84,62.81789866497367,-17.977898664973665,동반 비감소,True
C04_1633,20254,20253,11500570,화곡4동,문화·취미·반려,0.82,-21.867528857441798,22.687528857441798,상권 대비 선방,True
C04_1995,20254,20253,11710600,석촌동,가구·인테리어,-0.49,-8.005621266936636,7.515621266936636,동반 감소,True
C04_1483,20254,20253,11350595,공릉1동,식료품·편의소매,5.93,5.84596070801251,0.08403929198748994,동반 비감소,True
C04_0746,20254,20253,11350670,상계5동,패션·잡화,100.0,114.20096277370587,-14.200962773705868,동반 비감소,True
C04_1178,20254,20253,11410660,홍은1동,가구·인테리어,-10.53,-27.570368105684963,17.040368105684962,동반 감소,True
C04_1328,20254,20253,11140540,회현동,패션·잡화,31.22,30.315640374915542,0.9043596250844566,동반 비감소,True
C04_1246,20254,20253,11710562,방이2동,음식·음료,17.36,10.713569642423026,6.646430357576973,동반 비감소,True
C04_0702,20254,20253,11650520,서초2동,여가·오락,-6.19,14.619765720776634,-20.809765720776635,고객만 감소,True
C04_0426,20254,20253,11440565,공덕동,음식·음료,-3.96,5.5875727453675195,-9.54757274536752,고객만 감소,True
C04_0108,20254,20253,11650530,서초3동,자동차·운송서비스,-19.82,-35.030386197896725,15.210386197896725,동반 감소,True
C04_0838,20254,20253,11380650,수색동,식료품·편의소매,3.14,-8.652497770647404,11.792497770647405,상권 대비 선방,True
C04_1407,20254,20253,11740560,고덕2동,자동차·운송서비스,-4.36,-25.61717672142342,21.25717672142342,동반 감소,True
C04_1228,20254,20253,11560550,당산1동,자동차·운송서비스,-1.46,-16.79436294997837,15.33436294997837,동반 감소,True
C04_1641,20254,20253,11530760,개봉3동,여가·오락,17.24,1.6751577621725078,15.564842237827492,동반 비감소,True
C04_0278,20254,20253,11320511,창1동,생활서비스,60.89,55.06524590798434,5.8247540920156595,동반 비감소,True
C04_0007,20254,20253,11710670,잠실2동,식료품·편의소매,-24.65,-17.63549413838865,-7.014505861611347,동반 감소,True
C04_0423,20254,20253,11305635,수유3동,숙박,1.11,7.244535142075326,-6.134535142075325,동반 비감소,True
C04_1784,20254,20253,11710570,오금동,음식·음료,7.04,-3.357525407819395,10.397525407819394,상권 대비 선방,True
C04_0010,20254,20253,11440655,서강동,여가·오락,-7.94,1.468824484024256,-9.408824484024256,고객만 감소,True
C04_0107,20254,20253,11140615,신당동,미용·뷰티,58.09,48.84151856062871,9.248481439371297,동반 비감소,True
C04_0921,20254,20253,11560670,신길5동,식료품·편의소매,-12.5,-7.544116032410242,-4.955883967589758,동반 감소,True
C04_1601,20254,20253,11470530,목3동,문화·취미·반려,22.15,19.995851208181236,2.1541487918187627,동반 비감소,True
C04_0489,20254,20253,11530520,구로1동,전자기기·수리,-65.46,-55.31312991658762,-10.146870083412374,동반 감소,True
C04_0557,20254,20253,11710580,송파1동,여가·오락,-13.69,5.337912247007592,-19.027912247007592,고객만 감소,True
C04_0131,20254,20253,11200650,성수1가1동,자동차·운송서비스,-15.39,-7.511753071488658,-7.878246928511342,동반 감소,True
C04_1269,20254,20253,11545710,시흥5동,패션·잡화,100.0,117.73079113597875,-17.73079113597875,동반 비감소,True
C04_0884,20254,20253,11440700,망원2동,가구·인테리어,17.43,10.339203081591975,7.090796918408024,동반 비감소,True
C04_0916,20254,20253,11590651,사당5동,식료품·편의소매,-8.2,-12.082994667632851,3.882994667632852,동반 감소,True
C04_1272,20254,20253,11380631,신사1동,미용·뷰티,-29.33,-28.388339115238626,-0.9416608847613723,동반 감소,True
C04_0451,20254,20253,11290610,보문동,미용·뷰티,-0.83,-12.15641232878044,11.32641232878044,동반 감소,True
C04_0408,20254,20253,11380570,대조동,전자기기·수리,-60.1,-60.0,-0.10000000000000142,동반 감소,True
C04_0211,20254,20253,11110680,창신2동,패션·잡화,100.0,118.53417176878236,-18.534171768782358,동반 비감소,True
C04_1164,20254,20253,11680590,삼성2동,문화·취미·반려,23.67,11.455506462117482,12.21449353788252,동반 비감소,True
C04_1759,20254,20253,11200660,성수1가2동,미용·뷰티,21.22,7.673277157500258,13.54672284249974,동반 비감소,True
C04_0908,20254,20253,11410700,남가좌2동,식료품·편의소매,-17.38,-2.040820956767353,-15.339179043232646,동반 감소,True
C04_0377,20254,20253,11710580,송파1동,자동차·운송서비스,-11.44,-20.8330916209845,9.393091620984501,동반 감소,True
C04_0903,20254,20253,11410555,북아현동,음식·음료,1.68,-5.0714516830697605,6.75145168306976,상권 대비 선방,True
C04_1754,20254,20253,11230660,장안2동,패션·잡화,10.87,43.824605457550604,-32.954605457550606,동반 비감소,True
C04_1558,20254,20253,11710642,문정2동,생활서비스,18.98,6.513388605465575,12.466611394534425,동반 비감소,True
C04_1876,20254,20253,11380625,역촌동,식료품·편의소매,67.82,86.24579598875322,-18.425795988753222,동반 비감소,True
C04_1151,20254,20253,11230600,답십리1동,패션·잡화,11.75,0.05454777171787217,11.695452228282129,동반 비감소,True
C04_0019,20254,20253,11140625,다산동,미용·뷰티,-0.25,5.107507968143099,-5.357507968143099,고객만 감소,True
C04_1504,20254,20253,11470510,목1동,가구·인테리어,70.72,67.14355043106856,3.5764495689314373,동반 비감소,True
C04_0302,20254,20253,11530550,구로4동,전자기기·수리,-0.77,2.988862964714989,-3.758862964714989,고객만 감소,True
C04_0661,20254,20253,11410710,북가좌1동,미용·뷰티,-7.51,3.6022147653093306,-11.11221476530933,고객만 감소,True
C04_1714,20254,20253,11290705,종암동,가구·인테리어,100.0,221.8320576261766,-121.8320576261766,동반 비감소,True
C04_0509,20254,20253,11740530,명일1동,가구·인테리어,-5.18,-12.50574547908152,7.325745479081521,동반 감소,True
C04_0096,20254,20253,11110710,숭인2동,전자기기·수리,2.04,-27.616212117593154,29.656212117593153,상권 대비 선방,True
C04_1484,20254,20253,11380631,신사1동,여가·오락,-20.2,-10.981988138750731,-9.218011861249268,동반 감소,True
C04_1934,20254,20253,11290640,정릉3동,식료품·편의소매,-27.59,-2.600599540822801,-24.989400459177197,동반 감소,True
C04_0551,20254,20253,11305595,번1동,문화·취미·반려,35.53,36.25492609335896,-0.7249260933589596,동반 비감소,True
C04_0260,20254,20253,11680565,청담동,음식·음료,-3.18,7.794547730331547,-10.974547730331548,고객만 감소,True
C04_0711,20254,20253,11680630,대치4동,미용·뷰티,-2.47,-9.802222648919079,7.332222648919078,동반 감소,True
C04_0817,20254,20253,11320680,쌍문3동,숙박,5.92,-10.295291185964306,16.215291185964304,상권 대비 선방,True
C04_0860,20254,20253,11500641,방화3동,생활서비스,88.76,78.50638018232885,10.25361981767115,동반 비감소,True
C04_1644,20254,20253,11680565,청담동,미용·뷰티,1.54,0.36933313629310405,1.170666863706896,동반 비감소,True
C04_1071,20254,20253,11650540,잠원동,숙박,-5.52,-5.314497249469429,-0.2055027505305702,동반 감소,True
C04_1286,20254,20253,11140550,명동,식료품·편의소매,11.84,6.054256718276729,5.785743281723271,동반 비감소,True
C04_1019,20254,20253,11320515,창5동,전자기기·수리,-11.03,-3.57460437794761,-7.455395622052389,동반 감소,True
C04_0776,20254,20253,11290640,정릉3동,자동차·운송서비스,-31.97,-11.472236632350807,-20.497763367649192,동반 감소,True
C04_1319,20254,20253,11590640,사당3동,여가·오락,37.41,17.09501726149625,20.314982738503748,동반 비감소,True
C04_0512,20254,20253,11290760,장위1동,음식·음료,7.98,-5.6786078029949945,13.658607802994995,상권 대비 선방,True
C04_1260,20254,20253,11305615,수유1동,패션·잡화,83.21,78.43943875959268,4.770561240407318,동반 비감소,True
C04_1923,20254,20253,11305608,번3동,패션·잡화,30.82,16.673959282821848,14.146040717178153,동반 비감소,True
C04_1901,20254,20253,11200580,응봉동,생활서비스,77.54,81.52754271041344,-3.987542710413436,동반 비감소,True
C04_0784,20254,20253,11380625,역촌동,음식·음료,-12.71,-9.332620461205165,-3.3773795387948358,동반 감소,True
C04_0144,20254,20253,11620695,신림동,미용·뷰티,-12.92,-15.743474051951134,2.823474051951134,동반 감소,True
C04_0671,20254,20253,11290640,정릉3동,여가·오락,28.51,12.474040337932223,16.03595966206778,동반 비감소,True
C04_1074,20254,20253,11680580,삼성1동,패션·잡화,24.8,23.694400037430196,1.105599962569805,동반 비감소,True
C04_0802,20254,20253,11380510,녹번동,미용·뷰티,-1.84,-12.968725163869943,11.128725163869943,동반 감소,True
C04_0770,20254,20253,11680670,개포2동,문화·취미·반려,-31.02,-25.16436995498689,-5.855630045013111,동반 감소,True
C04_0954,20254,20253,11620655,신원동,가구·인테리어,10.03,6.149932959788917,3.880067040211082,동반 비감소,True
C04_1409,20254,20253,11500620,공항동,음식·음료,-21.73,4.696030934754591,-26.426030934754593,고객만 감소,True
