행정동_코드,행정동_코드_명,업종,상권_비교키,상권_매출_20254,상권_건수_20254,상권_매출_YOY_증감률,상권_매출_QOQ_증감률,상권_매출_추세,당행_고객수,대출_보유_고객수,대출_보유율,총_대출잔액,대출고객_평균_대출잔액,운전자금_대출잔액,시설자금_대출잔액,신용대출_잔액,고객_평균매출액,고객_평균_매출증감률,매출감소_고객수,상권_위험_등급
11170625,한강로동,전자기기·수리,11170625_전자기기·수리,586836230665,1967857,4.33,15.58,지속성장,2,2,100.0,3562700000,1781350000.0,3562700000,0,0,3328385000.0,16.73,0,정상
11230545,제기동,식료품·편의소매,11230545_식료품·편의소매,923851786755,35721166,20.49,-0.94,단기둔화,1,1,100.0,852200000,852200000.0,852200000,0,0,2663280000.0,-11.8,1,정상
11140520,소공동,음식·음료,11140520_음식·음료,110690323005,4027894,4.62,1.06,지속성장,1,1,100.0,846300000,846300000.0,846300000,0,0,1677360000.0,-2.28,1,정상
11140540,회현동,패션·잡화,11140540_패션·잡화,87830033453,1159739,8.02,30.32,지속성장,2,1,50.0,710800000,710800000.0,0,0,710800000,871795000.0,50.39,0,정상
11560535,영등포동,식료품·편의소매,11560535_식료품·편의소매,104315357569,3203024,6.27,-6.21,단기둔화,1,1,100.0,606400000,606400000.0,0,606400000,0,990760000.0,-11.71,1,정상
11110615,종로1·2·3·4가동,식료품·편의소매,11110615_식료품·편의소매,32365641793,3338169,-2.48,-0.98,지속감소(위험),4,3,75.0,380300000,126766667.0,201000000,0,179300000,293650000.0,1.11,1,주의(매출감소/대출보유)
11110630,종로5·6가동,음식·음료,11110630_음식·음료,29618710512,1155671,-0.24,7.47,단기반등,3,2,66.67,304800000,152400000.0,282300000,22500000,0,321823333.0,21.0,0,주의(매출감소/대출보유)
11545610,독산1동,식료품·편의소매,11545610_식료품·편의소매,216160603590,2614360,26.65,12.51,지속성장,1,1,100.0,299900000,299900000.0,0,299900000,0,1452770000.0,2.42,0,정상
11545510,가산동,음식·음료,11545510_음식·음료,84966462878,4968645,-0.95,-1.65,지속감소(위험),1,1,100.0,278000000,278000000.0,278000000,0,0,672580000.0,5.37,0,주의(매출감소/대출보유)
11530540,구로3동,음식·음료,11530540_음식·음료,66241757504,3715110,-2.84,-1.22,지속감소(위험),2,1,50.0,273400000,273400000.0,0,273400000,0,267830000.0,-14.06,2,주의(매출감소/대출보유)
11710642,문정2동,음식·음료,11710642_음식·음료,41494598269,2095778,0.99,-0.14,단기둔화,3,1,33.33,232500000,232500000.0,232500000,0,0,425560000.0,3.4,1,정상
11230650,장안1동,식료품·편의소매,11230650_식료품·편의소매,36280343838,1475671,1.41,1.03,지속성장,1,1,100.0,185200000,185200000.0,0,185200000,0,358760000.0,-7.54,1,정상
11440660,서교동,식료품·편의소매,11440660_식료품·편의소매,38119519216,3466863,11.14,4.34,지속성장,1,1,100.0,173100000,173100000.0,0,0,173100000,337270000.0,12.93,0,정상
11440710,연남동,음식·음료,11440710_음식·음료,28838630045,962602,-6.37,6.98,단기반등,2,1,50.0,131300000,131300000.0,131300000,0,0,201445000.0,0.36,1,주의(매출감소/대출보유)
11560550,당산1동,식료품·편의소매,11560550_식료품·편의소매,75447815291,1778499,-8.99,-31.33,지속감소(위험),1,1,100.0,131000000,131000000.0,131000000,0,0,271530000.0,-41.92,1,주의(매출감소/대출보유)
11740530,명일1동,음식·음료,11740530_음식·음료,15884260277,634535,-5.8,0.21,단기반등,2,2,100.0,129500000,64750000.0,0,129500000,0,228170000.0,7.72,0,주의(매출감소/대출보유)
11350640,상계2동,음식·음료,11350640_음식·음료,41036934962,1641337,4.0,6.25,지속성장,2,1,50.0,128000000,128000000.0,0,0,128000000,449725000.0,14.25,0,정상
11650530,서초3동,미용·뷰티,11650530_미용·뷰티,13898850095,41990,26.81,162.49,지속성장,2,2,100.0,123300000,61650000.0,106000000,0,17300000,116925000.0,100.0,0,정상
11380520,불광1동,음식·음료,11380520_음식·음료,12665001747,518214,-10.07,-0.34,지속감소(위험),1,1,100.0,122900000,122900000.0,122900000,0,0,231760000.0,2.25,0,고위험(매출급감/대출집중)
11230710,회기동,음식·음료,11230710_음식·음료,17919260676,926980,-11.58,8.3,단기반등,2,1,50.0,120600000,120600000.0,0,0,120600000,156555000.0,6.45,1,고위험(매출급감/대출집중)
11290810,석관동,음식·음료,11290810_음식·음료,21108274278,648961,-0.65,12.82,단기반등,1,1,100.0,118900000,118900000.0,0,118900000,0,243000000.0,11.39,0,주의(매출감소/대출보유)
11680640,역삼1동,문화·취미·반려,11680640_문화·취미·반려,10818934582,427621,-7.51,21.54,단기반등,4,2,50.0,114500000,57250000.0,0,0,114500000,95815000.0,19.64,0,주의(매출감소/대출보유)
11680750,수서동,식료품·편의소매,11680750_식료품·편의소매,25463554565,3081242,40.92,0.06,지속성장,2,2,100.0,104300000,52150000.0,38100000,66200000,0,110940000.0,-2.69,2,정상
11545670,시흥1동,음식·음료,11545670_음식·음료,22178185588,905524,2.29,4.16,지속성장,2,1,50.0,102700000,102700000.0,0,0,102700000,294475000.0,13.38,0,정상
11710550,마천2동,식료품·편의소매,11710550_식료품·편의소매,12888395931,702719,15.5,25.6,지속성장,2,2,100.0,101000000,50500000.0,68100000,32900000,0,162025000.0,23.45,0,정상
11650530,서초3동,식료품·편의소매,11650530_식료품·편의소매,21859873690,3012459,-1.83,-7.66,지속감소(위험),1,1,100.0,99200000,99200000.0,0,0,99200000,179910000.0,-16.86,1,주의(매출감소/대출보유)
11350600,공릉2동,음식·음료,11350600_음식·음료,15578718850,855102,-2.43,-2.79,지속감소(위험),1,1,100.0,97400000,97400000.0,97400000,0,0,202380000.0,18.13,0,주의(매출감소/대출보유)
11545630,독산3동,음식·음료,11545630_음식·음료,10972556558,447770,4.95,0.36,지속성장,1,1,100.0,97200000,97200000.0,0,0,97200000,272920000.0,-1.63,1,정상
11110670,창신1동,문화·취미·반려,11110670_문화·취미·반려,32240430260,1232130,-3.51,48.72,단기반등,2,1,50.0,96200000,96200000.0,0,0,96200000,191370000.0,49.03,0,주의(매출감소/대출보유)
11320515,창5동,음식·음료,11320515_음식·음료,11147569618,588394,-5.94,-6.1,지속감소(위험),2,1,50.0,93800000,93800000.0,0,0,93800000,166765000.0,2.91,1,주의(매출감소/대출보유)
11200690,성수2가3동,패션·잡화,11200690_패션·잡화,28612143367,261423,-8.64,40.21,단기반등,2,1,50.0,92800000,92800000.0,92800000,0,0,177230000.0,44.58,0,주의(매출감소/대출보유)
11230536,용신동,식료품·편의소매,11230536_식료품·편의소매,62929470140,2565460,21.89,24.71,지속성장,1,1,100.0,92200000,92200000.0,92200000,0,0,168390000.0,36.65,0,정상
11260620,묵1동,음식·음료,11260620_음식·음료,12140474777,521139,1.65,2.38,지속성장,2,2,100.0,90300000,45150000.0,70500000,19800000,0,97285000.0,-4.96,1,정상
11680750,수서동,음식·음료,11680750_음식·음료,18358541149,959829,-1.0,-1.5,지속감소(위험),1,1,100.0,88600000,88600000.0,0,0,88600000,181650000.0,-12.18,1,주의(매출감소/대출보유)
11650652,양재2동,자동차·운송서비스,11650652_자동차·운송서비스,9479701620,40063,1.37,1.28,지속성장,2,2,100.0,86300000,43150000.0,12200000,0,74100000,81835000.0,6.94,1,정상
11140670,황학동,음식·음료,11140670_음식·음료,16276796450,681809,-9.28,2.09,단기반등,1,1,100.0,85000000,85000000.0,85000000,0,0,204580000.0,8.1,0,주의(매출감소/대출보유)
11170625,한강로동,음식·음료,11170625_음식·음료,66860765888,1801821,9.53,6.96,지속성장,2,1,50.0,83500000,83500000.0,0,0,83500000,485935000.0,1.07,1,정상
11290555,삼선동,음식·음료,11290555_음식·음료,16670973186,594863,2.55,2.53,지속성장,5,2,40.0,83300000,41650000.0,31000000,0,52300000,123972000.0,2.26,3,정상
11380510,녹번동,음식·음료,11380510_음식·음료,17102234332,495581,0.38,-4.49,단기둔화,2,2,100.0,82000000,41000000.0,82000000,0,0,96295000.0,-7.21,2,정상
11380551,갈현1동,음식·음료,11380551_음식·음료,19831088376,655873,6.43,13.18,지속성장,4,1,25.0,81200000,81200000.0,81200000,0,0,118465000.0,8.13,0,정상
11110615,종로1·2·3·4가동,가구·인테리어,11110615_가구·인테리어,38672878470,176986,-4.36,-6.48,지속감소(위험),1,1,100.0,78800000,78800000.0,0,0,78800000,120220000.0,-5.63,1,주의(매출감소/대출보유)
11230660,장안2동,가구·인테리어,11230660_가구·인테리어,15398068346,192090,1.97,-1.35,단기둔화,2,1,50.0,78400000,78400000.0,0,0,78400000,145590000.0,12.75,1,정상
11320514,창4동,음식·음료,11320514_음식·음료,12144657960,521891,5.26,6.34,지속성장,1,1,100.0,76100000,76100000.0,0,76100000,0,152650000.0,-1.66,1,정상
11650652,양재2동,문화·취미·반려,11650652_문화·취미·반려,27337509828,265342,10.15,21.27,지속성장,2,2,100.0,76100000,38050000.0,35300000,40800000,0,121480000.0,22.31,0,정상
11380625,역촌동,식료품·편의소매,11380625_식료품·편의소매,16160844834,821085,149.17,86.25,지속성장,1,1,100.0,74100000,74100000.0,0,74100000,0,149840000.0,67.82,0,정상
11380552,갈현2동,음식·음료,11380552_음식·음료,14459080519,617207,-1.47,0.87,단기반등,2,2,100.0,73000000,36500000.0,6800000,66200000,0,84705000.0,18.57,0,주의(매출감소/대출보유)
11170660,이태원2동,음식·음료,11170660_음식·음료,13326534080,295874,4.95,8.48,지속성장,2,2,100.0,72500000,36250000.0,0,34100000,38400000,64820000.0,-4.88,2,정상
11470640,신정3동,음식·음료,11470640_음식·음료,7586591030,472562,4.03,0.38,지속성장,2,2,100.0,72000000,36000000.0,72000000,0,0,73055000.0,11.74,0,정상
11500520,등촌1동,자동차·운송서비스,11500520_자동차·운송서비스,8406660685,37420,-3.09,4.39,단기반등,3,2,66.67,71400000,35700000.0,71400000,0,0,53746667.0,8.05,0,주의(매출감소/대출보유)
11680655,도곡1동,식료품·편의소매,11680655_식료품·편의소매,10702873769,1062035,11.94,-2.27,단기둔화,1,1,100.0,67400000,67400000.0,0,67400000,0,116130000.0,-19.48,1,정상
11680730,일원1동,음식·음료,11680730_음식·음료,12020122638,450188,-4.43,-0.07,지속감소(위험),2,2,100.0,65600000,32800000.0,65600000,0,0,57155000.0,-6.38,2,주의(매출감소/대출보유)
11230560,전농1동,식료품·편의소매,11230560_식료품·편의소매,23591219748,1530519,8.99,-1.24,단기둔화,1,1,100.0,64800000,64800000.0,64800000,0,0,108310000.0,17.33,0,정상
11260565,면목본동,음식·음료,11260565_음식·음료,18199126770,728549,1.64,0.61,지속성장,2,1,50.0,64000000,64000000.0,0,64000000,0,161320000.0,-1.87,1,정상
11290810,석관동,식료품·편의소매,11290810_식료품·편의소매,7333218517,653463,9.16,4.77,지속성장,2,2,100.0,63400000,31700000.0,10500000,0,52900000,56080000.0,-4.68,1,정상
11440730,성산2동,패션·잡화,11440730_패션·잡화,15820178672,326517,3689.63,67.02,지속성장,1,1,100.0,62900000,62900000.0,0,0,62900000,180700000.0,68.52,0,정상
11740570,암사1동,식료품·편의소매,11740570_식료품·편의소매,16339042411,1048479,3.56,9.4,지속성장,1,1,100.0,62400000,62400000.0,62400000,0,0,154350000.0,-3.88,1,정상
11740660,성내3동,식료품·편의소매,11740660_식료품·편의소매,20312129746,1130691,16.82,16.64,지속성장,1,1,100.0,62300000,62300000.0,0,62300000,0,145290000.0,0.7,0,정상
11410660,홍은1동,식료품·편의소매,11410660_식료품·편의소매,12217636887,432912,11.68,-20.65,단기둔화,1,1,100.0,61100000,61100000.0,61100000,0,0,128220000.0,-30.67,1,정상
11305645,우이동,음식·음료,11305645_음식·음료,15545949392,496478,-5.42,-16.94,지속감소(위험),1,1,100.0,60200000,60200000.0,60200000,0,0,146840000.0,-23.21,1,주의(매출감소/대출보유)
11215780,능동,음식·음료,11215780_음식·음료,12171306573,387425,-3.43,-1.5,지속감소(위험),2,2,100.0,60100000,30050000.0,0,0,60100000,55725000.0,-11.94,2,주의(매출감소/대출보유)
11440565,공덕동,음식·음료,11440565_음식·음료,20956547647,666571,-6.32,5.59,단기반등,2,1,50.0,59700000,59700000.0,0,59700000,0,208700000.0,13.28,1,주의(매출감소/대출보유)
11590550,상도3동,식료품·편의소매,11590550_식료품·편의소매,15499323966,1008375,0.85,3.95,지속성장,2,1,50.0,59400000,59400000.0,0,0,59400000,64435000.0,0.17,1,정상
11500540,화곡1동,가구·인테리어,11500540_가구·인테리어,5910546995,180681,431.55,-25.62,단기둔화,1,1,100.0,56200000,56200000.0,56200000,0,0,78850000.0,-18.52,1,정상
11290705,종암동,식료품·편의소매,11290705_식료품·편의소매,7925681059,411786,-25.26,18.93,단기반등,2,1,50.0,55700000,55700000.0,55700000,0,0,82225000.0,9.96,0,고위험(매출급감/대출집중)
11410690,남가좌1동,식료품·편의소매,11410690_식료품·편의소매,15035433731,915248,-8.17,-3.63,지속감소(위험),2,1,50.0,55200000,55200000.0,55200000,0,0,105080000.0,-12.26,2,주의(매출감소/대출보유)
11620630,남현동,음식·음료,11620630_음식·음료,13031185794,525326,-5.16,3.94,단기반등,1,1,100.0,54900000,54900000.0,0,0,54900000,85190000.0,15.56,0,주의(매출감소/대출보유)
11230650,장안1동,자동차·운송서비스,11230650_자동차·운송서비스,6754014389,20933,-6.19,-27.94,지속감소(위험),1,1,100.0,53700000,53700000.0,0,0,53700000,77610000.0,-40.99,1,주의(매출감소/대출보유)
11410720,북가좌2동,음식·음료,11410720_음식·음료,11114289899,457741,2.41,3.96,지속성장,2,1,50.0,53700000,53700000.0,0,53700000,0,100205000.0,12.99,0,정상
11320710,방학3동,음식·음료,11320710_음식·음료,4871499346,146621,-3.19,-10.36,지속감소(위험),1,1,100.0,53100000,53100000.0,0,0,53100000,84070000.0,-12.75,1,주의(매출감소/대출보유)
11140670,황학동,가구·인테리어,11140670_가구·인테리어,6152389304,22334,-19.91,-11.66,지속감소(위험),2,2,100.0,52300000,26150000.0,41300000,11000000,0,45015000.0,-15.0,1,고위험(매출급감/대출집중)
11680521,논현1동,문화·취미·반려,11680521_문화·취미·반려,10031136282,45344,-23.54,105.81,단기반등,2,1,50.0,52100000,52100000.0,0,52100000,0,94250000.0,98.83,0,고위험(매출급감/대출집중)
11650610,방배2동,음식·음료,11650610_음식·음료,34058557078,699435,6.39,13.53,지속성장,1,1,100.0,51700000,51700000.0,51700000,0,0,136550000.0,-2.41,1,정상
11680720,일원본동,식료품·편의소매,11680720_식료품·편의소매,7371192728,1280364,10.38,-4.31,단기둔화,1,1,100.0,51600000,51600000.0,0,51600000,0,80540000.0,-0.76,1,정상
11200650,성수1가1동,음식·음료,11200650_음식·음료,9792073838,406780,-6.24,6.51,단기반등,1,1,100.0,48000000,48000000.0,48000000,0,0,91820000.0,-0.21,1,주의(매출감소/대출보유)
11620615,중앙동,음식·음료,11620615_음식·음료,12882922817,578829,-1.2,2.13,단기반등,1,1,100.0,47800000,47800000.0,47800000,0,0,75490000.0,4.12,0,주의(매출감소/대출보유)
11305545,송중동,식료품·편의소매,11305545_식료품·편의소매,15638758733,683085,10.9,8.75,지속성장,1,1,100.0,47500000,47500000.0,0,47500000,0,79100000.0,-7.23,1,정상
11740640,성내1동,문화·취미·반려,11740640_문화·취미·반려,2728232108,19969,3.84,-15.32,단기둔화,1,1,100.0,47000000,47000000.0,47000000,0,0,70540000.0,-16.23,1,정상
11170630,이촌1동,식료품·편의소매,11170630_식료품·편의소매,8957555618,474449,6.77,-4.02,단기둔화,2,1,50.0,46200000,46200000.0,46200000,0,0,56660000.0,-12.98,2,정상
11650590,방배본동,음식·음료,11650590_음식·음료,15761245935,815897,-8.2,-4.07,지속감소(위험),1,1,100.0,45100000,45100000.0,45100000,0,0,83090000.0,-4.65,1,주의(매출감소/대출보유)
11140590,광희동,패션·잡화,11140590_패션·잡화,13708615296,176737,-10.68,17.96,단기반등,1,1,100.0,44700000,44700000.0,0,0,44700000,89210000.0,21.14,0,고위험(매출급감/대출집중)
11260565,면목본동,식료품·편의소매,11260565_식료품·편의소매,28057683525,1982315,10.54,6.2,지속성장,2,1,50.0,44200000,44200000.0,0,0,44200000,150240000.0,1.68,1,정상
11470650,신정4동,식료품·편의소매,11470650_식료품·편의소매,11677916807,987540,1.68,-3.71,단기둔화,2,1,50.0,43800000,43800000.0,43800000,0,0,126795000.0,1.1,0,정상
11590640,사당3동,음식·음료,11590640_음식·음료,4789645071,190992,-6.86,2.07,단기반등,3,2,66.67,43000000,21500000.0,0,0,43000000,34636667.0,-7.43,3,주의(매출감소/대출보유)
11680700,세곡동,식료품·편의소매,11680700_식료품·편의소매,14019209199,668260,0.75,0.93,지속성장,1,1,100.0,42500000,42500000.0,42500000,0,0,93580000.0,-0.6,1,정상
11680600,대치1동,음식·음료,11680600_음식·음료,13661891748,831907,-7.62,-5.13,지속감소(위험),1,1,100.0,42100000,42100000.0,0,42100000,0,116130000.0,-0.88,1,주의(매출감소/대출보유)
11500604,가양2동,식료품·편의소매,11500604_식료품·편의소매,4334074952,453655,-6.32,-4.41,지속감소(위험),2,1,50.0,42100000,42100000.0,0,0,42100000,60390000.0,-2.96,1,주의(매출감소/대출보유)
11215850,구의1동,가구·인테리어,11215850_가구·인테리어,18154391151,124850,21.99,88.6,지속성장,1,1,100.0,41700000,41700000.0,0,0,41700000,130220000.0,79.91,0,정상
11500611,발산1동,음식·음료,11500611_음식·음료,12779476227,852600,-12.07,5.19,단기반등,1,1,100.0,41500000,41500000.0,41500000,0,0,97760000.0,-7.03,1,고위험(매출급감/대출집중)
11740620,천호3동,식료품·편의소매,11740620_식료품·편의소매,8579816478,800894,-6.47,0.65,단기반등,2,2,100.0,41500000,20750000.0,28400000,13100000,0,48825000.0,2.42,1,주의(매출감소/대출보유)
11620615,중앙동,식료품·편의소매,11620615_식료품·편의소매,6815984203,628358,3.89,-0.6,단기둔화,3,2,66.67,41400000,20700000.0,16100000,0,25300000,48430000.0,0.67,1,정상
11215847,자양4동,음식·음료,11215847_음식·음료,18787456573,615340,-1.16,9.88,단기반등,1,1,100.0,40200000,40200000.0,40200000,0,0,139860000.0,43.65,0,주의(매출감소/대출보유)
11650520,서초2동,미용·뷰티,11650520_미용·뷰티,8657733026,62419,-7.13,-15.94,지속감소(위험),2,1,50.0,39700000,39700000.0,39700000,0,0,53655000.0,-20.2,2,주의(매출감소/대출보유)
11410585,신촌동,식료품·편의소매,11410585_식료품·편의소매,12397628345,2077224,-1.47,2.47,단기반등,1,1,100.0,39400000,39400000.0,39400000,0,0,74710000.0,0.53,0,주의(매출감소/대출보유)
11140605,을지로동,문화·취미·반려,11140605_문화·취미·반려,38130360169,416554,-28.35,-4.12,지속감소(위험),1,1,100.0,38900000,38900000.0,0,0,38900000,221010000.0,19.22,0,고위험(매출급감/대출집중)
11140670,황학동,식료품·편의소매,11140670_식료품·편의소매,25961579917,948298,17.19,4.97,지속성장,1,1,100.0,38300000,38300000.0,0,0,38300000,86540000.0,18.26,0,정상
11560680,신길6동,식료품·편의소매,11560680_식료품·편의소매,9187901820,802327,-8.71,-2.66,지속감소(위험),1,1,100.0,37300000,37300000.0,0,37300000,0,69540000.0,7.49,0,주의(매출감소/대출보유)
11110630,종로5·6가동,문화·취미·반려,11110630_문화·취미·반려,13015522131,110138,8.36,47.01,지속성장,1,1,100.0,37200000,37200000.0,0,0,37200000,100510000.0,52.14,0,정상
11350625,중계2·3동,식료품·편의소매,11350625_식료품·편의소매,10452572666,818932,4.18,2.29,지속성장,1,1,100.0,37100000,37100000.0,0,37100000,0,127730000.0,-6.16,1,정상
11530510,신도림동,음식·음료,11530510_음식·음료,9745726627,312880,-18.36,-2.27,지속감소(위험),2,2,100.0,36800000,18400000.0,27700000,9100000,0,58805000.0,-15.27,2,고위험(매출급감/대출집중)
11290575,동선동,미용·뷰티,11290575_미용·뷰티,3240034849,46138,2.83,-13.14,단기둔화,3,2,66.67,36600000,18300000.0,36600000,0,0,29103333.0,-15.85,3,정상
11320700,방학2동,식료품·편의소매,11320700_식료품·편의소매,18157748651,997098,1.47,20.51,지속성장,2,1,50.0,35900000,35900000.0,35900000,0,0,112010000.0,18.41,0,정상
11215847,자양4동,식료품·편의소매,11215847_식료품·편의소매,9387119931,787006,-5.83,0.17,단기반등,1,1,100.0,35800000,35800000.0,0,0,35800000,66920000.0,4.71,0,주의(매출감소/대출보유)
11440740,상암동,식료품·편의소매,11440740_식료품·편의소매,11049398340,1233695,-3.74,-9.59,지속감소(위험),1,1,100.0,35200000,35200000.0,35200000,0,0,58650000.0,-17.85,1,주의(매출감소/대출보유)
11680670,개포2동,음식·음료,11680670_음식·음료,10702699641,575532,10.14,12.71,지속성장,1,1,100.0,35000000,35000000.0,35000000,0,0,88780000.0,8.19,0,정상
11230705,청량리동,음식·음료,11230705_음식·음료,15767729201,675624,2.08,3.27,지속성장,1,1,100.0,33400000,33400000.0,0,0,33400000,126410000.0,21.28,0,정상
11680640,역삼1동,전자기기·수리,11680640_전자기기·수리,7664022120,115152,14.75,-31.07,단기둔화,1,1,100.0,32300000,32300000.0,32300000,0,0,49960000.0,-31.02,1,정상
11650600,방배1동,미용·뷰티,11650600_미용·뷰티,4374083428,44970,-10.28,-31.19,지속감소(위험),1,1,100.0,32000000,32000000.0,0,0,32000000,45380000.0,-52.37,1,고위험(매출급감/대출집중)
11440555,아현동,음식·음료,11440555_음식·음료,4524019769,227668,-19.69,-10.77,지속감소(위험),1,1,100.0,31000000,31000000.0,31000000,0,0,45850000.0,-13.91,1,고위험(매출급감/대출집중)
11740515,강일동,음식·음료,11740515_음식·음료,5110290808,330887,-3.74,-6.34,지속감소(위험),1,1,100.0,31000000,31000000.0,31000000,0,0,64180000.0,17.93,0,주의(매출감소/대출보유)
11560540,여의동,패션·잡화,11560540_패션·잡화,10856853291,112574,20.46,2.54,지속성장,1,1,100.0,31000000,31000000.0,0,31000000,0,54480000.0,-17.83,1,정상
11560515,영등포본동,식료품·편의소매,11560515_식료품·편의소매,20952228350,2971265,-2.43,0.12,단기반등,2,1,50.0,30800000,30800000.0,30800000,0,0,96600000.0,-3.58,2,주의(매출감소/대출보유)
11440680,합정동,식료품·편의소매,11440680_식료품·편의소매,5522334893,655160,-17.98,-5.35,지속감소(위험),2,1,50.0,30500000,30500000.0,0,0,30500000,49430000.0,-13.43,2,고위험(매출급감/대출집중)
11560515,영등포본동,패션·잡화,11560515_패션·잡화,25377198894,973724,21.72,12.1,지속성장,1,1,100.0,30300000,30300000.0,30300000,0,0,161400000.0,16.95,0,정상
11680590,삼성2동,문화·취미·반려,11680590_문화·취미·반려,3507020094,54202,26.26,11.46,지속성장,2,2,100.0,30300000,15150000.0,16000000,0,14300000,25650000.0,20.85,0,정상
11320680,쌍문3동,가구·인테리어,11320680_가구·인테리어,5633437909,70365,-17.9,40.39,단기반등,1,1,100.0,30200000,30200000.0,30200000,0,0,83910000.0,36.15,0,고위험(매출급감/대출집중)
11680510,신사동,문화·취미·반려,11680510_문화·취미·반려,12252894698,54533,22.28,254.39,지속성장,2,1,50.0,29800000,29800000.0,0,0,29800000,58670000.0,100.0,0,정상
11710570,오금동,식료품·편의소매,11710570_식료품·편의소매,12260163246,664332,-39.63,-17.19,지속감소(위험),1,1,100.0,29600000,29600000.0,29600000,0,0,63360000.0,-21.24,1,주의(매출감소/대출보유)
11380625,역촌동,음식·음료,11380625_음식·음료,10729630988,484214,-5.97,-9.33,지속감소(위험),1,1,100.0,28900000,28900000.0,28900000,0,0,47220000.0,-12.71,1,주의(매출감소/대출보유)
11230720,휘경1동,음식·음료,11230720_음식·음료,6926940875,412703,-12.46,-1.38,지속감소(위험),3,2,66.67,28800000,14400000.0,21400000,0,7400000,29423333.0,8.15,1,주의(매출감소/대출보유)
11530740,개봉1동,음식·음료,11530740_음식·음료,6965528984,322532,-4.25,-2.1,지속감소(위험),2,1,50.0,28600000,28600000.0,28600000,0,0,85280000.0,2.13,0,주의(매출감소/대출보유)
11170570,원효로2동,음식·음료,11170570_음식·음료,2764234807,140636,-9.46,17.05,단기반등,4,3,75.0,28500000,9500000.0,0,8600000,19900000,18727500.0,4.75,1,주의(매출감소/대출보유)
11530770,오류1동,음식·음료,11530770_음식·음료,8011433124,417168,-4.47,-5.0,지속감소(위험),1,1,100.0,28500000,28500000.0,0,0,28500000,46810000.0,-12.31,1,주의(매출감소/대출보유)
11230650,장안1동,음식·음료,11230650_음식·음료,29133638110,1066889,-1.3,-1.76,지속감소(위험),1,1,100.0,28500000,28500000.0,0,28500000,0,97470000.0,0.49,0,주의(매출감소/대출보유)
11140580,장충동,음식·음료,11140580_음식·음료,12579102558,335403,10.3,4.69,지속성장,1,1,100.0,28300000,28300000.0,28300000,0,0,74100000.0,0.6,0,정상
11650600,방배1동,문화·취미·반려,11650600_문화·취미·반려,6281699055,28416,149.57,-30.15,단기둔화,1,1,100.0,28100000,28100000.0,28100000,0,0,93210000.0,-17.57,1,정상
11620625,인헌동,음식·음료,11620625_음식·음료,9429300454,545985,-4.15,8.83,단기반등,1,1,100.0,28000000,28000000.0,0,28000000,0,55310000.0,-7.58,1,주의(매출감소/대출보유)
11500570,화곡4동,음식·음료,11500570_음식·음료,7530947294,312010,-2.45,-2.32,지속감소(위험),1,1,100.0,27500000,27500000.0,0,27500000,0,62850000.0,19.05,0,주의(매출감소/대출보유)
11560610,양평1동,음식·음료,11560610_음식·음료,10853442295,487615,3.8,-2.26,단기둔화,1,1,100.0,27400000,27400000.0,27400000,0,0,42210000.0,4.66,0,정상
11215710,화양동,여가·오락,11215710_여가·오락,2558350108,433675,-12.4,3.25,단기반등,2,2,100.0,27200000,13600000.0,10700000,0,16500000,28245000.0,24.94,0,주의(매출감소/대출보유)
11140625,다산동,음식·음료,11140625_음식·음료,12783532234,417064,-7.25,-3.79,지속감소(위험),1,1,100.0,26800000,26800000.0,26800000,0,0,84330000.0,15.94,0,주의(매출감소/대출보유)
11260655,망우본동,전자기기·수리,11260655_전자기기·수리,4489999618,39306,34.83,-18.46,단기둔화,2,1,50.0,26700000,26700000.0,26700000,0,0,41490000.0,-10.95,2,정상
11305595,번1동,음식·음료,11305595_음식·음료,15253508011,658323,-11.83,2.44,단기반등,2,1,50.0,26600000,26600000.0,26600000,0,0,89965000.0,-2.02,1,주의(매출감소/대출보유)
11710570,오금동,자동차·운송서비스,11710570_자동차·운송서비스,2895951009,12827,-5.24,-5.71,지속감소(위험),2,2,100.0,26000000,13000000.0,11300000,0,14700000,29530000.0,2.14,1,주의(매출감소/대출보유)
11380530,불광2동,식료품·편의소매,11380530_식료품·편의소매,14041709479,1024679,20.6,13.02,지속성장,1,1,100.0,25900000,25900000.0,0,0,25900000,162210000.0,7.43,0,정상
11200660,성수1가2동,패션·잡화,11200660_패션·잡화,7695181371,112598,-10.32,-31.04,지속감소(위험),1,1,100.0,25700000,25700000.0,0,25700000,0,35580000.0,-44.31,1,주의(매출감소/대출보유)
11215760,중곡3동,식료품·편의소매,11215760_식료품·편의소매,2843372517,286106,-4.58,-2.31,지속감소(위험),1,1,100.0,25100000,25100000.0,25100000,0,0,48330000.0,-5.04,1,주의(매출감소/대출보유)
11170520,용산2가동,음식·음료,11170520_음식·음료,8483363933,272106,1.86,11.74,지속성장,1,1,100.0,25000000,25000000.0,0,0,25000000,54150000.0,16.69,0,정상
11500590,화곡본동,음식·음료,11500590_음식·음료,10442653039,365989,-7.02,2.39,단기반등,2,1,50.0,24500000,24500000.0,24500000,0,0,52715000.0,8.03,0,주의(매출감소/대출보유)
11260680,신내1동,음식·음료,11260680_음식·음료,13464005103,456619,6.02,-0.93,단기둔화,1,1,100.0,24400000,24400000.0,0,24400000,0,92560000.0,5.22,0,정상
11380570,대조동,음식·음료,11380570_음식·음료,20784199992,1196782,0.27,3.98,지속성장,1,1,100.0,24300000,24300000.0,0,0,24300000,116020000.0,1.34,0,정상
11350595,공릉1동,식료품·편의소매,11350595_식료품·편의소매,17124351795,1367866,15.33,5.85,지속성장,2,1,50.0,23800000,23800000.0,23800000,0,0,129255000.0,-2.58,1,정상
11290555,삼선동,전자기기·수리,11290555_전자기기·수리,1071442991,3786,-22.79,-34.77,지속감소(위험),2,2,100.0,23500000,11750000.0,17100000,0,6400000,18660000.0,-44.85,2,주의(매출감소/대출보유)
11260655,망우본동,식료품·편의소매,11260655_식료품·편의소매,17456437406,1342602,4.92,8.18,지속성장,1,1,100.0,23400000,23400000.0,23400000,0,0,125900000.0,9.28,0,정상
11440590,용강동,문화·취미·반려,11440590_문화·취미·반려,8090791196,140693,-19.99,12.67,단기반등,1,1,100.0,23200000,23200000.0,23200000,0,0,56660000.0,16.67,0,주의(매출감소/대출보유)
11530530,구로2동,음식·음료,11530530_음식·음료,16766484288,634293,0.55,-0.86,단기둔화,1,1,100.0,23000000,23000000.0,23000000,0,0,100410000.0,33.28,0,정상
11140590,광희동,가구·인테리어,11140590_가구·인테리어,3556499897,19264,-18.42,-42.67,지속감소(위험),1,1,100.0,22900000,22900000.0,22900000,0,0,36190000.0,-63.65,1,주의(매출감소/대출보유)
11170625,한강로동,문화·취미·반려,11170625_문화·취미·반려,6667938557,126401,8.92,13.43,지속성장,1,1,100.0,22400000,22400000.0,22400000,0,0,35510000.0,10.59,0,정상
11590650,사당4동,식료품·편의소매,11590650_식료품·편의소매,10153758469,704261,22.61,4.56,지속성장,1,1,100.0,22100000,22100000.0,22100000,0,0,41100000.0,2.08,0,정상
11530530,구로2동,문화·취미·반려,11530530_문화·취미·반려,2421925929,75190,39.47,0.24,지속성장,3,2,66.67,22000000,11000000.0,0,17000000,5000000,14040000.0,-6.9,2,정상
11290715,월곡1동,음식·음료,11290715_음식·음료,4104005272,182664,-0.07,3.42,단기반등,1,1,100.0,21800000,21800000.0,21800000,0,0,93460000.0,-11.62,1,주의(매출감소/대출보유)
11500603,가양1동,전자기기·수리,11500603_전자기기·수리,3905546454,104294,-50.82,8.98,단기반등,1,1,100.0,21400000,21400000.0,0,21400000,0,45830000.0,-6.71,1,주의(매출감소/대출보유)
11650581,반포4동,자동차·운송서비스,11650581_자동차·운송서비스,1566130632,6185,19.75,5.81,지속성장,2,2,100.0,21400000,10700000.0,3000000,0,18400000,19175000.0,11.8,0,정상
11200540,마장동,식료품·편의소매,11200540_식료품·편의소매,4599927363,450376,8.88,3.62,지속성장,1,1,100.0,21200000,21200000.0,21200000,0,0,36590000.0,24.99,0,정상
11740685,길동,패션·잡화,11740685_패션·잡화,2018551479,37505,1.53,-7.34,단기둔화,3,2,66.67,20900000,10450000.0,9800000,0,11100000,21193333.0,-4.76,3,정상
11710650,잠실본동,패션·잡화,11710650_패션·잡화,9314246467,102179,195.29,-38.29,단기둔화,1,1,100.0,20400000,20400000.0,0,20400000,0,65530000.0,-23.23,1,정상
11560700,대림1동,음식·음료,11560700_음식·음료,6600583214,329323,-0.77,-0.9,지속감소(위험),2,1,50.0,20200000,20200000.0,20200000,0,0,41160000.0,-0.35,1,주의(매출감소/대출보유)
11530560,구로5동,식료품·편의소매,11530560_식료품·편의소매,11642297081,878415,-4.29,-7.68,지속감소(위험),1,1,100.0,19900000,19900000.0,0,19900000,0,110890000.0,-6.94,1,주의(매출감소/대출보유)
11350624,중계4동,식료품·편의소매,11350624_식료품·편의소매,10502634286,479547,-4.27,-5.72,지속감소(위험),1,1,100.0,19900000,19900000.0,19900000,0,0,48820000.0,-7.81,1,주의(매출감소/대출보유)
11470640,신정3동,식료품·편의소매,11470640_식료품·편의소매,6713346924,604258,-14.05,4.71,단기반등,1,1,100.0,19800000,19800000.0,19800000,0,0,33180000.0,14.78,0,주의(매출감소/대출보유)
11200615,금호2·3가동,음식·음료,11200615_음식·음료,6927224019,288598,-9.41,-3.37,지속감소(위험),1,1,100.0,19400000,19400000.0,19400000,0,0,30860000.0,12.32,0,주의(매출감소/대출보유)
11380631,신사1동,식료품·편의소매,11380631_식료품·편의소매,5057628534,390563,-4.2,-2.16,지속감소(위험),1,1,100.0,19200000,19200000.0,19200000,0,0,35800000.0,27.47,0,주의(매출감소/대출보유)
11440720,성산1동,식료품·편의소매,11440720_식료품·편의소매,4469852526,366514,-23.63,-18.14,지속감소(위험),1,1,100.0,18900000,18900000.0,18900000,0,0,47950000.0,-10.7,1,주의(매출감소/대출보유)
11560650,신길3동,식료품·편의소매,11560650_식료품·편의소매,6049019933,315308,0.2,-17.41,단기둔화,1,1,100.0,18800000,18800000.0,0,18800000,0,52560000.0,-29.98,1,정상
11320670,쌍문2동,식료품·편의소매,11320670_식료품·편의소매,3073181962,239237,2.38,-4.38,단기둔화,3,3,100.0,18800000,6266667.0,10300000,8500000,0,15510000.0,-3.7,2,정상
11500510,염창동,전자기기·수리,11500510_전자기기·수리,13327926570,10340,35.65,-6.11,단기둔화,1,1,100.0,18800000,18800000.0,18800000,0,0,84100000.0,-2.4,1,정상
11740640,성내1동,음식·음료,11740640_음식·음료,15057088192,606951,-6.7,0.09,단기반등,1,1,100.0,18000000,18000000.0,0,18000000,0,38700000.0,-0.79,1,주의(매출감소/대출보유)
11215847,자양4동,여가·오락,11215847_여가·오락,1737193196,100692,28.98,3.25,지속성장,3,1,33.33,18000000,18000000.0,0,18000000,0,19923333.0,8.61,1,정상
11380650,수색동,음식·음료,11380650_음식·음료,2778723809,84826,5.37,14.22,지속성장,1,1,100.0,17100000,17100000.0,0,0,17100000,27380000.0,-16.51,1,정상
11740540,명일2동,음식·음료,11740540_음식·음료,19363004857,1414969,-0.87,-2.32,지속감소(위험),1,1,100.0,17000000,17000000.0,0,0,17000000,112990000.0,14.67,0,주의(매출감소/대출보유)
11710566,오륜동,문화·취미·반려,11710566_문화·취미·반려,1895105336,28420,-11.55,35.09,단기반등,1,1,100.0,16900000,16900000.0,0,16900000,0,33020000.0,61.99,0,주의(매출감소/대출보유)
11140625,다산동,패션·잡화,11140625_패션·잡화,10185723639,41638,11.08,111.77,지속성장,2,1,50.0,16800000,16800000.0,0,0,16800000,64420000.0,100.0,0,정상
11215750,중곡2동,식료품·편의소매,11215750_식료품·편의소매,6005866496,505131,-4.06,1.53,단기반등,1,1,100.0,16700000,16700000.0,0,16700000,0,41360000.0,0.34,0,주의(매출감소/대출보유)
11590605,흑석동,식료품·편의소매,11590605_식료품·편의소매,6877013698,752778,-11.54,0.92,단기반등,2,1,50.0,16300000,16300000.0,0,0,16300000,25855000.0,-5.56,2,주의(매출감소/대출보유)
11530520,구로1동,식료품·편의소매,11530520_식료품·편의소매,3862685525,288165,-12.97,-4.29,지속감소(위험),1,1,100.0,15800000,15800000.0,15800000,0,0,23140000.0,-16.82,1,주의(매출감소/대출보유)
11500540,화곡1동,식료품·편의소매,11500540_식료품·편의소매,18984453524,1765598,-1.93,-1.05,지속감소(위험),2,1,50.0,15700000,15700000.0,0,15700000,0,117160000.0,-6.83,2,주의(매출감소/대출보유)
11230610,답십리2동,식료품·편의소매,11230610_식료품·편의소매,5053741794,303669,-10.99,2.55,단기반등,1,1,100.0,15500000,15500000.0,0,15500000,0,25470000.0,15.65,0,주의(매출감소/대출보유)
11530530,구로2동,전자기기·수리,11530530_전자기기·수리,11340829409,214854,-29.18,-14.01,지속감소(위험),1,1,100.0,15300000,15300000.0,0,15300000,0,64630000.0,-16.66,1,주의(매출감소/대출보유)
11110680,창신2동,음식·음료,11110680_음식·음료,6272601364,172765,-0.62,10.2,단기반등,1,1,100.0,15300000,15300000.0,15300000,0,0,26030000.0,9.7,0,주의(매출감소/대출보유)
11470520,목2동,음식·음료,11470520_음식·음료,8243756055,286320,-3.01,1.45,단기반등,1,1,100.0,15200000,15200000.0,0,0,15200000,56910000.0,10.24,0,주의(매출감소/대출보유)
11650540,잠원동,미용·뷰티,11650540_미용·뷰티,16957282626,42765,16.01,1.34,지속성장,1,1,100.0,15100000,15100000.0,15100000,0,0,65530000.0,1.72,0,정상
11500603,가양1동,미용·뷰티,11500603_미용·뷰티,13311146927,48862,-10.1,-20.13,지속감소(위험),1,1,100.0,14800000,14800000.0,0,14800000,0,27720000.0,-38.61,1,주의(매출감소/대출보유)
11305555,송천동,자동차·운송서비스,11305555_자동차·운송서비스,2622833984,14370,-9.55,-8.18,지속감소(위험),2,2,100.0,14800000,7400000.0,12200000,2600000,0,14280000.0,-2.06,1,주의(매출감소/대출보유)
11530760,개봉3동,식료품·편의소매,11530760_식료품·편의소매,3798242727,242882,-12.24,-18.8,지속감소(위험),1,1,100.0,14700000,14700000.0,0,14700000,0,19100000.0,-34.67,1,주의(매출감소/대출보유)
11380650,수색동,식료품·편의소매,11380650_식료품·편의소매,1483594639,84209,-7.77,-8.65,지속감소(위험),2,2,100.0,14700000,7350000.0,14700000,0,0,10580000.0,-11.33,1,주의(매출감소/대출보유)
11260620,묵1동,식료품·편의소매,11260620_식료품·편의소매,5539428900,500071,-9.16,-2.59,지속감소(위험),1,1,100.0,14300000,14300000.0,14300000,0,0,64540000.0,-10.07,1,주의(매출감소/대출보유)
11590540,상도2동,음식·음료,11590540_음식·음료,6755914499,391368,10.52,1.35,지속성장,1,1,100.0,14200000,14200000.0,14200000,0,0,35470000.0,-0.79,1,정상
11320515,창5동,여가·오락,11320515_여가·오락,1267620408,165897,-14.1,1.18,단기반등,1,1,100.0,14100000,14100000.0,0,0,14100000,23790000.0,8.39,0,주의(매출감소/대출보유)
11215770,중곡4동,전자기기·수리,11215770_전자기기·수리,5737382096,12146,290.47,121.86,지속성장,1,1,100.0,14100000,14100000.0,0,14100000,0,36540000.0,100.0,0,정상
11350640,상계2동,미용·뷰티,11350640_미용·뷰티,4441765753,68775,4.14,-11.99,단기둔화,1,1,100.0,14000000,14000000.0,0,0,14000000,30120000.0,-10.59,1,정상
11620695,신림동,미용·뷰티,11620695_미용·뷰티,1492932688,26888,-4.51,-15.74,지속감소(위험),2,1,50.0,13700000,13700000.0,0,13700000,0,20590000.0,-20.34,2,주의(매출감소/대출보유)
11320512,창2동,식료품·편의소매,11320512_식료품·편의소매,11015761380,757070,11.79,11.16,지속성장,1,1,100.0,13700000,13700000.0,13700000,0,0,54380000.0,20.25,0,정상
11215740,중곡1동,가구·인테리어,11215740_가구·인테리어,5908058914,38066,105.06,50.77,지속성장,1,1,100.0,13700000,13700000.0,0,0,13700000,28250000.0,27.77,0,정상
11470680,신정7동,식료품·편의소매,11470680_식료품·편의소매,4390377226,486454,-4.72,-4.08,지속감소(위험),1,1,100.0,13600000,13600000.0,0,0,13600000,31150000.0,1.03,0,주의(매출감소/대출보유)
11200650,성수1가1동,미용·뷰티,11200650_미용·뷰티,1122750123,8676,7.06,52.56,지속성장,1,1,100.0,13600000,13600000.0,13600000,0,0,21910000.0,51.17,0,정상
11170625,한강로동,식료품·편의소매,11170625_식료품·편의소매,7093125626,728895,19.02,-5.24,단기둔화,1,1,100.0,13500000,13500000.0,13500000,0,0,32630000.0,-0.82,1,정상
11500630,방화1동,미용·뷰티,11500630_미용·뷰티,1815772360,49642,-14.3,-6.35,지속감소(위험),1,1,100.0,13400000,13400000.0,0,13400000,0,32960000.0,-13.79,1,주의(매출감소/대출보유)
11560620,양평2동,자동차·운송서비스,11560620_자동차·운송서비스,3354431618,18779,16.44,3.03,지속성장,1,1,100.0,13300000,13300000.0,13300000,0,0,25570000.0,12.97,0,정상
11590540,상도2동,패션·잡화,11590540_패션·잡화,1460484656,24991,-19.46,81.71,단기반등,2,1,50.0,13100000,13100000.0,13100000,0,0,14875000.0,87.94,0,주의(매출감소/대출보유)
11410555,북아현동,가구·인테리어,11410555_가구·인테리어,2717676198,4647,16.99,65.31,지속성장,1,1,100.0,12900000,12900000.0,0,0,12900000,37510000.0,49.79,0,정상
11230545,제기동,전자기기·수리,11230545_전자기기·수리,3454146571,5006,42.01,233.89,지속성장,1,1,100.0,12800000,12800000.0,0,0,12800000,41950000.0,100.0,0,정상
11740580,암사2동,음식·음료,11740580_음식·음료,8133947127,268764,-10.27,-6.55,지속감소(위험),2,1,50.0,12700000,12700000.0,12700000,0,0,34205000.0,-8.06,2,주의(매출감소/대출보유)
11680640,역삼1동,가구·인테리어,11680640_가구·인테리어,1392832254,12051,429.65,167.9,지속성장,1,1,100.0,12500000,12500000.0,0,0,12500000,20620000.0,100.0,0,정상
11260660,망우3동,음식·음료,11260660_음식·음료,6060254073,211898,4.64,4.32,지속성장,1,1,100.0,12400000,12400000.0,12400000,0,0,52420000.0,-8.82,1,정상
11620585,낙성대동,식료품·편의소매,11620585_식료품·편의소매,2973178509,391279,-19.35,1.69,단기반등,1,1,100.0,12200000,12200000.0,0,12200000,0,23590000.0,-9.55,1,주의(매출감소/대출보유)
11260680,신내1동,여가·오락,11260680_여가·오락,1551797965,240017,30.66,-10.92,단기둔화,1,1,100.0,12000000,12000000.0,12000000,0,0,16670000.0,-23.53,1,정상
11350710,상계9동,식료품·편의소매,11350710_식료품·편의소매,5698026932,337124,-6.75,-4.52,지속감소(위험),1,1,100.0,11900000,11900000.0,11900000,0,0,52390000.0,-12.25,1,주의(매출감소/대출보유)
11200535,왕십리도선동,식료품·편의소매,11200535_식료품·편의소매,19038214470,522301,54.15,60.84,지속성장,2,1,50.0,11800000,11800000.0,11800000,0,0,70500000.0,61.87,0,정상
11740600,천호1동,음식·음료,11740600_음식·음료,6983771516,291070,-5.96,1.14,단기반등,1,1,100.0,11600000,11600000.0,11600000,0,0,47710000.0,9.85,0,주의(매출감소/대출보유)
11740540,명일2동,패션·잡화,11740540_패션·잡화,1080003841,11056,-1.62,-22.66,지속감소(위험),2,1,50.0,11600000,11600000.0,0,0,11600000,24540000.0,-30.14,2,주의(매출감소/대출보유)
11290660,길음1동,음식·음료,11290660_음식·음료,2251783079,137859,-11.21,-6.25,지속감소(위험),2,2,100.0,11500000,5750000.0,11500000,0,0,13030000.0,-18.14,2,주의(매출감소/대출보유)
11560535,영등포동,자동차·운송서비스,11560535_자동차·운송서비스,2928282952,15875,-1.57,8.98,단기반등,2,1,50.0,11500000,11500000.0,11500000,0,0,22705000.0,24.05,0,주의(매출감소/대출보유)
11230536,용신동,패션·잡화,11230536_패션·잡화,8218442401,54940,24.13,137.45,지속성장,1,1,100.0,11500000,11500000.0,11500000,0,0,19310000.0,100.0,0,정상
11305555,송천동,패션·잡화,11305555_패션·잡화,2667127511,47761,38.83,4.72,지속성장,1,1,100.0,11500000,11500000.0,0,0,11500000,22570000.0,-4.58,1,정상
11620645,서원동,식료품·편의소매,11620645_식료품·편의소매,10210456171,1115850,3.9,-1.41,단기둔화,1,1,100.0,11300000,11300000.0,0,11300000,0,68920000.0,0.82,0,정상
11410585,신촌동,미용·뷰티,11410585_미용·뷰티,4624406715,67148,-3.02,-7.04,지속감소(위험),1,1,100.0,11200000,11200000.0,0,0,11200000,19770000.0,-2.17,1,주의(매출감소/대출보유)
11260600,중화1동,식료품·편의소매,11260600_식료품·편의소매,11063482713,625113,4.78,-29.55,단기둔화,2,1,50.0,11200000,11200000.0,11200000,0,0,67255000.0,-34.09,2,정상
11215860,구의2동,식료품·편의소매,11215860_식료품·편의소매,6205027646,468956,-4.29,0.51,단기반등,2,1,50.0,10900000,10900000.0,10900000,0,0,27480000.0,1.07,1,주의(매출감소/대출보유)
11260600,중화1동,음식·음료,11260600_음식·음료,1418808781,43753,8.15,-9.22,단기둔화,4,1,25.0,10800000,10800000.0,10800000,0,0,13215000.0,-18.45,3,정상
11680590,삼성2동,패션·잡화,11680590_패션·잡화,1493248539,5882,55.22,-5.41,단기둔화,2,1,50.0,10800000,10800000.0,10800000,0,0,18165000.0,-8.69,1,정상
11530540,구로3동,문화·취미·반려,11530540_문화·취미·반려,3430213331,70291,-33.89,-26.18,지속감소(위험),1,1,100.0,10700000,10700000.0,0,0,10700000,30300000.0,-23.51,1,주의(매출감소/대출보유)
11620725,조원동,자동차·운송서비스,11620725_자동차·운송서비스,1846502419,10735,-3.24,-14.29,지속감소(위험),1,1,100.0,10600000,10600000.0,0,10600000,0,14830000.0,-26.4,1,주의(매출감소/대출보유)
11350621,중계1동,음식·음료,11350621_음식·음료,1430740774,148866,-5.05,-10.89,지속감소(위험),1,1,100.0,10500000,10500000.0,0,10500000,0,17020000.0,-20.38,1,주의(매출감소/대출보유)
11650520,서초2동,패션·잡화,11650520_패션·잡화,2078047880,26765,32.2,36.31,지속성장,2,1,50.0,10500000,10500000.0,0,10500000,0,17665000.0,36.55,0,정상
11710562,방이2동,가구·인테리어,11710562_가구·인테리어,1195202770,10116,266.77,185.23,지속성장,1,1,100.0,10500000,10500000.0,10500000,0,0,16720000.0,100.0,0,정상
11530540,구로3동,여가·오락,11530540_여가·오락,1236108433,63805,-4.33,8.38,단기반등,1,1,100.0,10400000,10400000.0,10400000,0,0,40100000.0,1.88,0,주의(매출감소/대출보유)
11320660,쌍문1동,음식·음료,11320660_음식·음료,2552230094,217952,-9.1,-0.83,지속감소(위험),2,2,100.0,10300000,5150000.0,7700000,0,2600000,15025000.0,23.82,0,주의(매출감소/대출보유)
11500605,가양3동,음식·음료,11500605_음식·음료,2143085254,148071,-7.02,1.77,단기반등,2,2,100.0,10200000,5100000.0,0,2700000,7500000,15790000.0,-4.87,2,주의(매출감소/대출보유)
11500535,등촌3동,문화·취미·반려,11500535_문화·취미·반려,6187000697,195054,-2.06,-1.71,지속감소(위험),1,1,100.0,10200000,10200000.0,10200000,0,0,47040000.0,5.23,0,주의(매출감소/대출보유)
11230705,청량리동,패션·잡화,11230705_패션·잡화,5188711974,44369,-1.79,40.23,단기반등,1,1,100.0,10100000,10100000.0,10100000,0,0,28620000.0,25.97,0,주의(매출감소/대출보유)
11500620,공항동,음식·음료,11500620_음식·음료,14081241395,593448,1.24,4.7,지속성장,1,1,100.0,10100000,10100000.0,10100000,0,0,24800000.0,-21.73,1,정상
11620765,미성동,미용·뷰티,11620765_미용·뷰티,1164133587,22412,14.08,3.19,지속성장,1,1,100.0,10100000,10100000.0,10100000,0,0,16040000.0,9.59,0,정상
11680640,역삼1동,여가·오락,11680640_여가·오락,3364602389,280051,-10.39,-3.97,지속감소(위험),1,1,100.0,10000000,10000000.0,0,10000000,0,16430000.0,-1.0,1,주의(매출감소/대출보유)
11305635,수유3동,여가·오락,11305635_여가·오락,3315162074,386738,10.66,-0.81,단기둔화,1,1,100.0,10000000,10000000.0,10000000,0,0,16270000.0,22.96,0,정상
11140615,신당동,가구·인테리어,11140615_가구·인테리어,2431548205,25931,-50.34,-50.82,지속감소(위험),1,1,100.0,9600000,9600000.0,0,0,9600000,21200000.0,-53.78,1,주의(매출감소/대출보유)
11290770,장위2동,음식·음료,11290770_음식·음료,4025569642,111954,-20.57,-4.44,지속감소(위험),1,1,100.0,9500000,9500000.0,9500000,0,0,20160000.0,-14.15,1,주의(매출감소/대출보유)
11530595,가리봉동,음식·음료,11530595_음식·음료,2911507092,87125,-8.75,-4.64,지속감소(위험),1,1,100.0,9200000,9200000.0,9200000,0,0,29640000.0,-18.81,1,주의(매출감소/대출보유)
11740540,명일2동,자동차·운송서비스,11740540_자동차·운송서비스,1157723124,5416,-8.5,12.87,단기반등,1,1,100.0,9200000,9200000.0,0,9200000,0,24710000.0,-12.78,1,주의(매출감소/대출보유)
11290760,장위1동,식료품·편의소매,11290760_식료품·편의소매,3739845073,395649,-6.21,-3.3,지속감소(위험),1,1,100.0,9200000,9200000.0,9200000,0,0,17020000.0,-15.6,1,주의(매출감소/대출보유)
11560670,신길5동,자동차·운송서비스,11560670_자동차·운송서비스,1448550006,6560,5.9,12.74,지속성장,2,2,100.0,9200000,4600000.0,9200000,0,0,10595000.0,17.43,0,정상
11500540,화곡1동,패션·잡화,11500540_패션·잡화,3472493914,37745,-7.21,25.32,단기반등,1,1,100.0,9100000,9100000.0,9100000,0,0,16630000.0,25.0,0,주의(매출감소/대출보유)
11380600,응암3동,패션·잡화,11380600_패션·잡화,3215876289,39077,-6.22,19.97,단기반등,1,1,100.0,9100000,9100000.0,9100000,0,0,15580000.0,31.5,0,주의(매출감소/대출보유)
11740590,암사3동,식료품·편의소매,11740590_식료품·편의소매,1952659967,176007,-26.4,-0.58,지속감소(위험),1,1,100.0,9000000,9000000.0,9000000,0,0,18280000.0,8.79,0,주의(매출감소/대출보유)
11680600,대치1동,여가·오락,11680600_여가·오락,1215739345,166463,-6.18,-14.6,지속감소(위험),2,2,100.0,9000000,4500000.0,9000000,0,0,7695000.0,-8.98,2,주의(매출감소/대출보유)
11440710,연남동,미용·뷰티,11440710_미용·뷰티,1276088184,21059,9.96,0.42,지속성장,2,2,100.0,9000000,4500000.0,7600000,1400000,0,10960000.0,2.19,1,정상
11305645,우이동,자동차·운송서비스,11305645_자동차·운송서비스,1039339927,4345,31.11,35.31,지속성장,3,1,33.33,9000000,9000000.0,9000000,0,0,13896667.0,45.12,0,정상
11470590,신월4동,식료품·편의소매,11470590_식료품·편의소매,3214209844,310666,5.47,-0.26,단기둔화,2,1,50.0,8800000,8800000.0,8800000,0,0,29315000.0,-0.06,1,정상
11140605,을지로동,미용·뷰티,11140605_미용·뷰티,2013830648,32525,-9.16,2.16,단기반등,1,1,100.0,8600000,8600000.0,0,0,8600000,32270000.0,11.09,0,주의(매출감소/대출보유)
11230545,제기동,패션·잡화,11230545_패션·잡화,1114606739,40000,58.23,11.68,지속성장,1,1,100.0,8600000,8600000.0,8600000,0,0,17300000.0,11.14,0,정상
11680650,역삼2동,가구·인테리어,11680650_가구·인테리어,1428110623,29403,58.51,37.05,지속성장,1,1,100.0,8500000,8500000.0,0,8500000,0,14570000.0,27.09,0,정상
11620775,난곡동,자동차·운송서비스,11620775_자동차·운송서비스,1360870705,7293,40.48,-2.57,단기둔화,1,1,100.0,8400000,8400000.0,0,8400000,0,15350000.0,21.36,0,정상
11110550,부암동,자동차·운송서비스,11110550_자동차·운송서비스,2711755187,13182,-4.12,15.24,단기반등,1,1,100.0,8300000,8300000.0,8300000,0,0,26950000.0,8.51,0,주의(매출감소/대출보유)
11230730,휘경2동,음식·음료,11230730_음식·음료,2307456357,113192,-7.97,-3.71,지속감소(위험),2,1,50.0,8100000,8100000.0,8100000,0,0,33495000.0,-4.51,2,주의(매출감소/대출보유)
11350624,중계4동,문화·취미·반려,11350624_문화·취미·반려,1432572504,35206,17.12,34.69,지속성장,1,1,100.0,8100000,8100000.0,8100000,0,0,16560000.0,50.37,0,정상
11290685,길음2동,패션·잡화,11290685_패션·잡화,3828452696,29911,-7.93,31.77,단기반등,1,1,100.0,7900000,7900000.0,7900000,0,0,36500000.0,40.06,0,주의(매출감소/대출보유)
11290620,정릉1동,음식·음료,11290620_음식·음료,2524589326,82696,-6.67,-2.17,지속감소(위험),2,1,50.0,7900000,7900000.0,7900000,0,0,23220000.0,-6.31,2,주의(매출감소/대출보유)
11680610,대치2동,문화·취미·반려,11680610_문화·취미·반려,1618775172,55455,-1.26,-7.42,지속감소(위험),2,2,100.0,7900000,3950000.0,6400000,0,1500000,8425000.0,-8.89,2,주의(매출감소/대출보유)
11680670,개포2동,미용·뷰티,11680670_미용·뷰티,1047995699,27488,7.58,-7.86,단기둔화,2,2,100.0,7900000,3950000.0,3800000,0,4100000,6305000.0,-2.76,1,정상
11380600,응암3동,미용·뷰티,11380600_미용·뷰티,1330906280,35153,-0.54,-13.23,지속감소(위험),1,1,100.0,7800000,7800000.0,7800000,0,0,15760000.0,-21.05,1,주의(매출감소/대출보유)
11410555,북아현동,음식·음료,11410555_음식·음료,3373259449,102377,-3.13,-5.07,지속감소(위험),1,1,100.0,7700000,7700000.0,0,7700000,0,25870000.0,1.68,0,주의(매출감소/대출보유)
11260690,신내2동,식료품·편의소매,11260690_식료품·편의소매,6239668872,629939,3.9,-1.46,단기둔화,1,1,100.0,7700000,7700000.0,7700000,0,0,19900000.0,-12.36,1,정상
11560585,도림동,미용·뷰티,11560585_미용·뷰티,723635955,10276,-10.32,-20.18,지속감소(위험),2,2,100.0,7600000,3800000.0,1300000,0,6300000,5615000.0,-31.29,2,주의(매출감소/대출보유)
11680730,일원1동,식료품·편의소매,11680730_식료품·편의소매,2197605627,241313,-7.35,-3.66,지속감소(위험),1,1,100.0,7600000,7600000.0,0,0,7600000,29430000.0,-3.94,1,주의(매출감소/대출보유)
11740700,둔촌2동,식료품·편의소매,11740700_식료품·편의소매,3851682844,341421,-2.1,-6.41,지속감소(위험),1,1,100.0,7600000,7600000.0,0,0,7600000,33700000.0,-5.31,1,주의(매출감소/대출보유)
11500535,등촌3동,식료품·편의소매,11500535_식료품·편의소매,7034475689,764148,-7.0,-14.04,지속감소(위험),1,1,100.0,7500000,7500000.0,7500000,0,0,16010000.0,-17.7,1,주의(매출감소/대출보유)
11680730,일원1동,패션·잡화,11680730_패션·잡화,601765144,3964,-42.78,-40.3,지속감소(위험),1,1,100.0,7400000,7400000.0,7400000,0,0,10810000.0,-36.48,1,주의(매출감소/대출보유)
11530760,개봉3동,미용·뷰티,11530760_미용·뷰티,537154323,16567,-5.0,-11.44,지속감소(위험),2,2,100.0,7300000,3650000.0,0,4800000,2500000,5475000.0,-24.42,2,주의(매출감소/대출보유)
11140570,필동,식료품·편의소매,11140570_식료품·편의소매,4018903908,755669,-0.32,4.78,단기반등,1,1,100.0,7300000,7300000.0,7300000,0,0,13340000.0,-6.75,1,주의(매출감소/대출보유)
11740620,천호3동,미용·뷰티,11740620_미용·뷰티,721120737,15127,15.37,-3.92,단기둔화,3,2,66.67,7300000,3650000.0,7300000,0,0,5756667.0,-1.57,1,정상
11680656,도곡2동,문화·취미·반려,11680656_문화·취미·반려,5992470963,27889,-6.2,-3.48,지속감소(위험),1,1,100.0,7200000,7200000.0,7200000,0,0,23870000.0,7.19,0,주의(매출감소/대출보유)
11380600,응암3동,가구·인테리어,11380600_가구·인테리어,1109877908,20374,-13.16,-33.23,지속감소(위험),1,1,100.0,7100000,7100000.0,7100000,0,0,11760000.0,-37.24,1,주의(매출감소/대출보유)
11650570,반포2동,생활서비스,11650570_생활서비스,349687395,5740,0.75,2.33,지속성장,1,1,100.0,7100000,7100000.0,0,7100000,0,10460000.0,-10.62,1,정상
11710670,잠실2동,미용·뷰티,11710670_미용·뷰티,2962016168,28893,-1.94,-21.33,지속감소(위험),1,1,100.0,7000000,7000000.0,7000000,0,0,11150000.0,-26.35,1,주의(매출감소/대출보유)
11110615,종로1·2·3·4가동,여가·오락,11110615_여가·오락,2522135871,136590,0.71,2.39,지속성장,1,1,100.0,7000000,7000000.0,7000000,0,0,16630000.0,-1.44,1,정상
11140615,신당동,문화·취미·반려,11140615_문화·취미·반려,1434799933,3243,-25.06,172.54,단기반등,2,2,100.0,6900000,3450000.0,3900000,0,3000000,8415000.0,100.0,0,주의(매출감소/대출보유)
11710590,송파2동,음식·음료,11710590_음식·음료,4791526052,360662,-2.68,-6.32,지속감소(위험),1,1,100.0,6900000,6900000.0,6900000,0,0,19250000.0,-3.58,1,주의(매출감소/대출보유)
11740660,성내3동,미용·뷰티,11740660_미용·뷰티,1368431002,22283,15.53,-0.28,단기둔화,1,1,100.0,6900000,6900000.0,0,0,6900000,20790000.0,-4.1,1,정상
11680610,대치2동,패션·잡화,11680610_패션·잡화,5587886595,62036,16.32,5.34,지속성장,1,1,100.0,6900000,6900000.0,6900000,0,0,12810000.0,7.53,0,정상
11650590,방배본동,패션·잡화,11650590_패션·잡화,1374119336,8020,26.45,42.84,지속성장,1,1,100.0,6900000,6900000.0,6900000,0,0,14350000.0,30.42,0,정상
11260550,면목5동,자동차·운송서비스,11260550_자동차·운송서비스,1951261238,9393,-26.1,-34.6,지속감소(위험),1,1,100.0,6800000,6800000.0,6800000,0,0,14050000.0,-6.63,1,주의(매출감소/대출보유)
11740570,암사1동,패션·잡화,11740570_패션·잡화,1290152674,40275,9.03,4.61,지속성장,2,1,50.0,6800000,6800000.0,0,0,6800000,9145000.0,-6.32,1,정상
11215860,구의2동,여가·오락,11215860_여가·오락,474181434,26049,-36.63,-32.24,지속감소(위험),1,1,100.0,6700000,6700000.0,0,0,6700000,9020000.0,-35.11,1,주의(매출감소/대출보유)
11530560,구로5동,가구·인테리어,11530560_가구·인테리어,2909163136,7869,-12.19,-7.09,지속감소(위험),1,1,100.0,6700000,6700000.0,6700000,0,0,13870000.0,-10.12,1,주의(매출감소/대출보유)
11410700,남가좌2동,식료품·편의소매,11410700_식료품·편의소매,4019285811,511328,6.58,-2.04,단기둔화,1,1,100.0,6700000,6700000.0,6700000,0,0,15080000.0,-17.38,1,정상
11680580,삼성1동,여가·오락,11680580_여가·오락,2155734900,64618,8.5,-2.0,단기둔화,1,1,100.0,6700000,6700000.0,6700000,0,0,10280000.0,2.1,0,정상
11440590,용강동,가구·인테리어,11440590_가구·인테리어,936210448,20204,32.91,17.14,지속성장,1,1,100.0,6700000,6700000.0,0,0,6700000,11830000.0,26.56,0,정상
11380510,녹번동,식료품·편의소매,11380510_식료품·편의소매,2997619082,359736,-82.07,-82.47,지속감소(위험),1,1,100.0,6600000,6600000.0,6600000,0,0,12620000.0,-70.0,1,주의(매출감소/대출보유)
11350630,상계1동,패션·잡화,11350630_패션·잡화,894234041,11262,2.09,-5.42,단기둔화,1,1,100.0,6600000,6600000.0,0,0,6600000,14870000.0,-0.97,1,정상
11110570,무악동,식료품·편의소매,11110570_식료품·편의소매,1828929551,292973,-2.72,-8.47,지속감소(위험),1,1,100.0,6500000,6500000.0,6500000,0,0,17830000.0,25.13,0,주의(매출감소/대출보유)
11650600,방배1동,패션·잡화,11650600_패션·잡화,1217916766,9925,-21.03,-50.3,지속감소(위험),2,2,100.0,6200000,3100000.0,4800000,1400000,0,5555000.0,-56.84,2,주의(매출감소/대출보유)
11740530,명일1동,패션·잡화,11740530_패션·잡화,2424328461,23204,-9.57,54.56,단기반등,2,1,50.0,6200000,6200000.0,0,6200000,0,14385000.0,50.03,0,주의(매출감소/대출보유)
11590670,신대방1동,식료품·편의소매,11590670_식료품·편의소매,5583083077,527051,-8.81,1.3,단기반등,1,1,100.0,6200000,6200000.0,0,6200000,0,16910000.0,-6.0,1,주의(매출감소/대출보유)
11440740,상암동,전자기기·수리,11440740_전자기기·수리,2083128062,41219,539.45,39.22,지속성장,1,1,100.0,6200000,6200000.0,6200000,0,0,14220000.0,25.64,0,정상
11215780,능동,여가·오락,11215780_여가·오락,542098145,14054,6.38,-8.53,단기둔화,3,2,66.67,6100000,3050000.0,6100000,0,0,5176667.0,-7.14,2,정상
11350619,중계본동,패션·잡화,11350619_패션·잡화,696381976,3634,9.65,11.53,지속성장,1,1,100.0,6100000,6100000.0,0,6100000,0,10930000.0,12.34,0,정상
11305635,수유3동,미용·뷰티,11305635_미용·뷰티,1426120135,37806,22.36,-2.14,단기둔화,1,1,100.0,6100000,6100000.0,0,0,6100000,10130000.0,-24.37,1,정상
11140580,장충동,문화·취미·반려,11140580_문화·취미·반려,2666421508,7541,185.23,22.35,지속성장,1,1,100.0,6100000,6100000.0,0,0,6100000,12130000.0,13.01,0,정상
11380552,갈현2동,여가·오락,11380552_여가·오락,854907087,146994,-17.35,-11.03,지속감소(위험),2,1,50.0,6000000,6000000.0,0,0,6000000,6995000.0,-18.61,1,주의(매출감소/대출보유)
11170560,원효로1동,식료품·편의소매,11170560_식료품·편의소매,2386669668,320890,6.79,-21.0,단기둔화,1,1,100.0,6000000,6000000.0,6000000,0,0,8820000.0,-22.18,1,정상
11230560,전농1동,패션·잡화,11230560_패션·잡화,1263784473,13011,-7.77,23.9,단기반등,3,2,66.67,5900000,2950000.0,5900000,0,0,8373333.0,21.57,0,주의(매출감소/대출보유)
11530760,개봉3동,음식·음료,11530760_음식·음료,4625663438,183507,6.47,-10.03,단기둔화,1,1,100.0,5900000,5900000.0,0,5900000,0,23120000.0,-6.97,1,정상
11380570,대조동,미용·뷰티,11380570_미용·뷰티,1446196964,24451,7.33,-2.51,단기둔화,1,1,100.0,5900000,5900000.0,0,5900000,0,9710000.0,-5.46,1,정상
11620695,신림동,숙박,11620695_숙박,991508249,21858,-14.76,4.89,단기반등,3,1,33.33,5800000,5800000.0,5800000,0,0,6856667.0,0.33,1,주의(매출감소/대출보유)
11350625,중계2·3동,음식·음료,11350625_음식·음료,6204547819,495905,-5.93,-1.91,지속감소(위험),2,1,50.0,5800000,5800000.0,5800000,0,0,19410000.0,-6.99,1,주의(매출감소/대출보유)
11200560,행당1동,자동차·운송서비스,11200560_자동차·운송서비스,439566849,1585,8.49,-46.02,단기둔화,2,2,100.0,5800000,2900000.0,5800000,0,0,5725000.0,-55.25,2,정상
11140590,광희동,여가·오락,11140590_여가·오락,1022850976,101374,87.39,5.63,지속성장,2,2,100.0,5700000,2850000.0,0,4100000,1600000,5890000.0,-3.42,2,정상
11680590,삼성2동,미용·뷰티,11680590_미용·뷰티,4627891062,37284,-11.24,-7.06,지속감소(위험),1,1,100.0,5600000,5600000.0,0,5600000,0,17680000.0,-3.54,1,주의(매출감소/대출보유)
11530780,오류2동,전자기기·수리,11530780_전자기기·수리,1427877447,1889,209.39,149.12,지속성장,1,1,100.0,5600000,5600000.0,0,5600000,0,8840000.0,100.0,0,정상
11140605,을지로동,전자기기·수리,11140605_전자기기·수리,1038832262,10809,-53.21,-51.49,지속감소(위험),1,1,100.0,5500000,5500000.0,0,0,5500000,8060000.0,-44.71,1,주의(매출감소/대출보유)
11260620,묵1동,미용·뷰티,11260620_미용·뷰티,1155291359,19653,-4.45,-5.09,지속감소(위험),1,1,100.0,5500000,5500000.0,5500000,0,0,8030000.0,-19.68,1,주의(매출감소/대출보유)
11140635,약수동,패션·잡화,11140635_패션·잡화,720188976,7809,99.16,49.86,지속성장,1,1,100.0,5500000,5500000.0,5500000,0,0,10350000.0,54.99,0,정상
11140550,명동,문화·취미·반려,11140550_문화·취미·반려,3721002618,56381,-19.31,5.21,단기반등,1,1,100.0,5400000,5400000.0,0,0,5400000,12010000.0,8.58,0,주의(매출감소/대출보유)
11290590,돈암2동,식료품·편의소매,11290590_식료품·편의소매,1347706991,125088,-4.27,-5.5,지속감소(위험),1,1,100.0,5400000,5400000.0,5400000,0,0,9910000.0,-9.95,1,주의(매출감소/대출보유)
11230740,이문1동,자동차·운송서비스,11230740_자동차·운송서비스,786996198,3693,-3.18,-11.22,지속감소(위험),1,1,100.0,5400000,5400000.0,0,0,5400000,13070000.0,-11.93,1,주의(매출감소/대출보유)
11290525,성북동,식료품·편의소매,11290525_식료품·편의소매,3220434099,220823,-1.36,-3.03,지속감소(위험),1,1,100.0,5300000,5300000.0,0,5300000,0,11260000.0,7.63,0,주의(매출감소/대출보유)
11260655,망우본동,미용·뷰티,11260655_미용·뷰티,2106909062,28121,24.42,18.64,지속성장,1,1,100.0,5300000,5300000.0,5300000,0,0,17600000.0,22.04,0,정상
11650600,방배1동,전자기기·수리,11650600_전자기기·수리,1095223438,80255,12182.93,15.25,지속성장,1,1,100.0,5300000,5300000.0,0,0,5300000,11390000.0,9.52,0,정상
11530510,신도림동,문화·취미·반려,11530510_문화·취미·반려,771657823,1949,2.82,209.4,지속성장,2,2,100.0,5200000,2600000.0,800000,4400000,0,4675000.0,100.0,0,정상
11530770,오류1동,패션·잡화,11530770_패션·잡화,1408897178,11971,3.51,17.01,지속성장,1,1,100.0,5200000,5200000.0,5200000,0,0,10180000.0,-3.79,1,정상
11530760,개봉3동,여가·오락,11530760_여가·오락,467600679,52635,12.04,1.68,지속성장,3,2,66.67,5200000,2600000.0,5200000,0,0,5593333.0,4.84,1,정상
11470650,신정4동,여가·오락,11470650_여가·오락,1936188729,172483,8.86,11.6,지속성장,1,1,100.0,5100000,5100000.0,0,5100000,0,20360000.0,16.1,0,정상
11215860,구의2동,전자기기·수리,11215860_전자기기·수리,1211537986,11993,893.54,16.85,지속성장,2,2,100.0,5000000,2500000.0,0,0,5000000,5320000.0,2.15,1,정상
11530720,고척1동,미용·뷰티,11530720_미용·뷰티,544893438,12508,-6.92,-23.95,지속감소(위험),1,1,100.0,4900000,4900000.0,4900000,0,0,7290000.0,-20.3,1,주의(매출감소/대출보유)
11710566,오륜동,음식·음료,11710566_음식·음료,1682191321,80398,6.11,33.21,지속성장,1,1,100.0,4900000,4900000.0,0,4900000,0,18760000.0,39.68,0,정상
11200560,행당1동,미용·뷰티,11200560_미용·뷰티,1348220120,19255,7.73,1.33,지속성장,3,2,66.67,4800000,2400000.0,4800000,0,0,7966667.0,-0.7,1,정상
11650530,서초3동,가구·인테리어,11650530_가구·인테리어,878972164,29073,14.18,28.86,지속성장,1,1,100.0,4800000,4800000.0,0,0,4800000,8580000.0,25.79,0,정상
11680750,수서동,미용·뷰티,11680750_미용·뷰티,2660603017,21604,19.36,-19.96,단기둔화,2,1,50.0,4700000,4700000.0,0,4700000,0,13865000.0,-16.79,2,정상
11200620,금호4가동,미용·뷰티,11200620_미용·뷰티,240504165,4275,-22.16,-10.17,지속감소(위험),1,1,100.0,4600000,4600000.0,0,4600000,0,8720000.0,-4.07,1,주의(매출감소/대출보유)
11500611,발산1동,자동차·운송서비스,11500611_자동차·운송서비스,1226987985,7940,-15.33,-34.6,지속감소(위험),1,1,100.0,4600000,4600000.0,4600000,0,0,14060000.0,-42.88,1,주의(매출감소/대출보유)
11560720,대림3동,패션·잡화,11560720_패션·잡화,1350358132,23689,-3.35,3.68,단기반등,2,1,50.0,4600000,4600000.0,0,0,4600000,13020000.0,9.71,0,주의(매출감소/대출보유)
11560535,영등포동,가구·인테리어,11560535_가구·인테리어,2537664216,33587,-46.26,38.68,단기반등,1,1,100.0,4500000,4500000.0,0,4500000,0,13750000.0,45.82,0,주의(매출감소/대출보유)
11620765,미성동,가구·인테리어,11620765_가구·인테리어,1843099231,22793,-14.54,18.3,단기반등,1,1,100.0,4500000,4500000.0,4500000,0,0,9780000.0,11.16,0,주의(매출감소/대출보유)
11470620,신정1동,패션·잡화,11470620_패션·잡화,1072329068,10998,-11.23,13.41,단기반등,1,1,100.0,4500000,4500000.0,4500000,0,0,10810000.0,-0.26,1,주의(매출감소/대출보유)
11380510,녹번동,문화·취미·반려,11380510_문화·취미·반려,3814114563,16263,-1.3,7.72,단기반등,1,1,100.0,4500000,4500000.0,4500000,0,0,22200000.0,15.25,0,주의(매출감소/대출보유)
11410655,홍제2동,식료품·편의소매,11410655_식료품·편의소매,913438324,71319,0.92,28.25,지속성장,3,2,66.67,4500000,2250000.0,2700000,1800000,0,5643333.0,17.49,0,정상
11740520,상일동,식료품·편의소매,11740520_식료품·편의소매,1882963092,217035,8.4,0.96,지속성장,1,1,100.0,4500000,4500000.0,4500000,0,0,15300000.0,-4.59,1,정상
11620565,성현동,음식·음료,11620565_음식·음료,907157566,72666,27.6,-15.17,단기둔화,1,1,100.0,4400000,4400000.0,4400000,0,0,7640000.0,-32.9,1,정상
11440680,합정동,미용·뷰티,11440680_미용·뷰티,1677063027,16059,30.29,-4.82,단기둔화,1,1,100.0,4400000,4400000.0,0,4400000,0,17690000.0,16.29,0,정상
11200590,금호1가동,식료품·편의소매,11200590_식료품·편의소매,405188423,52183,-4.17,6.13,단기반등,2,1,50.0,4300000,4300000.0,4300000,0,0,6430000.0,17.38,0,주의(매출감소/대출보유)
11215830,자양2동,가구·인테리어,11215830_가구·인테리어,1275322865,30705,30.94,96.6,지속성장,2,1,50.0,4300000,4300000.0,0,0,4300000,8680000.0,92.13,0,정상
11740700,둔촌2동,자동차·운송서비스,11740700_자동차·운송서비스,594997085,3346,34.13,47.69,지속성장,2,2,100.0,4300000,2150000.0,4300000,0,0,4635000.0,60.21,0,정상
11680656,도곡2동,여가·오락,11680656_여가·오락,668399523,12290,-6.95,-45.95,지속감소(위험),1,1,100.0,4200000,4200000.0,0,0,4200000,5650000.0,-51.64,1,주의(매출감소/대출보유)
11290810,석관동,미용·뷰티,11290810_미용·뷰티,2034426244,30760,1.38,-4.17,단기둔화,1,1,100.0,4200000,4200000.0,0,4200000,0,14560000.0,-15.01,1,정상
11380590,응암2동,음식·음료,11380590_음식·음료,1673586912,45235,-5.08,-15.8,지속감소(위험),1,1,100.0,4100000,4100000.0,0,4100000,0,11510000.0,-3.01,1,주의(매출감소/대출보유)
11305608,번3동,미용·뷰티,11305608_미용·뷰티,497104380,11763,20.26,-15.9,단기둔화,2,1,50.0,4100000,4100000.0,0,0,4100000,5295000.0,-13.54,2,정상
11620765,미성동,자동차·운송서비스,11620765_자동차·운송서비스,1226998011,4772,22.64,0.7,지속성장,2,1,50.0,4100000,4100000.0,0,4100000,0,6905000.0,-15.6,2,정상
11530510,신도림동,여가·오락,11530510_여가·오락,621223151,93601,-38.02,6.95,단기반등,1,1,100.0,4000000,4000000.0,4000000,0,0,9410000.0,-6.71,1,주의(매출감소/대출보유)
11710580,송파1동,자동차·운송서비스,11710580_자동차·운송서비스,1170657286,8219,-22.35,-20.83,지속감소(위험),2,1,50.0,4000000,4000000.0,0,0,4000000,6060000.0,-19.84,2,주의(매출감소/대출보유)
11290575,동선동,식료품·편의소매,11290575_식료품·편의소매,4780011621,512359,-22.19,5.2,단기반등,1,1,100.0,4000000,4000000.0,4000000,0,0,19980000.0,1.11,0,주의(매출감소/대출보유)
11350570,월계2동,음식·음료,11350570_음식·음료,1139758109,109373,-2.42,27.09,단기반등,1,1,100.0,4000000,4000000.0,0,0,4000000,7000000.0,13.3,0,주의(매출감소/대출보유)
11320514,창4동,여가·오락,11320514_여가·오락,1159131091,161748,36.81,6.68,지속성장,1,1,100.0,4000000,4000000.0,0,4000000,0,12780000.0,-0.83,1,정상
11680690,개포4동,자동차·운송서비스,11680690_자동차·운송서비스,2883368505,15130,-1.51,-18.7,지속감소(위험),1,1,100.0,3900000,3900000.0,3900000,0,0,17850000.0,-4.56,1,주의(매출감소/대출보유)
11545710,시흥5동,패션·잡화,11545710_패션·잡화,2592803972,12632,10.82,117.73,지속성장,2,1,50.0,3900000,3900000.0,0,3900000,0,16895000.0,100.0,0,정상
11440610,염리동,자동차·운송서비스,11440610_자동차·운송서비스,462036112,1908,-12.98,-20.96,지속감소(위험),1,1,100.0,3800000,3800000.0,3800000,0,0,5380000.0,-15.35,1,주의(매출감소/대출보유)
11305615,수유1동,숙박,11305615_숙박,305292083,14631,2.22,-33.97,단기둔화,3,3,100.0,3800000,1266667.0,3800000,0,0,1826667.0,-31.02,3,정상
11440655,서강동,패션·잡화,11440655_패션·잡화,1020527535,12546,-25.13,-22.81,지속감소(위험),1,1,100.0,3600000,3600000.0,0,0,3600000,12210000.0,-22.69,1,주의(매출감소/대출보유)
11545680,시흥2동,식료품·편의소매,11545680_식료품·편의소매,738097518,85373,9.43,1.44,지속성장,1,1,100.0,3600000,3600000.0,3600000,0,0,5010000.0,-18.23,1,정상
11545680,시흥2동,미용·뷰티,11545680_미용·뷰티,234468487,6676,-67.72,-53.62,지속감소(위험),1,1,100.0,3500000,3500000.0,0,3500000,0,4350000.0,-59.05,1,주의(매출감소/대출보유)
11140605,을지로동,패션·잡화,11140605_패션·잡화,1338156742,26311,-44.62,-30.17,지속감소(위험),1,1,100.0,3500000,3500000.0,3500000,0,0,6290000.0,-8.26,1,주의(매출감소/대출보유)
11200650,성수1가1동,자동차·운송서비스,11200650_자동차·운송서비스,646967012,2436,-3.79,-7.51,지속감소(위험),1,1,100.0,3500000,3500000.0,3500000,0,0,5720000.0,-15.39,1,주의(매출감소/대출보유)
11680740,일원2동,음식·음료,11680740_음식·음료,620590753,38654,-0.07,-5.75,지속감소(위험),1,1,100.0,3500000,3500000.0,0,3500000,0,6020000.0,-15.48,1,주의(매출감소/대출보유)
11560710,대림2동,미용·뷰티,11560710_미용·뷰티,982747131,25311,2.12,-0.63,단기둔화,1,1,100.0,3500000,3500000.0,0,0,3500000,5350000.0,-2.78,1,정상
11680656,도곡2동,패션·잡화,11680656_패션·잡화,2452236925,19802,-64.09,15.43,단기반등,2,1,50.0,3400000,3400000.0,0,0,3400000,12830000.0,23.68,0,주의(매출감소/대출보유)
11320521,도봉1동,여가·오락,11320521_여가·오락,672408554,10393,-37.04,-10.65,지속감소(위험),1,1,100.0,3400000,3400000.0,3400000,0,0,6280000.0,-20.47,1,주의(매출감소/대출보유)
11350710,상계9동,패션·잡화,11350710_패션·잡화,1410267699,10517,-10.71,-24.63,지속감소(위험),1,1,100.0,3400000,3400000.0,3400000,0,0,4450000.0,-30.04,1,주의(매출감소/대출보유)
11530550,구로4동,미용·뷰티,11530550_미용·뷰티,958022761,36167,0.34,-14.92,단기둔화,1,1,100.0,3400000,3400000.0,0,0,3400000,8730000.0,-31.65,1,정상
11650652,양재2동,가구·인테리어,11650652_가구·인테리어,1397199916,25007,-46.03,19.62,단기반등,2,1,50.0,3300000,3300000.0,3300000,0,0,8400000.0,27.92,0,주의(매출감소/대출보유)
11680521,논현1동,패션·잡화,11680521_패션·잡화,4511969480,26834,-7.51,14.07,단기반등,2,1,50.0,3300000,3300000.0,0,3300000,0,17165000.0,5.69,0,주의(매출감소/대출보유)
11290575,동선동,여가·오락,11290575_여가·오락,1441077494,213835,-6.26,-5.88,지속감소(위험),1,1,100.0,3300000,3300000.0,0,0,3300000,13930000.0,-20.46,1,주의(매출감소/대출보유)
11440740,상암동,미용·뷰티,11440740_미용·뷰티,2300199969,27864,-4.09,-0.96,지속감소(위험),1,1,100.0,3300000,3300000.0,0,3300000,0,5970000.0,-1.57,1,주의(매출감소/대출보유)
11710647,위례동,미용·뷰티,11710647_미용·뷰티,560088104,6705,15.48,0.16,지속성장,2,1,50.0,3300000,3300000.0,3300000,0,0,5810000.0,2.76,1,정상
11230730,휘경2동,문화·취미·반려,11230730_문화·취미·반려,704220482,3811,76.15,357.09,지속성장,1,1,100.0,3300000,3300000.0,3300000,0,0,7130000.0,100.0,0,정상
11170560,원효로1동,자동차·운송서비스,11170560_자동차·운송서비스,496453549,2490,-18.66,-3.47,지속감소(위험),1,1,100.0,3200000,3200000.0,3200000,0,0,4740000.0,-22.04,1,주의(매출감소/대출보유)
11680740,일원2동,식료품·편의소매,11680740_식료품·편의소매,1848726895,227739,-3.01,-9.13,지속감소(위험),1,1,100.0,3200000,3200000.0,0,0,3200000,13010000.0,-14.69,1,주의(매출감소/대출보유)
11470620,신정1동,자동차·운송서비스,11470620_자동차·운송서비스,1009746651,6565,-2.97,-5.72,지속감소(위험),1,1,100.0,3200000,3200000.0,3200000,0,0,7790000.0,7.69,0,주의(매출감소/대출보유)
11650540,잠원동,가구·인테리어,11650540_가구·인테리어,2104121752,12587,14.52,29.0,지속성장,1,1,100.0,3200000,3200000.0,3200000,0,0,8090000.0,22.2,0,정상
11650510,서초1동,가구·인테리어,11650510_가구·인테리어,653091844,7172,58.45,-52.76,단기둔화,1,1,100.0,3200000,3200000.0,3200000,0,0,6340000.0,-53.51,1,정상
11380690,진관동,식료품·편의소매,11380690_식료품·편의소매,1484840248,195096,-22.59,-17.51,지속감소(위험),1,1,100.0,3100000,3100000.0,0,0,3100000,6460000.0,-31.82,1,주의(매출감소/대출보유)
11380590,응암2동,자동차·운송서비스,11380590_자동차·운송서비스,816859622,3401,-19.13,-15.25,지속감소(위험),2,1,50.0,3100000,3100000.0,3100000,0,0,6665000.0,-15.88,2,주의(매출감소/대출보유)
11170700,보광동,음식·음료,11170700_음식·음료,4025813414,100217,-3.47,-3.54,지속감소(위험),1,1,100.0,3100000,3100000.0,3100000,0,0,17430000.0,6.27,0,주의(매출감소/대출보유)
11440730,성산2동,문화·취미·반려,11440730_문화·취미·반려,390436603,4427,-39.34,-29.87,지속감소(위험),1,1,100.0,3000000,3000000.0,0,3000000,0,5350000.0,-25.84,1,주의(매출감소/대출보유)
11440740,상암동,패션·잡화,11440740_패션·잡화,925585603,11425,-18.83,3.59,단기반등,1,1,100.0,3000000,3000000.0,3000000,0,0,5760000.0,17.63,0,주의(매출감소/대출보유)
11545710,시흥5동,미용·뷰티,11545710_미용·뷰티,385256953,11026,-10.79,-25.49,지속감소(위험),3,2,66.67,3000000,1500000.0,2400000,0,600000,2686667.0,-25.66,3,주의(매출감소/대출보유)
11320670,쌍문2동,패션·잡화,11320670_패션·잡화,673548390,5482,7.25,4.7,지속성장,1,1,100.0,3000000,3000000.0,0,3000000,0,6340000.0,-4.89,1,정상
11260610,중화2동,패션·잡화,11260610_패션·잡화,1113077063,21825,30.42,8.3,지속성장,1,1,100.0,3000000,3000000.0,3000000,0,0,8150000.0,18.43,0,정상
11500550,화곡2동,음식·음료,11500550_음식·음료,953137200,46880,-20.69,-11.27,지속감소(위험),2,1,50.0,2900000,2900000.0,2900000,0,0,13640000.0,-24.64,2,주의(매출감소/대출보유)
11140615,신당동,미용·뷰티,11140615_미용·뷰티,1270185369,26986,-11.58,48.84,단기반등,2,1,50.0,2900000,2900000.0,2900000,0,0,4685000.0,59.38,0,주의(매출감소/대출보유)
11380625,역촌동,미용·뷰티,11380625_미용·뷰티,1229430026,36591,-10.18,-7.73,지속감소(위험),1,1,100.0,2900000,2900000.0,2900000,0,0,11220000.0,-13.44,1,주의(매출감소/대출보유)
11260630,묵2동,전자기기·수리,11260630_전자기기·수리,759479601,3422,-9.09,-28.23,지속감소(위험),2,1,50.0,2900000,2900000.0,2900000,0,0,5660000.0,-19.42,2,주의(매출감소/대출보유)
11650621,방배4동,자동차·운송서비스,11650621_자동차·운송서비스,1936857926,14928,-6.34,7.25,단기반등,1,1,100.0,2900000,2900000.0,0,2900000,0,10990000.0,-25.08,1,주의(매출감소/대출보유)
11200645,옥수동,식료품·편의소매,11200645_식료품·편의소매,568961615,53820,-3.15,-6.42,지속감소(위험),1,1,100.0,2900000,2900000.0,2900000,0,0,6040000.0,-2.5,1,주의(매출감소/대출보유)
11320515,창5동,미용·뷰티,11320515_미용·뷰티,923424256,22109,-18.32,6.7,단기반등,1,1,100.0,2800000,2800000.0,0,2800000,0,5650000.0,13.6,0,주의(매출감소/대출보유)
11740610,천호2동,자동차·운송서비스,11740610_자동차·운송서비스,3288701702,18686,13.31,-4.11,단기둔화,1,1,100.0,2800000,2800000.0,2800000,0,0,15220000.0,-4.61,1,정상
11440730,성산2동,전자기기·수리,11440730_전자기기·수리,353202148,7753,407.85,382.09,지속성장,2,2,100.0,2800000,1400000.0,1600000,1200000,0,2460000.0,100.0,0,정상
11740540,명일2동,미용·뷰티,11740540_미용·뷰티,652894156,15035,-34.44,-17.97,지속감소(위험),1,1,100.0,2700000,2700000.0,2700000,0,0,5270000.0,-14.89,1,주의(매출감소/대출보유)
11140590,광희동,숙박,11140590_숙박,604347702,8063,-29.82,0.44,단기반등,1,1,100.0,2700000,2700000.0,0,0,2700000,4440000.0,-12.67,1,주의(매출감소/대출보유)
11140635,약수동,문화·취미·반려,11140635_문화·취미·반려,1830292493,82483,-19.16,2.2,단기반등,1,1,100.0,2700000,2700000.0,0,2700000,0,8180000.0,10.4,0,주의(매출감소/대출보유)
11260575,면목3·8동,미용·뷰티,11260575_미용·뷰티,888731947,22787,-14.31,-7.98,지속감소(위험),1,1,100.0,2700000,2700000.0,0,2700000,0,5410000.0,-13.55,1,주의(매출감소/대출보유)
11560660,신길4동,식료품·편의소매,11560660_식료품·편의소매,1457552888,153342,-2.29,15.2,단기반등,1,1,100.0,2700000,2700000.0,0,2700000,0,11670000.0,26.0,0,주의(매출감소/대출보유)
11260630,묵2동,자동차·운송서비스,11260630_자동차·운송서비스,668210893,4148,8.53,-31.23,단기둔화,1,1,100.0,2700000,2700000.0,0,0,2700000,4650000.0,-5.51,1,정상
11350700,상계8동,식료품·편의소매,11350700_식료품·편의소매,574376208,65189,30.06,2.31,지속성장,1,1,100.0,2700000,2700000.0,0,0,2700000,4880000.0,-15.3,1,정상
11140680,중림동,가구·인테리어,11140680_가구·인테리어,838774920,895,111.2,-20.84,단기둔화,1,1,100.0,2700000,2700000.0,2700000,0,0,5020000.0,-45.33,1,정상
11500520,등촌1동,전자기기·수리,11500520_전자기기·수리,144914527,1806,-85.52,-49.66,지속감소(위험),1,1,100.0,2600000,2600000.0,0,2600000,0,4580000.0,-70.0,1,주의(매출감소/대출보유)
11710610,삼전동,여가·오락,11710610_여가·오락,532716901,5435,-65.25,-12.59,지속감소(위험),1,1,100.0,2600000,2600000.0,2600000,0,0,6570000.0,-15.32,1,주의(매출감소/대출보유)
11230570,전농2동,식료품·편의소매,11230570_식료품·편의소매,1426148020,253346,-10.98,-5.71,지속감소(위험),1,1,100.0,2600000,2600000.0,2600000,0,0,4920000.0,5.39,0,주의(매출감소/대출보유)
11230660,장안2동,여가·오락,11230660_여가·오락,850620297,68251,-8.91,-4.05,지속감소(위험),1,1,100.0,2600000,2600000.0,0,0,2600000,8240000.0,3.0,0,주의(매출감소/대출보유)
11470630,신정2동,자동차·운송서비스,11470630_자동차·운송서비스,1781715467,10721,-1.54,-13.61,지속감소(위험),1,1,100.0,2600000,2600000.0,2600000,0,0,9300000.0,-29.28,1,주의(매출감소/대출보유)
11530750,개봉2동,패션·잡화,11530750_패션·잡화,934546820,12827,-0.83,-7.92,지속감소(위험),1,1,100.0,2600000,2600000.0,2600000,0,0,5090000.0,-26.97,1,주의(매출감소/대출보유)
11290610,보문동,자동차·운송서비스,11290610_자동차·운송서비스,819648228,4138,1.78,-8.08,단기둔화,1,1,100.0,2600000,2600000.0,2600000,0,0,4670000.0,-0.39,1,정상
11410700,남가좌2동,여가·오락,11410700_여가·오락,542546429,73798,1.91,-1.76,단기둔화,2,2,100.0,2600000,1300000.0,1700000,900000,0,3105000.0,-4.77,1,정상
11350595,공릉1동,가구·인테리어,11350595_가구·인테리어,1907338257,14116,7.05,86.98,지속성장,1,1,100.0,2600000,2600000.0,2600000,0,0,16620000.0,96.04,0,정상
11650610,방배2동,자동차·운송서비스,11650610_자동차·운송서비스,802244487,6140,7.26,-9.33,단기둔화,2,1,50.0,2600000,2600000.0,2600000,0,0,4530000.0,-12.81,2,정상
11350600,공릉2동,패션·잡화,11350600_패션·잡화,512856047,4527,10.49,2.05,지속성장,1,1,100.0,2600000,2600000.0,0,0,2600000,4560000.0,-16.12,1,정상
11110515,청운효자동,패션·잡화,11110515_패션·잡화,1061716716,10492,46.88,-9.54,단기둔화,1,1,100.0,2600000,2600000.0,0,2600000,0,5250000.0,-11.15,1,정상
11440600,대흥동,패션·잡화,11440600_패션·잡화,189296778,2320,-35.02,44.21,단기반등,1,1,100.0,2500000,2500000.0,0,2500000,0,4580000.0,39.15,0,주의(매출감소/대출보유)
11710540,마천1동,음식·음료,11710540_음식·음료,1695350462,116911,-33.74,-4.86,지속감소(위험),1,1,100.0,2500000,2500000.0,2500000,0,0,8470000.0,4.05,0,주의(매출감소/대출보유)
11470530,목3동,여가·오락,11470530_여가·오락,445907413,13234,-27.1,12.08,단기반등,2,1,50.0,2500000,2500000.0,0,0,2500000,3685000.0,19.55,0,주의(매출감소/대출보유)
11380552,갈현2동,미용·뷰티,11380552_미용·뷰티,1251743221,26751,-3.57,5.55,단기반등,1,1,100.0,2500000,2500000.0,2500000,0,0,5380000.0,-5.23,1,주의(매출감소/대출보유)
11650520,서초2동,여가·오락,11650520_여가·오락,502991830,6782,-0.2,14.62,단기반등,2,1,50.0,2500000,2500000.0,2500000,0,0,3835000.0,-2.93,1,주의(매출감소/대출보유)
11710641,문정1동,미용·뷰티,11710641_미용·뷰티,857665448,8710,32.91,52.56,지속성장,1,1,100.0,2500000,2500000.0,0,0,2500000,6280000.0,47.26,0,정상
11380650,수색동,패션·잡화,11380650_패션·잡화,285062724,3020,39.29,32.77,지속성장,3,2,66.67,2500000,1250000.0,2500000,0,0,2240000.0,28.93,0,정상
11740600,천호1동,패션·잡화,11740600_패션·잡화,3425912551,39881,64.98,87.52,지속성장,1,1,100.0,2500000,2500000.0,2500000,0,0,14230000.0,91.37,0,정상
11230536,용신동,미용·뷰티,11230536_미용·뷰티,1295054878,12144,-39.54,-38.06,지속감소(위험),1,1,100.0,2400000,2400000.0,2400000,0,0,5340000.0,-30.04,1,주의(매출감소/대출보유)
11500535,등촌3동,여가·오락,11500535_여가·오락,839719421,64288,-37.42,-3.92,지속감소(위험),1,1,100.0,2400000,2400000.0,2400000,0,0,4390000.0,22.47,0,주의(매출감소/대출보유)
11545610,독산1동,미용·뷰티,11545610_미용·뷰티,1326931010,19991,3.77,8.63,지속성장,1,1,100.0,2400000,2400000.0,2400000,0,0,11350000.0,11.91,0,정상
11290810,석관동,패션·잡화,11290810_패션·잡화,1129730109,20905,3.89,1.79,지속성장,2,1,50.0,2400000,2400000.0,2400000,0,0,15270000.0,-5.0,1,정상
11500530,등촌2동,식료품·편의소매,11500530_식료품·편의소매,1240052355,106072,10.48,2.75,지속성장,1,1,100.0,2400000,2400000.0,2400000,0,0,4840000.0,-9.94,1,정상
11110650,혜화동,여가·오락,11110650_여가·오락,738594720,215966,12.23,-13.13,단기둔화,1,1,100.0,2400000,2400000.0,0,0,2400000,4320000.0,-2.98,1,정상
11470570,신월2동,문화·취미·반려,11470570_문화·취미·반려,477992206,19647,67.07,43.43,지속성장,1,1,100.0,2400000,2400000.0,2400000,0,0,6930000.0,42.86,0,정상
11440630,신수동,문화·취미·반려,11440630_문화·취미·반려,2021039976,6355,92.0,299.2,지속성장,1,1,100.0,2400000,2400000.0,2400000,0,0,15720000.0,100.0,0,정상
11650540,잠원동,숙박,11650540_숙박,280236540,2888,-15.59,-5.31,지속감소(위험),2,2,100.0,2300000,1150000.0,1100000,0,1200000,3210000.0,-2.71,1,주의(매출감소/대출보유)
11215820,자양1동,문화·취미·반려,11215820_문화·취미·반려,837848274,5390,-13.34,184.14,단기반등,1,1,100.0,2300000,2300000.0,2300000,0,0,6100000.0,100.0,0,주의(매출감소/대출보유)
11305635,수유3동,문화·취미·반려,11305635_문화·취미·반려,715170920,11863,-11.7,22.55,단기반등,1,1,100.0,2300000,2300000.0,2300000,0,0,4960000.0,14.98,0,주의(매출감소/대출보유)
11140670,황학동,자동차·운송서비스,11140670_자동차·운송서비스,764151053,3345,-2.26,14.99,단기반등,1,1,100.0,2300000,2300000.0,2300000,0,0,4150000.0,17.99,0,주의(매출감소/대출보유)
11560605,문래동,여가·오락,11560605_여가·오락,556966555,12336,9.05,20.34,지속성장,1,1,100.0,2300000,2300000.0,0,2300000,0,7210000.0,19.14,0,정상
11710632,가락2동,여가·오락,11710632_여가·오락,1006495089,118031,40.35,-2.62,단기둔화,1,1,100.0,2300000,2300000.0,0,2300000,0,7040000.0,17.02,0,정상
11650590,방배본동,문화·취미·반려,11650590_문화·취미·반려,846164152,11704,63.86,119.49,지속성장,1,1,100.0,2300000,2300000.0,2300000,0,0,8790000.0,100.0,0,정상
11230740,이문1동,여가·오락,11230740_여가·오락,304065468,63745,-45.74,-24.59,지속감소(위험),1,1,100.0,2200000,2200000.0,2200000,0,0,3170000.0,-20.62,1,주의(매출감소/대출보유)
11215730,군자동,자동차·운송서비스,11215730_자동차·운송서비스,618216755,2988,-25.29,-16.15,지속감소(위험),1,1,100.0,2200000,2200000.0,2200000,0,0,4640000.0,-33.72,1,주의(매출감소/대출보유)
11710531,거여1동,자동차·운송서비스,11710531_자동차·운송서비스,274515325,1502,-5.53,-44.23,지속감소(위험),2,1,50.0,2200000,2200000.0,2200000,0,0,3215000.0,-39.61,2,주의(매출감소/대출보유)
11740530,명일1동,여가·오락,11740530_여가·오락,531564768,21513,7.7,12.63,지속성장,3,1,33.33,2200000,2200000.0,2200000,0,0,3690000.0,8.63,1,정상
11140625,다산동,여가·오락,11140625_여가·오락,573815142,19242,15.63,36.86,지속성장,1,1,100.0,2200000,2200000.0,2200000,0,0,6630000.0,13.49,0,정상
11230536,용신동,자동차·운송서비스,11230536_자동차·운송서비스,1223482309,6548,30.93,19.59,지속성장,1,1,100.0,2200000,2200000.0,0,0,2200000,5980000.0,29.07,0,정상
11230660,장안2동,전자기기·수리,11230660_전자기기·수리,1109893809,17851,347.74,6.18,지속성장,1,1,100.0,2200000,2200000.0,2200000,0,0,4290000.0,-13.29,1,정상
11140680,중림동,문화·취미·반려,11140680_문화·취미·반려,542536135,22629,-64.2,-62.44,지속감소(위험),1,1,100.0,2100000,2100000.0,2100000,0,0,4670000.0,-34.84,1,주의(매출감소/대출보유)
11200670,성수2가1동,가구·인테리어,11200670_가구·인테리어,607699038,17554,-19.41,-3.37,지속감소(위험),1,1,100.0,2100000,2100000.0,0,0,2100000,3490000.0,3.99,0,주의(매출감소/대출보유)
11740650,성내2동,가구·인테리어,11740650_가구·인테리어,3348872863,17847,-10.13,89.68,단기반등,1,1,100.0,2100000,2100000.0,0,2100000,0,12890000.0,96.03,0,주의(매출감소/대출보유)
11650620,방배3동,미용·뷰티,11650620_미용·뷰티,483757020,5050,-7.45,1.81,단기반등,1,1,100.0,2100000,2100000.0,2100000,0,0,7040000.0,-27.21,1,주의(매출감소/대출보유)
11680531,논현2동,숙박,11680531_숙박,226502332,3286,-3.38,-1.35,지속감소(위험),1,1,100.0,2100000,2100000.0,0,2100000,0,3000000.0,-14.96,1,주의(매출감소/대출보유)
11110680,창신2동,가구·인테리어,11110680_가구·인테리어,1788436,253,5.41,-60.0,단기둔화,3,3,100.0,2100000,700000.0,800000,0,1300000,1000000.0,-50.16,3,정상
11590550,상도3동,패션·잡화,11590550_패션·잡화,2484910011,24636,27.69,42.88,지속성장,1,1,100.0,2100000,2100000.0,0,2100000,0,5480000.0,45.97,0,정상
11200660,성수1가2동,미용·뷰티,11200660_미용·뷰티,755463994,15395,35.18,7.67,지속성장,1,1,100.0,2100000,2100000.0,0,0,2100000,4150000.0,21.22,0,정상
11200720,송정동,가구·인테리어,11200720_가구·인테리어,994195858,25977,-43.27,-35.99,지속감소(위험),1,1,100.0,2000000,2000000.0,2000000,0,0,4060000.0,-59.63,1,주의(매출감소/대출보유)
11650550,반포본동,패션·잡화,11650550_패션·잡화,483162624,1102,-32.58,87.39,단기반등,1,1,100.0,2000000,2000000.0,2000000,0,0,3360000.0,78.67,0,주의(매출감소/대출보유)
11290610,보문동,미용·뷰티,11290610_미용·뷰티,334122716,13457,-21.14,-12.16,지속감소(위험),1,1,100.0,2000000,2000000.0,2000000,0,0,3890000.0,-0.83,1,주의(매출감소/대출보유)
11590530,상도1동,문화·취미·반려,11590530_문화·취미·반려,699939062,9053,-12.55,-16.73,지속감소(위험),1,1,100.0,2000000,2000000.0,0,0,2000000,3160000.0,-8.48,1,주의(매출감소/대출보유)
11470600,신월5동,여가·오락,11470600_여가·오락,317512712,7378,-3.98,12.09,단기반등,2,1,50.0,2000000,2000000.0,0,0,2000000,2175000.0,12.49,0,주의(매출감소/대출보유)
11500570,화곡4동,가구·인테리어,11500570_가구·인테리어,431082813,4674,-1.65,8.27,단기반등,1,1,100.0,2000000,2000000.0,0,2000000,0,8080000.0,4.89,0,주의(매출감소/대출보유)
11710650,잠실본동,가구·인테리어,11710650_가구·인테리어,1524998287,49583,-0.84,9.94,단기반등,1,1,100.0,2000000,2000000.0,0,0,2000000,4030000.0,18.9,0,주의(매출감소/대출보유)
11320522,도봉2동,자동차·운송서비스,11320522_자동차·운송서비스,641227613,4527,1.87,-14.58,단기둔화,1,1,100.0,2000000,2000000.0,2000000,0,0,2730000.0,-47.57,1,정상
11500535,등촌3동,자동차·운송서비스,11500535_자동차·운송서비스,1190468459,27193,2.2,-21.5,단기둔화,1,1,100.0,2000000,2000000.0,2000000,0,0,5190000.0,-17.16,1,정상
11410660,홍은1동,패션·잡화,11410660_패션·잡화,511507137,6531,6.31,-5.37,단기둔화,1,1,100.0,2000000,2000000.0,2000000,0,0,5350000.0,8.98,0,정상
11740530,명일1동,자동차·운송서비스,11740530_자동차·운송서비스,285280436,1403,6.49,-1.37,단기둔화,1,1,100.0,2000000,2000000.0,0,0,2000000,4170000.0,-6.28,1,정상
11560515,영등포본동,미용·뷰티,11560515_미용·뷰티,942676144,29080,16.9,13.06,지속성장,1,1,100.0,2000000,2000000.0,2000000,0,0,8560000.0,19.33,0,정상
11545630,독산3동,가구·인테리어,11545630_가구·인테리어,532185233,11060,37.55,12.86,지속성장,1,1,100.0,2000000,2000000.0,0,2000000,0,5100000.0,14.88,0,정상
11530595,가리봉동,여가·오락,11530595_여가·오락,774741042,89402,-19.7,-12.48,지속감소(위험),1,1,100.0,1900000,1900000.0,1900000,0,0,7320000.0,-1.21,1,주의(매출감소/대출보유)
11410555,북아현동,식료품·편의소매,11410555_식료품·편의소매,2792549658,261083,-12.8,-12.89,지속감소(위험),1,1,100.0,1900000,1900000.0,0,0,1900000,7310000.0,-25.57,1,주의(매출감소/대출보유)
11530750,개봉2동,여가·오락,11530750_여가·오락,417462142,59083,-5.04,-13.41,지속감소(위험),1,1,100.0,1900000,1900000.0,0,0,1900000,5810000.0,-13.52,1,주의(매출감소/대출보유)
11305535,미아동,자동차·운송서비스,11305535_자동차·운송서비스,452779044,1809,21.47,4.96,지속성장,2,1,50.0,1900000,1900000.0,0,0,1900000,3545000.0,8.34,0,정상
11290705,종암동,가구·인테리어,11290705_가구·인테리어,1108144364,20109,139.61,221.83,지속성장,2,1,50.0,1900000,1900000.0,1900000,0,0,13055000.0,100.0,0,정상
11380631,신사1동,미용·뷰티,11380631_미용·뷰티,719051312,18114,-14.62,-28.39,지속감소(위험),1,1,100.0,1800000,1800000.0,1800000,0,0,2950000.0,-29.33,1,주의(매출감소/대출보유)
11170590,용문동,패션·잡화,11170590_패션·잡화,547130294,13425,-8.55,25.84,단기반등,2,1,50.0,1800000,1800000.0,1800000,0,0,4870000.0,17.59,0,주의(매출감소/대출보유)
11710580,송파1동,여가·오락,11710580_여가·오락,859353948,34502,-0.92,5.34,단기반등,2,1,50.0,1800000,1800000.0,0,0,1800000,7205000.0,-1.4,1,주의(매출감소/대출보유)
11215730,군자동,문화·취미·반려,11215730_문화·취미·반려,428090788,6491,5.38,-36.84,단기둔화,1,1,100.0,1800000,1800000.0,0,1800000,0,4400000.0,-26.17,1,정상
11215760,중곡3동,가구·인테리어,11215760_가구·인테리어,546289991,7999,10.5,49.9,지속성장,1,1,100.0,1800000,1800000.0,0,1800000,0,4710000.0,38.56,0,정상
11710590,송파2동,문화·취미·반려,11710590_문화·취미·반려,1540793278,18454,10.72,12.81,지속성장,1,1,100.0,1800000,1800000.0,1800000,0,0,3990000.0,12.46,0,정상
11215850,구의1동,문화·취미·반려,11215850_문화·취미·반려,740966987,10335,-18.22,-27.39,지속감소(위험),2,1,50.0,1700000,1700000.0,0,1700000,0,2790000.0,-31.1,2,주의(매출감소/대출보유)
11230536,용신동,여가·오락,11230536_여가·오락,1199939779,21709,-18.14,-6.41,지속감소(위험),1,1,100.0,1700000,1700000.0,1700000,0,0,5140000.0,-9.23,1,주의(매출감소/대출보유)
11260570,면목7동,패션·잡화,11260570_패션·잡화,1839510336,27974,-11.15,27.57,단기반등,1,1,100.0,1700000,1700000.0,0,0,1700000,6410000.0,20.26,0,주의(매출감소/대출보유)
11110550,부암동,식료품·편의소매,11110550_식료품·편의소매,803160059,131301,-3.72,0.81,단기반등,1,1,100.0,1700000,1700000.0,1700000,0,0,3920000.0,-9.14,1,주의(매출감소/대출보유)
11290715,월곡1동,미용·뷰티,11290715_미용·뷰티,380492358,7842,7.78,-5.9,단기둔화,2,1,50.0,1700000,1700000.0,1700000,0,0,4095000.0,-2.87,1,정상
11260600,중화1동,자동차·운송서비스,11260600_자동차·운송서비스,617788599,4982,8.05,-23.76,단기둔화,1,1,100.0,1700000,1700000.0,0,0,1700000,3250000.0,-29.03,1,정상
11530770,오류1동,문화·취미·반려,11530770_문화·취미·반려,547998286,2253,17.3,72.32,지속성장,1,1,100.0,1700000,1700000.0,0,1700000,0,5140000.0,61.47,0,정상
11740660,성내3동,여가·오락,11740660_여가·오락,814116874,73439,27.3,1.8,지속성장,1,1,100.0,1700000,1700000.0,1700000,0,0,2890000.0,6.02,0,정상
11305615,수유1동,전자기기·수리,11305615_전자기기·수리,402426974,3075,41.26,2.41,지속성장,1,1,100.0,1700000,1700000.0,0,0,1700000,2720000.0,-0.77,1,정상
11500530,등촌2동,패션·잡화,11500530_패션·잡화,306070492,14431,-28.76,-27.28,지속감소(위험),2,2,100.0,1600000,800000.0,0,0,1600000,2145000.0,-11.47,2,주의(매출감소/대출보유)
11545680,시흥2동,음식·음료,11545680_음식·음료,272671805,17737,-25.12,-11.44,지속감소(위험),2,1,50.0,1600000,1600000.0,0,0,1600000,2905000.0,-13.27,2,주의(매출감소/대출보유)
11305603,번2동,전자기기·수리,11305603_전자기기·수리,116578570,240,-21.64,-73.29,지속감소(위험),2,2,100.0,1600000,800000.0,600000,0,1000000,1065000.0,-70.0,2,주의(매출감소/대출보유)
11560540,여의동,가구·인테리어,11560540_가구·인테리어,1871647857,12985,-11.67,-5.47,지속감소(위험),2,1,50.0,1600000,1600000.0,0,1600000,0,7960000.0,-10.66,2,주의(매출감소/대출보유)
11620545,청림동,식료품·편의소매,11620545_식료품·편의소매,471080772,39152,-8.37,-12.84,지속감소(위험),1,1,100.0,1600000,1600000.0,0,0,1600000,2890000.0,-2.37,1,주의(매출감소/대출보유)
11560620,양평2동,미용·뷰티,11560620_미용·뷰티,288323085,4029,-4.64,18.29,단기반등,1,1,100.0,1600000,1600000.0,0,0,1600000,2660000.0,-7.61,1,주의(매출감소/대출보유)
11170590,용문동,전자기기·수리,11170590_전자기기·수리,1238477633,3767,6.04,0.49,지속성장,2,1,50.0,1600000,1600000.0,1600000,0,0,4785000.0,9.29,0,정상
11590560,상도4동,미용·뷰티,11590560_미용·뷰티,410114527,11745,8.15,-5.68,단기둔화,1,1,100.0,1600000,1600000.0,1600000,0,0,3130000.0,-15.97,1,정상
11620725,조원동,미용·뷰티,11620725_미용·뷰티,1362834585,21001,27.16,19.72,지속성장,1,1,100.0,1600000,1600000.0,0,1600000,0,7910000.0,0.46,0,정상
11110670,창신1동,미용·뷰티,11110670_미용·뷰티,782282953,8824,127.54,173.56,지속성장,1,1,100.0,1600000,1600000.0,1600000,0,0,2480000.0,100.0,0,정상
11560710,대림2동,가구·인테리어,11560710_가구·인테리어,74127785,2350,-45.5,-36.49,지속감소(위험),3,3,100.0,1500000,500000.0,1500000,0,0,1000000.0,-25.55,3,주의(매출감소/대출보유)
11470611,신월7동,여가·오락,11470611_여가·오락,567505195,7920,-33.59,-29.16,지속감소(위험),1,1,100.0,1500000,1500000.0,0,0,1500000,2610000.0,-51.25,1,주의(매출감소/대출보유)
11380510,녹번동,미용·뷰티,11380510_미용·뷰티,618932937,13479,-11.48,-12.97,지속감소(위험),2,1,50.0,1500000,1500000.0,0,1500000,0,3305000.0,-1.27,2,주의(매출감소/대출보유)
11380520,불광1동,가구·인테리어,11380520_가구·인테리어,354388453,4366,-9.91,-16.83,지속감소(위험),2,2,100.0,1500000,750000.0,400000,0,1100000,1825000.0,-14.71,2,주의(매출감소/대출보유)
11470540,목4동,패션·잡화,11470540_패션·잡화,1332529208,12145,-3.81,-15.32,지속감소(위험),1,1,100.0,1500000,1500000.0,1500000,0,0,4140000.0,-17.21,1,주의(매출감소/대출보유)
11590640,사당3동,패션·잡화,11590640_패션·잡화,252827588,3375,1.5,0.25,지속성장,2,2,100.0,1500000,750000.0,0,1500000,0,1600000.0,5.7,1,정상
11230560,전농1동,미용·뷰티,11230560_미용·뷰티,1388427917,19951,3.18,3.14,지속성장,1,1,100.0,1500000,1500000.0,1500000,0,0,3120000.0,16.05,0,정상
11620525,보라매동,미용·뷰티,11620525_미용·뷰티,1033307583,25408,4.11,-0.41,단기둔화,1,1,100.0,1500000,1500000.0,0,1500000,0,3690000.0,0.52,0,정상
11410615,연희동,생활서비스,11410615_생활서비스,260919051,15753,4.8,25.9,지속성장,2,2,100.0,1500000,750000.0,600000,900000,0,3010000.0,22.98,0,정상
11590605,흑석동,문화·취미·반려,11590605_문화·취미·반려,769072791,30547,8.52,96.93,지속성장,2,1,50.0,1500000,1500000.0,1500000,0,0,3630000.0,100.0,0,정상
11305660,인수동,미용·뷰티,11305660_미용·뷰티,303814408,9965,12.91,-4.17,단기둔화,2,2,100.0,1500000,750000.0,0,500000,1000000,1410000.0,-12.41,2,정상
11500590,화곡본동,패션·잡화,11500590_패션·잡화,557512160,5227,-60.51,87.21,단기반등,1,1,100.0,1400000,1400000.0,0,1400000,0,2460000.0,92.49,0,주의(매출감소/대출보유)
11590630,사당2동,가구·인테리어,11590630_가구·인테리어,619776936,5449,-42.83,965.69,단기반등,1,1,100.0,1400000,1400000.0,1400000,0,0,2970000.0,100.0,0,주의(매출감소/대출보유)
11620685,신사동,패션·잡화,11620685_패션·잡화,486561652,11501,-27.93,26.1,단기반등,1,1,100.0,1400000,1400000.0,0,1400000,0,2650000.0,34.73,0,주의(매출감소/대출보유)
11410565,충현동,여가·오락,11410565_여가·오락,262668227,27373,-21.72,-13.73,지속감소(위험),1,1,100.0,1400000,1400000.0,0,1400000,0,1950000.0,-17.08,1,주의(매출감소/대출보유)
11170510,후암동,자동차·운송서비스,11170510_자동차·운송서비스,442589671,2156,-17.85,-11.73,지속감소(위험),1,1,100.0,1400000,1400000.0,1400000,0,0,2160000.0,-12.74,1,주의(매출감소/대출보유)
11110710,숭인2동,가구·인테리어,11110710_가구·인테리어,197204215,4713,-9.12,-36.82,지속감소(위험),2,2,100.0,1400000,700000.0,500000,900000,0,1445000.0,-46.2,2,주의(매출감소/대출보유)
11290810,석관동,생활서비스,11290810_생활서비스,67632012,10439,-0.64,-40.56,지속감소(위험),3,2,66.67,1400000,700000.0,700000,700000,0,1000000.0,-39.59,3,주의(매출감소/대출보유)
11680650,역삼2동,생활서비스,11680650_생활서비스,336976059,12316,0.31,19.01,지속성장,1,1,100.0,1400000,1400000.0,0,1400000,0,2520000.0,18.24,0,정상
11545710,시흥5동,자동차·운송서비스,11545710_자동차·운송서비스,356220518,1336,10.0,-0.82,단기둔화,1,1,100.0,1400000,1400000.0,1400000,0,0,4110000.0,6.56,0,정상
11545620,독산2동,여가·오락,11545620_여가·오락,406335512,6062,60.56,29.57,지속성장,1,1,100.0,1400000,1400000.0,1400000,0,0,3530000.0,28.49,0,정상
11230610,답십리2동,전자기기·수리,11230610_전자기기·수리,6957066,230,-74.14,-77.51,지속감소(위험),2,2,100.0,1300000,650000.0,0,600000,700000,1000000.0,-66.38,2,주의(매출감소/대출보유)
11500615,우장산동,문화·취미·반려,11500615_문화·취미·반려,485851491,20433,-31.58,-39.41,지속감소(위험),1,1,100.0,1300000,1300000.0,1300000,0,0,1790000.0,-40.26,1,주의(매출감소/대출보유)
11410655,홍제2동,패션·잡화,11410655_패션·잡화,239145964,3068,-25.91,-27.0,지속감소(위험),1,1,100.0,1300000,1300000.0,0,0,1300000,1780000.0,-29.85,1,주의(매출감소/대출보유)
11350695,상계6·7동,문화·취미·반려,11350695_문화·취미·반려,703204332,36258,-19.35,-1.86,지속감소(위험),1,1,100.0,1300000,1300000.0,1300000,0,0,6530000.0,-5.71,1,주의(매출감소/대출보유)
11110630,종로5·6가동,여가·오락,11110630_여가·오락,732868797,12878,-5.61,11.56,단기반등,2,1,50.0,1300000,1300000.0,0,0,1300000,2625000.0,13.36,1,주의(매출감소/대출보유)
11380631,신사1동,여가·오락,11380631_여가·오락,514375655,84352,-0.16,-10.98,지속감소(위험),1,1,100.0,1300000,1300000.0,0,0,1300000,2580000.0,-20.2,1,주의(매출감소/대출보유)
11110680,창신2동,패션·잡화,11110680_패션·잡화,374678164,2910,47.7,118.53,지속성장,1,1,100.0,1300000,1300000.0,0,0,1300000,2740000.0,100.0,0,정상
11320710,방학3동,전자기기·수리,11320710_전자기기·수리,927944,35,-91.65,-50.0,지속감소(위험),2,2,100.0,1200000,600000.0,400000,0,800000,1000000.0,-47.63,2,주의(매출감소/대출보유)
11350665,상계3·4동,문화·취미·반려,11350665_문화·취미·반려,101987,7,-78.95,-84.74,지속감소(위험),2,2,100.0,1200000,600000.0,500000,0,700000,1000000.0,-70.0,2,주의(매출감소/대출보유)
11560690,신길7동,문화·취미·반려,11560690_문화·취미·반려,786513,43,-53.57,-39.91,지속감소(위험),2,2,100.0,1200000,600000.0,1200000,0,0,1000000.0,-46.39,2,주의(매출감소/대출보유)
11590651,사당5동,식료품·편의소매,11590651_식료품·편의소매,338459803,44959,-48.34,-12.08,지속감소(위험),2,2,100.0,1200000,600000.0,1200000,0,0,1525000.0,-10.53,2,주의(매출감소/대출보유)
11470640,신정3동,패션·잡화,11470640_패션·잡화,499721977,3476,-39.39,-7.58,지속감소(위험),1,1,100.0,1200000,1200000.0,1200000,0,0,2690000.0,1.29,0,주의(매출감소/대출보유)
11140635,약수동,전자기기·수리,11140635_전자기기·수리,281029565,8881,-31.34,-74.23,지속감소(위험),2,1,50.0,1200000,1200000.0,0,0,1200000,1780000.0,-70.0,2,주의(매출감소/대출보유)
11680670,개포2동,문화·취미·반려,11680670_문화·취미·반려,102908922,3684,-19.29,-25.16,지속감소(위험),2,2,100.0,1200000,600000.0,600000,600000,0,1000000.0,-26.31,2,주의(매출감소/대출보유)
11440690,망원1동,패션·잡화,11440690_패션·잡화,1298281522,21491,-18.06,-16.17,지속감소(위험),1,1,100.0,1200000,1200000.0,1200000,0,0,4570000.0,-9.03,1,주의(매출감소/대출보유)
11290575,동선동,숙박,11290575_숙박,679162717,14926,-6.57,-11.68,지속감소(위험),1,1,100.0,1200000,1200000.0,1200000,0,0,2290000.0,-34.46,1,주의(매출감소/대출보유)
11230600,답십리1동,문화·취미·반려,11230600_문화·취미·반려,97372115,1541,9.95,11.87,지속성장,1,1,100.0,1200000,1200000.0,1200000,0,0,1850000.0,17.88,0,정상
11470600,신월5동,미용·뷰티,11470600_미용·뷰티,171800728,4094,12.58,-10.21,단기둔화,1,1,100.0,1200000,1200000.0,0,0,1200000,4760000.0,-13.35,1,정상
11140635,약수동,미용·뷰티,11140635_미용·뷰티,747899408,10883,15.68,7.6,지속성장,1,1,100.0,1200000,1200000.0,1200000,0,0,3910000.0,-1.18,1,정상
11470640,신정3동,미용·뷰티,11470640_미용·뷰티,636939569,15226,16.97,-1.78,단기둔화,1,1,100.0,1200000,1200000.0,1200000,0,0,4070000.0,3.95,0,정상
11290810,석관동,문화·취미·반려,11290810_문화·취미·반려,208185261,9628,27.1,32.72,지속성장,1,1,100.0,1200000,1200000.0,0,0,1200000,1840000.0,32.38,0,정상
11710550,마천2동,전자기기·수리,11710550_전자기기·수리,277848405,8047,41.5,64.25,지속성장,1,1,100.0,1200000,1200000.0,1200000,0,0,1880000.0,78.76,0,정상
11680510,신사동,숙박,11680510_숙박,429727907,8386,53.97,0.33,지속성장,1,1,100.0,1200000,1200000.0,1200000,0,0,6250000.0,-1.12,1,정상
11620695,신림동,문화·취미·반려,11620695_문화·취미·반려,76595782,1734,-80.31,41.6,단기반등,2,2,100.0,1100000,550000.0,1100000,0,0,1250000.0,44.03,0,주의(매출감소/대출보유)
11380625,역촌동,전자기기·수리,11380625_전자기기·수리,1401409,216,-58.86,-74.21,지속감소(위험),2,2,100.0,1100000,550000.0,1100000,0,0,1000000.0,-63.77,2,주의(매출감소/대출보유)
11230570,전농2동,문화·취미·반려,11230570_문화·취미·반려,401391229,29414,-41.31,-50.07,지속감소(위험),1,1,100.0,1100000,1100000.0,1100000,0,0,1890000.0,-44.92,1,주의(매출감소/대출보유)
11110515,청운효자동,가구·인테리어,11110515_가구·인테리어,206700645,9042,-35.82,56.43,단기반등,2,2,100.0,1100000,550000.0,0,400000,700000,1035000.0,64.19,0,주의(매출감소/대출보유)
11710580,송파1동,문화·취미·반려,11710580_문화·취미·반려,902365572,25800,-33.99,25.21,단기반등,1,1,100.0,1100000,1100000.0,1100000,0,0,3540000.0,36.9,0,주의(매출감소/대출보유)
11320512,창2동,자동차·운송서비스,11320512_자동차·운송서비스,361583729,2241,-24.42,-14.31,지속감소(위험),1,1,100.0,1100000,1100000.0,0,1100000,0,1800000.0,-11.42,1,주의(매출감소/대출보유)
11215820,자양1동,전자기기·수리,11215820_전자기기·수리,335713349,2145,-21.66,325.87,단기반등,1,1,100.0,1100000,1100000.0,0,0,1100000,2020000.0,100.0,0,주의(매출감소/대출보유)
11170700,보광동,미용·뷰티,11170700_미용·뷰티,210677173,5747,-16.33,-3.91,지속감소(위험),1,1,100.0,1100000,1100000.0,1100000,0,0,2070000.0,4.76,0,주의(매출감소/대출보유)
11290580,돈암1동,음식·음료,11290580_음식·음료,259801393,10392,-7.21,11.01,단기반등,1,1,100.0,1100000,1100000.0,0,1100000,0,2550000.0,-3.24,1,주의(매출감소/대출보유)
11140570,필동,미용·뷰티,11140570_미용·뷰티,248816680,7246,-6.1,-11.42,지속감소(위험),1,1,100.0,1100000,1100000.0,1100000,0,0,1980000.0,-8.37,1,주의(매출감소/대출보유)
11215770,중곡4동,미용·뷰티,11215770_미용·뷰티,789874013,18267,-2.58,15.19,단기반등,2,1,50.0,1100000,1100000.0,1100000,0,0,4440000.0,14.37,0,주의(매출감소/대출보유)
11620630,남현동,생활서비스,11620630_생활서비스,90065659,4547,-1.42,41.0,단기반등,2,2,100.0,1100000,550000.0,1100000,0,0,1675000.0,42.38,0,주의(매출감소/대출보유)
11320513,창3동,여가·오락,11320513_여가·오락,310742053,7223,9.56,17.43,지속성장,1,1,100.0,1100000,1100000.0,1100000,0,0,2170000.0,21.47,0,정상
11200540,마장동,생활서비스,11200540_생활서비스,116274110,12009,27.55,63.72,지속성장,2,2,100.0,1100000,550000.0,600000,500000,0,1055000.0,60.55,0,정상
11380570,대조동,전자기기·수리,11380570_전자기기·수리,579514,58,-89.33,-60.0,지속감소(위험),3,2,66.67,1000000,500000.0,0,500000,500000,1000000.0,-53.48,3,주의(매출감소/대출보유)
11680545,압구정동,자동차·운송서비스,11680545_자동차·운송서비스,457201306,1557,-57.25,-7.6,지속감소(위험),1,1,100.0,1000000,1000000.0,0,1000000,0,1920000.0,-12.08,1,주의(매출감소/대출보유)
11500570,화곡4동,문화·취미·반려,11500570_문화·취미·반려,356523253,34409,-54.59,-21.87,지속감소(위험),1,1,100.0,1000000,1000000.0,0,0,1000000,4250000.0,0.82,0,주의(매출감소/대출보유)
11260660,망우3동,자동차·운송서비스,11260660_자동차·운송서비스,391720580,1816,-29.48,-26.35,지속감소(위험),1,1,100.0,1000000,1000000.0,1000000,0,0,1420000.0,-27.2,1,주의(매출감소/대출보유)
11170700,보광동,생활서비스,11170700_생활서비스,7932973,233,-27.39,-38.26,지속감소(위험),2,2,100.0,1000000,500000.0,0,1000000,0,1000000.0,-30.99,2,주의(매출감소/대출보유)
11215860,구의2동,문화·취미·반려,11215860_문화·취미·반려,228734326,15126,-26.28,32.24,단기반등,1,1,100.0,1000000,1000000.0,1000000,0,0,2230000.0,8.56,0,주의(매출감소/대출보유)
11215847,자양4동,생활서비스,11215847_생활서비스,247722136,11646,-19.29,22.36,단기반등,2,1,50.0,1000000,1000000.0,1000000,0,0,1935000.0,33.67,0,주의(매출감소/대출보유)
11620615,중앙동,여가·오락,11620615_여가·오락,323293328,4365,-15.68,22.36,단기반등,2,1,50.0,1000000,1000000.0,1000000,0,0,2235000.0,17.69,0,주의(매출감소/대출보유)
11680740,일원2동,문화·취미·반려,11680740_문화·취미·반려,66364821,4012,-8.42,36.65,단기반등,3,2,66.67,1000000,500000.0,1000000,0,0,1000000.0,32.66,0,주의(매출감소/대출보유)
11290555,삼선동,문화·취미·반려,11290555_문화·취미·반려,1175675840,54530,-7.83,39.11,단기반등,1,1,100.0,1000000,1000000.0,0,1000000,0,6390000.0,47.72,0,주의(매출감소/대출보유)
11410690,남가좌1동,미용·뷰티,11410690_미용·뷰티,76774461,2194,1.51,-7.29,단기둔화,2,2,100.0,1000000,500000.0,1000000,0,0,1000000.0,-9.25,2,정상
11320700,방학2동,가구·인테리어,11320700_가구·인테리어,271260079,8524,4.51,8.78,지속성장,2,2,100.0,1000000,500000.0,500000,500000,0,1945000.0,2.24,1,정상
11110670,창신1동,숙박,11110670_숙박,268757941,4816,10.81,-49.21,단기둔화,1,1,100.0,1000000,1000000.0,1000000,0,0,1590000.0,-38.41,1,정상
11620725,조원동,가구·인테리어,11620725_가구·인테리어,326764114,5846,37.95,4.81,지속성장,1,1,100.0,1000000,1000000.0,0,0,1000000,1910000.0,-3.23,1,정상
11200650,성수1가1동,여가·오락,11200650_여가·오락,173074431,3122,50.52,16.0,지속성장,1,1,100.0,1000000,1000000.0,1000000,0,0,1680000.0,10.34,0,정상
11260565,면목본동,생활서비스,11260565_생활서비스,40060333,2683,56.79,56.95,지속성장,2,2,100.0,1000000,500000.0,600000,0,400000,1000000.0,57.39,0,정상
11680610,대치2동,가구·인테리어,11680610_가구·인테리어,1138499601,918,3578.49,16.21,지속성장,1,1,100.0,1000000,1000000.0,1000000,0,0,2530000.0,9.52,0,정상
11305645,우이동,문화·취미·반려,11305645_문화·취미·반려,18757447,906,-63.72,-71.47,지속감소(위험),2,1,50.0,900000,900000.0,900000,0,0,1000000.0,-68.82,2,주의(매출감소/대출보유)
11305608,번3동,전자기기·수리,11305608_전자기기·수리,53779274,3535,-53.94,-42.24,지속감소(위험),1,1,100.0,900000,900000.0,900000,0,0,1040000.0,-46.38,1,주의(매출감소/대출보유)
11560620,양평2동,문화·취미·반려,11560620_문화·취미·반려,579792911,15802,-48.57,-19.24,지속감소(위험),1,1,100.0,900000,900000.0,900000,0,0,2690000.0,0.67,0,주의(매출감소/대출보유)
11710710,잠실6동,여가·오락,11710710_여가·오락,24903497,185,-41.03,-50.02,지속감소(위험),1,1,100.0,900000,900000.0,900000,0,0,1000000.0,-70.0,1,주의(매출감소/대출보유)
11500630,방화1동,문화·취미·반려,11500630_문화·취미·반려,1030841814,45820,-25.04,-2.16,지속감소(위험),1,1,100.0,900000,900000.0,900000,0,0,2890000.0,-1.65,1,주의(매출감소/대출보유)
11740640,성내1동,여가·오락,11740640_여가·오락,120866486,2115,-17.01,-30.07,지속감소(위험),2,2,100.0,900000,450000.0,500000,400000,0,1000000.0,-16.71,2,주의(매출감소/대출보유)
11170530,남영동,미용·뷰티,11170530_미용·뷰티,337100812,8057,-15.98,-20.72,지속감소(위험),1,1,100.0,900000,900000.0,900000,0,0,1960000.0,-6.13,1,주의(매출감소/대출보유)
11470590,신월4동,패션·잡화,11470590_패션·잡화,317669333,3894,-11.61,-7.76,지속감소(위험),1,1,100.0,900000,900000.0,0,900000,0,3460000.0,-14.32,1,주의(매출감소/대출보유)
11560610,양평1동,미용·뷰티,11560610_미용·뷰티,600104525,15368,-9.9,-0.46,지속감소(위험),2,1,50.0,900000,900000.0,0,0,900000,4360000.0,20.09,0,주의(매출감소/대출보유)
11320521,도봉1동,자동차·운송서비스,11320521_자동차·운송서비스,363706306,1907,-1.62,-2.32,지속감소(위험),1,1,100.0,900000,900000.0,0,0,900000,2450000.0,3.52,0,주의(매출감소/대출보유)
11170690,서빙고동,식료품·편의소매,11170690_식료품·편의소매,632804519,77913,-1.5,-1.1,지속감소(위험),1,1,100.0,900000,900000.0,0,0,900000,2100000.0,15.25,0,주의(매출감소/대출보유)
11740610,천호2동,여가·오락,11740610_여가·오락,1216721801,141811,3.36,-0.87,단기둔화,1,1,100.0,900000,900000.0,0,0,900000,3100000.0,2.21,0,정상
11710642,문정2동,생활서비스,11710642_생활서비스,152662273,4390,4.3,6.51,지속성장,1,1,100.0,900000,900000.0,900000,0,0,2910000.0,18.98,0,정상
11380631,신사1동,패션·잡화,11380631_패션·잡화,687161224,4941,5.05,-6.96,단기둔화,1,1,100.0,900000,900000.0,900000,0,0,1660000.0,-23.96,1,정상
11740515,강일동,미용·뷰티,11740515_미용·뷰티,339369725,12057,10.93,5.96,지속성장,2,1,50.0,900000,900000.0,0,0,900000,2305000.0,1.1,1,정상
11320521,도봉1동,전자기기·수리,11320521_전자기기·수리,327001267,3469,16.2,-36.28,단기둔화,1,1,100.0,900000,900000.0,0,900000,0,1500000.0,-37.87,1,정상
11680720,일원본동,패션·잡화,11680720_패션·잡화,173695685,884,26.33,-44.23,단기둔화,2,2,100.0,900000,450000.0,0,900000,0,1000000.0,-51.74,2,정상
11590650,사당4동,미용·뷰티,11590650_미용·뷰티,420609741,9981,27.99,9.54,지속성장,1,1,100.0,900000,900000.0,900000,0,0,1500000.0,38.9,0,정상
11170590,용문동,문화·취미·반려,11170590_문화·취미·반려,67746212,2651,40.53,-86.54,단기둔화,1,1,100.0,900000,900000.0,900000,0,0,1000000.0,-70.0,1,정상
11290705,종암동,자동차·운송서비스,11290705_자동차·운송서비스,195358355,1174,54.18,62.82,지속성장,2,1,50.0,900000,900000.0,0,0,900000,1805000.0,50.41,0,정상
11740530,명일1동,문화·취미·반려,11740530_문화·취미·반려,727035494,20775,122.02,13.02,지속성장,1,1,100.0,900000,900000.0,0,900000,0,3560000.0,18.67,0,정상
11440565,공덕동,숙박,11440565_숙박,698368,16,-79.55,-65.65,지속감소(위험),1,1,100.0,800000,800000.0,800000,0,0,1000000.0,-43.61,1,주의(매출감소/대출보유)
11215780,능동,전자기기·수리,11215780_전자기기·수리,5540851,156,-79.1,-61.19,지속감소(위험),1,1,100.0,800000,800000.0,0,0,800000,1000000.0,-55.83,1,주의(매출감소/대출보유)
11500550,화곡2동,패션·잡화,11500550_패션·잡화,39229819,286,-64.02,-47.17,지속감소(위험),1,1,100.0,800000,800000.0,800000,0,0,1000000.0,-70.0,1,주의(매출감소/대출보유)
11620565,성현동,여가·오락,11620565_여가·오락,463005,31,-58.33,-73.68,지속감소(위험),1,1,100.0,800000,800000.0,800000,0,0,1000000.0,-54.65,1,주의(매출감소/대출보유)
11680655,도곡1동,가구·인테리어,11680655_가구·인테리어,22748184,269,-56.54,-94.38,지속감소(위험),1,1,100.0,800000,800000.0,0,0,800000,1000000.0,-70.0,1,주의(매출감소/대출보유)
11470680,신정7동,자동차·운송서비스,11470680_자동차·운송서비스,286475696,2425,-56.03,-47.02,지속감소(위험),1,1,100.0,800000,800000.0,0,0,800000,1000000.0,-59.13,1,주의(매출감소/대출보유)
11710531,거여1동,패션·잡화,11710531_패션·잡화,140851368,1036,-48.67,8.18,단기반등,2,1,50.0,800000,800000.0,800000,0,0,1215000.0,9.92,1,주의(매출감소/대출보유)
11470610,신월6동,문화·취미·반려,11470610_문화·취미·반려,1658627,37,-36.51,-67.7,지속감소(위험),1,1,100.0,800000,800000.0,0,0,800000,1000000.0,-62.04,1,주의(매출감소/대출보유)
11215847,자양4동,숙박,11215847_숙박,160811573,1303,-35.8,-39.36,지속감소(위험),1,1,100.0,800000,800000.0,800000,0,0,1000000.0,-55.51,1,주의(매출감소/대출보유)
11200590,금호1가동,패션·잡화,11200590_패션·잡화,674492201,9627,-31.43,54.06,단기반등,1,1,100.0,800000,800000.0,800000,0,0,3990000.0,61.54,0,주의(매출감소/대출보유)
11530595,가리봉동,숙박,11530595_숙박,356510188,8107,-29.36,47.17,단기반등,1,1,100.0,800000,800000.0,800000,0,0,2510000.0,56.16,0,주의(매출감소/대출보유)
11110670,창신1동,여가·오락,11110670_여가·오락,193097598,17661,-10.53,7.56,단기반등,2,2,100.0,800000,400000.0,800000,0,0,1295000.0,17.95,0,주의(매출감소/대출보유)
11500640,방화2동,미용·뷰티,11500640_미용·뷰티,1058869542,15755,-7.75,-14.86,지속감소(위험),2,1,50.0,800000,800000.0,0,800000,0,5495000.0,-27.42,2,주의(매출감소/대출보유)
11140625,다산동,미용·뷰티,11140625_미용·뷰티,330880553,5599,-6.58,5.11,단기반등,2,1,50.0,800000,800000.0,0,800000,0,2880000.0,4.37,1,주의(매출감소/대출보유)
11305635,수유3동,가구·인테리어,11305635_가구·인테리어,1275263822,22365,-5.42,3.83,단기반등,2,1,50.0,800000,800000.0,0,0,800000,6095000.0,13.59,0,주의(매출감소/대출보유)
11140570,필동,생활서비스,11140570_생활서비스,194591587,9432,-3.1,54.64,단기반등,1,1,100.0,800000,800000.0,0,0,800000,1360000.0,69.83,0,주의(매출감소/대출보유)
11110700,숭인1동,미용·뷰티,11110700_미용·뷰티,241896414,5005,4.46,8.04,지속성장,2,1,50.0,800000,800000.0,800000,0,0,1505000.0,13.54,0,정상
11320680,쌍문3동,여가·오락,11320680_여가·오락,247489169,4418,7.44,-10.25,단기둔화,2,2,100.0,800000,400000.0,400000,0,400000,2100000.0,-11.56,2,정상
11380632,신사2동,미용·뷰티,11380632_미용·뷰티,316036802,9260,15.88,2.0,지속성장,1,1,100.0,800000,800000.0,0,0,800000,2000000.0,-11.64,1,정상
11260565,면목본동,가구·인테리어,11260565_가구·인테리어,542859760,15764,20.04,5.15,지속성장,1,1,100.0,800000,800000.0,0,800000,0,1500000.0,39.44,0,정상
11680670,개포2동,전자기기·수리,11680670_전자기기·수리,64541594,2655,39.13,-6.04,단기둔화,2,2,100.0,800000,400000.0,0,200000,600000,1000000.0,-9.05,2,정상
11260620,묵1동,문화·취미·반려,11260620_문화·취미·반려,828239300,6526,58.69,150.04,지속성장,1,1,100.0,800000,800000.0,0,800000,0,1510000.0,100.0,0,정상
11650600,방배1동,가구·인테리어,11650600_가구·인테리어,200538325,5425,65.86,-17.5,단기둔화,1,1,100.0,800000,800000.0,800000,0,0,1310000.0,-2.51,1,정상
11560680,신길6동,전자기기·수리,11560680_전자기기·수리,24891304,388,76.5,-85.06,단기둔화,2,1,50.0,800000,800000.0,800000,0,0,1000000.0,-67.33,2,정상
11590670,신대방1동,생활서비스,11590670_생활서비스,71970959,4679,81.05,43.11,지속성장,5,3,60.0,800000,266667.0,0,200000,600000,1130000.0,37.39,0,정상
11470580,신월3동,가구·인테리어,11470580_가구·인테리어,140588878,3124,87.31,4.82,지속성장,1,1,100.0,800000,800000.0,0,0,800000,1250000.0,-5.97,1,정상
11620525,보라매동,문화·취미·반려,11620525_문화·취미·반려,187765113,2838,383.41,108.47,지속성장,2,2,100.0,800000,400000.0,600000,200000,0,1055000.0,90.79,0,정상
11440700,망원2동,가구·인테리어,11440700_가구·인테리어,853326433,44172,489.54,10.34,지속성장,1,1,100.0,800000,800000.0,800000,0,0,4040000.0,17.43,0,정상
11740600,천호1동,전자기기·수리,11740600_전자기기·수리,118011066,1509,-76.99,-44.96,지속감소(위험),1,1,100.0,700000,700000.0,0,700000,0,1450000.0,-41.08,1,주의(매출감소/대출보유)
11410615,연희동,전자기기·수리,11410615_전자기기·수리,27315767,624,-74.79,-56.69,지속감소(위험),1,1,100.0,700000,700000.0,700000,0,0,1000000.0,-62.81,1,주의(매출감소/대출보유)
11305575,삼각산동,여가·오락,11305575_여가·오락,48764168,1753,-50.66,-20.32,지속감소(위험),1,1,100.0,700000,700000.0,0,0,700000,1000000.0,-31.26,1,주의(매출감소/대출보유)
11140570,필동,가구·인테리어,11140570_가구·인테리어,23997790,1455,-50.09,-50.0,지속감소(위험),1,1,100.0,700000,700000.0,0,0,700000,1000000.0,-64.97,1,주의(매출감소/대출보유)
11230600,답십리1동,숙박,11230600_숙박,75388322,1567,-29.57,-26.93,지속감소(위험),2,1,50.0,700000,700000.0,700000,0,0,1075000.0,-35.08,2,주의(매출감소/대출보유)
11470580,신월3동,여가·오락,11470580_여가·오락,126551442,4245,-26.34,-36.7,지속감소(위험),1,1,100.0,700000,700000.0,700000,0,0,1220000.0,-30.84,1,주의(매출감소/대출보유)
11710720,잠실7동,패션·잡화,11710720_패션·잡화,161807214,175,-24.85,111.28,단기반등,1,1,100.0,700000,700000.0,700000,0,0,1280000.0,100.0,0,주의(매출감소/대출보유)
11680565,청담동,여가·오락,11680565_여가·오락,324138266,35546,-24.34,-15.52,지속감소(위험),1,1,100.0,700000,700000.0,0,0,700000,1770000.0,-16.19,1,주의(매출감소/대출보유)
11215740,중곡1동,문화·취미·반려,11215740_문화·취미·반려,109109721,11281,-23.57,-0.82,지속감소(위험),2,2,100.0,700000,350000.0,700000,0,0,1130000.0,0.7,1,주의(매출감소/대출보유)
11470630,신정2동,생활서비스,11470630_생활서비스,9403608,592,-23.33,-6.75,지속감소(위험),1,1,100.0,700000,700000.0,0,700000,0,1000000.0,-12.69,1,주의(매출감소/대출보유)
11170510,후암동,패션·잡화,11170510_패션·잡화,365706137,5166,-22.61,-5.69,지속감소(위험),1,1,100.0,700000,700000.0,700000,0,0,2100000.0,-14.77,1,주의(매출감소/대출보유)
11500603,가양1동,가구·인테리어,11500603_가구·인테리어,177108796,3688,-19.71,1.81,단기반등,2,1,50.0,700000,700000.0,700000,0,0,3040000.0,-6.81,1,주의(매출감소/대출보유)
11620645,서원동,가구·인테리어,11620645_가구·인테리어,132268680,2071,-9.67,-25.68,지속감소(위험),2,2,100.0,700000,350000.0,400000,300000,0,1000000.0,-11.3,2,주의(매출감소/대출보유)
11710531,거여1동,여가·오락,11710531_여가·오락,406095494,23615,-9.34,-5.93,지속감소(위험),1,1,100.0,700000,700000.0,0,0,700000,3140000.0,20.94,0,주의(매출감소/대출보유)
11470620,신정1동,가구·인테리어,11470620_가구·인테리어,290070229,8218,-7.39,-21.66,지속감소(위험),1,1,100.0,700000,700000.0,700000,0,0,2880000.0,-6.29,1,주의(매출감소/대출보유)
11305660,인수동,여가·오락,11305660_여가·오락,135849260,1845,-6.91,-2.7,지속감소(위험),1,1,100.0,700000,700000.0,0,700000,0,1450000.0,-24.45,1,주의(매출감소/대출보유)
11200520,왕십리2동,여가·오락,11200520_여가·오락,50779584,7566,-4.87,-22.77,지속감소(위험),1,1,100.0,700000,700000.0,0,700000,0,1000000.0,-16.57,1,주의(매출감소/대출보유)
11470670,신정6동,미용·뷰티,11470670_미용·뷰티,83357207,1320,-3.85,8.04,단기반등,2,2,100.0,700000,350000.0,0,500000,200000,1145000.0,21.3,0,주의(매출감소/대출보유)
11290770,장위2동,미용·뷰티,11290770_미용·뷰티,197182686,6273,-2.29,-18.64,지속감소(위험),1,1,100.0,700000,700000.0,700000,0,0,1090000.0,-23.28,1,주의(매출감소/대출보유)
11710510,풍납1동,패션·잡화,11710510_패션·잡화,98567965,2029,-1.75,-55.78,지속감소(위험),1,1,100.0,700000,700000.0,700000,0,0,1000000.0,-70.0,1,주의(매출감소/대출보유)
11200790,용답동,생활서비스,11200790_생활서비스,24985931,679,-0.12,-19.12,지속감소(위험),1,1,100.0,700000,700000.0,700000,0,0,1000000.0,-31.8,1,주의(매출감소/대출보유)
11290770,장위2동,자동차·운송서비스,11290770_자동차·운송서비스,38394808,283,-0.12,-22.28,지속감소(위험),1,1,100.0,700000,700000.0,0,0,700000,1000000.0,-12.77,1,주의(매출감소/대출보유)
11440690,망원1동,자동차·운송서비스,11440690_자동차·운송서비스,191013695,1327,0.87,-14.87,단기둔화,1,1,100.0,700000,700000.0,700000,0,0,1000000.0,-27.93,1,정상
11230710,회기동,미용·뷰티,11230710_미용·뷰티,870725803,16106,1.38,-23.23,단기둔화,2,1,50.0,700000,700000.0,700000,0,0,6720000.0,-17.34,2,정상
11590605,흑석동,미용·뷰티,11590605_미용·뷰티,693076123,12811,2.3,3.68,지속성장,1,1,100.0,700000,700000.0,700000,0,0,3240000.0,27.47,0,정상
11290610,보문동,가구·인테리어,11290610_가구·인테리어,404533985,14550,3.64,23.6,지속성장,1,1,100.0,700000,700000.0,0,700000,0,1740000.0,15.52,0,정상
11260590,상봉2동,전자기기·수리,11260590_전자기기·수리,510821,130,10.06,-91.75,단기둔화,1,1,100.0,700000,700000.0,700000,0,0,1000000.0,-70.0,1,정상
11140615,신당동,숙박,11140615_숙박,52029398,1074,12.0,-15.9,단기둔화,1,1,100.0,700000,700000.0,0,700000,0,1000000.0,-53.23,1,정상
11440555,아현동,미용·뷰티,11440555_미용·뷰티,1000978570,16444,12.17,2.18,지속성장,1,1,100.0,700000,700000.0,0,0,700000,3430000.0,-7.87,1,정상
11500620,공항동,문화·취미·반려,11500620_문화·취미·반려,206061352,9978,12.45,7.13,지속성장,1,1,100.0,700000,700000.0,700000,0,0,2130000.0,5.36,0,정상
11215840,자양3동,전자기기·수리,11215840_전자기기·수리,68773639,180,16.07,-74.36,단기둔화,1,1,100.0,700000,700000.0,0,0,700000,1010000.0,-70.0,1,정상
11650550,반포본동,문화·취미·반려,11650550_문화·취미·반려,251973518,10024,16.78,45.94,지속성장,1,1,100.0,700000,700000.0,700000,0,0,1310000.0,41.53,0,정상
11650520,서초2동,생활서비스,11650520_생활서비스,389782138,11365,17.0,1.07,지속성장,1,1,100.0,700000,700000.0,0,700000,0,2640000.0,3.92,0,정상
11200535,왕십리도선동,문화·취미·반려,11200535_문화·취미·반려,447107713,15215,21.56,83.61,지속성장,1,1,100.0,700000,700000.0,700000,0,0,3670000.0,84.17,0,정상
11260590,상봉2동,생활서비스,11260590_생활서비스,204809498,29040,21.91,23.3,지속성장,2,2,100.0,700000,350000.0,700000,0,0,1480000.0,18.5,0,정상
11710532,거여2동,문화·취미·반려,11710532_문화·취미·반려,116017537,3581,22.35,-56.99,단기둔화,1,1,100.0,700000,700000.0,0,0,700000,1000000.0,-65.97,1,정상
11230545,제기동,생활서비스,11230545_생활서비스,113384280,5942,25.6,49.64,지속성장,2,2,100.0,700000,350000.0,700000,0,0,1210000.0,52.34,0,정상
11500611,발산1동,숙박,11500611_숙박,328289544,6374,32.87,39.15,지속성장,2,1,50.0,700000,700000.0,0,0,700000,1875000.0,28.07,0,정상
11320522,도봉2동,여가·오락,11320522_여가·오락,183510162,8042,36.68,42.21,지속성장,1,1,100.0,700000,700000.0,700000,0,0,1470000.0,21.73,0,정상
11200535,왕십리도선동,숙박,11200535_숙박,431091386,10325,41.87,52.9,지속성장,2,1,50.0,700000,700000.0,700000,0,0,1720000.0,42.22,0,정상
11620575,행운동,자동차·운송서비스,11620575_자동차·운송서비스,119253044,388,132.23,-9.9,단기둔화,1,1,100.0,700000,700000.0,700000,0,0,1010000.0,-12.47,1,정상
11350580,월계3동,문화·취미·반려,11350580_문화·취미·반려,128492993,53,155.6,11.69,지속성장,1,1,100.0,700000,700000.0,0,700000,0,1620000.0,20.42,0,정상
11620725,조원동,문화·취미·반려,11620725_문화·취미·반려,463458128,2032,268.61,1285.12,지속성장,2,1,50.0,700000,700000.0,700000,0,0,1675000.0,100.0,0,정상
11440590,용강동,전자기기·수리,11440590_전자기기·수리,13538869,148,-91.07,-93.08,지속감소(위험),1,1,100.0,600000,600000.0,0,0,600000,1000000.0,-70.0,1,주의(매출감소/대출보유)
11110670,창신1동,가구·인테리어,11110670_가구·인테리어,272478285,9986,-65.77,14.27,단기반등,1,1,100.0,600000,600000.0,600000,0,0,1000000.0,13.65,0,주의(매출감소/대출보유)
11500593,화곡8동,가구·인테리어,11500593_가구·인테리어,20731544,910,-63.23,-59.84,지속감소(위험),1,1,100.0,600000,600000.0,0,600000,0,1000000.0,-70.0,1,주의(매출감소/대출보유)
11170560,원효로1동,숙박,11170560_숙박,806538,21,-53.91,-71.36,지속감소(위험),1,1,100.0,600000,600000.0,600000,0,0,1000000.0,-52.02,1,주의(매출감소/대출보유)
11560660,신길4동,자동차·운송서비스,11560660_자동차·운송서비스,19965451,174,-53.45,-46.2,지속감소(위험),2,1,50.0,600000,600000.0,600000,0,0,1000000.0,-53.69,2,주의(매출감소/대출보유)
11590560,상도4동,전자기기·수리,11590560_전자기기·수리,85231273,2778,-50.24,20.93,단기반등,1,1,100.0,600000,600000.0,600000,0,0,1000000.0,9.66,0,주의(매출감소/대출보유)
11380520,불광1동,문화·취미·반려,11380520_문화·취미·반려,145968906,1499,-49.17,84.26,단기반등,1,1,100.0,600000,600000.0,0,600000,0,1000000.0,69.51,0,주의(매출감소/대출보유)
11200550,사근동,생활서비스,11200550_생활서비스,69838870,7621,-44.76,-20.79,지속감소(위험),1,1,100.0,600000,600000.0,600000,0,0,1000000.0,-26.51,1,주의(매출감소/대출보유)
11230705,청량리동,가구·인테리어,11230705_가구·인테리어,84289902,4382,-41.72,-73.01,지속감소(위험),2,1,50.0,600000,600000.0,600000,0,0,1000000.0,-70.0,2,주의(매출감소/대출보유)
11305615,수유1동,자동차·운송서비스,11305615_자동차·운송서비스,402113485,3649,-28.84,-22.91,지속감소(위험),1,1,100.0,600000,600000.0,600000,0,0,1000000.0,-15.03,1,주의(매출감소/대출보유)
11710531,거여1동,생활서비스,11710531_생활서비스,72000000,4167,-27.77,21.35,단기반등,1,1,100.0,600000,600000.0,600000,0,0,1000000.0,30.79,0,주의(매출감소/대출보유)
11620645,서원동,숙박,11620645_숙박,58784049,1147,-25.07,-7.63,지속감소(위험),1,1,100.0,600000,600000.0,600000,0,0,1000000.0,-5.19,1,주의(매출감소/대출보유)
11440710,연남동,자동차·운송서비스,11440710_자동차·운송서비스,229002053,777,-23.67,23.27,단기반등,1,1,100.0,600000,600000.0,600000,0,0,1890000.0,14.59,0,주의(매출감소/대출보유)
11710570,오금동,생활서비스,11710570_생활서비스,152927944,7422,-19.52,68.46,단기반등,1,1,100.0,600000,600000.0,0,0,600000,1160000.0,73.63,0,주의(매출감소/대출보유)
11410620,홍제1동,문화·취미·반려,11410620_문화·취미·반려,28146035,846,-18.37,43.44,단기반등,1,1,100.0,600000,600000.0,600000,0,0,1000000.0,41.69,0,주의(매출감소/대출보유)
11740515,강일동,여가·오락,11740515_여가·오락,188122755,28347,-18.01,-0.6,지속감소(위험),1,1,100.0,600000,600000.0,0,0,600000,1100000.0,1.52,0,주의(매출감소/대출보유)
11260575,면목3·8동,문화·취미·반려,11260575_문화·취미·반려,345040087,8508,-17.74,22.39,단기반등,1,1,100.0,600000,600000.0,0,0,600000,1670000.0,37.25,0,주의(매출감소/대출보유)
11290760,장위1동,여가·오락,11290760_여가·오락,109742593,3313,-16.71,-27.12,지속감소(위험),1,1,100.0,600000,600000.0,600000,0,0,1000000.0,-41.25,1,주의(매출감소/대출보유)
11305608,번3동,패션·잡화,11305608_패션·잡화,40007958,1380,-12.59,16.67,단기반등,2,2,100.0,600000,300000.0,600000,0,0,1000000.0,21.08,0,주의(매출감소/대출보유)
11110530,사직동,숙박,11110530_숙박,76450722,1430,-11.16,3.16,단기반등,1,1,100.0,600000,600000.0,0,600000,0,1000000.0,9.29,0,주의(매출감소/대출보유)
11200650,성수1가1동,가구·인테리어,11200650_가구·인테리어,129076814,3850,-9.95,-16.99,지속감소(위험),1,1,100.0,600000,600000.0,0,600000,0,1240000.0,-24.76,1,주의(매출감소/대출보유)
11545620,독산2동,패션·잡화,11545620_패션·잡화,425336239,3713,-8.32,-22.09,지속감소(위험),1,1,100.0,600000,600000.0,0,600000,0,2180000.0,-27.63,1,주의(매출감소/대출보유)
11620745,삼성동,미용·뷰티,11620745_미용·뷰티,207977012,6132,-8.28,10.12,단기반등,1,1,100.0,600000,600000.0,600000,0,0,1000000.0,30.24,0,주의(매출감소/대출보유)
11530595,가리봉동,미용·뷰티,11530595_미용·뷰티,186624560,5222,-7.8,1.28,단기반등,1,1,100.0,600000,600000.0,0,0,600000,1700000.0,-11.13,1,주의(매출감소/대출보유)
11110560,평창동,생활서비스,11110560_생활서비스,93650078,3543,-7.04,35.27,단기반등,1,1,100.0,600000,600000.0,0,0,600000,1000000.0,21.78,0,주의(매출감소/대출보유)
11530530,구로2동,여가·오락,11530530_여가·오락,457502707,11947,-6.74,19.53,단기반등,1,1,100.0,600000,600000.0,600000,0,0,1040000.0,8.03,0,주의(매출감소/대출보유)
11170685,한남동,숙박,11170685_숙박,101844110,1142,-4.99,12.62,단기반등,1,1,100.0,600000,600000.0,0,0,600000,1000000.0,5.59,0,주의(매출감소/대출보유)
11590670,신대방1동,패션·잡화,11590670_패션·잡화,406421248,3733,-4.23,10.66,단기반등,1,1,100.0,600000,600000.0,0,600000,0,1010000.0,-1.21,1,주의(매출감소/대출보유)
11305635,수유3동,숙박,11305635_숙박,337982433,11171,-1.05,7.24,단기반등,2,1,50.0,600000,600000.0,0,600000,0,2865000.0,10.48,0,주의(매출감소/대출보유)
11650530,서초3동,생활서비스,11650530_생활서비스,361900650,16660,-0.28,8.57,단기반등,1,1,100.0,600000,600000.0,600000,0,0,1030000.0,10.8,0,주의(매출감소/대출보유)
11440730,성산2동,여가·오락,11440730_여가·오락,79507666,3435,2.05,-4.16,단기둔화,1,1,100.0,600000,600000.0,600000,0,0,1000000.0,4.94,0,정상
11410640,홍제3동,여가·오락,11410640_여가·오락,129500145,5213,3.24,-0.11,단기둔화,1,1,100.0,600000,600000.0,600000,0,0,1630000.0,28.9,0,정상
11545630,독산3동,패션·잡화,11545630_패션·잡화,908671675,21139,3.74,45.8,지속성장,1,1,100.0,600000,600000.0,0,0,600000,1700000.0,36.43,0,정상
11710590,송파2동,생활서비스,11710590_생활서비스,86273300,4424,3.81,7.59,지속성장,1,1,100.0,600000,600000.0,0,0,600000,1110000.0,2.87,0,정상
11530730,고척2동,여가·오락,11530730_여가·오락,277014762,6827,6.25,33.83,지속성장,1,1,100.0,600000,600000.0,0,0,600000,2390000.0,27.84,0,정상
11410620,홍제1동,자동차·운송서비스,11410620_자동차·운송서비스,295698864,2280,6.91,20.49,지속성장,1,1,100.0,600000,600000.0,0,0,600000,1220000.0,22.77,0,정상
11710532,거여2동,미용·뷰티,11710532_미용·뷰티,486155578,11772,8.8,-9.0,단기둔화,1,1,100.0,600000,600000.0,0,0,600000,1620000.0,0.19,0,정상
11470590,신월4동,생활서비스,11470590_생활서비스,17072360,869,9.14,105.23,지속성장,1,1,100.0,600000,600000.0,600000,0,0,1000000.0,100.0,0,정상
11380650,수색동,자동차·운송서비스,11380650_자동차·운송서비스,223739075,2443,9.39,12.26,지속성장,1,1,100.0,600000,600000.0,0,600000,0,1000000.0,11.07,0,정상
11170640,이촌2동,생활서비스,11170640_생활서비스,20332462,2009,10.56,21.06,지속성장,2,1,50.0,600000,600000.0,600000,0,0,1000000.0,7.31,1,정상
11560710,대림2동,숙박,11560710_숙박,82675075,1915,13.0,-8.36,단기둔화,1,1,100.0,600000,600000.0,600000,0,0,1000000.0,-11.19,1,정상
11260680,신내1동,전자기기·수리,11260680_전자기기·수리,290723915,3641,13.64,16.18,지속성장,1,1,100.0,600000,600000.0,0,0,600000,1590000.0,35.66,0,정상
11545610,독산1동,숙박,11545610_숙박,214597050,4824,15.34,20.61,지속성장,1,1,100.0,600000,600000.0,600000,0,0,1240000.0,25.28,0,정상
11680655,도곡1동,전자기기·수리,11680655_전자기기·수리,109626266,2911,18.69,-92.55,단기둔화,1,1,100.0,600000,600000.0,600000,0,0,1000000.0,-70.0,1,정상
11650610,방배2동,생활서비스,11650610_생활서비스,62320923,2890,18.89,74.38,지속성장,1,1,100.0,600000,600000.0,0,0,600000,1000000.0,69.01,0,정상
11260600,중화1동,문화·취미·반려,11260600_문화·취미·반려,169274212,2120,27.06,-51.27,단기둔화,1,1,100.0,600000,600000.0,0,600000,0,1000000.0,-47.96,1,정상
11290555,삼선동,숙박,11290555_숙박,263210917,6248,35.1,74.1,지속성장,1,1,100.0,600000,600000.0,600000,0,0,1130000.0,77.92,0,정상
11740650,성내2동,전자기기·수리,11740650_전자기기·수리,21334825,158,44.38,4.37,지속성장,2,1,50.0,600000,600000.0,600000,0,0,1000000.0,0.42,1,정상
11230730,휘경2동,여가·오락,11230730_여가·오락,24196039,763,167.04,2.37,지속성장,2,1,50.0,600000,600000.0,0,600000,0,1000000.0,-9.93,2,정상
11440680,합정동,가구·인테리어,11440680_가구·인테리어,48274777,651,167.99,166.01,지속성장,1,1,100.0,600000,600000.0,600000,0,0,1000000.0,100.0,0,정상
11650570,반포2동,문화·취미·반려,11650570_문화·취미·반려,82586029,10928,441.11,8.95,지속성장,1,1,100.0,600000,600000.0,600000,0,0,1000000.0,22.42,0,정상
11440720,성산1동,문화·취미·반려,11440720_문화·취미·반려,42482031,4349,-93.51,-95.08,지속감소(위험),2,1,50.0,500000,500000.0,0,500000,0,1000000.0,-70.0,2,주의(매출감소/대출보유)
11200620,금호4가동,가구·인테리어,11200620_가구·인테리어,16000393,198,-88.52,-81.44,지속감소(위험),1,1,100.0,500000,500000.0,500000,0,0,1000000.0,-70.0,1,주의(매출감소/대출보유)
11290650,정릉4동,가구·인테리어,11290650_가구·인테리어,30450840,1612,-77.02,-2.05,지속감소(위험),1,1,100.0,500000,500000.0,0,500000,0,1000000.0,-8.45,1,주의(매출감소/대출보유)
11350640,상계2동,전자기기·수리,11350640_전자기기·수리,6330537,637,-75.22,-87.79,지속감소(위험),2,1,50.0,500000,500000.0,0,0,500000,1000000.0,-70.0,2,주의(매출감소/대출보유)
11680510,신사동,가구·인테리어,11680510_가구·인테리어,159355862,4991,-66.25,-40.97,지속감소(위험),1,1,100.0,500000,500000.0,0,500000,0,1000000.0,-42.35,1,주의(매출감소/대출보유)
11650581,반포4동,숙박,11650581_숙박,31195756,484,-62.23,-54.13,지속감소(위험),1,1,100.0,500000,500000.0,0,0,500000,1000000.0,-35.58,1,주의(매출감소/대출보유)
11440585,도화동,문화·취미·반려,11440585_문화·취미·반려,93790818,2460,-54.99,4.25,단기반등,1,1,100.0,500000,500000.0,0,0,500000,1000000.0,-5.12,1,주의(매출감소/대출보유)
11380590,응암2동,생활서비스,11380590_생활서비스,10306759,510,-49.22,-30.03,지속감소(위험),1,1,100.0,500000,500000.0,500000,0,0,1000000.0,-26.97,1,주의(매출감소/대출보유)
11680650,역삼2동,자동차·운송서비스,11680650_자동차·운송서비스,87336707,768,-41.11,-37.82,지속감소(위험),1,1,100.0,500000,500000.0,0,0,500000,1000000.0,-35.4,1,주의(매출감소/대출보유)
11440660,서교동,숙박,11440660_숙박,137646080,2603,-39.65,-45.38,지속감소(위험),1,1,100.0,500000,500000.0,0,0,500000,1000000.0,-41.18,1,주의(매출감소/대출보유)
11350720,상계10동,패션·잡화,11350720_패션·잡화,171207988,4319,-35.42,-6.02,지속감소(위험),1,1,100.0,500000,500000.0,500000,0,0,1780000.0,2.81,0,주의(매출감소/대출보유)
11290555,삼선동,자동차·운송서비스,11290555_자동차·운송서비스,59608588,414,-32.74,-56.21,지속감소(위험),1,1,100.0,500000,500000.0,0,500000,0,1000000.0,-62.03,1,주의(매출감소/대출보유)
11740620,천호3동,생활서비스,11740620_생활서비스,31535857,2117,-32.44,4.54,단기반등,1,1,100.0,500000,500000.0,500000,0,0,1000000.0,4.31,0,주의(매출감소/대출보유)
11305595,번1동,문화·취미·반려,11305595_문화·취미·반려,63810892,2514,-31.48,36.25,단기반등,1,1,100.0,500000,500000.0,0,500000,0,1000000.0,35.53,0,주의(매출감소/대출보유)
11470540,목4동,가구·인테리어,11470540_가구·인테리어,77488829,3521,-28.89,-26.48,지속감소(위험),2,1,50.0,500000,500000.0,0,500000,0,1000000.0,-27.54,2,주의(매출감소/대출보유)
11440630,신수동,가구·인테리어,11440630_가구·인테리어,72939921,326,-25.5,76.79,단기반등,2,2,100.0,500000,250000.0,0,200000,300000,1000000.0,72.18,0,주의(매출감소/대출보유)
11545710,시흥5동,가구·인테리어,11545710_가구·인테리어,74141623,627,-23.9,-39.76,지속감소(위험),3,1,33.33,500000,500000.0,500000,0,0,1000000.0,-33.27,3,주의(매출감소/대출보유)
11440700,망원2동,미용·뷰티,11440700_미용·뷰티,474194259,10169,-20.48,-10.69,지속감소(위험),1,1,100.0,500000,500000.0,0,0,500000,1150000.0,-20.81,1,주의(매출감소/대출보유)
11380552,갈현2동,가구·인테리어,11380552_가구·인테리어,96256743,2786,-20.44,8.6,단기반등,1,1,100.0,500000,500000.0,0,500000,0,1000000.0,18.99,0,주의(매출감소/대출보유)
11560550,당산1동,자동차·운송서비스,11560550_자동차·운송서비스,247963056,1587,-20.39,-16.79,지속감소(위험),4,1,25.0,500000,500000.0,500000,0,0,1812500.0,-14.36,4,주의(매출감소/대출보유)
11740550,고덕1동,패션·잡화,11740550_패션·잡화,5479588,90,-18.5,2645.45,단기반등,2,1,50.0,500000,500000.0,500000,0,0,1000000.0,100.0,0,주의(매출감소/대출보유)
11290620,정릉1동,미용·뷰티,11290620_미용·뷰티,149234311,4362,-18.06,-8.69,지속감소(위험),1,1,100.0,500000,500000.0,0,0,500000,1150000.0,3.42,0,주의(매출감소/대출보유)
11215730,군자동,미용·뷰티,11215730_미용·뷰티,629161817,13207,-17.31,-9.74,지속감소(위험),2,1,50.0,500000,500000.0,500000,0,0,3615000.0,0.82,1,주의(매출감소/대출보유)
11320710,방학3동,여가·오락,11320710_여가·오락,154805784,4228,-16.43,-4.11,지속감소(위험),1,1,100.0,500000,500000.0,500000,0,0,1000000.0,12.73,0,주의(매출감소/대출보유)
11500590,화곡본동,숙박,11500590_숙박,761603511,21252,-15.37,-1.82,지속감소(위험),1,1,100.0,500000,500000.0,500000,0,0,1060000.0,2.08,0,주의(매출감소/대출보유)
11545670,시흥1동,숙박,11545670_숙박,201573671,4449,-13.81,-25.32,지속감소(위험),2,1,50.0,500000,500000.0,500000,0,0,2455000.0,-23.79,2,주의(매출감소/대출보유)
11710710,잠실6동,생활서비스,11710710_생활서비스,72534614,3569,-12.29,52.82,단기반등,2,1,50.0,500000,500000.0,0,500000,0,1000000.0,61.63,0,주의(매출감소/대출보유)
11305535,미아동,숙박,11305535_숙박,74916087,1432,-12.16,-37.95,지속감소(위험),3,1,33.33,500000,500000.0,0,500000,0,1000000.0,-27.51,3,주의(매출감소/대출보유)
11350710,상계9동,문화·취미·반려,11350710_문화·취미·반려,85215233,5122,-10.85,-27.32,지속감소(위험),1,1,100.0,500000,500000.0,0,0,500000,1000000.0,-31.43,1,주의(매출감소/대출보유)
11500591,화곡6동,미용·뷰티,11500591_미용·뷰티,362107023,9299,-10.82,-3.16,지속감소(위험),1,1,100.0,500000,500000.0,500000,0,0,2310000.0,-2.45,1,주의(매출감소/대출보유)
11620595,청룡동,숙박,11620595_숙박,747969175,23457,-10.42,-7.34,지속감소(위험),1,1,100.0,500000,500000.0,0,500000,0,1830000.0,6.56,0,주의(매출감소/대출보유)
11215710,화양동,자동차·운송서비스,11215710_자동차·운송서비스,65590270,2386,-10.4,15.28,단기반등,3,1,33.33,500000,500000.0,500000,0,0,1000000.0,20.28,0,주의(매출감소/대출보유)
11260660,망우3동,가구·인테리어,11260660_가구·인테리어,331310752,6517,-10.19,8.87,단기반등,2,1,50.0,500000,500000.0,0,0,500000,1115000.0,4.95,1,주의(매출감소/대출보유)
11260550,면목5동,문화·취미·반려,11260550_문화·취미·반려,120105067,9096,-8.75,-15.53,지속감소(위험),1,1,100.0,500000,500000.0,0,500000,0,1000000.0,-34.04,1,주의(매출감소/대출보유)
11215710,화양동,생활서비스,11215710_생활서비스,293727146,28256,-8.27,23.4,단기반등,1,1,100.0,500000,500000.0,500000,0,0,1000000.0,2.53,0,주의(매출감소/대출보유)
11230710,회기동,문화·취미·반려,11230710_문화·취미·반려,217519423,7289,-7.77,16.52,단기반등,1,1,100.0,500000,500000.0,0,0,500000,1000000.0,8.5,0,주의(매출감소/대출보유)
11545610,독산1동,여가·오락,11545610_여가·오락,818633684,13956,-7.2,-4.33,지속감소(위험),1,1,100.0,500000,500000.0,0,0,500000,2680000.0,-3.3,1,주의(매출감소/대출보유)
11740590,암사3동,생활서비스,11740590_생활서비스,89585395,6017,-6.9,42.22,단기반등,2,1,50.0,500000,500000.0,0,0,500000,1000000.0,39.73,0,주의(매출감소/대출보유)
11200520,왕십리2동,생활서비스,11200520_생활서비스,19090031,1123,-6.25,76.07,단기반등,2,1,50.0,500000,500000.0,0,0,500000,1000000.0,69.9,0,주의(매출감소/대출보유)
11110530,사직동,여가·오락,11110530_여가·오락,335686434,11378,-6.24,4.35,단기반등,1,1,100.0,500000,500000.0,500000,0,0,3080000.0,11.74,0,주의(매출감소/대출보유)
11710561,방이1동,문화·취미·반려,11710561_문화·취미·반려,87731715,4922,-5.76,1.28,단기반등,1,1,100.0,500000,500000.0,500000,0,0,1000000.0,12.52,0,주의(매출감소/대출보유)
11470630,신정2동,패션·잡화,11470630_패션·잡화,295168003,2792,-5.45,-26.5,지속감소(위험),2,1,50.0,500000,500000.0,500000,0,0,1715000.0,-13.96,2,주의(매출감소/대출보유)
11470610,신월6동,미용·뷰티,11470610_미용·뷰티,498758640,11793,-2.93,0.91,단기반등,1,1,100.0,500000,500000.0,0,500000,0,2180000.0,-16.05,1,주의(매출감소/대출보유)
11560690,신길7동,자동차·운송서비스,11560690_자동차·운송서비스,489700733,3924,-1.91,-25.62,지속감소(위험),1,1,100.0,500000,500000.0,500000,0,0,1380000.0,-24.85,1,주의(매출감소/대출보유)
11500640,방화2동,숙박,11500640_숙박,124355368,1764,-0.71,0.24,단기반등,1,1,100.0,500000,500000.0,500000,0,0,1000000.0,1.01,0,주의(매출감소/대출보유)
11290780,장위3동,미용·뷰티,11290780_미용·뷰티,83708453,1782,-0.45,-2.23,지속감소(위험),1,1,100.0,500000,500000.0,500000,0,0,1000000.0,34.15,0,주의(매출감소/대출보유)
11380530,불광2동,숙박,11380530_숙박,115673488,2663,1.76,17.31,지속성장,1,1,100.0,500000,500000.0,0,500000,0,1000000.0,5.85,0,정상
11710532,거여2동,생활서비스,11710532_생활서비스,77926433,4639,2.41,66.77,지속성장,2,2,100.0,500000,250000.0,500000,0,0,1100000.0,67.89,0,정상
11440630,신수동,미용·뷰티,11440630_미용·뷰티,153384087,3694,2.96,-9.93,단기둔화,3,1,33.33,500000,500000.0,0,0,500000,1120000.0,-15.63,3,정상
11290640,정릉3동,미용·뷰티,11290640_미용·뷰티,195221276,5872,4.79,-7.12,단기둔화,1,1,100.0,500000,500000.0,500000,0,0,1000000.0,4.12,0,정상
11710720,잠실7동,음식·음료,11710720_음식·음료,85449529,4812,7.59,-7.83,단기둔화,1,1,100.0,500000,500000.0,500000,0,0,1380000.0,9.06,0,정상
11410710,북가좌1동,문화·취미·반려,11410710_문화·취미·반려,3356201,590,9.81,-12.77,단기둔화,1,1,100.0,500000,500000.0,500000,0,0,1000000.0,-9.69,1,정상
11710562,방이2동,생활서비스,11710562_생활서비스,208938815,9638,9.85,73.94,지속성장,1,1,100.0,500000,500000.0,500000,0,0,1000000.0,75.52,0,정상
11590680,신대방2동,생활서비스,11590680_생활서비스,28810173,1071,9.99,15.76,지속성장,1,1,100.0,500000,500000.0,0,500000,0,1000000.0,-6.87,1,정상
11590630,사당2동,자동차·운송서비스,11590630_자동차·운송서비스,153805873,787,16.1,14.83,지속성장,1,1,100.0,500000,500000.0,0,0,500000,1030000.0,27.98,0,정상
11305535,미아동,생활서비스,11305535_생활서비스,56582976,5451,16.49,105.98,지속성장,1,1,100.0,500000,500000.0,500000,0,0,1000000.0,93.4,0,정상
11560540,여의동,자동차·운송서비스,11560540_자동차·운송서비스,184854217,918,21.66,43.13,지속성장,2,1,50.0,500000,500000.0,500000,0,0,1155000.0,33.56,0,정상
11350700,상계8동,가구·인테리어,11350700_가구·인테리어,10946139,542,27.27,33.32,지속성장,1,1,100.0,500000,500000.0,0,500000,0,1000000.0,61.64,0,정상
11320512,창2동,가구·인테리어,11320512_가구·인테리어,22760235,326,27.78,-44.86,단기둔화,1,1,100.0,500000,500000.0,500000,0,0,1000000.0,-53.98,1,정상
11350611,하계1동,여가·오락,11350611_여가·오락,130061735,2999,48.23,7.81,지속성장,1,1,100.0,500000,500000.0,500000,0,0,1000000.0,18.22,0,정상
11650580,반포3동,전자기기·수리,11650580_전자기기·수리,125338163,3412,70.46,-20.66,단기둔화,1,1,100.0,500000,500000.0,0,500000,0,1000000.0,-15.69,1,정상
11260570,면목7동,전자기기·수리,11260570_전자기기·수리,20343430,204,81.16,-79.43,단기둔화,1,1,100.0,500000,500000.0,0,0,500000,1000000.0,-70.0,1,정상
11650550,반포본동,미용·뷰티,11650550_미용·뷰티,40905967,286,120.11,0.85,지속성장,1,1,100.0,500000,500000.0,500000,0,0,1000000.0,-20.29,1,정상
11680590,삼성2동,전자기기·수리,11680590_전자기기·수리,301080179,4564,208.93,12.06,지속성장,1,1,100.0,500000,500000.0,0,0,500000,2850000.0,2.91,0,정상
11110700,숭인1동,패션·잡화,11110700_패션·잡화,252070033,449,9028.75,1468.81,지속성장,1,1,100.0,500000,500000.0,500000,0,0,1990000.0,100.0,0,정상
11590560,상도4동,가구·인테리어,11590560_가구·인테리어,30998005,1606,-77.04,1.84,단기반등,1,1,100.0,400000,400000.0,400000,0,0,1000000.0,3.39,0,주의(매출감소/대출보유)
11710540,마천1동,패션·잡화,11710540_패션·잡화,258485970,2144,-68.83,23.77,단기반등,1,1,100.0,400000,400000.0,0,0,400000,1000000.0,26.35,0,주의(매출감소/대출보유)
11290780,장위3동,문화·취미·반려,11290780_문화·취미·반려,3471469,421,-68.02,-22.19,지속감소(위험),1,1,100.0,400000,400000.0,400000,0,0,1000000.0,-43.63,1,주의(매출감소/대출보유)
11620765,미성동,생활서비스,11620765_생활서비스,89246650,3687,-65.55,77.21,단기반등,3,1,33.33,400000,400000.0,400000,0,0,1586667.0,76.75,0,주의(매출감소/대출보유)
11560650,신길3동,가구·인테리어,11560650_가구·인테리어,39774115,1305,-64.5,-17.64,지속감소(위험),1,1,100.0,400000,400000.0,0,400000,0,1000000.0,-36.53,1,주의(매출감소/대출보유)
11200650,성수1가1동,전자기기·수리,11200650_전자기기·수리,156049154,1626,-61.54,-47.0,지속감소(위험),1,1,100.0,400000,400000.0,400000,0,0,1130000.0,-40.19,1,주의(매출감소/대출보유)
11710510,풍납1동,문화·취미·반려,11710510_문화·취미·반려,17434977,783,-56.42,-33.57,지속감소(위험),1,1,100.0,400000,400000.0,400000,0,0,1000000.0,-51.55,1,주의(매출감소/대출보유)
11440710,연남동,가구·인테리어,11440710_가구·인테리어,18194652,1682,-55.72,-5.19,지속감소(위험),1,1,100.0,400000,400000.0,400000,0,0,1000000.0,-5.67,1,주의(매출감소/대출보유)
11620765,미성동,문화·취미·반려,11620765_문화·취미·반려,91073825,3239,-49.18,-10.71,지속감소(위험),1,1,100.0,400000,400000.0,400000,0,0,1000000.0,-4.09,1,주의(매출감소/대출보유)
11320660,쌍문1동,여가·오락,11320660_여가·오락,41374467,3438,-47.32,-34.93,지속감소(위험),2,1,50.0,400000,400000.0,400000,0,0,1000000.0,-42.1,2,주의(매출감소/대출보유)
11650660,내곡동,미용·뷰티,11650660_미용·뷰티,51464490,607,-41.21,-58.38,지속감소(위험),1,1,100.0,400000,400000.0,400000,0,0,1000000.0,-45.85,1,주의(매출감소/대출보유)
11620575,행운동,가구·인테리어,11620575_가구·인테리어,95915103,338,-40.87,-28.03,지속감소(위험),1,1,100.0,400000,400000.0,400000,0,0,1000000.0,-23.73,1,주의(매출감소/대출보유)
11710510,풍납1동,자동차·운송서비스,11710510_자동차·운송서비스,85178111,749,-29.55,-18.18,지속감소(위험),1,1,100.0,400000,400000.0,0,0,400000,1000000.0,-9.35,1,주의(매출감소/대출보유)
11545680,시흥2동,자동차·운송서비스,11545680_자동차·운송서비스,189135273,870,-27.7,-19.96,지속감소(위험),2,1,50.0,400000,400000.0,400000,0,0,2870000.0,-33.91,2,주의(매출감소/대출보유)
11350560,월계1동,생활서비스,11350560_생활서비스,40460230,2559,-24.09,68.71,단기반등,1,1,100.0,400000,400000.0,400000,0,0,1000000.0,60.17,0,주의(매출감소/대출보유)
11110690,창신3동,미용·뷰티,11110690_미용·뷰티,77624872,2423,-21.54,-29.87,지속감소(위험),1,1,100.0,400000,400000.0,0,400000,0,1000000.0,-27.47,1,주의(매출감소/대출보유)
11740560,고덕2동,패션·잡화,11740560_패션·잡화,254551860,5582,-19.42,38.35,단기반등,1,1,100.0,400000,400000.0,400000,0,0,1930000.0,32.15,0,주의(매출감소/대출보유)
11650621,방배4동,생활서비스,11650621_생활서비스,266624485,8665,-15.9,20.87,단기반등,1,1,100.0,400000,400000.0,0,0,400000,1710000.0,20.22,0,주의(매출감소/대출보유)
11680730,일원1동,가구·인테리어,11680730_가구·인테리어,111898853,5608,-13.63,-18.09,지속감소(위험),1,1,100.0,400000,400000.0,0,400000,0,1000000.0,-35.82,1,주의(매출감소/대출보유)
11440600,대흥동,생활서비스,11440600_생활서비스,38743072,1393,-13.3,46.62,단기반등,2,1,50.0,400000,400000.0,400000,0,0,1000000.0,34.23,0,주의(매출감소/대출보유)
11230650,장안1동,숙박,11230650_숙박,250822082,5117,-13.14,22.7,단기반등,1,1,100.0,400000,400000.0,0,0,400000,1950000.0,31.22,0,주의(매출감소/대출보유)
11500530,등촌2동,문화·취미·반려,11500530_문화·취미·반려,102461574,9306,-11.0,-2.1,지속감소(위험),2,1,50.0,400000,400000.0,0,400000,0,1090000.0,-4.48,2,주의(매출감소/대출보유)
11380631,신사1동,생활서비스,11380631_생활서비스,98286503,5147,-10.68,48.57,단기반등,3,1,33.33,400000,400000.0,400000,0,0,1173333.0,46.73,0,주의(매출감소/대출보유)
11470680,신정7동,생활서비스,11470680_생활서비스,38021591,2181,-10.28,34.34,단기반등,2,1,50.0,400000,400000.0,400000,0,0,1000000.0,38.21,0,주의(매출감소/대출보유)
11440610,염리동,미용·뷰티,11440610_미용·뷰티,111253756,4165,-8.71,3.52,단기반등,1,1,100.0,400000,400000.0,400000,0,0,1000000.0,-13.07,1,주의(매출감소/대출보유)
11470520,목2동,여가·오락,11470520_여가·오락,289739980,9435,-8.09,1.5,단기반등,1,1,100.0,400000,400000.0,0,400000,0,1520000.0,4.54,0,주의(매출감소/대출보유)
11590510,노량진1동,생활서비스,11590510_생활서비스,43515373,2770,-7.2,20.59,단기반등,1,1,100.0,400000,400000.0,400000,0,0,1000000.0,37.18,0,주의(매출감소/대출보유)
11590680,신대방2동,가구·인테리어,11590680_가구·인테리어,14817344,667,-7.1,61.06,단기반등,2,1,50.0,400000,400000.0,400000,0,0,1000000.0,59.31,0,주의(매출감소/대출보유)
11590540,상도2동,여가·오락,11590540_여가·오락,237796985,6073,-6.95,-17.94,지속감소(위험),1,1,100.0,400000,400000.0,400000,0,0,1000000.0,-3.77,1,주의(매출감소/대출보유)
11410620,홍제1동,여가·오락,11410620_여가·오락,317404725,2845,-3.28,-12.07,지속감소(위험),1,1,100.0,400000,400000.0,0,0,400000,1000000.0,-13.99,1,주의(매출감소/대출보유)
11650580,반포3동,자동차·운송서비스,11650580_자동차·운송서비스,174655518,971,1.31,60.6,지속성장,1,1,100.0,400000,400000.0,0,0,400000,2000000.0,61.82,0,정상
11620655,신원동,가구·인테리어,11620655_가구·인테리어,56138634,3412,2.79,6.15,지속성장,1,1,100.0,400000,400000.0,400000,0,0,1000000.0,10.03,0,정상
11560620,양평2동,여가·오락,11560620_여가·오락,303509122,5905,9.9,6.53,지속성장,1,1,100.0,400000,400000.0,400000,0,0,1610000.0,9.86,0,정상
11230750,이문2동,생활서비스,11230750_생활서비스,49757359,1986,10.4,63.52,지속성장,1,1,100.0,400000,400000.0,400000,0,0,1000000.0,50.21,0,정상
11260660,망우3동,문화·취미·반려,11260660_문화·취미·반려,72516746,8769,10.88,-20.3,단기둔화,1,1,100.0,400000,400000.0,400000,0,0,1000000.0,1.77,0,정상
11680700,세곡동,전자기기·수리,11680700_전자기기·수리,67651234,2340,11.12,-63.16,단기둔화,1,1,100.0,400000,400000.0,0,400000,0,1000000.0,-70.0,1,정상
11530560,구로5동,생활서비스,11530560_생활서비스,136328095,10526,12.65,36.45,지속성장,2,1,50.0,400000,400000.0,400000,0,0,1370000.0,34.84,0,정상
11440655,서강동,생활서비스,11440655_생활서비스,113119170,6212,23.75,80.01,지속성장,1,1,100.0,400000,400000.0,0,0,400000,1000000.0,88.45,0,정상
11260575,면목3·8동,생활서비스,11260575_생활서비스,281170613,13556,39.13,106.01,지속성장,1,1,100.0,400000,400000.0,400000,0,0,1570000.0,100.0,0,정상
11305625,수유2동,생활서비스,11305625_생활서비스,18089645,675,40.46,68.09,지속성장,1,1,100.0,400000,400000.0,400000,0,0,1000000.0,92.47,0,정상
11110640,이화동,여가·오락,11110640_여가·오락,15516034,1043,45.08,-8.81,단기둔화,1,1,100.0,400000,400000.0,0,0,400000,1000000.0,-6.15,1,정상
11260550,면목5동,미용·뷰티,11260550_미용·뷰티,215541342,5404,49.85,2.01,지속성장,1,1,100.0,400000,400000.0,0,400000,0,1000000.0,4.54,0,정상
11380530,불광2동,문화·취미·반려,11380530_문화·취미·반려,43942263,1760,50.89,-15.73,단기둔화,1,1,100.0,400000,400000.0,0,400000,0,1000000.0,-20.3,1,정상
11560680,신길6동,문화·취미·반려,11560680_문화·취미·반려,90089778,1634,77.46,92.51,지속성장,2,1,50.0,400000,400000.0,400000,0,0,1020000.0,88.79,0,정상
11260600,중화1동,가구·인테리어,11260600_가구·인테리어,30563796,1289,97.61,146.03,지속성장,1,1,100.0,400000,400000.0,0,400000,0,1000000.0,100.0,0,정상
11260600,중화1동,전자기기·수리,11260600_전자기기·수리,359207525,1909,177.75,266.75,지속성장,1,1,100.0,400000,400000.0,0,400000,0,1410000.0,100.0,0,정상
11710520,풍납2동,문화·취미·반려,11710520_문화·취미·반려,33635331,1249,178.52,59.69,지속성장,1,1,100.0,400000,400000.0,0,400000,0,1000000.0,62.08,0,정상
11620685,신사동,가구·인테리어,11620685_가구·인테리어,264283087,5333,239.5,154.0,지속성장,1,1,100.0,400000,400000.0,400000,0,0,1500000.0,100.0,0,정상
11320660,쌍문1동,전자기기·수리,11320660_전자기기·수리,3120654,998,-92.63,337.32,단기반등,2,1,50.0,300000,300000.0,0,0,300000,1000000.0,100.0,0,주의(매출감소/대출보유)
11590520,노량진2동,패션·잡화,11590520_패션·잡화,56429092,515,-42.5,16.18,단기반등,1,1,100.0,300000,300000.0,300000,0,0,1000000.0,8.09,0,주의(매출감소/대출보유)
11740580,암사2동,패션·잡화,11740580_패션·잡화,128332823,1134,-28.88,-15.76,지속감소(위험),2,1,50.0,300000,300000.0,300000,0,0,1015000.0,-17.41,2,주의(매출감소/대출보유)
11590650,사당4동,생활서비스,11590650_생활서비스,101846921,8296,-24.2,40.96,단기반등,1,1,100.0,300000,300000.0,0,300000,0,1000000.0,47.65,0,주의(매출감소/대출보유)
11650620,방배3동,자동차·운송서비스,11650620_자동차·운송서비스,86475909,1185,-22.41,-3.07,지속감소(위험),2,1,50.0,300000,300000.0,0,0,300000,1145000.0,2.39,1,주의(매출감소/대출보유)
11350619,중계본동,미용·뷰티,11350619_미용·뷰티,386534765,8583,-21.9,0.53,단기반등,2,1,50.0,300000,300000.0,0,0,300000,1985000.0,17.22,0,주의(매출감소/대출보유)
11470580,신월3동,문화·취미·반려,11470580_문화·취미·반려,62759156,2580,-21.29,38.09,단기반등,1,1,100.0,300000,300000.0,0,300000,0,1000000.0,55.72,0,주의(매출감소/대출보유)
11500611,발산1동,생활서비스,11500611_생활서비스,41738751,2322,-18.36,50.87,단기반등,1,1,100.0,300000,300000.0,0,0,300000,1000000.0,46.37,0,주의(매출감소/대출보유)
11650531,서초4동,전자기기·수리,11650531_전자기기·수리,98968752,3581,-17.87,-14.11,지속감소(위험),1,1,100.0,300000,300000.0,0,0,300000,1000000.0,-5.44,1,주의(매출감소/대출보유)
11440585,도화동,여가·오락,11440585_여가·오락,466713605,16576,-17.65,22.17,단기반등,1,1,100.0,300000,300000.0,0,0,300000,1800000.0,46.95,0,주의(매출감소/대출보유)
11740560,고덕2동,여가·오락,11740560_여가·오락,70666920,3874,-17.48,-4.69,지속감소(위험),1,1,100.0,300000,300000.0,0,0,300000,1000000.0,-12.68,1,주의(매출감소/대출보유)
11740600,천호1동,가구·인테리어,11740600_가구·인테리어,270272556,6654,-12.65,-10.91,지속감소(위험),1,1,100.0,300000,300000.0,300000,0,0,1780000.0,6.21,0,주의(매출감소/대출보유)
11620525,보라매동,자동차·운송서비스,11620525_자동차·운송서비스,27601219,179,-12.2,2.67,단기반등,1,1,100.0,300000,300000.0,300000,0,0,1000000.0,-7.15,1,주의(매출감소/대출보유)
11290600,안암동,전자기기·수리,11290600_전자기기·수리,202485906,2125,-10.08,21.4,단기반등,1,1,100.0,300000,300000.0,300000,0,0,1000000.0,39.35,0,주의(매출감소/대출보유)
11200580,응봉동,생활서비스,11200580_생활서비스,52356546,2657,-9.07,81.53,단기반등,1,1,100.0,300000,300000.0,300000,0,0,1000000.0,77.54,0,주의(매출감소/대출보유)
11560720,대림3동,문화·취미·반려,11560720_문화·취미·반려,194364169,3579,-7.13,56.35,단기반등,1,1,100.0,300000,300000.0,0,0,300000,1780000.0,48.6,0,주의(매출감소/대출보유)
11530750,개봉2동,생활서비스,11530750_생활서비스,44298908,2245,-6.87,78.52,단기반등,1,1,100.0,300000,300000.0,300000,0,0,1000000.0,62.18,0,주의(매출감소/대출보유)
11140570,필동,자동차·운송서비스,11140570_자동차·운송서비스,148974565,1069,-4.57,-25.27,지속감소(위험),1,1,100.0,300000,300000.0,300000,0,0,1000000.0,-29.22,1,주의(매출감소/대출보유)
11470570,신월2동,숙박,11470570_숙박,12993916,858,-4.2,-11.36,지속감소(위험),1,1,100.0,300000,300000.0,0,300000,0,1000000.0,-2.94,1,주의(매출감소/대출보유)
11200660,성수1가2동,여가·오락,11200660_여가·오락,208053472,12522,-4.18,33.09,단기반등,1,1,100.0,300000,300000.0,300000,0,0,1010000.0,29.94,0,주의(매출감소/대출보유)
11170660,이태원2동,가구·인테리어,11170660_가구·인테리어,111744132,5518,-2.81,56.32,단기반등,2,1,50.0,300000,300000.0,0,300000,0,1215000.0,74.67,0,주의(매출감소/대출보유)
11140580,장충동,생활서비스,11140580_생활서비스,7938735,239,-2.51,17.56,단기반등,1,1,100.0,300000,300000.0,0,300000,0,1000000.0,50.34,0,주의(매출감소/대출보유)
11350670,상계5동,전자기기·수리,11350670_전자기기·수리,52988182,429,3.9,-4.65,단기둔화,1,1,100.0,300000,300000.0,300000,0,0,1000000.0,-5.12,1,정상
11530790,수궁동,여가·오락,11530790_여가·오락,157043778,17388,8.53,0.34,지속성장,1,1,100.0,300000,300000.0,300000,0,0,1300000.0,9.22,0,정상
11305534,삼양동,문화·취미·반려,11305534_문화·취미·반려,36052427,2079,10.69,9.12,지속성장,1,1,100.0,300000,300000.0,0,300000,0,1000000.0,5.96,0,정상
11200560,행당1동,가구·인테리어,11200560_가구·인테리어,176630984,9292,12.9,-20.32,단기둔화,1,1,100.0,300000,300000.0,0,300000,0,1000000.0,-28.71,1,정상
11290620,정릉1동,패션·잡화,11290620_패션·잡화,32393454,305,13.18,-18.51,단기둔화,2,1,50.0,300000,300000.0,300000,0,0,1000000.0,-11.48,2,정상
11410685,홍은2동,가구·인테리어,11410685_가구·인테리어,3063424,190,13.2,572.72,지속성장,1,1,100.0,300000,300000.0,0,0,300000,1000000.0,100.0,0,정상
11260570,면목7동,생활서비스,11260570_생활서비스,129446402,6089,14.37,69.29,지속성장,1,1,100.0,300000,300000.0,300000,0,0,1000000.0,64.63,0,정상
11560700,대림1동,생활서비스,11560700_생활서비스,36054840,1318,18.05,73.66,지속성장,1,1,100.0,300000,300000.0,0,0,300000,1000000.0,73.29,0,정상
11590620,사당1동,자동차·운송서비스,11590620_자동차·운송서비스,169036427,953,19.46,-14.27,단기둔화,1,1,100.0,300000,300000.0,300000,0,0,1000000.0,-17.67,1,정상
11410700,남가좌2동,가구·인테리어,11410700_가구·인테리어,166677703,9383,21.27,0.09,지속성장,1,1,100.0,300000,300000.0,300000,0,0,1000000.0,7.68,0,정상
11200720,송정동,여가·오락,11200720_여가·오락,123412608,753,28.56,97.68,지속성장,2,1,50.0,300000,300000.0,300000,0,0,1000000.0,88.71,0,정상
11200615,금호2·3가동,가구·인테리어,11200615_가구·인테리어,41981879,2442,31.34,-7.35,단기둔화,1,1,100.0,300000,300000.0,300000,0,0,1000000.0,-5.3,1,정상
11305645,우이동,생활서비스,11305645_생활서비스,6282229,242,41.86,5.01,지속성장,1,1,100.0,300000,300000.0,0,0,300000,1000000.0,3.67,0,정상
11260575,면목3·8동,자동차·운송서비스,11260575_자동차·운송서비스,123046266,561,59.18,6.55,지속성장,1,1,100.0,300000,300000.0,0,300000,0,1000000.0,17.47,0,정상
11350600,공릉2동,전자기기·수리,11350600_전자기기·수리,49772635,1581,115.31,322.78,지속성장,1,1,100.0,300000,300000.0,300000,0,0,1000000.0,100.0,0,정상
11215760,중곡3동,문화·취미·반려,11215760_문화·취미·반려,249950123,2538,162.06,15.09,지속성장,1,1,100.0,300000,300000.0,0,0,300000,1120000.0,23.34,0,정상
11470540,목4동,전자기기·수리,11470540_전자기기·수리,26012763,246,198.36,73.29,지속성장,1,1,100.0,300000,300000.0,0,300000,0,1000000.0,77.8,0,정상
11500570,화곡4동,전자기기·수리,11500570_전자기기·수리,157464235,1819,710.95,3.51,지속성장,1,1,100.0,300000,300000.0,0,300000,0,1000000.0,2.87,0,정상
11230740,이문1동,가구·인테리어,11230740_가구·인테리어,11178528,118,-94.08,672.36,단기반등,2,1,50.0,200000,200000.0,200000,0,0,1000000.0,100.0,0,주의(매출감소/대출보유)
11470600,신월5동,패션·잡화,11470600_패션·잡화,97791379,588,-72.42,132.03,단기반등,2,1,50.0,200000,200000.0,0,200000,0,1000000.0,100.0,0,주의(매출감소/대출보유)
11350580,월계3동,자동차·운송서비스,11350580_자동차·운송서비스,6552756,76,-36.55,24.74,단기반등,1,1,100.0,200000,200000.0,0,200000,0,1000000.0,17.47,0,주의(매출감소/대출보유)
11290770,장위2동,여가·오락,11290770_여가·오락,100794204,5284,-36.5,-5.45,지속감소(위험),1,1,100.0,200000,200000.0,200000,0,0,1000000.0,8.11,0,주의(매출감소/대출보유)
11680521,논현1동,숙박,11680521_숙박,210400057,2755,-35.42,-0.39,지속감소(위험),1,1,100.0,200000,200000.0,200000,0,0,1080000.0,12.23,0,주의(매출감소/대출보유)
11305625,수유2동,문화·취미·반려,11305625_문화·취미·반려,24320410,508,-32.9,22.05,단기반등,1,1,100.0,200000,200000.0,0,0,200000,1000000.0,22.05,0,주의(매출감소/대출보유)
11350665,상계3·4동,전자기기·수리,11350665_전자기기·수리,310368233,2077,-29.98,256.41,단기반등,1,1,100.0,200000,200000.0,200000,0,0,1400000.0,100.0,0,주의(매출감소/대출보유)
11620565,성현동,전자기기·수리,11620565_전자기기·수리,108643316,1131,-26.09,165.95,단기반등,1,1,100.0,200000,200000.0,200000,0,0,1000000.0,100.0,0,주의(매출감소/대출보유)
11470630,신정2동,여가·오락,11470630_여가·오락,94642941,2226,-15.45,-6.56,지속감소(위험),1,1,100.0,200000,200000.0,200000,0,0,1000000.0,-16.36,1,주의(매출감소/대출보유)
11290715,월곡1동,여가·오락,11290715_여가·오락,135578952,3826,-15.13,16.77,단기반등,1,1,100.0,200000,200000.0,200000,0,0,1000000.0,17.73,0,주의(매출감소/대출보유)
11290660,길음1동,생활서비스,11290660_생활서비스,42800341,2588,-12.87,56.61,단기반등,1,1,100.0,200000,200000.0,200000,0,0,1000000.0,58.86,0,주의(매출감소/대출보유)
11500540,화곡1동,생활서비스,11500540_생활서비스,160770263,8086,-11.95,110.73,단기반등,2,1,50.0,200000,200000.0,0,0,200000,1370000.0,99.8,0,주의(매출감소/대출보유)
11110710,숭인2동,미용·뷰티,11110710_미용·뷰티,128161579,2595,-3.27,-6.33,지속감소(위험),1,1,100.0,200000,200000.0,0,0,200000,1000000.0,-5.55,1,주의(매출감소/대출보유)
11440610,염리동,여가·오락,11440610_여가·오락,226181601,3222,-1.66,25.51,단기반등,2,1,50.0,200000,200000.0,200000,0,0,1745000.0,38.26,0,주의(매출감소/대출보유)
11320521,도봉1동,숙박,11320521_숙박,59091211,1115,-1.32,-3.33,지속감소(위험),2,1,50.0,200000,200000.0,0,0,200000,1000000.0,2.53,1,주의(매출감소/대출보유)
11440630,신수동,생활서비스,11440630_생활서비스,23102100,4960,2.39,7.85,지속성장,1,1,100.0,200000,200000.0,0,0,200000,1000000.0,0.11,0,정상
11350710,상계9동,생활서비스,11350710_생활서비스,162990570,8145,12.52,80.28,지속성장,1,1,100.0,200000,200000.0,200000,0,0,1000000.0,82.1,0,정상
11710641,문정1동,가구·인테리어,11710641_가구·인테리어,41935381,2522,14.1,28.98,지속성장,1,1,100.0,200000,200000.0,200000,0,0,1000000.0,21.44,0,정상
11440720,성산1동,미용·뷰티,11440720_미용·뷰티,360945254,6525,18.56,-2.91,단기둔화,1,1,100.0,200000,200000.0,200000,0,0,1000000.0,-14.11,1,정상
11380520,불광1동,생활서비스,11380520_생활서비스,74566525,3379,20.28,41.07,지속성장,1,1,100.0,200000,200000.0,200000,0,0,1200000.0,19.77,0,정상
11560630,신길1동,숙박,11560630_숙박,36318137,289,23.03,244.92,지속성장,1,1,100.0,200000,200000.0,0,0,200000,1000000.0,100.0,0,정상
11290640,정릉3동,여가·오락,11290640_여가·오락,91380390,14650,23.17,12.47,지속성장,1,1,100.0,200000,200000.0,200000,0,0,1050000.0,28.51,0,정상
11710620,가락본동,생활서비스,11710620_생활서비스,96385246,9694,23.54,57.9,지속성장,1,1,100.0,200000,200000.0,0,200000,0,1000000.0,65.43,0,정상
11500641,방화3동,생활서비스,11500641_생활서비스,24740613,749,33.33,78.51,지속성장,3,1,33.33,200000,200000.0,200000,0,0,1000000.0,84.27,0,정상
11380560,구산동,생활서비스,11380560_생활서비스,124128772,3575,37.46,19.56,지속성장,2,1,50.0,200000,200000.0,200000,0,0,1000000.0,20.87,0,정상
11710641,문정1동,생활서비스,11710641_생활서비스,75049155,3240,38.42,55.6,지속성장,1,1,100.0,200000,200000.0,200000,0,0,1000000.0,46.53,0,정상
11320710,방학3동,미용·뷰티,11320710_미용·뷰티,101305447,2939,107.32,-9.4,단기둔화,2,1,50.0,200000,200000.0,200000,0,0,1000000.0,1.63,1,정상
11620630,남현동,문화·취미·반려,11620630_문화·취미·반려,32779060,30,378.19,594.57,지속성장,1,1,100.0,200000,200000.0,200000,0,0,1000000.0,100.0,0,정상
11530790,수궁동,전자기기·수리,11530790_전자기기·수리,261252103,1737,1582.92,459.25,지속성장,2,1,50.0,200000,200000.0,0,0,200000,1450000.0,100.0,0,정상
11740620,천호3동,문화·취미·반려,11740620_문화·취미·반려,8235213,794,-94.8,-20.26,지속감소(위험),1,0,0.0,0,0.0,0,0,0,1000000.0,-19.19,1,관찰(매출감소/대출무)
11560690,신길7동,전자기기·수리,11560690_전자기기·수리,3950954,565,-94.06,-36.36,지속감소(위험),1,0,0.0,0,0.0,0,0,0,1000000.0,-28.36,1,관찰(매출감소/대출무)
11380650,수색동,미용·뷰티,11380650_미용·뷰티,59158294,1508,-86.52,-54.4,지속감소(위험),1,0,0.0,0,0.0,0,0,0,1000000.0,-48.57,1,관찰(매출감소/대출무)
11230610,답십리2동,생활서비스,11230610_생활서비스,6049601,248,-83.95,90.28,단기반등,1,0,0.0,0,0.0,0,0,0,1000000.0,93.56,0,관찰(매출감소/대출무)
11740560,고덕2동,전자기기·수리,11740560_전자기기·수리,1096552,42,-81.24,6.0,단기반등,1,0,0.0,0,0.0,0,0,0,1000000.0,-6.61,1,관찰(매출감소/대출무)
11500641,방화3동,문화·취미·반려,11500641_문화·취미·반려,40456323,2096,-80.59,-7.54,지속감소(위험),1,0,0.0,0,0.0,0,0,0,1000000.0,-5.9,1,관찰(매출감소/대출무)
11620585,낙성대동,문화·취미·반려,11620585_문화·취미·반려,64313011,169,-78.7,-8.34,지속감소(위험),1,0,0.0,0,0.0,0,0,0,1480000.0,-19.71,1,관찰(매출감소/대출무)
11200580,응봉동,패션·잡화,11200580_패션·잡화,7810290,96,-76.07,35.28,단기반등,1,0,0.0,0,0.0,0,0,0,1000000.0,33.25,0,관찰(매출감소/대출무)
11500535,등촌3동,가구·인테리어,11500535_가구·인테리어,60115476,1290,-74.93,103.34,단기반등,1,0,0.0,0,0.0,0,0,0,1000000.0,98.01,0,관찰(매출감소/대출무)
11440585,도화동,전자기기·수리,11440585_전자기기·수리,533288342,3122,-74.83,-70.44,지속감소(위험),1,0,0.0,0,0.0,0,0,0,2080000.0,-70.0,1,관찰(매출감소/대출무)
11560650,신길3동,문화·취미·반려,11560650_문화·취미·반려,28675776,693,-74.62,-19.91,지속감소(위험),1,0,0.0,0,0.0,0,0,0,1000000.0,-10.4,1,관찰(매출감소/대출무)
11260540,면목4동,전자기기·수리,11260540_전자기기·수리,33110022,1343,-72.1,330.55,단기반등,1,0,0.0,0,0.0,0,0,0,1000000.0,100.0,0,관찰(매출감소/대출무)
11110680,창신2동,미용·뷰티,11110680_미용·뷰티,112628316,3413,-71.94,-34.02,지속감소(위험),1,0,0.0,0,0.0,0,0,0,2550000.0,-21.9,1,관찰(매출감소/대출무)
11200570,행당2동,생활서비스,11200570_생활서비스,17086861,875,-68.08,107.62,단기반등,1,0,0.0,0,0.0,0,0,0,1000000.0,100.0,0,관찰(매출감소/대출무)
11260540,면목4동,패션·잡화,11260540_패션·잡화,55714249,560,-67.49,-54.46,지속감소(위험),1,0,0.0,0,0.0,0,0,0,1000000.0,-49.44,1,관찰(매출감소/대출무)
11290580,돈암1동,패션·잡화,11290580_패션·잡화,18508390,72,-67.41,6.71,단기반등,1,0,0.0,0,0.0,0,0,0,1000000.0,2.76,0,관찰(매출감소/대출무)
11740640,성내1동,미용·뷰티,11740640_미용·뷰티,213510099,4776,-67.01,-40.42,지속감소(위험),1,0,0.0,0,0.0,0,0,0,1000000.0,-29.3,1,관찰(매출감소/대출무)
11200645,옥수동,패션·잡화,11200645_패션·잡화,57879418,400,-66.66,62.66,단기반등,1,0,0.0,0,0.0,0,0,0,1000000.0,49.78,0,관찰(매출감소/대출무)
11590605,흑석동,가구·인테리어,11590605_가구·인테리어,2525391,183,-63.58,-59.05,지속감소(위험),1,0,0.0,0,0.0,0,0,0,1000000.0,-70.0,1,관찰(매출감소/대출무)
11110640,이화동,문화·취미·반려,11110640_문화·취미·반려,131001712,2728,-63.5,90.44,단기반등,2,0,0.0,0,0.0,0,0,0,1220000.0,88.59,0,관찰(매출감소/대출무)
11170685,한남동,가구·인테리어,11170685_가구·인테리어,86058247,2950,-59.81,-25.96,지속감소(위험),1,0,0.0,0,0.0,0,0,0,1000000.0,-38.59,1,관찰(매출감소/대출무)
11470611,신월7동,미용·뷰티,11470611_미용·뷰티,230898157,6849,-58.71,-13.31,지속감소(위험),1,0,0.0,0,0.0,0,0,0,2240000.0,15.81,0,관찰(매출감소/대출무)
11440610,염리동,문화·취미·반려,11440610_문화·취미·반려,87771663,5991,-57.45,73.24,단기반등,1,0,0.0,0,0.0,0,0,0,1000000.0,49.97,0,관찰(매출감소/대출무)
11380600,응암3동,숙박,11380600_숙박,136990031,2566,-56.05,-23.94,지속감소(위험),2,0,0.0,0,0.0,0,0,0,1020000.0,-33.22,2,관찰(매출감소/대출무)
11680750,수서동,가구·인테리어,11680750_가구·인테리어,64611223,1205,-55.8,-88.08,지속감소(위험),2,0,0.0,0,0.0,0,0,0,1000000.0,-70.0,2,관찰(매출감소/대출무)
11530730,고척2동,전자기기·수리,11530730_전자기기·수리,41633594,2073,-55.57,-18.2,지속감소(위험),1,0,0.0,0,0.0,0,0,0,1000000.0,-5.51,1,관찰(매출감소/대출무)
11200570,행당2동,패션·잡화,11200570_패션·잡화,10384113,302,-54.44,-60.67,지속감소(위험),1,0,0.0,0,0.0,0,0,0,1000000.0,-38.46,1,관찰(매출감소/대출무)
11470650,신정4동,전자기기·수리,11470650_전자기기·수리,19957173,900,-54.38,-81.39,지속감소(위험),1,0,0.0,0,0.0,0,0,0,1000000.0,-70.0,1,관찰(매출감소/대출무)
11410655,홍제2동,가구·인테리어,11410655_가구·인테리어,20295518,1413,-52.82,-21.97,지속감소(위험),1,0,0.0,0,0.0,0,0,0,1000000.0,-34.21,1,관찰(매출감소/대출무)
11440690,망원1동,문화·취미·반려,11440690_문화·취미·반려,368454775,20715,-52.45,33.93,단기반등,1,0,0.0,0,0.0,0,0,0,4980000.0,28.2,0,관찰(매출감소/대출무)
11500611,발산1동,가구·인테리어,11500611_가구·인테리어,443531809,12935,-51.39,-20.04,지속감소(위험),1,0,0.0,0,0.0,0,0,0,1890000.0,-9.86,1,관찰(매출감소/대출무)
11380551,갈현1동,문화·취미·반려,11380551_문화·취미·반려,671416964,21403,-51.06,55.5,단기반등,1,0,0.0,0,0.0,0,0,0,4770000.0,36.82,0,관찰(매출감소/대출무)
11710670,잠실2동,전자기기·수리,11710670_전자기기·수리,1986405168,20752,-50.97,-32.96,지속감소(위험),1,0,0.0,0,0.0,0,0,0,3620000.0,-29.46,1,관찰(매출감소/대출무)
11290630,정릉2동,가구·인테리어,11290630_가구·인테리어,14308041,1045,-50.79,29.45,단기반등,1,0,0.0,0,0.0,0,0,0,1000000.0,19.43,0,관찰(매출감소/대출무)
11440600,대흥동,가구·인테리어,11440600_가구·인테리어,865343164,9969,-50.44,60.28,단기반등,1,0,0.0,0,0.0,0,0,0,5190000.0,62.22,0,관찰(매출감소/대출무)
11260590,상봉2동,자동차·운송서비스,11260590_자동차·운송서비스,1117653054,5128,-49.59,-12.12,지속감소(위험),1,0,0.0,0,0.0,0,0,0,9630000.0,-17.42,1,관찰(매출감소/대출무)
11560700,대림1동,문화·취미·반려,11560700_문화·취미·반려,6448417,272,-49.59,-16.97,지속감소(위험),1,0,0.0,0,0.0,0,0,0,1000000.0,-12.89,1,관찰(매출감소/대출무)
11500630,방화1동,여가·오락,11500630_여가·오락,296985342,5406,-49.26,1.38,단기반등,1,0,0.0,0,0.0,0,0,0,2520000.0,5.94,0,관찰(매출감소/대출무)
11380640,증산동,미용·뷰티,11380640_미용·뷰티,618790756,6734,-48.96,11.61,단기반등,1,0,0.0,0,0.0,0,0,0,8050000.0,26.02,0,관찰(매출감소/대출무)
11170685,한남동,여가·오락,11170685_여가·오락,210976248,23987,-48.93,-4.7,지속감소(위험),1,0,0.0,0,0.0,0,0,0,1350000.0,-1.99,1,관찰(매출감소/대출무)
11530540,구로3동,미용·뷰티,11530540_미용·뷰티,5298667919,50715,-48.62,-14.87,지속감소(위험),1,0,0.0,0,0.0,0,0,0,19200000.0,-15.48,1,관찰(매출감소/대출무)
11440555,아현동,가구·인테리어,11440555_가구·인테리어,78403776,3960,-48.56,-3.47,지속감소(위험),1,0,0.0,0,0.0,0,0,0,1000000.0,-1.06,1,관찰(매출감소/대출무)
11140605,을지로동,숙박,11140605_숙박,172925314,1764,-46.97,25.5,단기반등,2,0,0.0,0,0.0,0,0,0,1115000.0,34.77,0,관찰(매출감소/대출무)
11740700,둔촌2동,숙박,11740700_숙박,42698514,466,-46.43,-29.91,지속감소(위험),1,0,0.0,0,0.0,0,0,0,1000000.0,-33.75,1,관찰(매출감소/대출무)
11140520,소공동,여가·오락,11140520_여가·오락,112449259,2893,-46.22,-15.4,지속감소(위험),1,0,0.0,0,0.0,0,0,0,1000000.0,-5.86,1,관찰(매출감소/대출무)
11710570,오금동,패션·잡화,11710570_패션·잡화,647115869,2273,-45.95,63.4,단기반등,1,0,0.0,0,0.0,0,0,0,6300000.0,70.73,0,관찰(매출감소/대출무)
11140520,소공동,문화·취미·반려,11140520_문화·취미·반려,505700217,26702,-45.64,-7.63,지속감소(위험),1,0,0.0,0,0.0,0,0,0,4260000.0,5.66,0,관찰(매출감소/대출무)
11560560,당산2동,패션·잡화,11560560_패션·잡화,227965819,2331,-44.44,-43.92,지속감소(위험),1,0,0.0,0,0.0,0,0,0,1000000.0,-52.59,1,관찰(매출감소/대출무)
11215770,중곡4동,문화·취미·반려,11215770_문화·취미·반려,53325196,2564,-41.26,-40.84,지속감소(위험),1,0,0.0,0,0.0,0,0,0,1000000.0,-41.55,1,관찰(매출감소/대출무)
11305575,삼각산동,패션·잡화,11305575_패션·잡화,186234728,2035,-41.04,8.75,단기반등,2,0,0.0,0,0.0,0,0,0,1270000.0,-0.35,1,관찰(매출감소/대출무)
11620715,난향동,식료품·편의소매,11620715_식료품·편의소매,423498148,37815,-40.95,-31.65,지속감소(위험),1,0,0.0,0,0.0,0,0,0,1710000.0,-21.29,1,관찰(매출감소/대출무)
11290640,정릉3동,문화·취미·반려,11290640_문화·취미·반려,180974369,1627,-40.91,-29.94,지속감소(위험),1,0,0.0,0,0.0,0,0,0,1250000.0,-5.17,1,관찰(매출감소/대출무)
11680600,대치1동,문화·취미·반려,11680600_문화·취미·반려,145622330,7026,-40.55,-40.18,지속감소(위험),1,0,0.0,0,0.0,0,0,0,2540000.0,-16.46,1,관찰(매출감소/대출무)
11230610,답십리2동,패션·잡화,11230610_패션·잡화,293008745,6383,-40.53,-32.87,지속감소(위험),1,0,0.0,0,0.0,0,0,0,1000000.0,-28.53,1,관찰(매출감소/대출무)
11290725,월곡2동,패션·잡화,11290725_패션·잡화,954553011,12625,-40.31,-19.39,지속감소(위험),1,0,0.0,0,0.0,0,0,0,4030000.0,-6.65,1,관찰(매출감소/대출무)
11200615,금호2·3가동,문화·취미·반려,11200615_문화·취미·반려,29911166,2794,-39.87,13.83,단기반등,1,0,0.0,0,0.0,0,0,0,1000000.0,26.46,0,관찰(매출감소/대출무)
11650652,양재2동,패션·잡화,11650652_패션·잡화,1647219447,6677,-39.27,6.23,단기반등,2,0,0.0,0,0.0,0,0,0,9230000.0,8.6,1,관찰(매출감소/대출무)
11410565,충현동,가구·인테리어,11410565_가구·인테리어,134244606,7983,-39.1,-0.82,지속감소(위험),1,0,0.0,0,0.0,0,0,0,1000000.0,4.65,0,관찰(매출감소/대출무)
11650651,양재1동,패션·잡화,11650651_패션·잡화,771683206,3911,-38.86,-12.08,지속감소(위험),1,0,0.0,0,0.0,0,0,0,9120000.0,0.23,0,관찰(매출감소/대출무)
11170660,이태원2동,미용·뷰티,11170660_미용·뷰티,233628297,3868,-37.64,-13.48,지속감소(위험),1,0,0.0,0,0.0,0,0,0,1000000.0,-3.06,1,관찰(매출감소/대출무)
11200660,성수1가2동,문화·취미·반려,11200660_문화·취미·반려,347177822,7386,-36.29,-2.53,지속감소(위험),1,0,0.0,0,0.0,0,0,0,2000000.0,6.65,0,관찰(매출감소/대출무)
11740530,명일1동,숙박,11740530_숙박,53089745,562,-35.97,75.84,단기반등,1,0,0.0,0,0.0,0,0,0,1000000.0,78.1,0,관찰(매출감소/대출무)
11320680,쌍문3동,숙박,11320680_숙박,5607061,140,-35.48,-10.3,지속감소(위험),1,0,0.0,0,0.0,0,0,0,1000000.0,5.92,0,관찰(매출감소/대출무)
11440720,성산1동,여가·오락,11440720_여가·오락,213097937,5085,-35.27,8.82,단기반등,2,0,0.0,0,0.0,0,0,0,1615000.0,19.02,0,관찰(매출감소/대출무)
11710610,삼전동,문화·취미·반려,11710610_문화·취미·반려,244195891,9852,-35.12,15.97,단기반등,1,0,0.0,0,0.0,0,0,0,1780000.0,8.14,0,관찰(매출감소/대출무)
11500604,가양2동,패션·잡화,11500604_패션·잡화,202771911,2096,-34.72,28.17,단기반등,1,0,0.0,0,0.0,0,0,0,1750000.0,4.98,0,관찰(매출감소/대출무)
11470640,신정3동,여가·오락,11470640_여가·오락,589912912,74175,-33.99,-27.3,지속감소(위험),1,0,0.0,0,0.0,0,0,0,3670000.0,-37.22,1,관찰(매출감소/대출무)
11740550,고덕1동,가구·인테리어,11740550_가구·인테리어,7027929,446,-33.43,-5.3,지속감소(위험),1,0,0.0,0,0.0,0,0,0,1000000.0,16.31,0,관찰(매출감소/대출무)
11500605,가양3동,전자기기·수리,11500605_전자기기·수리,225254688,4390,-33.37,-28.48,지속감소(위험),1,0,0.0,0,0.0,0,0,0,1330000.0,-19.13,1,관찰(매출감소/대출무)
11620605,은천동,가구·인테리어,11620605_가구·인테리어,1821059533,10182,-33.01,15.67,단기반등,1,0,0.0,0,0.0,0,0,0,11900000.0,4.91,0,관찰(매출감소/대출무)
11650530,서초3동,자동차·운송서비스,11650530_자동차·운송서비스,1863515598,7626,-32.86,-35.03,지속감소(위험),1,0,0.0,0,0.0,0,0,0,7600000.0,-19.82,1,관찰(매출감소/대출무)
11290760,장위1동,문화·취미·반려,11290760_문화·취미·반려,10447605,1662,-32.59,-27.78,지속감소(위험),1,0,0.0,0,0.0,0,0,0,1000000.0,-23.67,1,관찰(매출감소/대출무)
11680610,대치2동,미용·뷰티,11680610_미용·뷰티,4609328999,17181,-32.33,4.7,단기반등,1,0,0.0,0,0.0,0,0,0,21250000.0,-2.76,1,관찰(매출감소/대출무)
11500620,공항동,가구·인테리어,11500620_가구·인테리어,58363181,1868,-32.12,-10.16,지속감소(위험),1,0,0.0,0,0.0,0,0,0,1000000.0,-7.71,1,관찰(매출감소/대출무)
11680590,삼성2동,숙박,11680590_숙박,436677961,8047,-31.94,2.56,단기반등,1,0,0.0,0,0.0,0,0,0,1610000.0,-5.71,1,관찰(매출감소/대출무)
11305535,미아동,여가·오락,11305535_여가·오락,574779339,44139,-31.76,-14.6,지속감소(위험),1,0,0.0,0,0.0,0,0,0,4660000.0,-27.45,1,관찰(매출감소/대출무)
11470600,신월5동,문화·취미·반려,11470600_문화·취미·반려,158117925,3157,-31.15,-22.54,지속감소(위험),1,0,0.0,0,0.0,0,0,0,1000000.0,-24.47,1,관찰(매출감소/대출무)
11320512,창2동,여가·오락,11320512_여가·오락,170771988,6422,-30.48,29.58,단기반등,3,0,0.0,0,0.0,0,0,0,1326667.0,39.4,0,관찰(매출감소/대출무)
11410685,홍은2동,패션·잡화,11410685_패션·잡화,117523912,897,-30.45,40.07,단기반등,1,0,0.0,0,0.0,0,0,0,1000000.0,28.53,0,관찰(매출감소/대출무)
11470650,신정4동,패션·잡화,11470650_패션·잡화,3273661869,22177,-29.8,25.35,단기반등,1,0,0.0,0,0.0,0,0,0,26770000.0,15.46,0,관찰(매출감소/대출무)
11440660,서교동,미용·뷰티,11440660_미용·뷰티,15645414883,371902,-29.13,-7.12,지속감소(위험),1,0,0.0,0,0.0,0,0,0,153880000.0,14.78,0,관찰(매출감소/대출무)
11620725,조원동,생활서비스,11620725_생활서비스,6366510,379,-28.9,36.23,단기반등,1,0,0.0,0,0.0,0,0,0,1000000.0,28.42,0,관찰(매출감소/대출무)
11740550,고덕1동,문화·취미·반려,11740550_문화·취미·반려,17785879,4536,-28.88,-5.07,지속감소(위험),2,0,0.0,0,0.0,0,0,0,1000000.0,-1.47,2,관찰(매출감소/대출무)
11215830,자양2동,패션·잡화,11215830_패션·잡화,382022470,4884,-28.87,16.62,단기반등,1,0,0.0,0,0.0,0,0,0,1470000.0,19.99,0,관찰(매출감소/대출무)
11500570,화곡4동,여가·오락,11500570_여가·오락,343493755,15725,-28.8,-13.57,지속감소(위험),1,0,0.0,0,0.0,0,0,0,1000000.0,-29.37,1,관찰(매출감소/대출무)
11260610,중화2동,가구·인테리어,11260610_가구·인테리어,279747032,7467,-28.52,-21.76,지속감소(위험),1,0,0.0,0,0.0,0,0,0,2070000.0,-24.37,1,관찰(매출감소/대출무)
11410685,홍은2동,문화·취미·반려,11410685_문화·취미·반려,119498968,4741,-28.52,-25.68,지속감소(위험),1,0,0.0,0,0.0,0,0,0,1000000.0,-32.76,1,관찰(매출감소/대출무)
11470640,신정3동,문화·취미·반려,11470640_문화·취미·반려,676164263,35000,-28.44,13.24,단기반등,1,0,0.0,0,0.0,0,0,0,5460000.0,34.67,0,관찰(매출감소/대출무)
11680655,도곡1동,문화·취미·반려,11680655_문화·취미·반려,1268285176,36456,-28.31,-10.81,지속감소(위험),1,0,0.0,0,0.0,0,0,0,4150000.0,-3.23,1,관찰(매출감소/대출무)
11560700,대림1동,자동차·운송서비스,11560700_자동차·운송서비스,261628655,1541,-27.79,13.26,단기반등,1,0,0.0,0,0.0,0,0,0,1820000.0,26.78,0,관찰(매출감소/대출무)
11260620,묵1동,패션·잡화,11260620_패션·잡화,13302502306,33532,-27.67,23.32,단기반등,2,0,0.0,0,0.0,0,0,0,143860000.0,22.21,0,관찰(매출감소/대출무)
11110710,숭인2동,전자기기·수리,11110710_전자기기·수리,61306802,1361,-27.53,-27.62,지속감소(위험),2,0,0.0,0,0.0,0,0,0,1000000.0,-11.09,1,관찰(매출감소/대출무)
11140625,다산동,식료품·편의소매,11140625_식료품·편의소매,3244243925,375203,-27.05,-12.15,지속감소(위험),1,0,0.0,0,0.0,0,0,0,29600000.0,-21.28,1,관찰(매출감소/대출무)
11290590,돈암2동,패션·잡화,11290590_패션·잡화,149384530,575,-26.89,-20.97,지속감소(위험),1,0,0.0,0,0.0,0,0,0,1000000.0,-14.93,1,관찰(매출감소/대출무)
11170530,남영동,숙박,11170530_숙박,550853952,7032,-26.67,-6.23,지속감소(위험),1,0,0.0,0,0.0,0,0,0,2540000.0,-33.29,1,관찰(매출감소/대출무)
11290610,보문동,숙박,11290610_숙박,102856050,2532,-26.66,-17.22,지속감소(위험),1,0,0.0,0,0.0,0,0,0,1000000.0,-24.52,1,관찰(매출감소/대출무)
11560630,신길1동,문화·취미·반려,11560630_문화·취미·반려,180076428,5131,-26.39,9.13,단기반등,1,0,0.0,0,0.0,0,0,0,1000000.0,-6.72,1,관찰(매출감소/대출무)
11320513,창3동,미용·뷰티,11320513_미용·뷰티,277624145,9592,-25.53,-6.5,지속감소(위험),2,0,0.0,0,0.0,0,0,0,2085000.0,4.12,0,관찰(매출감소/대출무)
11215840,자양3동,미용·뷰티,11215840_미용·뷰티,416364415,7895,-24.96,4.45,단기반등,1,0,0.0,0,0.0,0,0,0,9940000.0,7.29,0,관찰(매출감소/대출무)
11560680,신길6동,숙박,11560680_숙박,3620586,70,-24.73,-54.2,지속감소(위험),1,0,0.0,0,0.0,0,0,0,1000000.0,-58.68,1,관찰(매출감소/대출무)
11440655,서강동,가구·인테리어,11440655_가구·인테리어,615420628,22843,-24.4,-15.34,지속감소(위험),1,0,0.0,0,0.0,0,0,0,4830000.0,-22.16,1,관찰(매출감소/대출무)
11350621,중계1동,생활서비스,11350621_생활서비스,37735027,1667,-24.28,55.95,단기반등,2,0,0.0,0,0.0,0,0,0,1000000.0,65.22,0,관찰(매출감소/대출무)
11215850,구의1동,생활서비스,11215850_생활서비스,150820634,7961,-24.27,25.28,단기반등,1,0,0.0,0,0.0,0,0,0,1000000.0,17.32,0,관찰(매출감소/대출무)
11140590,광희동,문화·취미·반려,11140590_문화·취미·반려,28577068055,302911,-24.0,-28.35,지속감소(위험),1,0,0.0,0,0.0,0,0,0,153500000.0,-38.48,1,관찰(매출감소/대출무)
11290525,성북동,가구·인테리어,11290525_가구·인테리어,606176418,16563,-23.91,-28.85,지속감소(위험),2,0,0.0,0,0.0,0,0,0,4605000.0,-21.42,2,관찰(매출감소/대출무)
11260610,중화2동,숙박,11260610_숙박,70027867,3867,-23.77,13.4,단기반등,1,0,0.0,0,0.0,0,0,0,1000000.0,26.35,0,관찰(매출감소/대출무)
11545640,독산4동,패션·잡화,11545640_패션·잡화,226729529,1737,-23.66,50.95,단기반등,1,0,0.0,0,0.0,0,0,0,1000000.0,61.37,0,관찰(매출감소/대출무)
11170630,이촌1동,문화·취미·반려,11170630_문화·취미·반려,64111445,2934,-23.57,-5.52,지속감소(위험),1,0,0.0,0,0.0,0,0,0,1000000.0,-8.25,1,관찰(매출감소/대출무)
11590605,흑석동,여가·오락,11590605_여가·오락,320218225,62492,-23.42,-8.11,지속감소(위험),2,0,0.0,0,0.0,0,0,0,3105000.0,-9.66,2,관찰(매출감소/대출무)
11560560,당산2동,미용·뷰티,11560560_미용·뷰티,1618498700,12237,-23.28,-12.93,지속감소(위험),1,0,0.0,0,0.0,0,0,0,14240000.0,-11.11,1,관찰(매출감소/대출무)
11140680,중림동,미용·뷰티,11140680_미용·뷰티,95823248,2268,-23.08,-22.17,지속감소(위험),1,0,0.0,0,0.0,0,0,0,1000000.0,-25.96,1,관찰(매출감소/대출무)
11740530,명일1동,가구·인테리어,11740530_가구·인테리어,49497898,3411,-23.07,-12.51,지속감소(위험),2,0,0.0,0,0.0,0,0,0,1000000.0,-10.37,2,관찰(매출감소/대출무)
11650620,방배3동,식료품·편의소매,11650620_식료품·편의소매,1499912746,179189,-22.74,-6.25,지속감소(위험),1,0,0.0,0,0.0,0,0,0,9170000.0,-16.98,1,관찰(매출감소/대출무)
11200615,금호2·3가동,식료품·편의소매,11200615_식료품·편의소매,2834713298,180121,-22.62,0.98,단기반등,1,0,0.0,0,0.0,0,0,0,12820000.0,-3.46,1,관찰(매출감소/대출무)
11320513,창3동,패션·잡화,11320513_패션·잡화,293945580,9242,-22.15,0.14,단기반등,2,0,0.0,0,0.0,0,0,0,2080000.0,7.46,0,관찰(매출감소/대출무)
11200615,금호2·3가동,미용·뷰티,11200615_미용·뷰티,619629600,21316,-22.11,-1.92,지속감소(위험),1,0,0.0,0,0.0,0,0,0,6770000.0,6.87,0,관찰(매출감소/대출무)
11170650,이태원1동,숙박,11170650_숙박,103726986,1429,-21.42,-22.26,지속감소(위험),1,0,0.0,0,0.0,0,0,0,1000000.0,-29.95,1,관찰(매출감소/대출무)
11560585,도림동,전자기기·수리,11560585_전자기기·수리,169481635,2892,-21.32,76.53,단기반등,1,0,0.0,0,0.0,0,0,0,1480000.0,79.41,0,관찰(매출감소/대출무)
11590630,사당2동,미용·뷰티,11590630_미용·뷰티,2055394402,38085,-20.78,1.21,단기반등,1,0,0.0,0,0.0,0,0,0,21150000.0,20.42,0,관찰(매출감소/대출무)
11440660,서교동,전자기기·수리,11440660_전자기기·수리,2732191964,28536,-20.56,-15.26,지속감소(위험),1,0,0.0,0,0.0,0,0,0,6910000.0,4.01,0,관찰(매출감소/대출무)
11320710,방학3동,식료품·편의소매,11320710_식료품·편의소매,2326774704,199172,-20.09,-8.53,지속감소(위험),2,0,0.0,0,0.0,0,0,0,12385000.0,-10.38,2,관찰(매출감소/대출무)
11620625,인헌동,자동차·운송서비스,11620625_자동차·운송서비스,14627361,236,-20.0,14.88,단기반등,1,0,0.0,0,0.0,0,0,0,1000000.0,13.82,0,관찰(매출감소/대출무)
11440700,망원2동,생활서비스,11440700_생활서비스,73047538,4340,-19.92,24.59,단기반등,1,0,0.0,0,0.0,0,0,0,1000000.0,17.13,0,관찰(매출감소/대출무)
11470560,신월1동,패션·잡화,11470560_패션·잡화,685003779,15226,-19.77,16.92,단기반등,1,0,0.0,0,0.0,0,0,0,6490000.0,-7.62,1,관찰(매출감소/대출무)
11650581,반포4동,식료품·편의소매,11650581_식료품·편의소매,2397271944,328805,-19.76,-15.95,지속감소(위험),1,0,0.0,0,0.0,0,0,0,5270000.0,-43.96,1,관찰(매출감소/대출무)
11710550,마천2동,여가·오락,11710550_여가·오락,178140418,3990,-19.76,24.31,단기반등,1,0,0.0,0,0.0,0,0,0,1720000.0,44.36,0,관찰(매출감소/대출무)
11470530,목3동,생활서비스,11470530_생활서비스,131435179,6133,-19.64,36.23,단기반등,1,0,0.0,0,0.0,0,0,0,1210000.0,18.8,0,관찰(매출감소/대출무)
11710562,방이2동,미용·뷰티,11710562_미용·뷰티,1565472721,18889,-19.5,-10.82,지속감소(위험),1,0,0.0,0,0.0,0,0,0,5690000.0,7.3,0,관찰(매출감소/대출무)
11380632,신사2동,문화·취미·반려,11380632_문화·취미·반려,167837347,6717,-19.38,47.08,단기반등,1,0,0.0,0,0.0,0,0,0,1000000.0,46.66,0,관찰(매출감소/대출무)
11545700,시흥4동,문화·취미·반려,11545700_문화·취미·반려,1475333,34,-19.28,-31.46,지속감소(위험),1,0,0.0,0,0.0,0,0,0,1000000.0,-40.64,1,관찰(매출감소/대출무)
11740550,고덕1동,생활서비스,11740550_생활서비스,17809283,1230,-19.23,59.5,단기반등,1,0,0.0,0,0.0,0,0,0,1000000.0,81.63,0,관찰(매출감소/대출무)
11590550,상도3동,생활서비스,11590550_생활서비스,76887390,4737,-19.12,38.18,단기반등,1,0,0.0,0,0.0,0,0,0,1000000.0,50.03,0,관찰(매출감소/대출무)
11260550,면목5동,음식·음료,11260550_음식·음료,2138098484,61686,-18.97,-8.27,지속감소(위험),1,0,0.0,0,0.0,0,0,0,17020000.0,-12.46,1,관찰(매출감소/대출무)
11110600,가회동,미용·뷰티,11110600_미용·뷰티,63438839,1986,-18.86,-12.8,지속감소(위험),1,0,0.0,0,0.0,0,0,0,1000000.0,-8.23,1,관찰(매출감소/대출무)
11740600,천호1동,여가·오락,11740600_여가·오락,288504601,9874,-18.81,12.19,단기반등,1,0,0.0,0,0.0,0,0,0,4620000.0,-8.56,1,관찰(매출감소/대출무)
11740520,상일동,패션·잡화,11740520_패션·잡화,100630344,925,-18.61,-34.65,지속감소(위험),2,0,0.0,0,0.0,0,0,0,1385000.0,-38.41,2,관찰(매출감소/대출무)
11470510,목1동,문화·취미·반려,11470510_문화·취미·반려,1638873452,105614,-18.4,-23.72,지속감소(위험),1,0,0.0,0,0.0,0,0,0,10960000.0,-24.59,1,관찰(매출감소/대출무)
11440660,서교동,가구·인테리어,11440660_가구·인테리어,3176563134,76382,-18.33,0.15,단기반등,1,0,0.0,0,0.0,0,0,0,64420000.0,-4.72,1,관찰(매출감소/대출무)
11320700,방학2동,자동차·운송서비스,11320700_자동차·운송서비스,165944381,1186,-18.13,-1.46,지속감소(위험),1,0,0.0,0,0.0,0,0,0,1620000.0,-5.64,1,관찰(매출감소/대출무)
11470670,신정6동,식료품·편의소매,11470670_식료품·편의소매,504901985,65119,-18.12,1.81,단기반등,2,0,0.0,0,0.0,0,0,0,1280000.0,2.32,1,관찰(매출감소/대출무)
11650621,방배4동,미용·뷰티,11650621_미용·뷰티,1633243405,24496,-18.06,1.47,단기반등,1,0,0.0,0,0.0,0,0,0,7580000.0,-20.76,1,관찰(매출감소/대출무)
11380551,갈현1동,숙박,11380551_숙박,124074066,1928,-17.81,-3.03,지속감소(위험),1,0,0.0,0,0.0,0,0,0,1350000.0,-3.2,1,관찰(매출감소/대출무)
11500630,방화1동,가구·인테리어,11500630_가구·인테리어,520909697,12712,-17.79,-37.73,지속감소(위험),1,0,0.0,0,0.0,0,0,0,4930000.0,-26.82,1,관찰(매출감소/대출무)
11350720,상계10동,문화·취미·반려,11350720_문화·취미·반려,228697488,15134,-17.57,-11.35,지속감소(위험),1,0,0.0,0,0.0,0,0,0,1650000.0,-21.68,1,관찰(매출감소/대출무)
11620665,서림동,문화·취미·반려,11620665_문화·취미·반려,67794967,1312,-17.55,-34.87,지속감소(위험),1,0,0.0,0,0.0,0,0,0,1000000.0,-30.08,1,관찰(매출감소/대출무)
11260565,면목본동,숙박,11260565_숙박,19593907,512,-17.52,-45.6,지속감소(위험),1,0,0.0,0,0.0,0,0,0,1000000.0,-44.75,1,관찰(매출감소/대출무)
11200550,사근동,패션·잡화,11200550_패션·잡화,172712183,1732,-17.51,-23.76,지속감소(위험),1,0,0.0,0,0.0,0,0,0,2370000.0,-22.74,1,관찰(매출감소/대출무)
11710532,거여2동,패션·잡화,11710532_패션·잡화,393023521,4913,-17.27,-5.12,지속감소(위험),1,0,0.0,0,0.0,0,0,0,1870000.0,-4.31,1,관찰(매출감소/대출무)
11215710,화양동,식료품·편의소매,11215710_식료품·편의소매,9473499827,1112981,-17.23,-8.35,지속감소(위험),1,0,0.0,0,0.0,0,0,0,44010000.0,-25.33,1,관찰(매출감소/대출무)
11110650,혜화동,문화·취미·반려,11110650_문화·취미·반려,707469045,21046,-17.02,38.68,단기반등,1,0,0.0,0,0.0,0,0,0,9540000.0,34.38,0,관찰(매출감소/대출무)
11650651,양재1동,가구·인테리어,11650651_가구·인테리어,13889894879,52578,-16.84,-6.02,지속감소(위험),2,0,0.0,0,0.0,0,0,0,112925000.0,-0.84,1,관찰(매출감소/대출무)
11260600,중화1동,패션·잡화,11260600_패션·잡화,377081222,3011,-16.8,4.42,단기반등,1,0,0.0,0,0.0,0,0,0,3090000.0,18.78,0,관찰(매출감소/대출무)
11290715,월곡1동,자동차·운송서비스,11290715_자동차·운송서비스,564268126,2773,-16.54,-31.53,지속감소(위험),1,0,0.0,0,0.0,0,0,0,5890000.0,-15.88,1,관찰(매출감소/대출무)
11260630,묵2동,패션·잡화,11260630_패션·잡화,1621964544,16925,-16.46,3.99,단기반등,1,0,0.0,0,0.0,0,0,0,13550000.0,10.7,0,관찰(매출감소/대출무)
11530560,구로5동,미용·뷰티,11530560_미용·뷰티,2093727017,37541,-16.23,-9.96,지속감소(위험),1,0,0.0,0,0.0,0,0,0,12950000.0,-5.3,1,관찰(매출감소/대출무)
11215850,구의1동,미용·뷰티,11215850_미용·뷰티,614688468,13750,-16.03,-14.14,지속감소(위험),1,0,0.0,0,0.0,0,0,0,5610000.0,-13.2,1,관찰(매출감소/대출무)
11710646,장지동,음식·음료,11710646_음식·음료,7053974915,308890,-15.77,-4.54,지속감소(위험),1,0,0.0,0,0.0,0,0,0,46350000.0,2.24,0,관찰(매출감소/대출무)
11410585,신촌동,전자기기·수리,11410585_전자기기·수리,79093890,2531,-15.71,-68.13,지속감소(위험),1,0,0.0,0,0.0,0,0,0,1000000.0,-70.0,1,관찰(매출감소/대출무)
11200620,금호4가동,패션·잡화,11200620_패션·잡화,375872296,6116,-15.6,-2.08,지속감소(위험),1,0,0.0,0,0.0,0,0,0,1800000.0,13.79,0,관찰(매출감소/대출무)
11740520,상일동,자동차·운송서비스,11740520_자동차·운송서비스,313349731,2198,-15.45,-13.95,지속감소(위험),1,0,0.0,0,0.0,0,0,0,4590000.0,4.07,0,관찰(매출감소/대출무)
11290640,정릉3동,자동차·운송서비스,11290640_자동차·운송서비스,1402595182,9218,-15.3,-11.47,지속감소(위험),1,0,0.0,0,0.0,0,0,0,12490000.0,-31.97,1,관찰(매출감소/대출무)
11200690,성수2가3동,자동차·운송서비스,11200690_자동차·운송서비스,4210300180,13126,-15.1,-15.66,지속감소(위험),1,0,0.0,0,0.0,0,0,0,62020000.0,1.22,0,관찰(매출감소/대출무)
11380552,갈현2동,생활서비스,11380552_생활서비스,77570670,3615,-14.95,105.89,단기반등,1,0,0.0,0,0.0,0,0,0,1030000.0,100.0,0,관찰(매출감소/대출무)
11230720,휘경1동,생활서비스,11230720_생활서비스,43249472,1973,-14.85,40.42,단기반등,1,0,0.0,0,0.0,0,0,0,1000000.0,37.47,0,관찰(매출감소/대출무)
11470670,신정6동,문화·취미·반려,11470670_문화·취미·반려,431172432,20858,-14.34,-28.11,지속감소(위험),4,0,0.0,0,0.0,0,0,0,3557500.0,-30.25,4,관찰(매출감소/대출무)
11410685,홍은2동,여가·오락,11410685_여가·오락,321652788,41788,-14.19,-2.05,지속감소(위험),2,0,0.0,0,0.0,0,0,0,1010000.0,-7.18,2,관찰(매출감소/대출무)
11710532,거여2동,자동차·운송서비스,11710532_자동차·운송서비스,243199137,1126,-13.85,-5.92,지속감소(위험),2,0,0.0,0,0.0,0,0,0,1430000.0,-11.78,2,관찰(매출감소/대출무)
11320670,쌍문2동,생활서비스,11320670_생활서비스,15828794,700,-13.74,-18.71,지속감소(위험),1,0,0.0,0,0.0,0,0,0,1000000.0,5.68,0,관찰(매출감소/대출무)
11680565,청담동,전자기기·수리,11680565_전자기기·수리,204784749,1350,-13.61,19.13,단기반등,1,0,0.0,0,0.0,0,0,0,1390000.0,28.23,0,관찰(매출감소/대출무)
11290640,정릉3동,식료품·편의소매,11290640_식료품·편의소매,3552729638,393860,-13.41,-2.6,지속감소(위험),1,0,0.0,0,0.0,0,0,0,17590000.0,-27.59,1,관찰(매출감소/대출무)
11110710,숭인2동,숙박,11110710_숙박,290401408,3615,-13.33,40.58,단기반등,1,0,0.0,0,0.0,0,0,0,5720000.0,29.73,0,관찰(매출감소/대출무)
11545510,가산동,생활서비스,11545510_생활서비스,109754257,13349,-13.21,5.22,단기반등,1,0,0.0,0,0.0,0,0,0,1000000.0,8.47,0,관찰(매출감소/대출무)
11290580,돈암1동,미용·뷰티,11290580_미용·뷰티,188447908,3460,-13.03,5.47,단기반등,1,0,0.0,0,0.0,0,0,0,1590000.0,7.13,0,관찰(매출감소/대출무)
11230600,답십리1동,미용·뷰티,11230600_미용·뷰티,362179452,6839,-12.86,-12.03,지속감소(위험),1,0,0.0,0,0.0,0,0,0,3580000.0,-19.33,1,관찰(매출감소/대출무)
11200540,마장동,음식·음료,11200540_음식·음료,11314635395,299453,-12.85,0.56,단기반등,1,0,0.0,0,0.0,0,0,0,53490000.0,-2.92,1,관찰(매출감소/대출무)
11545700,시흥4동,음식·음료,11545700_음식·음료,1845985071,82890,-12.85,-9.17,지속감소(위험),1,0,0.0,0,0.0,0,0,0,26390000.0,-22.44,1,관찰(매출감소/대출무)
11260520,면목2동,음식·음료,11260520_음식·음료,6641231251,236410,-12.75,7.26,단기반등,1,0,0.0,0,0.0,0,0,0,38810000.0,5.6,0,관찰(매출감소/대출무)
11620665,서림동,가구·인테리어,11620665_가구·인테리어,66262124,2184,-12.66,-13.13,지속감소(위험),2,0,0.0,0,0.0,0,0,0,1000000.0,-5.54,2,관찰(매출감소/대출무)
11680565,청담동,미용·뷰티,11680565_미용·뷰티,31359764280,151252,-12.58,0.37,단기반등,1,0,0.0,0,0.0,0,0,0,84420000.0,1.54,0,관찰(매출감소/대출무)
11500590,화곡본동,자동차·운송서비스,11500590_자동차·운송서비스,1414467446,6562,-12.57,-10.3,지속감소(위험),1,0,0.0,0,0.0,0,0,0,11940000.0,-5.48,1,관찰(매출감소/대출무)
11170690,서빙고동,미용·뷰티,11170690_미용·뷰티,71969018,2101,-12.49,-24.74,지속감소(위험),2,0,0.0,0,0.0,0,0,0,1000000.0,-31.23,2,관찰(매출감소/대출무)
11170640,이촌2동,음식·음료,11170640_음식·음료,200816617,11309,-12.35,-7.0,지속감소(위험),1,0,0.0,0,0.0,0,0,0,1460000.0,-12.6,1,관찰(매출감소/대출무)
11620575,행운동,생활서비스,11620575_생활서비스,201251101,17616,-12.09,62.92,단기반등,2,0,0.0,0,0.0,0,0,0,2700000.0,55.38,0,관찰(매출감소/대출무)
11305534,삼양동,숙박,11305534_숙박,9131232,233,-11.95,-20.93,지속감소(위험),1,0,0.0,0,0.0,0,0,0,1000000.0,-33.5,1,관찰(매출감소/대출무)
11305545,송중동,음식·음료,11305545_음식·음료,22018159025,783249,-11.95,4.2,단기반등,1,0,0.0,0,0.0,0,0,0,97490000.0,-13.12,1,관찰(매출감소/대출무)
11170520,용산2가동,문화·취미·반려,11170520_문화·취미·반려,39450368,2085,-11.77,-1.64,지속감소(위험),1,0,0.0,0,0.0,0,0,0,1000000.0,8.7,0,관찰(매출감소/대출무)
11650581,반포4동,생활서비스,11650581_생활서비스,111585401,3964,-11.76,7.75,단기반등,3,0,0.0,0,0.0,0,0,0,1423333.0,3.46,1,관찰(매출감소/대출무)
11560660,신길4동,음식·음료,11560660_음식·음료,1572648715,81651,-11.68,0.14,단기반등,1,0,0.0,0,0.0,0,0,0,16770000.0,-5.51,1,관찰(매출감소/대출무)
11590540,상도2동,식료품·편의소매,11590540_식료품·편의소매,3105854810,327216,-11.68,-9.59,지속감소(위험),1,0,0.0,0,0.0,0,0,0,29950000.0,-11.99,1,관찰(매출감소/대출무)
11530510,신도림동,식료품·편의소매,11530510_식료품·편의소매,4904937868,495692,-11.35,-9.61,지속감소(위험),1,0,0.0,0,0.0,0,0,0,33120000.0,14.06,0,관찰(매출감소/대출무)
11140550,명동,여가·오락,11140550_여가·오락,356786825,16887,-11.34,-6.22,지속감소(위험),1,0,0.0,0,0.0,0,0,0,4090000.0,3.39,0,관찰(매출감소/대출무)
11560670,신길5동,식료품·편의소매,11560670_식료품·편의소매,1287060207,126922,-11.29,-7.54,지속감소(위험),1,0,0.0,0,0.0,0,0,0,9680000.0,-12.5,1,관찰(매출감소/대출무)
11215770,중곡4동,생활서비스,11215770_생활서비스,54810095,4627,-11.22,22.44,단기반등,2,0,0.0,0,0.0,0,0,0,1000000.0,40.23,0,관찰(매출감소/대출무)
11470620,신정1동,여가·오락,11470620_여가·오락,546745819,12891,-11.14,2.71,단기반등,1,0,0.0,0,0.0,0,0,0,1690000.0,20.21,0,관찰(매출감소/대출무)
11200560,행당1동,식료품·편의소매,11200560_식료품·편의소매,4817207851,450103,-11.09,1.05,단기반등,1,0,0.0,0,0.0,0,0,0,21650000.0,-4.81,1,관찰(매출감소/대출무)
11530740,개봉1동,식료품·편의소매,11530740_식료품·편의소매,11326087377,768413,-10.98,-3.82,지속감소(위험),1,0,0.0,0,0.0,0,0,0,85250000.0,-40.7,1,관찰(매출감소/대출무)
11440600,대흥동,음식·음료,11440600_음식·음료,9569046955,617947,-10.92,5.05,단기반등,1,0,0.0,0,0.0,0,0,0,37290000.0,-4.69,1,관찰(매출감소/대출무)
11650590,방배본동,여가·오락,11650590_여가·오락,209015127,7137,-10.46,8.15,단기반등,1,0,0.0,0,0.0,0,0,0,1440000.0,2.48,0,관찰(매출감소/대출무)
11740640,성내1동,가구·인테리어,11740640_가구·인테리어,168442294,4945,-10.37,59.0,단기반등,1,0,0.0,0,0.0,0,0,0,3950000.0,43.74,0,관찰(매출감소/대출무)
11620625,인헌동,패션·잡화,11620625_패션·잡화,1596102860,19991,-10.35,13.08,단기반등,1,0,0.0,0,0.0,0,0,0,7640000.0,20.65,0,관찰(매출감소/대출무)
11440655,서강동,음식·음료,11440655_음식·음료,16880973768,844120,-10.21,6.67,단기반등,1,0,0.0,0,0.0,0,0,0,73120000.0,19.26,0,관찰(매출감소/대출무)
11500510,염창동,가구·인테리어,11500510_가구·인테리어,231820023,8746,-10.14,-39.75,지속감소(위험),1,0,0.0,0,0.0,0,0,0,1560000.0,-37.84,1,관찰(매출감소/대출무)
11710580,송파1동,생활서비스,11710580_생활서비스,101358585,6147,-10.04,50.4,단기반등,1,0,0.0,0,0.0,0,0,0,1000000.0,47.47,0,관찰(매출감소/대출무)
11200720,송정동,미용·뷰티,11200720_미용·뷰티,115348974,4278,-9.94,-7.02,지속감소(위험),1,0,0.0,0,0.0,0,0,0,1000000.0,12.14,0,관찰(매출감소/대출무)
11710532,거여2동,식료품·편의소매,11710532_식료품·편의소매,1776547109,191650,-9.88,-0.42,지속감소(위험),1,0,0.0,0,0.0,0,0,0,9270000.0,6.28,0,관찰(매출감소/대출무)
11650540,잠원동,식료품·편의소매,11650540_식료품·편의소매,7748805651,705489,-9.84,-9.47,지속감소(위험),1,0,0.0,0,0.0,0,0,0,102660000.0,-9.1,1,관찰(매출감소/대출무)
11710600,석촌동,생활서비스,11710600_생활서비스,194277454,11256,-9.83,43.88,단기반등,2,0,0.0,0,0.0,0,0,0,1405000.0,49.55,0,관찰(매출감소/대출무)
11260590,상봉2동,숙박,11260590_숙박,515976343,13930,-9.7,-1.07,지속감소(위험),1,0,0.0,0,0.0,0,0,0,4120000.0,-3.31,1,관찰(매출감소/대출무)
11710710,잠실6동,음식·음료,11710710_음식·음료,33053871461,1876957,-9.68,0.58,단기반등,1,0,0.0,0,0.0,0,0,0,244470000.0,7.4,0,관찰(매출감소/대출무)
11320660,쌍문1동,식료품·편의소매,11320660_식료품·편의소매,4031344031,393438,-9.64,3.25,단기반등,1,0,0.0,0,0.0,0,0,0,39450000.0,23.22,0,관찰(매출감소/대출무)
11560540,여의동,식료품·편의소매,11560540_식료품·편의소매,30004022247,3005665,-9.64,-7.21,지속감소(위험),4,0,0.0,0,0.0,0,0,0,213030000.0,-0.3,3,관찰(매출감소/대출무)
11545510,가산동,자동차·운송서비스,11545510_자동차·운송서비스,2630722841,14969,-9.58,-10.54,지속감소(위험),1,0,0.0,0,0.0,0,0,0,9760000.0,-1.97,1,관찰(매출감소/대출무)
11710646,장지동,패션·잡화,11710646_패션·잡화,50211923,480,-9.33,-26.63,지속감소(위험),1,0,0.0,0,0.0,0,0,0,1000000.0,-30.42,1,관찰(매출감소/대출무)
11290590,돈암2동,생활서비스,11290590_생활서비스,132746002,7101,-9.17,24.02,단기반등,1,0,0.0,0,0.0,0,0,0,1000000.0,13.14,0,관찰(매출감소/대출무)
11305608,번3동,음식·음료,11305608_음식·음료,3252122880,149994,-9.06,-1.75,지속감소(위험),1,0,0.0,0,0.0,0,0,0,22290000.0,-6.04,1,관찰(매출감소/대출무)
11230710,회기동,식료품·편의소매,11230710_식료품·편의소매,2590628489,399603,-8.99,0.18,단기반등,1,0,0.0,0,0.0,0,0,0,22640000.0,10.21,0,관찰(매출감소/대출무)
11440630,신수동,음식·음료,11440630_음식·음료,5368322326,324283,-8.97,3.62,단기반등,1,0,0.0,0,0.0,0,0,0,65480000.0,25.04,0,관찰(매출감소/대출무)
11740560,고덕2동,생활서비스,11740560_생활서비스,68756910,3519,-8.83,23.56,단기반등,1,0,0.0,0,0.0,0,0,0,1000000.0,24.4,0,관찰(매출감소/대출무)
11500535,등촌3동,음식·음료,11500535_음식·음료,16895518747,751379,-8.73,3.82,단기반등,1,0,0.0,0,0.0,0,0,0,155100000.0,8.86,0,관찰(매출감소/대출무)
11410565,충현동,문화·취미·반려,11410565_문화·취미·반려,1063034367,11403,-8.6,8.93,단기반등,1,0,0.0,0,0.0,0,0,0,9900000.0,-6.27,1,관찰(매출감소/대출무)
11545610,독산1동,문화·취미·반려,11545610_문화·취미·반려,925844381,44840,-8.55,-19.0,지속감소(위험),1,0,0.0,0,0.0,0,0,0,3120000.0,-17.96,1,관찰(매출감소/대출무)
11710550,마천2동,가구·인테리어,11710550_가구·인테리어,512428803,3364,-8.5,-31.69,지속감소(위험),1,0,0.0,0,0.0,0,0,0,2890000.0,-33.74,1,관찰(매출감소/대출무)
11650651,양재1동,문화·취미·반려,11650651_문화·취미·반려,6438879819,74233,-8.37,1.75,단기반등,1,0,0.0,0,0.0,0,0,0,17200000.0,6.03,0,관찰(매출감소/대출무)
11680580,삼성1동,미용·뷰티,11680580_미용·뷰티,10487805823,98715,-8.3,15.31,단기반등,1,0,0.0,0,0.0,0,0,0,90660000.0,36.8,0,관찰(매출감소/대출무)
11620735,대학동,문화·취미·반려,11620735_문화·취미·반려,606197641,19884,-8.22,12.14,단기반등,1,0,0.0,0,0.0,0,0,0,4210000.0,6.37,0,관찰(매출감소/대출무)
11590620,사당1동,음식·음료,11590620_음식·음료,36080331692,906899,-8.1,12.7,단기반등,1,0,0.0,0,0.0,0,0,0,100010000.0,36.38,0,관찰(매출감소/대출무)
11560700,대림1동,식료품·편의소매,11560700_식료품·편의소매,6668251725,578081,-7.92,5.22,단기반등,1,0,0.0,0,0.0,0,0,0,119480000.0,3.62,0,관찰(매출감소/대출무)
11560550,당산1동,패션·잡화,11560550_패션·잡화,575329605,4552,-7.89,-3.53,지속감소(위험),1,0,0.0,0,0.0,0,0,0,5410000.0,-6.24,1,관찰(매출감소/대출무)
11440710,연남동,생활서비스,11440710_생활서비스,168151208,22519,-7.88,5.69,단기반등,1,0,0.0,0,0.0,0,0,0,1000000.0,20.81,0,관찰(매출감소/대출무)
11320514,창4동,숙박,11320514_숙박,396435535,13448,-7.87,10.32,단기반등,1,0,0.0,0,0.0,0,0,0,2230000.0,-9.6,1,관찰(매출감소/대출무)
11530550,구로4동,음식·음료,11530550_음식·음료,12580339567,512133,-7.82,-12.56,지속감소(위험),1,0,0.0,0,0.0,0,0,0,60400000.0,-27.11,1,관찰(매출감소/대출무)
11560560,당산2동,음식·음료,11560560_음식·음료,27908262381,1164045,-7.24,6.0,단기반등,1,0,0.0,0,0.0,0,0,0,71430000.0,28.99,0,관찰(매출감소/대출무)
11470620,신정1동,미용·뷰티,11470620_미용·뷰티,423306768,10015,-7.1,-4.37,지속감소(위험),2,0,0.0,0,0.0,0,0,0,3180000.0,-6.05,1,관찰(매출감소/대출무)
11110570,무악동,음식·음료,11110570_음식·음료,1188302130,71090,-7.07,-4.97,지속감소(위험),1,0,0.0,0,0.0,0,0,0,8990000.0,3.73,0,관찰(매출감소/대출무)
11410685,홍은2동,음식·음료,11410685_음식·음료,7000985254,311732,-7.01,4.92,단기반등,3,0,0.0,0,0.0,0,0,0,32066667.0,14.5,1,관찰(매출감소/대출무)
11590620,사당1동,패션·잡화,11590620_패션·잡화,1540460336,17207,-7.01,-0.3,지속감소(위험),1,0,0.0,0,0.0,0,0,0,6040000.0,-9.9,1,관찰(매출감소/대출무)
11290780,장위3동,음식·음료,11290780_음식·음료,1280536674,54415,-6.92,-1.68,지속감소(위험),1,0,0.0,0,0.0,0,0,0,10380000.0,-20.27,1,관찰(매출감소/대출무)
11530530,구로2동,미용·뷰티,11530530_미용·뷰티,425806751,11638,-6.84,-15.36,지속감소(위험),1,0,0.0,0,0.0,0,0,0,1690000.0,-5.19,1,관찰(매출감소/대출무)
11710641,문정1동,문화·취미·반려,11710641_문화·취미·반려,3289861772,53426,-6.79,-16.12,지속감소(위험),1,0,0.0,0,0.0,0,0,0,39030000.0,-13.89,1,관찰(매출감소/대출무)
11260540,면목4동,여가·오락,11260540_여가·오락,246693585,7862,-6.72,16.36,단기반등,2,0,0.0,0,0.0,0,0,0,1275000.0,4.66,0,관찰(매출감소/대출무)
11590670,신대방1동,음식·음료,11590670_음식·음료,5094705197,226341,-6.71,-4.71,지속감소(위험),1,0,0.0,0,0.0,0,0,0,34370000.0,-17.92,1,관찰(매출감소/대출무)
11440720,성산1동,음식·음료,11440720_음식·음료,8894545297,308199,-6.57,9.85,단기반등,1,0,0.0,0,0.0,0,0,0,142570000.0,8.23,0,관찰(매출감소/대출무)
11545640,독산4동,음식·음료,11545640_음식·음료,5562172944,183234,-6.33,-0.88,지속감소(위험),1,0,0.0,0,0.0,0,0,0,9930000.0,-1.96,1,관찰(매출감소/대출무)
11680630,대치4동,숙박,11680630_숙박,293053086,10124,-6.33,-12.16,지속감소(위험),1,0,0.0,0,0.0,0,0,0,4810000.0,-37.48,1,관찰(매출감소/대출무)
11350611,하계1동,음식·음료,11350611_음식·음료,6705097971,317772,-6.2,1.96,단기반등,1,0,0.0,0,0.0,0,0,0,48440000.0,6.68,0,관찰(매출감소/대출무)
11380640,증산동,패션·잡화,11380640_패션·잡화,413801449,2306,-6.08,-3.63,지속감소(위험),1,0,0.0,0,0.0,0,0,0,1000000.0,2.56,0,관찰(매출감소/대출무)
11680531,논현2동,미용·뷰티,11680531_미용·뷰티,8582944387,81075,-5.94,-2.86,지속감소(위험),1,0,0.0,0,0.0,0,0,0,43360000.0,-6.51,1,관찰(매출감소/대출무)
11560630,신길1동,여가·오락,11560630_여가·오락,623685782,78041,-5.91,-20.63,지속감소(위험),1,0,0.0,0,0.0,0,0,0,4460000.0,-39.17,1,관찰(매출감소/대출무)
11500630,방화1동,패션·잡화,11500630_패션·잡화,1905070208,26758,-5.87,-0.1,지속감소(위험),1,0,0.0,0,0.0,0,0,0,14560000.0,-2.45,1,관찰(매출감소/대출무)
11215830,자양2동,미용·뷰티,11215830_미용·뷰티,418439849,11660,-5.82,-11.13,지속감소(위험),1,0,0.0,0,0.0,0,0,0,4200000.0,-11.43,1,관찰(매출감소/대출무)
11410660,홍은1동,가구·인테리어,11410660_가구·인테리어,28826627,1006,-5.8,-27.57,지속감소(위험),1,0,0.0,0,0.0,0,0,0,1000000.0,-10.53,1,관찰(매출감소/대출무)
11305615,수유1동,패션·잡화,11305615_패션·잡화,6451853543,70650,-5.7,78.44,단기반등,2,0,0.0,0,0.0,0,0,0,37485000.0,73.29,0,관찰(매출감소/대출무)
11650651,양재1동,음식·음료,11650651_음식·음료,43569217476,1548811,-5.6,5.52,단기반등,1,0,0.0,0,0.0,0,0,0,121220000.0,14.61,0,관찰(매출감소/대출무)
11680720,일원본동,생활서비스,11680720_생활서비스,19796734,814,-5.6,32.14,단기반등,2,0,0.0,0,0.0,0,0,0,1000000.0,41.69,0,관찰(매출감소/대출무)
11320522,도봉2동,미용·뷰티,11320522_미용·뷰티,323820611,9044,-5.59,-10.76,지속감소(위험),1,0,0.0,0,0.0,0,0,0,1400000.0,3.6,0,관찰(매출감소/대출무)
11320522,도봉2동,가구·인테리어,11320522_가구·인테리어,175827524,6789,-5.54,-27.43,지속감소(위험),1,0,0.0,0,0.0,0,0,0,1000000.0,-11.13,1,관찰(매출감소/대출무)
11230740,이문1동,식료품·편의소매,11230740_식료품·편의소매,7525245424,924100,-5.52,7.72,단기반등,1,0,0.0,0,0.0,0,0,0,107350000.0,4.52,0,관찰(매출감소/대출무)
11305625,수유2동,음식·음료,11305625_음식·음료,7016865413,199562,-5.5,3.92,단기반등,1,0,0.0,0,0.0,0,0,0,23190000.0,8.96,0,관찰(매출감소/대출무)
11590620,사당1동,미용·뷰티,11590620_미용·뷰티,1129745995,20061,-5.45,-3.36,지속감소(위험),1,0,0.0,0,0.0,0,0,0,19220000.0,-0.25,1,관찰(매출감소/대출무)
11680630,대치4동,식료품·편의소매,11680630_식료품·편의소매,16965679247,2341283,-5.41,-10.83,지속감소(위험),1,0,0.0,0,0.0,0,0,0,99960000.0,-19.54,1,관찰(매출감소/대출무)
11560540,여의동,음식·음료,11560540_음식·음료,214182407349,6343600,-5.18,2.03,단기반등,1,0,0.0,0,0.0,0,0,0,2841580000.0,-3.97,1,관찰(매출감소/대출무)
11740600,천호1동,미용·뷰티,11740600_미용·뷰티,429115463,14528,-5.18,3.62,단기반등,1,0,0.0,0,0.0,0,0,0,3630000.0,4.29,0,관찰(매출감소/대출무)
11215810,광장동,자동차·운송서비스,11215810_자동차·운송서비스,788431750,5088,-5.16,-1.77,지속감소(위험),2,0,0.0,0,0.0,0,0,0,4070000.0,-7.05,2,관찰(매출감소/대출무)
11305595,번1동,자동차·운송서비스,11305595_자동차·운송서비스,678311749,2678,-5.09,7.63,단기반등,1,0,0.0,0,0.0,0,0,0,3490000.0,2.31,0,관찰(매출감소/대출무)
11350640,상계2동,문화·취미·반려,11350640_문화·취미·반려,799836036,35532,-5.05,11.8,단기반등,1,0,0.0,0,0.0,0,0,0,9600000.0,12.15,0,관찰(매출감소/대출무)
11410700,남가좌2동,자동차·운송서비스,11410700_자동차·운송서비스,1985912117,11696,-5.01,-2.27,지속감소(위험),1,0,0.0,0,0.0,0,0,0,12740000.0,3.58,0,관찰(매출감소/대출무)
11650560,반포1동,음식·음료,11650560_음식·음료,16953216168,821681,-4.97,0.1,단기반등,1,0,0.0,0,0.0,0,0,0,70950000.0,-0.89,1,관찰(매출감소/대출무)
11215770,중곡4동,음식·음료,11215770_음식·음료,9497016913,545442,-4.93,3.73,단기반등,1,0,0.0,0,0.0,0,0,0,47170000.0,11.44,0,관찰(매출감소/대출무)
11710647,위례동,식료품·편의소매,11710647_식료품·편의소매,557220291,65111,-4.93,1.99,단기반등,1,0,0.0,0,0.0,0,0,0,2730000.0,-14.7,1,관찰(매출감소/대출무)
11380580,응암1동,음식·음료,11380580_음식·음료,13729937287,517905,-4.89,-1.22,지속감소(위험),1,0,0.0,0,0.0,0,0,0,64270000.0,-11.48,1,관찰(매출감소/대출무)
11650620,방배3동,음식·음료,11650620_음식·음료,4575110028,215403,-4.88,-0.58,지속감소(위험),1,0,0.0,0,0.0,0,0,0,30950000.0,1.52,0,관찰(매출감소/대출무)
11500593,화곡8동,자동차·운송서비스,11500593_자동차·운송서비스,24257143,550,-4.8,50.16,단기반등,1,0,0.0,0,0.0,0,0,0,1000000.0,46.24,0,관찰(매출감소/대출무)
11170685,한남동,음식·음료,11170685_음식·음료,52102024726,1118801,-4.64,2.37,단기반등,1,0,0.0,0,0.0,0,0,0,335110000.0,-2.83,1,관찰(매출감소/대출무)
11650652,양재2동,식료품·편의소매,11650652_식료품·편의소매,32376878504,2658555,-4.63,-0.08,지속감소(위험),1,0,0.0,0,0.0,0,0,0,162250000.0,-14.63,1,관찰(매출감소/대출무)
11305603,번2동,미용·뷰티,11305603_미용·뷰티,72251869,2502,-4.62,-17.6,지속감소(위험),1,0,0.0,0,0.0,0,0,0,1000000.0,-22.95,1,관찰(매출감소/대출무)
11305625,수유2동,자동차·운송서비스,11305625_자동차·운송서비스,807852902,6287,-4.52,10.71,단기반등,1,0,0.0,0,0.0,0,0,0,3940000.0,-4.4,1,관찰(매출감소/대출무)
11215820,자양1동,미용·뷰티,11215820_미용·뷰티,1070407506,26189,-4.3,-1.19,지속감소(위험),1,0,0.0,0,0.0,0,0,0,8030000.0,16.43,0,관찰(매출감소/대출무)
11305615,수유1동,여가·오락,11305615_여가·오락,475940764,8922,-4.24,26.23,단기반등,1,0,0.0,0,0.0,0,0,0,3300000.0,32.83,0,관찰(매출감소/대출무)
11290600,안암동,자동차·운송서비스,11290600_자동차·운송서비스,1468272135,7405,-4.23,-24.71,지속감소(위험),1,0,0.0,0,0.0,0,0,0,10470000.0,-26.83,1,관찰(매출감소/대출무)
11620525,보라매동,음식·음료,11620525_음식·음료,9594296085,461881,-4.19,-2.9,지속감소(위험),1,0,0.0,0,0.0,0,0,0,49480000.0,11.06,0,관찰(매출감소/대출무)
11470600,신월5동,음식·음료,11470600_음식·음료,4845394055,182985,-4.17,-3.7,지속감소(위험),1,0,0.0,0,0.0,0,0,0,40340000.0,-2.88,1,관찰(매출감소/대출무)
11710690,잠실4동,식료품·편의소매,11710690_식료품·편의소매,2892867482,308886,-4.15,-2.47,지속감소(위험),2,0,0.0,0,0.0,0,0,0,24545000.0,3.51,1,관찰(매출감소/대출무)
11170590,용문동,가구·인테리어,11170590_가구·인테리어,1445837118,10702,-4.1,261.12,단기반등,1,0,0.0,0,0.0,0,0,0,15740000.0,100.0,0,관찰(매출감소/대출무)
11320700,방학2동,음식·음료,11320700_음식·음료,4322653430,282373,-4.08,-2.52,지속감소(위험),1,0,0.0,0,0.0,0,0,0,22490000.0,-17.28,1,관찰(매출감소/대출무)
11305645,우이동,패션·잡화,11305645_패션·잡화,1625657281,9793,-4.0,186.41,단기반등,1,0,0.0,0,0.0,0,0,0,7980000.0,100.0,0,관찰(매출감소/대출무)
11215710,화양동,숙박,11215710_숙박,549467948,12572,-3.99,7.25,단기반등,2,0,0.0,0,0.0,0,0,0,6410000.0,-5.25,2,관찰(매출감소/대출무)
11590530,상도1동,식료품·편의소매,11590530_식료품·편의소매,7868399838,901182,-3.9,-0.11,지속감소(위험),1,0,0.0,0,0.0,0,0,0,119220000.0,3.63,0,관찰(매출감소/대출무)
11290810,석관동,자동차·운송서비스,11290810_자동차·운송서비스,1085541306,8893,-3.78,-31.82,지속감소(위험),1,0,0.0,0,0.0,0,0,0,14660000.0,-48.49,1,관찰(매출감소/대출무)
11500604,가양2동,생활서비스,11500604_생활서비스,31477256,1664,-3.68,76.71,단기반등,2,0,0.0,0,0.0,0,0,0,1000000.0,75.8,0,관찰(매출감소/대출무)
11230536,용신동,음식·음료,11230536_음식·음료,27768343226,1116415,-3.64,3.01,단기반등,1,0,0.0,0,0.0,0,0,0,116990000.0,-12.77,1,관찰(매출감소/대출무)
11440730,성산2동,가구·인테리어,11440730_가구·인테리어,1318774709,13887,-3.64,-9.95,지속감소(위험),1,0,0.0,0,0.0,0,0,0,8050000.0,6.46,0,관찰(매출감소/대출무)
11290630,정릉2동,미용·뷰티,11290630_미용·뷰티,542524007,14592,-3.62,5.21,단기반등,1,0,0.0,0,0.0,0,0,0,3730000.0,-11.09,1,관찰(매출감소/대출무)
11290685,길음2동,자동차·운송서비스,11290685_자동차·운송서비스,148108802,1556,-3.6,-0.73,지속감소(위험),1,0,0.0,0,0.0,0,0,0,1230000.0,13.99,0,관찰(매출감소/대출무)
11710562,방이2동,음식·음료,11710562_음식·음료,72461004508,1800106,-3.4,10.71,단기반등,1,0,0.0,0,0.0,0,0,0,993500000.0,17.36,0,관찰(매출감소/대출무)
11320521,도봉1동,음식·음료,11320521_음식·음료,13321742518,509503,-3.23,-0.61,지속감소(위험),1,0,0.0,0,0.0,0,0,0,59680000.0,-8.79,1,관찰(매출감소/대출무)
11710720,잠실7동,식료품·편의소매,11710720_식료품·편의소매,1817590623,207630,-3.06,-11.02,지속감소(위험),1,0,0.0,0,0.0,0,0,0,13450000.0,2.76,0,관찰(매출감소/대출무)
11140540,회현동,미용·뷰티,11140540_미용·뷰티,15360978576,124492,-3.04,-0.01,지속감소(위험),1,0,0.0,0,0.0,0,0,0,123700000.0,-0.87,1,관찰(매출감소/대출무)
11380570,대조동,패션·잡화,11380570_패션·잡화,4052857012,88531,-2.88,2.94,단기반등,1,0,0.0,0,0.0,0,0,0,47970000.0,-11.65,1,관찰(매출감소/대출무)
11650560,반포1동,문화·취미·반려,11650560_문화·취미·반려,5045140112,31116,-2.81,6.29,단기반등,1,0,0.0,0,0.0,0,0,0,30090000.0,7.5,0,관찰(매출감소/대출무)
11530790,수궁동,생활서비스,11530790_생활서비스,59592850,3486,-2.77,76.57,단기반등,1,0,0.0,0,0.0,0,0,0,1000000.0,76.67,0,관찰(매출감소/대출무)
11545670,시흥1동,미용·뷰티,11545670_미용·뷰티,1748736392,47166,-2.74,7.55,단기반등,3,0,0.0,0,0.0,0,0,0,16046667.0,1.64,1,관찰(매출감소/대출무)
11530595,가리봉동,자동차·운송서비스,11530595_자동차·운송서비스,131986975,1151,-2.69,5.44,단기반등,1,0,0.0,0,0.0,0,0,0,1000000.0,10.05,0,관찰(매출감소/대출무)
11410555,북아현동,미용·뷰티,11410555_미용·뷰티,109477874,2969,-2.66,-7.32,지속감소(위험),1,0,0.0,0,0.0,0,0,0,1000000.0,-5.68,1,관찰(매출감소/대출무)
11290705,종암동,여가·오락,11290705_여가·오락,1270892524,44508,-2.47,8.63,단기반등,1,0,0.0,0,0.0,0,0,0,3170000.0,16.34,0,관찰(매출감소/대출무)
11290640,정릉3동,음식·음료,11290640_음식·음료,4585094367,272885,-2.43,12.86,단기반등,1,0,0.0,0,0.0,0,0,0,20060000.0,26.29,0,관찰(매출감소/대출무)
11620645,서원동,문화·취미·반려,11620645_문화·취미·반려,353131144,10046,-2.4,-12.08,지속감소(위험),1,0,0.0,0,0.0,0,0,0,4410000.0,11.02,0,관찰(매출감소/대출무)
11440655,서강동,식료품·편의소매,11440655_식료품·편의소매,5696058392,1078503,-2.39,2.18,단기반등,2,0,0.0,0,0.0,0,0,0,47030000.0,9.02,1,관찰(매출감소/대출무)
11470630,신정2동,음식·음료,11470630_음식·음료,7535596847,312692,-2.39,3.87,단기반등,1,0,0.0,0,0.0,0,0,0,42120000.0,-2.48,1,관찰(매출감소/대출무)
11290725,월곡2동,음식·음료,11290725_음식·음료,11872028186,636343,-2.37,2.51,단기반등,1,0,0.0,0,0.0,0,0,0,97360000.0,11.78,0,관찰(매출감소/대출무)
11320512,창2동,생활서비스,11320512_생활서비스,29943395,1585,-2.36,66.7,단기반등,1,0,0.0,0,0.0,0,0,0,1000000.0,64.53,0,관찰(매출감소/대출무)
11590530,상도1동,음식·음료,11590530_음식·음료,18684615477,1140616,-2.35,5.17,단기반등,1,0,0.0,0,0.0,0,0,0,150950000.0,20.89,0,관찰(매출감소/대출무)
11110515,청운효자동,문화·취미·반려,11110515_문화·취미·반려,4490011882,14155,-2.29,0.58,단기반등,1,0,0.0,0,0.0,0,0,0,83060000.0,10.94,0,관찰(매출감소/대출무)
11545680,시흥2동,문화·취미·반려,11545680_문화·취미·반려,130179526,8498,-2.2,-3.68,지속감소(위험),2,0,0.0,0,0.0,0,0,0,1035000.0,-12.12,2,관찰(매출감소/대출무)
11440600,대흥동,숙박,11440600_숙박,413673967,14173,-2.16,4.45,단기반등,1,0,0.0,0,0.0,0,0,0,2130000.0,4.7,0,관찰(매출감소/대출무)
11560680,신길6동,미용·뷰티,11560680_미용·뷰티,859181926,18701,-2.16,-23.02,지속감소(위험),1,0,0.0,0,0.0,0,0,0,4130000.0,-27.59,1,관찰(매출감소/대출무)
11290715,월곡1동,가구·인테리어,11290715_가구·인테리어,677344419,8773,-2.15,35.13,단기반등,1,0,0.0,0,0.0,0,0,0,6980000.0,57.33,0,관찰(매출감소/대출무)
11230750,이문2동,여가·오락,11230750_여가·오락,86416962,551,-1.98,37.78,단기반등,1,0,0.0,0,0.0,0,0,0,1000000.0,40.89,0,관찰(매출감소/대출무)
11200645,옥수동,여가·오락,11200645_여가·오락,49629847,245,-1.94,65.96,단기반등,1,0,0.0,0,0.0,0,0,0,1000000.0,49.54,0,관찰(매출감소/대출무)
11215850,구의1동,여가·오락,11215850_여가·오락,988213375,50756,-1.94,9.72,단기반등,1,0,0.0,0,0.0,0,0,0,13540000.0,-1.16,1,관찰(매출감소/대출무)
11680690,개포4동,여가·오락,11680690_여가·오락,341627523,4701,-1.89,6.02,단기반등,1,0,0.0,0,0.0,0,0,0,4280000.0,14.01,0,관찰(매출감소/대출무)
11710570,오금동,음식·음료,11710570_음식·음료,16457353536,916731,-1.89,-3.36,지속감소(위험),1,0,0.0,0,0.0,0,0,0,137530000.0,7.04,0,관찰(매출감소/대출무)
11680640,역삼1동,미용·뷰티,11680640_미용·뷰티,33106467229,235394,-1.86,2.69,단기반등,1,0,0.0,0,0.0,0,0,0,515130000.0,11.68,0,관찰(매출감소/대출무)
11260630,묵2동,식료품·편의소매,11260630_식료품·편의소매,8655089948,844266,-1.85,2.13,단기반등,1,0,0.0,0,0.0,0,0,0,105890000.0,20.26,0,관찰(매출감소/대출무)
11440740,상암동,음식·음료,11440740_음식·음료,44634883982,2131711,-1.77,-0.55,지속감소(위험),1,0,0.0,0,0.0,0,0,0,338560000.0,-0.24,1,관찰(매출감소/대출무)
11215870,구의3동,가구·인테리어,11215870_가구·인테리어,1511832083,19119,-1.75,13.8,단기반등,1,0,0.0,0,0.0,0,0,0,8280000.0,18.89,0,관찰(매출감소/대출무)
11215830,자양2동,자동차·운송서비스,11215830_자동차·운송서비스,321012441,2027,-1.72,-6.07,지속감소(위험),1,0,0.0,0,0.0,0,0,0,1920000.0,-18.74,1,관찰(매출감소/대출무)
11440585,도화동,식료품·편의소매,11440585_식료품·편의소매,2682751551,244025,-1.62,-3.74,지속감소(위험),1,0,0.0,0,0.0,0,0,0,13480000.0,-0.13,1,관찰(매출감소/대출무)
11215740,중곡1동,식료품·편의소매,11215740_식료품·편의소매,19499327759,1358346,-1.49,5.45,단기반등,1,0,0.0,0,0.0,0,0,0,159510000.0,-3.75,1,관찰(매출감소/대출무)
11680565,청담동,음식·음료,11680565_음식·음료,62556653721,1043185,-1.46,7.79,단기반등,1,0,0.0,0,0.0,0,0,0,629310000.0,-3.18,1,관찰(매출감소/대출무)
11470510,목1동,여가·오락,11470510_여가·오락,1328907983,111397,-1.2,4.97,단기반등,1,0,0.0,0,0.0,0,0,0,23090000.0,17.73,0,관찰(매출감소/대출무)
11320700,방학2동,미용·뷰티,11320700_미용·뷰티,370302121,12714,-1.18,-11.09,지속감소(위험),1,0,0.0,0,0.0,0,0,0,5600000.0,-5.43,1,관찰(매출감소/대출무)
11200690,성수2가3동,여가·오락,11200690_여가·오락,848373053,60004,-1.17,-11.06,지속감소(위험),1,0,0.0,0,0.0,0,0,0,4010000.0,-16.17,1,관찰(매출감소/대출무)
11200620,금호4가동,음식·음료,11200620_음식·음료,4223512712,109089,-1.12,2.62,단기반등,1,0,0.0,0,0.0,0,0,0,42120000.0,-0.89,1,관찰(매출감소/대출무)
11170555,청파동,자동차·운송서비스,11170555_자동차·운송서비스,4073822048,24507,-0.98,2.62,단기반등,1,0,0.0,0,0.0,0,0,0,61940000.0,-18.09,1,관찰(매출감소/대출무)
11230600,답십리1동,패션·잡화,11230600_패션·잡화,7182782943,62953,-0.95,0.05,단기반등,1,0,0.0,0,0.0,0,0,0,51350000.0,11.75,0,관찰(매출감소/대출무)
11320670,쌍문2동,자동차·운송서비스,11320670_자동차·운송서비스,1049936672,6724,-0.83,-6.63,지속감소(위험),1,0,0.0,0,0.0,0,0,0,6430000.0,-1.65,1,관찰(매출감소/대출무)
11215850,구의1동,식료품·편의소매,11215850_식료품·편의소매,8153148352,899161,-0.79,-4.1,지속감소(위험),1,0,0.0,0,0.0,0,0,0,37130000.0,1.66,0,관찰(매출감소/대출무)
11680640,역삼1동,음식·음료,11680640_음식·음료,233333284115,9283434,-0.79,-1.76,지속감소(위험),1,0,0.0,0,0.0,0,0,0,546420000.0,-14.98,1,관찰(매출감소/대출무)
11710642,문정2동,여가·오락,11710642_여가·오락,616896458,102570,-0.79,17.11,단기반등,1,0,0.0,0,0.0,0,0,0,6210000.0,23.0,0,관찰(매출감소/대출무)
11740610,천호2동,숙박,11740610_숙박,1066990481,23658,-0.71,6.45,단기반등,2,0,0.0,0,0.0,0,0,0,10470000.0,1.19,1,관찰(매출감소/대출무)
11215860,구의2동,생활서비스,11215860_생활서비스,2860973057,17767,-0.63,-3.09,지속감소(위험),1,0,0.0,0,0.0,0,0,0,5010000.0,-20.57,1,관찰(매출감소/대출무)
11650520,서초2동,음식·음료,11650520_음식·음료,56055114280,2169270,-0.6,-1.49,지속감소(위험),2,0,0.0,0,0.0,0,0,0,281650000.0,-4.04,2,관찰(매출감소/대출무)
11350560,월계1동,여가·오락,11350560_여가·오락,1069534364,107365,-0.55,-11.7,지속감소(위험),1,0,0.0,0,0.0,0,0,0,13380000.0,-15.34,1,관찰(매출감소/대출무)
11215770,중곡4동,식료품·편의소매,11215770_식료품·편의소매,5594949626,426736,-0.54,6.03,단기반등,2,0,0.0,0,0.0,0,0,0,36395000.0,11.93,0,관찰(매출감소/대출무)
11710600,석촌동,문화·취미·반려,11710600_문화·취미·반려,558251918,16252,-0.23,-28.65,지속감소(위험),1,0,0.0,0,0.0,0,0,0,4420000.0,-30.74,1,관찰(매출감소/대출무)
11710610,삼전동,식료품·편의소매,11710610_식료품·편의소매,9904934185,889984,-0.23,2.88,단기반등,2,0,0.0,0,0.0,0,0,0,52825000.0,3.06,0,관찰(매출감소/대출무)
11590530,상도1동,패션·잡화,11590530_패션·잡화,646242797,5663,-0.14,-9.65,지속감소(위험),1,0,0.0,0,0.0,0,0,0,3030000.0,5.08,0,관찰(매출감소/대출무)
11320670,쌍문2동,여가·오락,11320670_여가·오락,1308463095,190005,-0.03,0.57,단기반등,1,0,0.0,0,0.0,0,0,0,6560000.0,7.51,0,관찰(매출감소/대출무)
11710531,거여1동,문화·취미·반려,11710531_문화·취미·반려,15000000,41,0.0,0.0,지속성장,1,0,0.0,0,0.0,0,0,0,1000000.0,-5.35,1,정상
11350611,하계1동,생활서비스,11350611_생활서비스,81114520,3870,0.08,104.35,지속성장,1,0,0.0,0,0.0,0,0,0,1860000.0,100.0,0,정상
11200790,용답동,음식·음료,11200790_음식·음료,10936593625,497823,0.16,-1.15,단기둔화,1,0,0.0,0,0.0,0,0,0,74230000.0,23.95,0,정상
11230705,청량리동,전자기기·수리,11230705_전자기기·수리,1516237302,4614,0.17,-19.02,단기둔화,1,0,0.0,0,0.0,0,0,0,8800000.0,17.27,0,정상
11470510,목1동,자동차·운송서비스,11470510_자동차·운송서비스,2153002256,22496,0.25,-48.12,단기둔화,1,0,0.0,0,0.0,0,0,0,19060000.0,-41.42,1,정상
11545690,시흥3동,음식·음료,11545690_음식·음료,3158897241,128618,0.33,-0.31,단기둔화,1,0,0.0,0,0.0,0,0,0,17410000.0,-9.23,1,정상
11710631,가락1동,식료품·편의소매,11710631_식료품·편의소매,439417757480,5884634,0.42,1.12,지속성장,1,0,0.0,0,0.0,0,0,0,1320090000.0,-18.03,1,정상
11350621,중계1동,자동차·운송서비스,11350621_자동차·운송서비스,1012095862,7403,0.44,-0.54,단기둔화,1,0,0.0,0,0.0,0,0,0,6680000.0,0.53,0,정상
11170510,후암동,음식·음료,11170510_음식·음료,9414720351,323635,0.51,7.96,지속성장,1,0,0.0,0,0.0,0,0,0,40920000.0,-8.9,1,정상
11680531,논현2동,여가·오락,11680531_여가·오락,656569207,53121,0.56,8.45,지속성장,1,0,0.0,0,0.0,0,0,0,2160000.0,4.95,0,정상
11710561,방이1동,음식·음료,11710561_음식·음료,14495196173,381833,0.67,3.5,지속성장,1,0,0.0,0,0.0,0,0,0,99200000.0,-4.3,1,정상
11560535,영등포동,문화·취미·반려,11560535_문화·취미·반려,7868720427,92136,0.95,23.62,지속성장,1,0,0.0,0,0.0,0,0,0,59300000.0,8.9,0,정상
11230610,답십리2동,음식·음료,11230610_음식·음료,11236106941,429547,1.02,-1.26,단기둔화,1,0,0.0,0,0.0,0,0,0,130400000.0,4.64,0,정상
11260565,면목본동,전자기기·수리,11260565_전자기기·수리,475713197,6055,1.08,3.29,지속성장,1,0,0.0,0,0.0,0,0,0,3760000.0,11.03,0,정상
11620655,신원동,패션·잡화,11620655_패션·잡화,267316537,5173,1.08,-9.81,단기둔화,1,0,0.0,0,0.0,0,0,0,2750000.0,-24.33,1,정상
11620715,난향동,패션·잡화,11620715_패션·잡화,98446092,3478,1.15,48.84,지속성장,3,0,0.0,0,0.0,0,0,0,1163333.0,45.02,0,정상
11320700,방학2동,패션·잡화,11320700_패션·잡화,681560805,13245,1.24,38.71,지속성장,1,0,0.0,0,0.0,0,0,0,5340000.0,30.89,0,정상
11440660,서교동,음식·음료,11440660_음식·음료,188785945650,8071129,1.31,6.6,지속성장,2,0,0.0,0,0.0,0,0,0,1267260000.0,11.36,0,정상
11560680,신길6동,자동차·운송서비스,11560680_자동차·운송서비스,951733504,6888,1.34,13.76,지속성장,1,0,0.0,0,0.0,0,0,0,12560000.0,12.99,0,정상
11590660,대방동,음식·음료,11590660_음식·음료,17988963710,611602,1.37,-1.86,단기둔화,2,0,0.0,0,0.0,0,0,0,120450000.0,-2.76,1,정상
11740520,상일동,음식·음료,11740520_음식·음료,9427145435,334689,1.46,-4.13,단기둔화,1,0,0.0,0,0.0,0,0,0,26340000.0,-25.27,1,정상
11140650,신당5동,여가·오락,11140650_여가·오락,236802901,20199,1.49,2.82,지속성장,2,0,0.0,0,0.0,0,0,0,2135000.0,-2.69,1,정상
11710531,거여1동,미용·뷰티,11710531_미용·뷰티,453996635,9856,1.49,6.59,지속성장,1,0,0.0,0,0.0,0,0,0,1740000.0,13.33,0,정상
11560720,대림3동,식료품·편의소매,11560720_식료품·편의소매,16209754677,1010679,1.51,-5.13,단기둔화,1,0,0.0,0,0.0,0,0,0,70890000.0,3.67,0,정상
11650660,내곡동,음식·음료,11650660_음식·음료,3171613387,164251,1.53,-3.35,단기둔화,1,0,0.0,0,0.0,0,0,0,24340000.0,-18.7,1,정상
11290555,삼선동,패션·잡화,11290555_패션·잡화,2544104955,17909,1.62,31.45,지속성장,1,0,0.0,0,0.0,0,0,0,12820000.0,36.79,0,정상
11710650,잠실본동,음식·음료,11710650_음식·음료,63430744972,2246572,1.73,-2.27,단기둔화,1,0,0.0,0,0.0,0,0,0,415660000.0,2.85,0,정상
11320681,쌍문4동,식료품·편의소매,11320681_식료품·편의소매,3643983474,225745,1.77,-4.8,단기둔화,1,0,0.0,0,0.0,0,0,0,30530000.0,-17.99,1,정상
11440610,염리동,생활서비스,11440610_생활서비스,147053057,8596,1.83,16.21,지속성장,1,0,0.0,0,0.0,0,0,0,1410000.0,35.92,0,정상
11215830,자양2동,음식·음료,11215830_음식·음료,6213640806,299769,1.96,1.54,지속성장,2,0,0.0,0,0.0,0,0,0,74155000.0,2.69,1,정상
11260520,면목2동,전자기기·수리,11260520_전자기기·수리,440055373,1156,1.99,-17.51,단기둔화,1,0,0.0,0,0.0,0,0,0,1000000.0,7.23,0,정상
11200720,송정동,음식·음료,11200720_음식·음료,1509946746,65862,2.02,0.09,지속성장,1,0,0.0,0,0.0,0,0,0,12280000.0,4.45,0,정상
11200540,마장동,미용·뷰티,11200540_미용·뷰티,198098389,6827,2.03,-6.45,단기둔화,1,0,0.0,0,0.0,0,0,0,1000000.0,-0.63,1,정상
11170570,원효로2동,생활서비스,11170570_생활서비스,57987641,2498,2.15,47.34,지속성장,1,0,0.0,0,0.0,0,0,0,1000000.0,36.33,0,정상
11350700,상계8동,패션·잡화,11350700_패션·잡화,895955887,8530,2.29,24.18,지속성장,1,0,0.0,0,0.0,0,0,0,11430000.0,27.21,0,정상
11410620,홍제1동,생활서비스,11410620_생활서비스,48163442,3341,2.32,71.67,지속성장,2,0,0.0,0,0.0,0,0,0,1000000.0,91.15,0,정상
11260655,망우본동,음식·음료,11260655_음식·음료,21608984136,784724,2.37,3.11,지속성장,2,0,0.0,0,0.0,0,0,0,417995000.0,-14.09,2,정상
11680580,삼성1동,음식·음료,11680580_음식·음료,119064183827,3225951,2.43,8.0,지속성장,2,0,0.0,0,0.0,0,0,0,984015000.0,20.41,0,정상
11230560,전농1동,문화·취미·반려,11230560_문화·취미·반려,1142491121,33636,2.51,66.3,지속성장,1,0,0.0,0,0.0,0,0,0,5070000.0,47.02,0,정상
11470530,목3동,미용·뷰티,11470530_미용·뷰티,804140410,16695,2.54,-2.81,단기둔화,1,0,0.0,0,0.0,0,0,0,5390000.0,3.11,0,정상
11260565,면목본동,문화·취미·반려,11260565_문화·취미·반려,319199146,28269,2.6,-0.95,단기둔화,1,0,0.0,0,0.0,0,0,0,1380000.0,16.82,0,정상
11305545,송중동,미용·뷰티,11305545_미용·뷰티,1110790684,19256,2.7,-14.68,단기둔화,1,0,0.0,0,0.0,0,0,0,15370000.0,-29.37,1,정상
11470610,신월6동,식료품·편의소매,11470610_식료품·편의소매,4724996737,297762,2.71,4.63,지속성장,1,0,0.0,0,0.0,0,0,0,28670000.0,-11.08,1,정상
11170580,효창동,음식·음료,11170580_음식·음료,1891785389,143253,2.74,-7.25,단기둔화,1,0,0.0,0,0.0,0,0,0,11480000.0,6.21,0,정상
11350630,상계1동,음식·음료,11350630_음식·음료,20786641377,666825,2.95,-2.55,단기둔화,1,0,0.0,0,0.0,0,0,0,132370000.0,-7.7,1,정상
11260590,상봉2동,여가·오락,11260590_여가·오락,2562637964,329062,3.07,3.81,지속성장,1,0,0.0,0,0.0,0,0,0,10930000.0,10.09,0,정상
11200570,행당2동,문화·취미·반려,11200570_문화·취미·반려,74962559,5762,3.17,-18.52,단기둔화,2,0,0.0,0,0.0,0,0,0,1000000.0,-15.32,2,정상
11215740,중곡1동,자동차·운송서비스,11215740_자동차·운송서비스,956804004,5142,3.25,2.1,지속성장,1,0,0.0,0,0.0,0,0,0,5510000.0,-5.45,1,정상
11530720,고척1동,패션·잡화,11530720_패션·잡화,1102265180,10219,3.37,103.96,지속성장,1,0,0.0,0,0.0,0,0,0,8570000.0,100.0,0,정상
11710670,잠실2동,식료품·편의소매,11710670_식료품·편의소매,13062133745,892860,3.5,-17.64,단기둔화,2,0,0.0,0,0.0,0,0,0,85570000.0,-4.71,1,정상
11680750,수서동,여가·오락,11680750_여가·오락,155029262,10203,3.53,13.47,지속성장,1,0,0.0,0,0.0,0,0,0,1000000.0,12.34,0,정상
11215710,화양동,미용·뷰티,11215710_미용·뷰티,2386366166,50261,3.73,-9.87,단기둔화,1,0,0.0,0,0.0,0,0,0,9860000.0,3.28,0,정상
11350560,월계1동,미용·뷰티,11350560_미용·뷰티,429468446,13649,3.77,0.23,지속성장,1,0,0.0,0,0.0,0,0,0,4320000.0,-13.25,1,정상
11290650,정릉4동,미용·뷰티,11290650_미용·뷰티,324958033,8633,3.82,-0.57,단기둔화,1,0,0.0,0,0.0,0,0,0,1180000.0,0.16,0,정상
11380580,응암1동,식료품·편의소매,11380580_식료품·편의소매,6991436240,312131,4.09,1.75,지속성장,1,0,0.0,0,0.0,0,0,0,37340000.0,32.0,0,정상
11170510,후암동,식료품·편의소매,11170510_식료품·편의소매,8077629287,635828,4.22,3.98,지속성장,1,0,0.0,0,0.0,0,0,0,30190000.0,6.88,0,정상
11500615,우장산동,식료품·편의소매,11500615_식료품·편의소매,5134331313,598618,4.27,-1.27,단기둔화,1,0,0.0,0,0.0,0,0,0,54520000.0,-14.95,1,정상
11500510,염창동,패션·잡화,11500510_패션·잡화,573346902,4830,4.3,27.54,지속성장,1,0,0.0,0,0.0,0,0,0,3620000.0,39.26,0,정상
11710600,석촌동,가구·인테리어,11710600_가구·인테리어,418127900,6598,4.36,-8.01,단기둔화,1,0,0.0,0,0.0,0,0,0,2780000.0,-0.49,1,정상
11680630,대치4동,미용·뷰티,11680630_미용·뷰티,6533530444,89203,4.47,-9.8,단기둔화,2,0,0.0,0,0.0,0,0,0,44310000.0,1.55,1,정상
11410585,신촌동,패션·잡화,11410585_패션·잡화,6262021436,89401,4.5,3.27,지속성장,1,0,0.0,0,0.0,0,0,0,28730000.0,4.91,0,정상
11560585,도림동,음식·음료,11560585_음식·음료,3026230699,132737,4.51,-2.35,단기둔화,1,0,0.0,0,0.0,0,0,0,21340000.0,3.72,0,정상
11545670,시흥1동,생활서비스,11545670_생활서비스,56760356,2157,4.54,344.02,지속성장,2,0,0.0,0,0.0,0,0,0,1000000.0,100.0,0,정상
11680655,도곡1동,자동차·운송서비스,11680655_자동차·운송서비스,689015839,5281,4.69,10.45,지속성장,2,0,0.0,0,0.0,0,0,0,2360000.0,6.65,0,정상
11110550,부암동,패션·잡화,11110550_패션·잡화,674303954,6426,4.71,68.54,지속성장,1,0,0.0,0,0.0,0,0,0,3460000.0,57.84,0,정상
11305645,우이동,식료품·편의소매,11305645_식료품·편의소매,4565637233,397520,4.77,4.79,지속성장,1,0,0.0,0,0.0,0,0,0,69400000.0,24.32,0,정상
11170520,용산2가동,식료품·편의소매,11170520_식료품·편의소매,5103756047,489836,4.9,1.59,지속성장,1,0,0.0,0,0.0,0,0,0,46800000.0,5.79,0,정상
11290575,동선동,문화·취미·반려,11290575_문화·취미·반려,438828144,22698,4.92,27.11,지속성장,2,0,0.0,0,0.0,0,0,0,2435000.0,21.21,0,정상
11470530,목3동,식료품·편의소매,11470530_식료품·편의소매,9262358691,617088,5.01,9.48,지속성장,1,0,0.0,0,0.0,0,0,0,115510000.0,14.86,0,정상
11590680,신대방2동,미용·뷰티,11590680_미용·뷰티,677596017,14994,5.05,-4.24,단기둔화,1,0,0.0,0,0.0,0,0,0,3350000.0,-7.31,1,정상
11650580,반포3동,음식·음료,11650580_음식·음료,11757811101,401702,5.05,-1.12,단기둔화,1,0,0.0,0,0.0,0,0,0,133050000.0,-10.14,1,정상
11560620,양평2동,식료품·편의소매,11560620_식료품·편의소매,7265073345,515154,5.1,-0.4,단기둔화,1,0,0.0,0,0.0,0,0,0,46980000.0,12.91,0,정상
11500550,화곡2동,식료품·편의소매,11500550_식료품·편의소매,2331470364,257474,5.17,-4.24,단기둔화,1,0,0.0,0,0.0,0,0,0,10740000.0,-26.71,1,정상
11215770,중곡4동,여가·오락,11215770_여가·오락,390290676,11701,5.25,14.4,지속성장,2,0,0.0,0,0.0,0,0,0,3000000.0,17.9,0,정상
11530790,수궁동,문화·취미·반려,11530790_문화·취미·반려,391080706,4881,5.25,103.57,지속성장,1,0,0.0,0,0.0,0,0,0,1530000.0,99.33,0,정상
11545610,독산1동,생활서비스,11545610_생활서비스,228014942,29189,5.33,21.43,지속성장,1,0,0.0,0,0.0,0,0,0,1260000.0,21.59,0,정상
11305645,우이동,여가·오락,11305645_여가·오락,232062382,8863,5.37,4.7,지속성장,1,0,0.0,0,0.0,0,0,0,1150000.0,3.55,0,정상
11620525,보라매동,여가·오락,11620525_여가·오락,558996407,56935,5.4,3.22,지속성장,1,0,0.0,0,0.0,0,0,0,2650000.0,-9.38,1,정상
11290760,장위1동,음식·음료,11290760_음식·음료,4407454293,172041,5.45,-5.68,단기둔화,1,0,0.0,0,0.0,0,0,0,23960000.0,7.98,0,정상
11230740,이문1동,음식·음료,11230740_음식·음료,13060217362,992336,5.58,12.34,지속성장,2,0,0.0,0,0.0,0,0,0,104815000.0,16.77,0,정상
11290525,성북동,음식·음료,11290525_음식·음료,13127023974,460976,5.62,3.03,지속성장,1,0,0.0,0,0.0,0,0,0,67160000.0,-2.02,1,정상
11560650,신길3동,생활서비스,11560650_생활서비스,33213761,1501,5.66,18.03,지속성장,1,0,0.0,0,0.0,0,0,0,1000000.0,1.9,0,정상
11305635,수유3동,음식·음료,11305635_음식·음료,43042123774,1152998,5.68,5.89,지속성장,1,0,0.0,0,0.0,0,0,0,167520000.0,6.36,0,정상
11215750,중곡2동,자동차·운송서비스,11215750_자동차·운송서비스,1770311652,8007,5.93,0.85,지속성장,1,0,0.0,0,0.0,0,0,0,17780000.0,12.89,0,정상
11350600,공릉2동,식료품·편의소매,11350600_식료품·편의소매,8853681605,1080834,6.02,4.88,지속성장,1,0,0.0,0,0.0,0,0,0,16430000.0,5.44,0,정상
11380560,구산동,음식·음료,11380560_음식·음료,3346225923,210445,6.03,0.62,지속성장,1,0,0.0,0,0.0,0,0,0,39490000.0,21.94,0,정상
11440690,망원1동,음식·음료,11440690_음식·음료,18122998952,914127,6.07,4.3,지속성장,1,0,0.0,0,0.0,0,0,0,88580000.0,13.53,0,정상
11350624,중계4동,음식·음료,11350624_음식·음료,15435702098,717946,6.11,0.51,지속성장,1,0,0.0,0,0.0,0,0,0,57560000.0,4.36,0,정상
11680720,일원본동,문화·취미·반려,11680720_문화·취미·반려,533737897,10938,6.11,-30.46,단기둔화,1,0,0.0,0,0.0,0,0,0,5550000.0,-30.05,1,정상
11500640,방화2동,가구·인테리어,11500640_가구·인테리어,441411581,11455,6.21,-0.44,단기둔화,1,0,0.0,0,0.0,0,0,0,3680000.0,-3.23,1,정상
11440565,공덕동,식료품·편의소매,11440565_식료품·편의소매,8001200697,481501,6.34,30.21,지속성장,1,0,0.0,0,0.0,0,0,0,30400000.0,34.03,0,정상
11140590,광희동,전자기기·수리,11140590_전자기기·수리,3859877333,236589,6.41,4.41,지속성장,2,0,0.0,0,0.0,0,0,0,17560000.0,-2.21,1,정상
11305603,번2동,음식·음료,11305603_음식·음료,1695488636,52403,6.45,15.73,지속성장,2,0,0.0,0,0.0,0,0,0,10220000.0,24.31,0,정상
11500611,발산1동,식료품·편의소매,11500611_식료품·편의소매,133345290238,2378048,6.48,33.48,지속성장,1,0,0.0,0,0.0,0,0,0,1709230000.0,43.61,0,정상
11170690,서빙고동,생활서비스,11170690_생활서비스,36267830,1615,6.63,40.71,지속성장,1,0,0.0,0,0.0,0,0,0,1000000.0,57.46,0,정상
11680510,신사동,패션·잡화,11680510_패션·잡화,36381422943,165776,6.69,23.02,지속성장,1,0,0.0,0,0.0,0,0,0,310980000.0,25.77,0,정상
11740610,천호2동,음식·음료,11740610_음식·음료,36231393320,1317004,6.75,1.74,지속성장,1,0,0.0,0,0.0,0,0,0,76580000.0,-0.3,1,정상
11140635,약수동,음식·음료,11140635_음식·음료,8356377865,338323,6.76,4.09,지속성장,1,0,0.0,0,0.0,0,0,0,144910000.0,1.82,0,정상
11380632,신사2동,식료품·편의소매,11380632_식료품·편의소매,6793679831,196337,6.77,7.02,지속성장,1,0,0.0,0,0.0,0,0,0,19620000.0,1.37,0,정상
11260690,신내2동,음식·음료,11260690_음식·음료,7419206475,469592,6.8,-4.34,단기둔화,1,0,0.0,0,0.0,0,0,0,160530000.0,10.11,0,정상
11620575,행운동,전자기기·수리,11620575_전자기기·수리,37993870,868,6.85,14.29,지속성장,1,0,0.0,0,0.0,0,0,0,1000000.0,18.47,0,정상
11740515,강일동,패션·잡화,11740515_패션·잡화,133597279,1024,6.87,5.46,지속성장,1,0,0.0,0,0.0,0,0,0,1000000.0,12.54,0,정상
11305625,수유2동,여가·오락,11305625_여가·오락,625509736,65158,6.95,14.08,지속성장,1,0,0.0,0,0.0,0,0,0,5720000.0,-10.1,1,정상
11140550,명동,식료품·편의소매,11140550_식료품·편의소매,34492385289,3379261,7.03,6.05,지속성장,1,0,0.0,0,0.0,0,0,0,336910000.0,11.84,0,정상
11680510,신사동,여가·오락,11680510_여가·오락,2112136091,295622,7.06,-11.85,단기둔화,1,0,0.0,0,0.0,0,0,0,21490000.0,-0.6,1,정상
11230660,장안2동,패션·잡화,11230660_패션·잡화,3928205928,30613,7.12,43.82,지속성장,1,0,0.0,0,0.0,0,0,0,29150000.0,10.87,0,정상
11500640,방화2동,식료품·편의소매,11500640_식료품·편의소매,6525687631,518384,7.16,-3.71,단기둔화,1,0,0.0,0,0.0,0,0,0,18520000.0,-4.74,1,정상
11710646,장지동,여가·오락,11710646_여가·오락,262430415,22072,7.2,5.51,지속성장,1,0,0.0,0,0.0,0,0,0,2700000.0,10.43,0,정상
11215740,중곡1동,생활서비스,11215740_생활서비스,51098406,2165,7.31,44.59,지속성장,1,0,0.0,0,0.0,0,0,0,1030000.0,44.11,0,정상
11410690,남가좌1동,여가·오락,11410690_여가·오락,123263890,4981,7.45,-5.63,단기둔화,1,0,0.0,0,0.0,0,0,0,1060000.0,11.45,0,정상
11680656,도곡2동,생활서비스,11680656_생활서비스,203279509,6438,7.45,88.94,지속성장,1,0,0.0,0,0.0,0,0,0,1850000.0,84.51,0,정상
11710600,석촌동,식료품·편의소매,11710600_식료품·편의소매,25849615013,1163179,7.54,20.24,지속성장,1,0,0.0,0,0.0,0,0,0,272190000.0,13.52,0,정상
11470610,신월6동,자동차·운송서비스,11470610_자동차·운송서비스,31266034,233,7.55,24.36,지속성장,1,0,0.0,0,0.0,0,0,0,1000000.0,17.88,0,정상
11350580,월계3동,식료품·편의소매,11350580_식료품·편의소매,1600804243,152352,7.71,1.01,지속성장,1,0,0.0,0,0.0,0,0,0,14830000.0,24.41,0,정상
11305615,수유1동,음식·음료,11305615_음식·음료,7959243153,371577,7.78,12.84,지속성장,1,0,0.0,0,0.0,0,0,0,117210000.0,-7.21,1,정상
11710680,잠실3동,패션·잡화,11710680_패션·잡화,19308200742,104475,7.89,30.2,지속성장,1,0,0.0,0,0.0,0,0,0,77460000.0,31.33,0,정상
11740570,암사1동,미용·뷰티,11740570_미용·뷰티,1376956109,31103,8.02,-8.92,단기둔화,1,0,0.0,0,0.0,0,0,0,41050000.0,-5.5,1,정상
11560535,영등포동,숙박,11560535_숙박,2680192086,41520,8.06,25.1,지속성장,1,0,0.0,0,0.0,0,0,0,24190000.0,26.06,0,정상
11260620,묵1동,여가·오락,11260620_여가·오락,358890762,4683,8.51,-8.93,단기둔화,1,0,0.0,0,0.0,0,0,0,2430000.0,-16.91,1,정상
11320680,쌍문3동,패션·잡화,11320680_패션·잡화,907019007,7586,8.64,76.72,지속성장,1,0,0.0,0,0.0,0,0,0,2130000.0,79.27,0,정상
11650540,잠원동,문화·취미·반려,11650540_문화·취미·반려,534734408,17036,8.77,-16.67,단기둔화,1,0,0.0,0,0.0,0,0,0,4690000.0,-24.72,1,정상
11140550,명동,생활서비스,11140550_생활서비스,61538606,748,9.18,50.55,지속성장,1,0,0.0,0,0.0,0,0,0,1000000.0,58.28,0,정상
11440600,대흥동,미용·뷰티,11440600_미용·뷰티,1578120704,17821,9.24,-3.99,단기둔화,2,0,0.0,0,0.0,0,0,0,21070000.0,-15.04,2,정상
11140635,약수동,여가·오락,11140635_여가·오락,82034681,1615,9.29,120.02,지속성장,1,0,0.0,0,0.0,0,0,0,1000000.0,100.0,0,정상
11440655,서강동,문화·취미·반려,11440655_문화·취미·반려,2070382688,142280,9.32,48.04,지속성장,1,0,0.0,0,0.0,0,0,0,13870000.0,56.32,0,정상
11710520,풍납2동,미용·뷰티,11710520_미용·뷰티,358185834,6763,9.34,-9.84,단기둔화,1,0,0.0,0,0.0,0,0,0,1000000.0,-8.94,1,정상
11470620,신정1동,식료품·편의소매,11470620_식료품·편의소매,7686033675,568699,9.52,6.93,지속성장,1,0,0.0,0,0.0,0,0,0,73650000.0,10.14,0,정상
11290725,월곡2동,미용·뷰티,11290725_미용·뷰티,672935825,15112,9.54,23.01,지속성장,1,0,0.0,0,0.0,0,0,0,10750000.0,27.24,0,정상
11710510,풍납1동,식료품·편의소매,11710510_식료품·편의소매,4136917643,200711,9.66,-2.59,단기둔화,1,0,0.0,0,0.0,0,0,0,37320000.0,-3.72,1,정상
11530550,구로4동,전자기기·수리,11530550_전자기기·수리,816307375,101504,9.68,2.99,지속성장,1,0,0.0,0,0.0,0,0,0,7870000.0,-0.77,1,정상
11530720,고척1동,식료품·편의소매,11530720_식료품·편의소매,5667106367,607887,9.69,-3.71,단기둔화,1,0,0.0,0,0.0,0,0,0,13640000.0,3.3,0,정상
11560560,당산2동,전자기기·수리,11560560_전자기기·수리,441209551,8099,9.69,-3.86,단기둔화,1,0,0.0,0,0.0,0,0,0,2450000.0,-11.17,1,정상
11470510,목1동,미용·뷰티,11470510_미용·뷰티,2922391274,25329,9.72,-20.88,단기둔화,1,0,0.0,0,0.0,0,0,0,20830000.0,-26.79,1,정상
11230705,청량리동,자동차·운송서비스,11230705_자동차·운송서비스,679066522,3657,9.74,-6.76,단기둔화,1,0,0.0,0,0.0,0,0,0,8570000.0,-24.71,1,정상
11620775,난곡동,전자기기·수리,11620775_전자기기·수리,190946370,15657,9.98,-9.89,단기둔화,1,0,0.0,0,0.0,0,0,0,1000000.0,6.28,0,정상
11710670,잠실2동,음식·음료,11710670_음식·음료,8971126316,947351,10.24,-13.86,단기둔화,2,0,0.0,0,0.0,0,0,0,113490000.0,3.84,1,정상
11230536,용신동,숙박,11230536_숙박,380610026,12077,10.8,47.77,지속성장,1,0,0.0,0,0.0,0,0,0,2870000.0,54.63,0,정상
11545690,시흥3동,여가·오락,11545690_여가·오락,249089851,8417,11.03,27.37,지속성장,2,0,0.0,0,0.0,0,0,0,1525000.0,33.38,0,정상
11140680,중림동,생활서비스,11140680_생활서비스,55714956,4799,11.07,37.07,지속성장,1,0,0.0,0,0.0,0,0,0,1000000.0,26.07,0,정상
11500630,방화1동,생활서비스,11500630_생활서비스,326573343,17314,11.24,71.78,지속성장,1,0,0.0,0,0.0,0,0,0,1730000.0,72.57,0,정상
11500570,화곡4동,식료품·편의소매,11500570_식료품·편의소매,19395075826,1168397,11.29,18.02,지속성장,1,0,0.0,0,0.0,0,0,0,207670000.0,23.37,0,정상
11350670,상계5동,미용·뷰티,11350670_미용·뷰티,483942054,12549,11.45,-7.95,단기둔화,1,0,0.0,0,0.0,0,0,0,1150000.0,3.95,0,정상
11530740,개봉1동,자동차·운송서비스,11530740_자동차·운송서비스,891032079,4757,11.49,-1.75,단기둔화,1,0,0.0,0,0.0,0,0,0,7450000.0,-6.65,1,정상
11470580,신월3동,패션·잡화,11470580_패션·잡화,425860236,4263,11.58,38.29,지속성장,2,0,0.0,0,0.0,0,0,0,1710000.0,41.66,0,정상
11350670,상계5동,여가·오락,11350670_여가·오락,545382117,12321,11.77,-11.12,단기둔화,1,0,0.0,0,0.0,0,0,0,1080000.0,1.42,0,정상
11140580,장충동,패션·잡화,11140580_패션·잡화,5739173700,4603,11.83,18.04,지속성장,1,0,0.0,0,0.0,0,0,0,27360000.0,12.74,0,정상
11170650,이태원1동,패션·잡화,11170650_패션·잡화,16032599322,72435,11.83,65.29,지속성장,1,0,0.0,0,0.0,0,0,0,215920000.0,68.95,0,정상
11410710,북가좌1동,미용·뷰티,11410710_미용·뷰티,105302439,2458,11.89,3.6,지속성장,2,0,0.0,0,0.0,0,0,0,1350000.0,-9.77,2,정상
11170630,이촌1동,패션·잡화,11170630_패션·잡화,2678592248,8636,12.21,20.2,지속성장,1,0,0.0,0,0.0,0,0,0,31700000.0,39.91,0,정상
11350600,공릉2동,미용·뷰티,11350600_미용·뷰티,909356682,21972,12.26,-2.9,단기둔화,1,0,0.0,0,0.0,0,0,0,4330000.0,0.74,0,정상
11680650,역삼2동,패션·잡화,11680650_패션·잡화,8365480420,51389,12.59,34.83,지속성장,1,0,0.0,0,0.0,0,0,0,32620000.0,33.04,0,정상
11290650,정릉4동,문화·취미·반려,11290650_문화·취미·반려,167755143,3924,12.91,-31.12,단기둔화,1,0,0.0,0,0.0,0,0,0,1000000.0,-13.97,1,정상
11650530,서초3동,패션·잡화,11650530_패션·잡화,9619660217,62349,13.03,30.07,지속성장,1,0,0.0,0,0.0,0,0,0,126300000.0,15.48,0,정상
11650610,방배2동,식료품·편의소매,11650610_식료품·편의소매,4676677586,331179,13.18,2.76,지속성장,1,0,0.0,0,0.0,0,0,0,22110000.0,-13.02,1,정상
11710690,잠실4동,미용·뷰티,11710690_미용·뷰티,869506947,6586,13.46,9.57,지속성장,1,0,0.0,0,0.0,0,0,0,1850000.0,13.89,0,정상
11140650,신당5동,미용·뷰티,11140650_미용·뷰티,217429215,5982,13.55,14.64,지속성장,1,0,0.0,0,0.0,0,0,0,1200000.0,-5.81,1,정상
11530520,구로1동,음식·음료,11530520_음식·음료,1727571626,70535,13.6,21.97,지속성장,1,0,0.0,0,0.0,0,0,0,5100000.0,14.37,0,정상
11650510,서초1동,자동차·운송서비스,11650510_자동차·운송서비스,3680177972,30612,13.71,2.33,지속성장,1,0,0.0,0,0.0,0,0,0,116470000.0,-11.32,1,정상
11545610,독산1동,자동차·운송서비스,11545610_자동차·운송서비스,5248117383,27930,13.93,-7.78,단기둔화,2,0,0.0,0,0.0,0,0,0,23395000.0,-19.73,2,정상
11350670,상계5동,식료품·편의소매,11350670_식료품·편의소매,8794616009,578509,14.22,10.46,지속성장,1,0,0.0,0,0.0,0,0,0,39570000.0,7.59,0,정상
11410655,홍제2동,생활서비스,11410655_생활서비스,38864880,1729,14.87,50.51,지속성장,1,0,0.0,0,0.0,0,0,0,1000000.0,50.8,0,정상
11470530,목3동,자동차·운송서비스,11470530_자동차·운송서비스,99799428,650,15.15,-1.28,단기둔화,1,0,0.0,0,0.0,0,0,0,1000000.0,-4.37,1,정상
11470510,목1동,가구·인테리어,11470510_가구·인테리어,523219767,21364,15.35,67.14,지속성장,2,0,0.0,0,0.0,0,0,0,2330000.0,59.6,0,정상
11260580,상봉1동,미용·뷰티,11260580_미용·뷰티,549512982,8947,15.62,17.02,지속성장,1,0,0.0,0,0.0,0,0,0,4310000.0,26.84,0,정상
11620695,신림동,생활서비스,11620695_생활서비스,371520230,53675,15.63,33.13,지속성장,2,0,0.0,0,0.0,0,0,0,3945000.0,37.3,0,정상
11530530,구로2동,패션·잡화,11530530_패션·잡화,1808049388,18277,15.84,40.02,지속성장,1,0,0.0,0,0.0,0,0,0,7170000.0,10.76,0,정상
11470640,신정3동,생활서비스,11470640_생활서비스,121649930,7463,16.15,65.73,지속성장,1,0,0.0,0,0.0,0,0,0,1350000.0,54.73,0,정상
11710680,잠실3동,미용·뷰티,11710680_미용·뷰티,4511262167,50354,16.51,2.45,지속성장,1,0,0.0,0,0.0,0,0,0,34130000.0,7.97,0,정상
11545630,독산3동,생활서비스,11545630_생활서비스,14950525,432,16.55,85.08,지속성장,1,0,0.0,0,0.0,0,0,0,1000000.0,87.26,0,정상
11710520,풍납2동,자동차·운송서비스,11710520_자동차·운송서비스,753482118,5005,16.73,-24.48,단기둔화,1,0,0.0,0,0.0,0,0,0,8990000.0,-21.03,1,정상
11545640,독산4동,미용·뷰티,11545640_미용·뷰티,578705348,14305,16.9,10.95,지속성장,1,0,0.0,0,0.0,0,0,0,4030000.0,2.06,0,정상
11440720,성산1동,가구·인테리어,11440720_가구·인테리어,6221387408,82055,17.1,2.25,지속성장,1,0,0.0,0,0.0,0,0,0,36820000.0,8.8,0,정상
11680580,삼성1동,패션·잡화,11680580_패션·잡화,52187697598,712003,17.49,23.69,지속성장,1,0,0.0,0,0.0,0,0,0,584090000.0,24.8,0,정상
11470550,목5동,미용·뷰티,11470550_미용·뷰티,705440050,9755,17.51,-0.77,단기둔화,1,0,0.0,0,0.0,0,0,0,8240000.0,0.52,0,정상
11710561,방이1동,생활서비스,11710561_생활서비스,79033818,4100,17.7,56.51,지속성장,1,0,0.0,0,0.0,0,0,0,1000000.0,65.83,0,정상
11230720,휘경1동,미용·뷰티,11230720_미용·뷰티,619496145,18565,18.01,1.77,지속성장,1,0,0.0,0,0.0,0,0,0,3320000.0,-24.57,1,정상
11140680,중림동,패션·잡화,11140680_패션·잡화,426510584,4725,18.45,-22.93,단기둔화,1,0,0.0,0,0.0,0,0,0,1660000.0,-17.11,1,정상
11740600,천호1동,자동차·운송서비스,11740600_자동차·운송서비스,251514826,1739,18.49,10.21,지속성장,1,0,0.0,0,0.0,0,0,0,2960000.0,4.3,0,정상
11380560,구산동,문화·취미·반려,11380560_문화·취미·반려,94559629,3739,18.54,20.95,지속성장,2,0,0.0,0,0.0,0,0,0,1000000.0,31.32,0,정상
11650610,방배2동,여가·오락,11650610_여가·오락,870303240,36615,18.91,30.01,지속성장,1,0,0.0,0,0.0,0,0,0,3410000.0,11.23,0,정상
11410710,북가좌1동,생활서비스,11410710_생활서비스,10609876,436,19.16,-2.49,단기둔화,1,0,0.0,0,0.0,0,0,0,1000000.0,7.84,0,정상
11710641,문정1동,여가·오락,11710641_여가·오락,469584852,12525,19.16,14.58,지속성장,1,0,0.0,0,0.0,0,0,0,1000000.0,3.24,0,정상
11290630,정릉2동,패션·잡화,11290630_패션·잡화,298658069,6816,19.27,18.56,지속성장,2,0,0.0,0,0.0,0,0,0,1350000.0,10.88,0,정상
11560560,당산2동,생활서비스,11560560_생활서비스,270005872,18179,19.36,48.38,지속성장,1,0,0.0,0,0.0,0,0,0,1000000.0,48.86,0,정상
11380632,신사2동,자동차·운송서비스,11380632_자동차·운송서비스,499456523,1722,20.18,7.48,지속성장,1,0,0.0,0,0.0,0,0,0,4190000.0,12.55,0,정상
11380580,응암1동,생활서비스,11380580_생활서비스,52984063,1563,20.21,81.37,지속성장,1,0,0.0,0,0.0,0,0,0,1000000.0,69.63,0,정상
11200520,왕십리2동,미용·뷰티,11200520_미용·뷰티,529885456,10848,20.22,3.94,지속성장,1,0,0.0,0,0.0,0,0,0,7910000.0,3.43,0,정상
11620665,서림동,음식·음료,11620665_음식·음료,4769906624,188123,20.39,-0.78,단기둔화,2,0,0.0,0,0.0,0,0,0,28945000.0,8.48,0,정상
11350670,상계5동,패션·잡화,11350670_패션·잡화,490934071,5355,20.7,114.2,지속성장,1,0,0.0,0,0.0,0,0,0,4710000.0,100.0,0,정상
11230710,회기동,패션·잡화,11230710_패션·잡화,909103133,12011,21.24,28.94,지속성장,1,0,0.0,0,0.0,0,0,0,2220000.0,22.03,0,정상
11140670,황학동,패션·잡화,11140670_패션·잡화,1360198637,14302,21.44,16.69,지속성장,1,0,0.0,0,0.0,0,0,0,26390000.0,27.62,0,정상
11200570,행당2동,가구·인테리어,11200570_가구·인테리어,30790244,908,21.72,57.0,지속성장,2,0,0.0,0,0.0,0,0,0,1000000.0,52.51,0,정상
11740560,고덕2동,자동차·운송서비스,11740560_자동차·운송서비스,596394131,3576,21.89,-25.62,단기둔화,1,0,0.0,0,0.0,0,0,0,9650000.0,-4.36,1,정상
11290590,돈암2동,음식·음료,11290590_음식·음료,1463232846,187811,22.22,-1.09,단기둔화,1,0,0.0,0,0.0,0,0,0,12060000.0,5.78,0,정상
11740540,명일2동,생활서비스,11740540_생활서비스,41061152,6244,22.42,16.22,지속성장,2,0,0.0,0,0.0,0,0,0,1000000.0,17.32,0,정상
11440740,상암동,생활서비스,11440740_생활서비스,157214130,8037,22.47,40.91,지속성장,1,0,0.0,0,0.0,0,0,0,1000000.0,18.68,0,정상
11470530,목3동,문화·취미·반려,11470530_문화·취미·반려,268174828,9291,22.84,20.0,지속성장,3,0,0.0,0,0.0,0,0,0,1840000.0,33.72,0,정상
11740610,천호2동,전자기기·수리,11740610_전자기기·수리,290523854,4549,23.09,-36.17,단기둔화,1,0,0.0,0,0.0,0,0,0,1820000.0,-38.94,1,정상
11230705,청량리동,미용·뷰티,11230705_미용·뷰티,341008510,7161,24.73,10.54,지속성장,1,0,0.0,0,0.0,0,0,0,1040000.0,13.48,0,정상
11410520,천연동,생활서비스,11410520_생활서비스,304955261,13315,24.81,78.34,지속성장,1,0,0.0,0,0.0,0,0,0,2210000.0,88.17,0,정상
11560560,당산2동,식료품·편의소매,11560560_식료품·편의소매,5817459643,686769,25.12,-10.96,단기둔화,1,0,0.0,0,0.0,0,0,0,42100000.0,-27.24,1,정상
11620545,청림동,미용·뷰티,11620545_미용·뷰티,243061846,5549,25.16,16.11,지속성장,1,0,0.0,0,0.0,0,0,0,1000000.0,7.69,0,정상
11560535,영등포동,여가·오락,11560535_여가·오락,2215364864,130668,25.45,-5.58,단기둔화,1,0,0.0,0,0.0,0,0,0,49670000.0,-13.6,1,정상
11620715,난향동,미용·뷰티,11620715_미용·뷰티,44482831,1160,25.69,-2.47,단기둔화,1,0,0.0,0,0.0,0,0,0,1000000.0,-14.05,1,정상
11740515,강일동,생활서비스,11740515_생활서비스,13955485,794,26.27,69.99,지속성장,1,0,0.0,0,0.0,0,0,0,1000000.0,52.93,0,정상
11410620,홍제1동,미용·뷰티,11410620_미용·뷰티,485984603,8731,26.86,8.77,지속성장,1,0,0.0,0,0.0,0,0,0,3240000.0,31.0,0,정상
11230545,제기동,가구·인테리어,11230545_가구·인테리어,1241162843,33526,26.88,55.38,지속성장,2,0,0.0,0,0.0,0,0,0,7650000.0,58.61,0,정상
11620630,남현동,여가·오락,11620630_여가·오락,189386631,9842,27.01,43.33,지속성장,1,0,0.0,0,0.0,0,0,0,1000000.0,35.54,0,정상
11260590,상봉2동,패션·잡화,11260590_패션·잡화,2595296620,26599,27.25,38.49,지속성장,1,0,0.0,0,0.0,0,0,0,24110000.0,49.13,0,정상
11560585,도림동,자동차·운송서비스,11560585_자동차·운송서비스,1781297329,9236,27.36,-5.23,단기둔화,1,0,0.0,0,0.0,0,0,0,11860000.0,-3.24,1,정상
11260610,중화2동,식료품·편의소매,11260610_식료품·편의소매,14813414402,676710,27.64,32.93,지속성장,1,0,0.0,0,0.0,0,0,0,84650000.0,33.81,0,정상
11170625,한강로동,자동차·운송서비스,11170625_자동차·운송서비스,314823299,1440,28.18,43.08,지속성장,2,0,0.0,0,0.0,0,0,0,2545000.0,40.41,0,정상
11680690,개포4동,패션·잡화,11680690_패션·잡화,2053835390,19317,28.53,9.61,지속성장,1,0,0.0,0,0.0,0,0,0,11640000.0,9.76,0,정상
11530540,구로3동,식료품·편의소매,11530540_식료품·편의소매,21234433961,2585024,28.99,-6.16,단기둔화,1,0,0.0,0,0.0,0,0,0,186710000.0,12.56,0,정상
11530540,구로3동,패션·잡화,11530540_패션·잡화,6737227683,68924,29.05,45.78,지속성장,1,0,0.0,0,0.0,0,0,0,38350000.0,39.32,0,정상
11680660,개포1동,미용·뷰티,11680660_미용·뷰티,35071302,1245,29.24,14.97,지속성장,1,0,0.0,0,0.0,0,0,0,1000000.0,24.08,0,정상
11230570,전농2동,여가·오락,11230570_여가·오락,397285385,43490,29.72,26.34,지속성장,1,0,0.0,0,0.0,0,0,0,9540000.0,23.55,0,정상
11320511,창1동,생활서비스,11320511_생활서비스,51121504,2013,29.97,55.07,지속성장,1,0,0.0,0,0.0,0,0,0,1000000.0,60.89,0,정상
11590640,사당3동,여가·오락,11590640_여가·오락,100845956,1329,30.76,17.1,지속성장,1,0,0.0,0,0.0,0,0,0,1000000.0,37.41,0,정상
11380530,불광2동,생활서비스,11380530_생활서비스,76290354,4709,31.07,78.2,지속성장,1,0,0.0,0,0.0,0,0,0,1000000.0,69.47,0,정상
11740620,천호3동,자동차·운송서비스,11740620_자동차·운송서비스,613536836,3380,31.16,40.41,지속성장,1,0,0.0,0,0.0,0,0,0,4220000.0,28.37,0,정상
11230750,이문2동,숙박,11230750_숙박,31776539,1403,31.6,50.78,지속성장,1,0,0.0,0,0.0,0,0,0,1000000.0,80.69,0,정상
11350665,상계3·4동,미용·뷰티,11350665_미용·뷰티,185604473,4697,31.61,-9.42,단기둔화,1,0,0.0,0,0.0,0,0,0,2540000.0,-22.92,1,정상
11650651,양재1동,자동차·운송서비스,11650651_자동차·운송서비스,1821063649,6628,31.83,-6.4,단기둔화,1,0,0.0,0,0.0,0,0,0,18950000.0,-2.65,1,정상
11650540,잠원동,패션·잡화,11650540_패션·잡화,1173187987,3903,32.86,46.9,지속성장,1,0,0.0,0,0.0,0,0,0,12760000.0,53.5,0,정상
11170625,한강로동,패션·잡화,11170625_패션·잡화,1334861747,7951,33.53,47.12,지속성장,1,0,0.0,0,0.0,0,0,0,9510000.0,35.07,0,정상
11350625,중계2·3동,생활서비스,11350625_생활서비스,28014575,1126,33.75,72.71,지속성장,1,0,0.0,0,0.0,0,0,0,1000000.0,73.38,0,정상
11590510,노량진1동,자동차·운송서비스,11590510_자동차·운송서비스,54692097,309,34.08,-21.51,단기둔화,1,0,0.0,0,0.0,0,0,0,1010000.0,-22.13,1,정상
11530520,구로1동,생활서비스,11530520_생활서비스,33031006,2545,34.71,10.64,지속성장,2,0,0.0,0,0.0,0,0,0,1000000.0,4.7,0,정상
11500530,등촌2동,가구·인테리어,11500530_가구·인테리어,3750634,172,34.99,49.47,지속성장,1,0,0.0,0,0.0,0,0,0,1000000.0,33.27,0,정상
11290630,정릉2동,식료품·편의소매,11290630_식료품·편의소매,2780819180,156898,36.2,52.5,지속성장,1,0,0.0,0,0.0,0,0,0,13850000.0,47.11,0,정상
11320512,창2동,문화·취미·반려,11320512_문화·취미·반려,93696051,2462,36.48,28.67,지속성장,1,0,0.0,0,0.0,0,0,0,1000000.0,28.53,0,정상
11740700,둔촌2동,생활서비스,11740700_생활서비스,128286911,6068,36.77,19.85,지속성장,1,0,0.0,0,0.0,0,0,0,1440000.0,7.82,0,정상
11500615,우장산동,미용·뷰티,11500615_미용·뷰티,639203648,11026,37.3,19.09,지속성장,1,0,0.0,0,0.0,0,0,0,6840000.0,23.31,0,정상
11650570,반포2동,패션·잡화,11650570_패션·잡화,162448278,309,38.35,9.7,지속성장,1,0,0.0,0,0.0,0,0,0,4410000.0,-16.54,1,정상
11710650,잠실본동,전자기기·수리,11710650_전자기기·수리,618595709,13182,39.13,-8.11,단기둔화,1,0,0.0,0,0.0,0,0,0,3320000.0,15.48,0,정상
11590651,사당5동,미용·뷰티,11590651_미용·뷰티,108705857,3729,39.2,0.04,지속성장,1,0,0.0,0,0.0,0,0,0,1000000.0,8.3,0,정상
11680656,도곡2동,전자기기·수리,11680656_전자기기·수리,15023299,1067,39.77,42.2,지속성장,1,0,0.0,0,0.0,0,0,0,1000000.0,48.91,0,정상
11440730,성산2동,자동차·운송서비스,11440730_자동차·운송서비스,428539163,3830,41.03,-7.79,단기둔화,1,0,0.0,0,0.0,0,0,0,6170000.0,-15.27,1,정상
11260565,면목본동,자동차·운송서비스,11260565_자동차·운송서비스,163977673,973,41.73,31.05,지속성장,1,0,0.0,0,0.0,0,0,0,1000000.0,34.75,0,정상
11620575,행운동,여가·오락,11620575_여가·오락,916073348,128372,43.61,-10.09,단기둔화,1,0,0.0,0,0.0,0,0,0,10880000.0,-7.22,1,정상
11215840,자양3동,문화·취미·반려,11215840_문화·취미·반려,249588460,6071,44.58,111.91,지속성장,1,0,0.0,0,0.0,0,0,0,1000000.0,100.0,0,정상
11170690,서빙고동,음식·음료,11170690_음식·음료,1322050894,61734,45.07,3.48,지속성장,1,0,0.0,0,0.0,0,0,0,5650000.0,-1.9,1,정상
11560620,양평2동,패션·잡화,11560620_패션·잡화,2754192262,5073,45.54,73.49,지속성장,1,0,0.0,0,0.0,0,0,0,8070000.0,70.43,0,정상
11620765,미성동,여가·오락,11620765_여가·오락,128863899,2204,46.31,22.74,지속성장,1,0,0.0,0,0.0,0,0,0,1000000.0,14.61,0,정상
11230720,휘경1동,전자기기·수리,11230720_전자기기·수리,245350709,1319,47.83,-49.52,단기둔화,1,0,0.0,0,0.0,0,0,0,2320000.0,-50.87,1,정상
11560550,당산1동,가구·인테리어,11560550_가구·인테리어,638091923,6867,47.94,69.58,지속성장,1,0,0.0,0,0.0,0,0,0,2930000.0,70.2,0,정상
11500570,화곡4동,자동차·운송서비스,11500570_자동차·운송서비스,547036321,3487,48.4,3.44,지속성장,1,0,0.0,0,0.0,0,0,0,1510000.0,7.05,0,정상
11290600,안암동,미용·뷰티,11290600_미용·뷰티,724000485,26630,49.02,13.26,지속성장,1,0,0.0,0,0.0,0,0,0,2860000.0,23.83,0,정상
11350665,상계3·4동,패션·잡화,11350665_패션·잡화,396483272,6229,49.05,57.87,지속성장,1,0,0.0,0,0.0,0,0,0,1660000.0,61.96,0,정상
11290760,장위1동,생활서비스,11290760_생활서비스,13895970,573,50.12,628.1,지속성장,1,0,0.0,0,0.0,0,0,0,1000000.0,100.0,0,정상
11305545,송중동,문화·취미·반려,11305545_문화·취미·반려,145778660,3309,50.76,17.95,지속성장,2,0,0.0,0,0.0,0,0,0,1315000.0,30.38,0,정상
11110650,혜화동,가구·인테리어,11110650_가구·인테리어,218677832,6819,51.06,-18.45,단기둔화,1,0,0.0,0,0.0,0,0,0,2710000.0,-8.88,1,정상
11410720,북가좌2동,가구·인테리어,11410720_가구·인테리어,3779909743,71911,51.19,-14.2,단기둔화,1,0,0.0,0,0.0,0,0,0,14710000.0,-10.13,1,정상
11200535,왕십리도선동,미용·뷰티,11200535_미용·뷰티,493839710,8764,51.64,4.45,지속성장,1,0,0.0,0,0.0,0,0,0,1850000.0,-7.32,1,정상
11650610,방배2동,미용·뷰티,11650610_미용·뷰티,1011033037,7923,51.78,-33.61,단기둔화,1,0,0.0,0,0.0,0,0,0,8380000.0,-41.65,1,정상
11590510,노량진1동,가구·인테리어,11590510_가구·인테리어,865105529,24752,53.19,2.18,지속성장,1,0,0.0,0,0.0,0,0,0,7580000.0,-7.8,1,정상
11350595,공릉1동,미용·뷰티,11350595_미용·뷰티,3201809305,39612,53.93,48.43,지속성장,1,0,0.0,0,0.0,0,0,0,14090000.0,44.03,0,정상
11170660,이태원2동,문화·취미·반려,11170660_문화·취미·반려,43207730,711,54.1,-17.86,단기둔화,1,0,0.0,0,0.0,0,0,0,1000000.0,-31.63,1,정상
11170520,용산2가동,여가·오락,11170520_여가·오락,23720873,1586,54.61,27.48,지속성장,1,0,0.0,0,0.0,0,0,0,1000000.0,50.94,0,정상
11530510,신도림동,패션·잡화,11530510_패션·잡화,511500057,7884,55.29,-3.48,단기둔화,1,0,0.0,0,0.0,0,0,0,1000000.0,4.14,0,정상
11290705,종암동,패션·잡화,11290705_패션·잡화,1050626796,12967,55.44,15.98,지속성장,1,0,0.0,0,0.0,0,0,0,5910000.0,-21.74,1,정상
11530730,고척2동,패션·잡화,11530730_패션·잡화,984325393,16588,57.25,69.32,지속성장,1,0,0.0,0,0.0,0,0,0,7530000.0,60.42,0,정상
11680510,신사동,자동차·운송서비스,11680510_자동차·운송서비스,1929689157,5922,57.57,5.11,지속성장,1,0,0.0,0,0.0,0,0,0,15220000.0,9.07,0,정상
11200560,행당1동,여가·오락,11200560_여가·오락,433627771,18564,58.91,60.4,지속성장,1,0,0.0,0,0.0,0,0,0,4130000.0,54.44,0,정상
11440690,망원1동,생활서비스,11440690_생활서비스,62469614,6733,60.18,1.86,지속성장,3,0,0.0,0,0.0,0,0,0,1000000.0,0.45,1,정상
11620685,신사동,문화·취미·반려,11620685_문화·취미·반려,11972019,302,60.51,0.54,지속성장,2,0,0.0,0,0.0,0,0,0,1000000.0,3.59,1,정상
11560680,신길6동,여가·오락,11560680_여가·오락,336342038,5571,60.79,33.6,지속성장,1,0,0.0,0,0.0,0,0,0,11260000.0,47.9,0,정상
11470610,신월6동,가구·인테리어,11470610_가구·인테리어,1440209800,76573,61.36,-11.65,단기둔화,1,0,0.0,0,0.0,0,0,0,6590000.0,-12.39,1,정상
11560700,대림1동,여가·오락,11560700_여가·오락,158734323,1058,61.87,-3.65,단기둔화,1,0,0.0,0,0.0,0,0,0,1250000.0,-5.71,1,정상
11350612,하계2동,음식·음료,11350612_음식·음료,24513964,1597,62.55,32.81,지속성장,1,0,0.0,0,0.0,0,0,0,1000000.0,31.16,0,정상
11320514,창4동,자동차·운송서비스,11320514_자동차·운송서비스,140649568,810,62.89,48.02,지속성장,1,0,0.0,0,0.0,0,0,0,2250000.0,62.56,0,정상
11620615,중앙동,생활서비스,11620615_생활서비스,53410571,6942,65.47,31.38,지속성장,2,0,0.0,0,0.0,0,0,0,1000000.0,25.9,0,정상
11110540,삼청동,미용·뷰티,11110540_미용·뷰티,967420678,22375,67.06,66.65,지속성장,1,0,0.0,0,0.0,0,0,0,13020000.0,67.85,0,정상
11260540,면목4동,가구·인테리어,11260540_가구·인테리어,2712308819,38125,72.44,6.56,지속성장,2,0,0.0,0,0.0,0,0,0,25360000.0,10.36,0,정상
11530760,개봉3동,전자기기·수리,11530760_전자기기·수리,46745871,2355,72.52,-85.49,단기둔화,1,0,0.0,0,0.0,0,0,0,1000000.0,-70.0,1,정상
11710680,잠실3동,음식·음료,11710680_음식·음료,20516506279,1998665,72.9,15.99,지속성장,2,0,0.0,0,0.0,0,0,0,150790000.0,18.25,0,정상
11260580,상봉1동,여가·오락,11260580_여가·오락,110884624,1886,77.79,28.26,지속성장,1,0,0.0,0,0.0,0,0,0,1000000.0,19.25,0,정상
11140615,신당동,패션·잡화,11140615_패션·잡화,76457179005,1233130,79.03,1.26,지속성장,1,0,0.0,0,0.0,0,0,0,163650000.0,5.56,0,정상
11290770,장위2동,가구·인테리어,11290770_가구·인테리어,654743315,6797,79.63,74.52,지속성장,2,0,0.0,0,0.0,0,0,0,4270000.0,74.34,0,정상
11170510,후암동,가구·인테리어,11170510_가구·인테리어,346761613,18186,88.24,104.99,지속성장,2,0,0.0,0,0.0,0,0,0,2205000.0,90.91,0,정상
11710540,마천1동,미용·뷰티,11710540_미용·뷰티,360527966,6073,88.36,28.62,지속성장,1,0,0.0,0,0.0,0,0,0,1320000.0,22.74,0,정상
11470640,신정3동,자동차·운송서비스,11470640_자동차·운송서비스,512097607,2869,89.2,32.92,지속성장,1,0,0.0,0,0.0,0,0,0,1910000.0,41.38,0,정상
11440655,서강동,여가·오락,11440655_여가·오락,144469979,10350,89.21,1.47,지속성장,2,0,0.0,0,0.0,0,0,0,1460000.0,-8.44,2,정상
11215870,구의3동,자동차·운송서비스,11215870_자동차·운송서비스,405600013,1840,90.82,19.43,지속성장,1,0,0.0,0,0.0,0,0,0,1750000.0,35.49,0,정상
11500550,화곡2동,여가·오락,11500550_여가·오락,52811513,1820,94.79,3.08,지속성장,1,0,0.0,0,0.0,0,0,0,1000000.0,6.49,0,정상
11590640,사당3동,가구·인테리어,11590640_가구·인테리어,44818542,742,105.67,2.81,지속성장,1,0,0.0,0,0.0,0,0,0,1000000.0,4.23,0,정상
11710646,장지동,미용·뷰티,11710646_미용·뷰티,922779870,10033,106.37,23.0,지속성장,1,0,0.0,0,0.0,0,0,0,8660000.0,-2.2,1,정상
11320515,창5동,전자기기·수리,11320515_전자기기·수리,138675254,4203,106.43,-3.57,단기둔화,1,0,0.0,0,0.0,0,0,0,1000000.0,-11.03,1,정상
11260690,신내2동,여가·오락,11260690_여가·오락,21725156,1637,114.76,13.78,지속성장,1,0,0.0,0,0.0,0,0,0,1000000.0,11.05,0,정상
11440690,망원1동,가구·인테리어,11440690_가구·인테리어,2602004050,8089,120.62,139.78,지속성장,1,0,0.0,0,0.0,0,0,0,21980000.0,100.0,0,정상
11350640,상계2동,패션·잡화,11350640_패션·잡화,10707438945,315600,124.0,32.03,지속성장,1,0,0.0,0,0.0,0,0,0,27160000.0,31.09,0,정상
11500520,등촌1동,문화·취미·반려,11500520_문화·취미·반려,2767894313,36541,127.13,3.86,지속성장,1,0,0.0,0,0.0,0,0,0,28740000.0,-4.99,1,정상
11530560,구로5동,문화·취미·반려,11530560_문화·취미·반려,10689985997,316934,127.88,164.41,지속성장,1,0,0.0,0,0.0,0,0,0,99020000.0,100.0,0,정상
11530520,구로1동,전자기기·수리,11530520_전자기기·수리,19224771,2176,130.43,-55.31,단기둔화,1,0,0.0,0,0.0,0,0,0,1000000.0,-65.46,1,정상
11650581,반포4동,가구·인테리어,11650581_가구·인테리어,638562499,362,133.8,77.48,지속성장,1,0,0.0,0,0.0,0,0,0,2240000.0,70.08,0,정상
11560515,영등포본동,숙박,11560515_숙박,13779556,266,138.94,12.5,지속성장,1,0,0.0,0,0.0,0,0,0,1000000.0,20.19,0,정상
11590630,사당2동,패션·잡화,11590630_패션·잡화,5599360256,52667,144.66,161.84,지속성장,1,0,0.0,0,0.0,0,0,0,43160000.0,100.0,0,정상
11530740,개봉1동,가구·인테리어,11530740_가구·인테리어,2095677556,33560,153.94,-28.06,단기둔화,1,0,0.0,0,0.0,0,0,0,9680000.0,-27.44,1,정상
11740685,길동,전자기기·수리,11740685_전자기기·수리,400315634,1399,156.26,294.74,지속성장,2,0,0.0,0,0.0,0,0,0,6235000.0,100.0,0,정상
11260655,망우본동,숙박,11260655_숙박,685941731,6766,161.3,43.63,지속성장,1,0,0.0,0,0.0,0,0,0,3370000.0,23.63,0,정상
11260580,상봉1동,생활서비스,11260580_생활서비스,294983953,17011,181.61,52.38,지속성장,1,0,0.0,0,0.0,0,0,0,1000000.0,34.65,0,정상
11380590,응암2동,여가·오락,11380590_여가·오락,191646295,3259,182.23,12.72,지속성장,2,0,0.0,0,0.0,0,0,0,1190000.0,18.0,0,정상
11560560,당산2동,자동차·운송서비스,11560560_자동차·운송서비스,339677888,871,190.04,48.78,지속성장,1,0,0.0,0,0.0,0,0,0,4860000.0,49.3,0,정상
11215730,군자동,생활서비스,11215730_생활서비스,151671151,11673,214.49,6.49,지속성장,1,0,0.0,0,0.0,0,0,0,1000000.0,31.76,0,정상
11590530,상도1동,숙박,11590530_숙박,11341447,74,226.15,288.99,지속성장,1,0,0.0,0,0.0,0,0,0,1000000.0,100.0,0,정상
11410585,신촌동,가구·인테리어,11410585_가구·인테리어,288719509,5868,239.6,142.52,지속성장,1,0,0.0,0,0.0,0,0,0,2300000.0,100.0,0,정상
11170640,이촌2동,가구·인테리어,11170640_가구·인테리어,43386481,256,303.72,-2.93,단기둔화,2,0,0.0,0,0.0,0,0,0,1000000.0,9.44,1,정상
11410660,홍은1동,전자기기·수리,11410660_전자기기·수리,64231170,306,363.92,588.44,지속성장,1,0,0.0,0,0.0,0,0,0,1000000.0,100.0,0,정상
11305660,인수동,가구·인테리어,11305660_가구·인테리어,465047610,2230,378.4,107.02,지속성장,2,0,0.0,0,0.0,0,0,0,6140000.0,100.0,0,정상
11680545,압구정동,전자기기·수리,11680545_전자기기·수리,66273002,822,438.7,1331.67,지속성장,3,0,0.0,0,0.0,0,0,0,1000000.0,100.0,0,정상
11410700,남가좌2동,문화·취미·반려,11410700_문화·취미·반려,543353737,4371,479.01,803.12,지속성장,1,0,0.0,0,0.0,0,0,0,4880000.0,100.0,0,정상
11320670,쌍문2동,가구·인테리어,11320670_가구·인테리어,334245733,1414,522.71,333.04,지속성장,1,0,0.0,0,0.0,0,0,0,1840000.0,100.0,0,정상
11305660,인수동,문화·취미·반려,11305660_문화·취미·반려,191206437,796,523.86,33.36,지속성장,1,0,0.0,0,0.0,0,0,0,1000000.0,22.02,0,정상
11530550,구로4동,숙박,11530550_숙박,283542110,4972,634.83,41.84,지속성장,2,0,0.0,0,0.0,0,0,0,2145000.0,45.91,0,정상
11590680,신대방2동,패션·잡화,11590680_패션·잡화,1599363614,2964,700.39,162.9,지속성장,2,0,0.0,0,0.0,0,0,0,18740000.0,100.0,0,정상
11740700,둔촌2동,전자기기·수리,11740700_전자기기·수리,21003564,636,1340.44,-95.94,단기둔화,1,0,0.0,0,0.0,0,0,0,1000000.0,-70.0,1,정상
11500520,등촌1동,패션·잡화,11500520_패션·잡화,47170893457,912607,2293.11,46.05,지속성장,1,0,0.0,0,0.0,0,0,0,504540000.0,36.29,0,정상
11170530,남영동,전자기기·수리,11170530_전자기기·수리,93865987,2520,2362.12,1246.01,지속성장,2,0,0.0,0,0.0,0,0,0,1015000.0,100.0,0,정상
11200520,왕십리2동,가구·인테리어,11200520_가구·인테리어,12171197,46,3016.8,20.02,지속성장,2,0,0.0,0,0.0,0,0,0,1000000.0,16.52,1,정상
11410620,홍제1동,가구·인테리어,11410620_가구·인테리어,2886775485,1184,3524.14,572.65,지속성장,1,0,0.0,0,0.0,0,0,0,14440000.0,100.0,0,정상
