subscription_id,customer_id,product,amount,joined_date,행정동_코드,지역,업종,상권_기준_년분기_코드,상권_매출_금액,상권_매출_건수,상권_매출_증감률,가상_고객_매출_금액,가상_고객_매출_증감률,대출_보유_여부,대출_종류,대출_잔액,상권_비교키
SUB04_000001,C04_0093,펀드,14520000,2024-11-03,11140680,중림동,미용·뷰티,20254,95823248,2268,-22.17,1000000,-25.96,N,없음,0,11140680_미용·뷰티
SUB04_000002,C04_0065,적금,2250000,2024-12-07,11230536,용신동,숙박,20254,380610026,12077,47.77,2870000,54.63,N,없음,0,11230536_숙박
SUB04_000003,C04_1987,예금,28230000,2024-08-23,11530540,구로3동,음식·음료,20254,66241757504,3715110,-1.22,111860000,-23.08,N,없음,0,11530540_음식·음료
SUB04_000004,C04_1649,펀드,11840000,2023-09-09,11560620,양평2동,문화·취미·반려,20254,579792911,15802,-19.24,2690000,0.67,Y,운전자금대출,900000,11560620_문화·취미·반려
SUB04_000005,C04_0699,펀드,18190000,2024-01-29,11500611,발산1동,숙박,20254,328289544,6374,39.15,1510000,20.17,N,없음,0,11500611_숙박
SUB04_000006,C04_1442,예금,12330000,2024-09-11,11680730,일원1동,음식·음료,20254,12020122638,450188,-0.07,21970000,-0.74,Y,운전자금대출,9000000,11680730_음식·음료
SUB04_000007,C04_1857,ISA,21540000,2024-09-11,11170685,한남동,숙박,20254,101844110,1142,12.62,1000000,5.59,Y,소상공인신용대출,600000,11170685_숙박
SUB04_000008,C04_0196,예금,35960000,2024-02-20,11320710,방학3동,미용·뷰티,20254,101305447,2939,-9.4,1000000,-2.74,Y,운전자금대출,200000,11320710_미용·뷰티
SUB04_000009,C04_1301,예금,29540000,2025-01-26,11290760,장위1동,문화·취미·반려,20254,10447605,1662,-27.78,1000000,-23.67,N,없음,0,11290760_문화·취미·반려
SUB04_000010,C04_1915,예금,62200000,2025-03-10,11110640,이화동,문화·취미·반려,20254,131001712,2728,90.44,1440000,93.7,N,없음,0,11110640_문화·취미·반려
SUB04_000011,C04_1056,펀드,24270000,2025-08-19,11560560,당산2동,식료품·편의소매,20254,5817459643,686769,-10.96,42100000,-27.24,N,없음,0,11560560_식료품·편의소매
SUB04_000012,C04_0172,ISA,35860000,2024-02-19,11500590,화곡본동,음식·음료,20254,10442653039,365989,2.39,67010000,8.84,Y,운전자금대출,24500000,11500590_음식·음료
SUB04_000013,C04_1059,펀드,20470000,2024-11-11,11620715,난향동,미용·뷰티,20254,44482831,1160,-2.47,1000000,-14.05,N,없음,0,11620715_미용·뷰티
SUB04_000014,C04_1413,펀드,11090000,2025-10-13,11470600,신월5동,패션·잡화,20254,97791379,588,132.03,1000000,100.0,N,없음,0,11470600_패션·잡화
SUB04_000015,C04_1426,ISA,17010000,2025-03-05,11140635,약수동,여가·오락,20254,82034681,1615,120.02,1000000,100.0,N,없음,0,11140635_여가·오락
SUB04_000016,C04_0221,예금,37520000,2022-03-07,11440710,연남동,자동차·운송서비스,20254,229002053,777,23.27,1890000,14.59,Y,운전자금대출,600000,11440710_자동차·운송서비스
SUB04_000017,C04_0253,ISA,21950000,2024-07-07,11410615,연희동,생활서비스,20254,260919051,15753,25.9,3640000,37.92,Y,운전자금대출,600000,11410615_생활서비스
SUB04_000018,C04_1403,ISA,18370000,2025-07-10,11350720,상계10동,패션·잡화,20254,171207988,4319,-6.02,1780000,2.81,Y,운전자금대출,500000,11350720_패션·잡화
SUB04_000019,C04_1009,적금,2000000,2023-03-24,11290705,종암동,가구·인테리어,20254,1108144364,20109,221.83,11400000,100.0,Y,운전자금대출,1900000,11290705_가구·인테리어
SUB04_000020,C04_1217,적금,2790000,2023-11-18,11170640,이촌2동,가구·인테리어,20254,43386481,256,-2.93,1000000,25.34,N,없음,0,11170640_가구·인테리어
SUB04_000021,C04_0299,예금,25780000,2022-11-06,11470650,신정4동,식료품·편의소매,20254,11677916807,987540,-3.71,73840000,1.03,Y,운전자금대출,43800000,11470650_식료품·편의소매
SUB04_000022,C04_0562,펀드,37050000,2024-05-13,11500603,가양1동,미용·뷰티,20254,13311146927,48862,-20.13,27720000,-38.61,Y,시설자금대출,14800000,11500603_미용·뷰티
SUB04_000023,C04_0400,ISA,34140000,2025-08-11,11740580,암사2동,음식·음료,20254,8133947127,268764,-6.55,29490000,-6.19,Y,운전자금대출,12700000,11740580_음식·음료
SUB04_000024,C04_0448,예금,43970000,2023-04-16,11545700,시흥4동,음식·음료,20254,1845985071,82890,-9.17,26390000,-22.44,N,없음,0,11545700_음식·음료
SUB04_000025,C04_0283,예금,31820000,2023-02-19,11650530,서초3동,생활서비스,20254,361900650,16660,8.57,1030000,10.8,Y,운전자금대출,600000,11650530_생활서비스
SUB04_000026,C04_0576,적금,1350000,2023-07-29,11680670,개포2동,전자기기·수리,20254,64541594,2655,-6.04,1000000,-7.89,Y,소상공인신용대출,600000,11680670_전자기기·수리
SUB04_000027,C04_1463,펀드,7260000,2025-09-12,11500550,화곡2동,음식·음료,20254,953137200,46880,-11.27,17490000,-29.2,N,없음,0,11500550_음식·음료
SUB04_000028,C04_0149,적금,1990000,2024-08-02,11530595,가리봉동,숙박,20254,356510188,8107,47.17,2510000,56.16,Y,운전자금대출,800000,11530595_숙박
SUB04_000029,C04_1114,펀드,5210000,2022-01-28,11140520,소공동,문화·취미·반려,20254,505700217,26702,-7.63,4260000,5.66,N,없음,0,11140520_문화·취미·반려
SUB04_000030,C04_0062,적금,2650000,2024-12-02,11545610,독산1동,식료품·편의소매,20254,216160603590,2614360,12.51,1452770000,2.42,Y,시설자금대출,299900000,11545610_식료품·편의소매
SUB04_000031,C04_1109,예금,42490000,2025-12-21,11170510,후암동,가구·인테리어,20254,346761613,18186,104.99,1150000,95.09,N,없음,0,11170510_가구·인테리어
SUB04_000032,C04_0592,예금,50570000,2023-11-28,11170570,원효로2동,음식·음료,20254,2764234807,140636,17.05,29070000,24.02,Y,소상공인신용대출,10300000,11170570_음식·음료
SUB04_000033,C04_0560,펀드,44300000,2025-06-10,11260655,망우본동,전자기기·수리,20254,4489999618,39306,-18.46,58490000,-13.84,Y,운전자금대출,26700000,11260655_전자기기·수리
SUB04_000034,C04_1441,예금,85360000,2024-01-15,11305635,수유3동,가구·인테리어,20254,1275263822,22365,3.83,7070000,6.77,N,없음,0,11305635_가구·인테리어
SUB04_000035,C04_1502,ISA,15970000,2025-12-18,11470611,신월7동,미용·뷰티,20254,230898157,6849,-13.31,2240000,15.81,N,없음,0,11470611_미용·뷰티
SUB04_000036,C04_0364,예금,44740000,2023-02-18,11590550,상도3동,식료품·편의소매,20254,15499323966,1008375,3.95,37180000,4.18,N,없음,0,11590550_식료품·편의소매
SUB04_000037,C04_1186,펀드,22990000,2023-09-24,11470540,목4동,전자기기·수리,20254,26012763,246,73.29,1000000,77.8,Y,시설자금대출,300000,11470540_전자기기·수리
SUB04_000038,C04_1113,펀드,18570000,2023-12-27,11410615,연희동,전자기기·수리,20254,27315767,624,-56.69,1000000,-62.81,Y,운전자금대출,700000,11410615_전자기기·수리
SUB04_000039,C04_1625,예금,22090000,2022-12-03,11650581,반포4동,숙박,20254,31195756,484,-54.13,1000000,-35.58,Y,소상공인신용대출,500000,11650581_숙박
SUB04_000040,C04_0242,펀드,11870000,2024-02-11,11200590,금호1가동,식료품·편의소매,20254,405188423,52183,6.13,9580000,18.38,Y,운전자금대출,4300000,11200590_식료품·편의소매
SUB04_000041,C04_1431,펀드,4620000,2023-01-31,11260575,면목3·8동,미용·뷰티,20254,888731947,22787,-7.98,5410000,-13.55,Y,시설자금대출,2700000,11260575_미용·뷰티
SUB04_000042,C04_1802,예금,49070000,2025-01-17,11710510,풍납1동,문화·취미·반려,20254,17434977,783,-33.57,1000000,-51.55,Y,운전자금대출,400000,11710510_문화·취미·반려
SUB04_000043,C04_0750,펀드,8050000,2024-10-04,11440690,망원1동,음식·음료,20254,18122998952,914127,4.3,88580000,13.53,N,없음,0,11440690_음식·음료
SUB04_000044,C04_0300,예금,49230000,2022-06-28,11320522,도봉2동,자동차·운송서비스,20254,641227613,4527,-14.58,2730000,-47.57,Y,운전자금대출,2000000,11320522_자동차·운송서비스
SUB04_000045,C04_1647,예금,51280000,2022-06-20,11740560,고덕2동,여가·오락,20254,70666920,3874,-4.69,1000000,-12.68,Y,소상공인신용대출,300000,11740560_여가·오락
SUB04_000046,C04_0638,펀드,12640000,2023-08-11,11740560,고덕2동,생활서비스,20254,68756910,3519,23.56,1000000,24.4,N,없음,0,11740560_생활서비스
SUB04_000047,C04_0169,예금,28190000,2023-10-18,11350665,상계3·4동,미용·뷰티,20254,185604473,4697,-9.42,2540000,-22.92,N,없음,0,11350665_미용·뷰티
SUB04_000048,C04_1973,적금,2280000,2025-08-31,11215780,능동,음식·음료,20254,12171306573,387425,-1.5,54270000,-12.94,Y,소상공인신용대출,22200000,11215780_음식·음료
SUB04_000049,C04_0353,예금,53820000,2024-11-22,11470530,목3동,여가·오락,20254,445907413,13234,12.08,5780000,21.37,Y,소상공인신용대출,2500000,11470530_여가·오락
SUB04_000050,C04_1591,펀드,7070000,2024-08-31,11710580,송파1동,여가·오락,20254,859353948,34502,5.34,9190000,10.89,Y,소상공인신용대출,1800000,11710580_여가·오락
SUB04_000051,C04_0703,ISA,6260000,2024-10-18,11410585,신촌동,패션·잡화,20254,6262021436,89401,3.27,28730000,4.91,N,없음,0,11410585_패션·잡화
SUB04_000052,C04_1115,펀드,10560000,2025-01-12,11410710,북가좌1동,생활서비스,20254,10609876,436,-2.49,1000000,7.84,N,없음,0,11410710_생활서비스
SUB04_000053,C04_0865,펀드,29410000,2024-12-31,11260630,묵2동,자동차·운송서비스,20254,668210893,4148,-31.23,4650000,-5.51,Y,소상공인신용대출,2700000,11260630_자동차·운송서비스
SUB04_000054,C04_1080,펀드,30240000,2024-09-24,11305603,번2동,전자기기·수리,20254,116578570,240,-73.29,1130000,-70.0,Y,소상공인신용대출,1000000,11305603_전자기기·수리
SUB04_000055,C04_0288,ISA,22510000,2025-05-26,11200615,금호2·3가동,식료품·편의소매,20254,2834713298,180121,0.98,12820000,-3.46,N,없음,0,11200615_식료품·편의소매
SUB04_000056,C04_1520,펀드,36790000,2025-04-14,11590640,사당3동,패션·잡화,20254,252827588,3375,0.25,1810000,20.58,Y,시설자금대출,1100000,11590640_패션·잡화
SUB04_000057,C04_1638,펀드,9280000,2024-02-18,11680640,역삼1동,문화·취미·반려,20254,10818934582,427621,21.54,139420000,20.15,Y,소상공인신용대출,90500000,11680640_문화·취미·반려
SUB04_000058,C04_0821,펀드,12030000,2023-10-12,11500630,방화1동,문화·취미·반려,20254,1030841814,45820,-2.16,2890000,-1.65,Y,운전자금대출,900000,11500630_문화·취미·반려
SUB04_000059,C04_1321,ISA,27580000,2025-08-27,11440600,대흥동,미용·뷰티,20254,1578120704,17821,-3.99,37210000,-12.15,N,없음,0,11440600_미용·뷰티
SUB04_000060,C04_1376,펀드,24210000,2025-11-12,11545710,시흥5동,미용·뷰티,20254,385256953,11026,-25.49,1000000,-26.46,Y,소상공인신용대출,600000,11545710_미용·뷰티
SUB04_000061,C04_0428,펀드,5010000,2022-08-08,11530720,고척1동,식료품·편의소매,20254,5667106367,607887,-3.71,13640000,3.3,N,없음,0,11530720_식료품·편의소매
SUB04_000062,C04_0119,예금,14960000,2025-03-19,11470640,신정3동,패션·잡화,20254,499721977,3476,-7.58,2690000,1.29,Y,운전자금대출,1200000,11470640_패션·잡화
SUB04_000063,C04_1169,ISA,15370000,2022-10-15,11560560,당산2동,전자기기·수리,20254,441209551,8099,-3.86,2450000,-11.17,N,없음,0,11560560_전자기기·수리
SUB04_000064,C04_0087,예금,57480000,2024-09-20,11740640,성내1동,문화·취미·반려,20254,2728232108,19969,-15.32,70540000,-16.23,Y,운전자금대출,47000000,11740640_문화·취미·반려
SUB04_000065,C04_0836,예금,19280000,2023-01-20,11530530,구로2동,전자기기·수리,20254,11340829409,214854,-14.01,64630000,-16.66,Y,시설자금대출,15300000,11530530_전자기기·수리
SUB04_000066,C04_1669,적금,4920000,2022-05-06,11215710,화양동,숙박,20254,549467948,12572,7.25,7190000,-7.14,N,없음,0,11215710_숙박
SUB04_000067,C04_1862,ISA,16760000,2025-04-22,11470670,신정6동,식료품·편의소매,20254,504901985,65119,1.81,1360000,17.22,N,없음,0,11470670_식료품·편의소매
SUB04_000068,C04_1881,적금,6030000,2025-04-17,11620625,인헌동,패션·잡화,20254,1596102860,19991,13.08,7640000,20.65,N,없음,0,11620625_패션·잡화
SUB04_000069,C04_0741,예금,74090000,2025-01-16,11530720,고척1동,패션·잡화,20254,1102265180,10219,103.96,8570000,100.0,N,없음,0,11530720_패션·잡화
SUB04_000070,C04_1475,ISA,16240000,2025-05-09,11560620,양평2동,미용·뷰티,20254,288323085,4029,18.29,2660000,-7.61,Y,소상공인신용대출,1600000,11560620_미용·뷰티
SUB04_000071,C04_1389,펀드,17880000,2022-06-29,11260580,상봉1동,여가·오락,20254,110884624,1886,28.26,1000000,19.25,N,없음,0,11260580_여가·오락
SUB04_000072,C04_0854,예금,19370000,2022-11-18,11740540,명일2동,생활서비스,20254,41061152,6244,16.22,1000000,27.73,N,없음,0,11740540_생활서비스
SUB04_000073,C04_0654,펀드,11930000,2024-12-20,11140625,다산동,패션·잡화,20254,10185723639,41638,111.77,94280000,100.0,N,없음,0,11140625_패션·잡화
SUB04_000074,C04_0159,예금,47540000,2025-11-07,11590660,대방동,음식·음료,20254,17988963710,611602,-1.86,104470000,4.82,N,없음,0,11590660_음식·음료
SUB04_000075,C04_0872,예금,22970000,2023-12-21,11740660,성내3동,미용·뷰티,20254,1368431002,22283,-0.28,20790000,-4.1,Y,소상공인신용대출,6900000,11740660_미용·뷰티
SUB04_000076,C04_1528,예금,58960000,2022-06-13,11740600,천호1동,전자기기·수리,20254,118011066,1509,-44.96,1450000,-41.08,Y,시설자금대출,700000,11740600_전자기기·수리
SUB04_000077,C04_1176,적금,3780000,2025-09-14,11740570,암사1동,미용·뷰티,20254,1376956109,31103,-8.92,41050000,-5.5,N,없음,0,11740570_미용·뷰티
SUB04_000078,C04_1001,ISA,7150000,2025-11-23,11305595,번1동,음식·음료,20254,15253508011,658323,2.44,97890000,-10.09,Y,운전자금대출,26600000,11305595_음식·음료
SUB04_000079,C04_0483,ISA,15570000,2025-07-23,11470600,신월5동,패션·잡화,20254,97791379,588,132.03,1000000,100.0,Y,시설자금대출,200000,11470600_패션·잡화
SUB04_000080,C04_1258,ISA,18980000,2022-05-01,11680590,삼성2동,숙박,20254,436677961,8047,2.56,1610000,-5.71,N,없음,0,11680590_숙박
SUB04_000081,C04_1930,ISA,43350000,2025-02-02,11545710,시흥5동,자동차·운송서비스,20254,356220518,1336,-0.82,4110000,6.56,Y,운전자금대출,1400000,11545710_자동차·운송서비스
SUB04_000082,C04_0016,예금,57510000,2025-01-19,11500630,방화1동,패션·잡화,20254,1905070208,26758,-0.1,14560000,-2.45,N,없음,0,11500630_패션·잡화
SUB04_000083,C04_0155,예금,52280000,2022-06-20,11620645,서원동,식료품·편의소매,20254,10210456171,1115850,-1.41,68920000,0.82,Y,시설자금대출,11300000,11620645_식료품·편의소매
SUB04_000084,C04_1412,적금,5950000,2025-05-20,11650590,방배본동,여가·오락,20254,209015127,7137,8.15,1440000,2.48,N,없음,0,11650590_여가·오락
SUB04_000085,C04_0172,펀드,22120000,2025-10-14,11500590,화곡본동,음식·음료,20254,10442653039,365989,2.39,67010000,8.84,Y,운전자금대출,24500000,11500590_음식·음료
SUB04_000086,C04_1002,펀드,11550000,2024-05-18,11710580,송파1동,자동차·운송서비스,20254,1170657286,8219,-20.83,6220000,-28.25,N,없음,0,11710580_자동차·운송서비스
SUB04_000087,C04_0758,적금,8170000,2023-02-05,11230600,답십리1동,숙박,20254,75388322,1567,-26.93,1000000,-28.14,N,없음,0,11230600_숙박
SUB04_000088,C04_1510,예금,50050000,2023-06-23,11590550,상도3동,패션·잡화,20254,2484910011,24636,42.88,5480000,45.97,Y,시설자금대출,2100000,11590550_패션·잡화
SUB04_000089,C04_0688,예금,11160000,2022-06-07,11200590,금호1가동,패션·잡화,20254,674492201,9627,54.06,3990000,61.54,Y,운전자금대출,800000,11200590_패션·잡화
SUB04_000090,C04_1762,적금,4190000,2023-02-23,11620695,신림동,생활서비스,20254,371520230,53675,33.13,6890000,37.03,N,없음,0,11620695_생활서비스
SUB04_000091,C04_0321,예금,24090000,2022-02-19,11440730,성산2동,전자기기·수리,20254,353202148,7753,382.09,2350000,100.0,Y,시설자금대출,1200000,11440730_전자기기·수리
SUB04_000092,C04_0373,ISA,10430000,2023-09-19,11620695,신림동,숙박,20254,991508249,21858,4.89,5940000,-14.65,N,없음,0,11620695_숙박
SUB04_000093,C04_0526,ISA,22520000,2025-06-19,11740580,암사2동,음식·음료,20254,8133947127,268764,-6.55,38920000,-9.93,N,없음,0,11740580_음식·음료
SUB04_000094,C04_0756,적금,1710000,2022-08-25,11620665,서림동,음식·음료,20254,4769906624,188123,-0.78,22320000,10.44,N,없음,0,11620665_음식·음료
SUB04_000095,C04_0196,예금,57540000,2024-07-08,11320710,방학3동,미용·뷰티,20254,101305447,2939,-9.4,1000000,-2.74,Y,운전자금대출,200000,11320710_미용·뷰티
SUB04_000096,C04_1620,예금,64970000,2024-05-01,11560585,도림동,음식·음료,20254,3026230699,132737,-2.35,21340000,3.72,N,없음,0,11560585_음식·음료
SUB04_000097,C04_0400,ISA,15980000,2025-06-08,11740580,암사2동,음식·음료,20254,8133947127,268764,-6.55,29490000,-6.19,Y,운전자금대출,12700000,11740580_음식·음료
SUB04_000098,C04_1570,예금,31670000,2022-08-07,11560550,당산1동,자동차·운송서비스,20254,247963056,1587,-16.79,1040000,-27.76,N,없음,0,11560550_자동차·운송서비스
SUB04_000099,C04_1968,예금,54100000,2025-05-13,11590605,흑석동,식료품·편의소매,20254,6877013698,752778,0.92,30590000,-3.71,Y,소상공인신용대출,16300000,11590605_식료품·편의소매
SUB04_000100,C04_0214,적금,2470000,2024-03-19,11260540,면목4동,여가·오락,20254,246693585,7862,16.36,1000000,4.52,N,없음,0,11260540_여가·오락
SUB04_000101,C04_1898,적금,2830000,2025-12-24,11260660,망우3동,가구·인테리어,20254,331310752,6517,8.87,1230000,-1.57,N,없음,0,11260660_가구·인테리어
SUB04_000102,C04_0378,적금,6100000,2023-06-12,11545610,독산1동,자동차·운송서비스,20254,5248117383,27930,-7.78,20040000,-25.4,N,없음,0,11545610_자동차·운송서비스
SUB04_000103,C04_1937,펀드,17560000,2023-10-04,11230610,답십리2동,전자기기·수리,20254,6957066,230,-77.51,1000000,-70.0,Y,시설자금대출,600000,11230610_전자기기·수리
SUB04_000104,C04_1970,예금,43220000,2022-04-17,11740610,천호2동,여가·오락,20254,1216721801,141811,-0.87,3100000,2.21,Y,소상공인신용대출,900000,11740610_여가·오락
SUB04_000105,C04_1005,펀드,3600000,2023-04-03,11440710,연남동,음식·음료,20254,28838630045,962602,6.98,164150000,9.61,N,없음,0,11440710_음식·음료
SUB04_000106,C04_1837,적금,1890000,2025-03-24,11710580,송파1동,문화·취미·반려,20254,902365572,25800,25.21,3540000,36.9,Y,운전자금대출,1100000,11710580_문화·취미·반려
SUB04_000107,C04_1168,예금,38270000,2023-03-14,11170685,한남동,가구·인테리어,20254,86058247,2950,-25.96,1000000,-38.59,N,없음,0,11170685_가구·인테리어
SUB04_000108,C04_0871,예금,28770000,2025-04-26,11260520,면목2동,음식·음료,20254,6641231251,236410,7.26,38810000,5.6,N,없음,0,11260520_음식·음료
SUB04_000109,C04_0496,예금,49080000,2023-09-13,11230536,용신동,음식·음료,20254,27768343226,1116415,3.01,116990000,-12.77,N,없음,0,11230536_음식·음료
SUB04_000110,C04_1126,적금,7960000,2025-01-03,11710532,거여2동,자동차·운송서비스,20254,243199137,1126,-5.92,1760000,-15.1,N,없음,0,11710532_자동차·운송서비스
SUB04_000111,C04_0772,예금,40450000,2025-02-26,11290610,보문동,가구·인테리어,20254,404533985,14550,23.6,1740000,15.52,Y,시설자금대출,700000,11290610_가구·인테리어
SUB04_000112,C04_1395,적금,2590000,2022-05-27,11410720,북가좌2동,가구·인테리어,20254,3779909743,71911,-14.2,14710000,-10.13,N,없음,0,11410720_가구·인테리어
SUB04_000113,C04_0577,예금,102660000,2023-03-22,11560515,영등포본동,패션·잡화,20254,25377198894,973724,12.1,161400000,16.95,Y,운전자금대출,30300000,11560515_패션·잡화
SUB04_000114,C04_1685,펀드,7710000,2024-12-06,11350670,상계5동,미용·뷰티,20254,483942054,12549,-7.95,1150000,3.95,N,없음,0,11350670_미용·뷰티
SUB04_000115,C04_1284,펀드,14080000,2024-05-29,11500641,방화3동,생활서비스,20254,24740613,749,78.51,1000000,75.3,Y,운전자금대출,200000,11500641_생활서비스
SUB04_000116,C04_0994,예금,35010000,2025-10-18,11620645,서원동,가구·인테리어,20254,132268680,2071,-25.68,1000000,-9.97,Y,시설자금대출,300000,11620645_가구·인테리어
SUB04_000117,C04_1105,ISA,17880000,2025-09-05,11470540,목4동,패션·잡화,20254,1332529208,12145,-15.32,4140000,-17.21,Y,운전자금대출,1500000,11470540_패션·잡화
SUB04_000118,C04_1181,예금,39640000,2025-09-03,11620775,난곡동,자동차·운송서비스,20254,1360870705,7293,-2.57,15350000,21.36,Y,시설자금대출,8400000,11620775_자동차·운송서비스
SUB04_000119,C04_1964,펀드,6320000,2024-07-23,11140635,약수동,문화·취미·반려,20254,1830292493,82483,2.2,8180000,10.4,Y,시설자금대출,2700000,11140635_문화·취미·반려
SUB04_000120,C04_0155,예금,57100000,2022-07-31,11620645,서원동,식료품·편의소매,20254,10210456171,1115850,-1.41,68920000,0.82,Y,시설자금대출,11300000,11620645_식료품·편의소매
SUB04_000121,C04_1424,펀드,16360000,2025-11-11,11680610,대치2동,패션·잡화,20254,5587886595,62036,5.34,12810000,7.53,Y,운전자금대출,6900000,11680610_패션·잡화
SUB04_000122,C04_1905,ISA,19090000,2025-10-04,11470580,신월3동,패션·잡화,20254,425860236,4263,38.29,1980000,40.45,N,없음,0,11470580_패션·잡화
SUB04_000123,C04_1786,펀드,13040000,2025-11-17,11350619,중계본동,미용·뷰티,20254,386534765,8583,0.53,1070000,6.59,Y,소상공인신용대출,300000,11350619_미용·뷰티
SUB04_000124,C04_1092,ISA,11640000,2024-12-10,11170625,한강로동,전자기기·수리,20254,586836230665,1967857,15.58,2838430000,22.64,Y,운전자금대출,1363800000,11170625_전자기기·수리
SUB04_000125,C04_1289,예금,32530000,2024-11-21,11740620,천호3동,식료품·편의소매,20254,8579816478,800894,0.65,30170000,12.42,Y,시설자금대출,13100000,11740620_식료품·편의소매
SUB04_000126,C04_0340,예금,55390000,2022-02-08,11140680,중림동,패션·잡화,20254,426510584,4725,-22.93,1660000,-17.11,N,없음,0,11140680_패션·잡화
SUB04_000127,C04_0934,적금,3510000,2024-05-31,11215770,중곡4동,음식·음료,20254,9497016913,545442,3.73,47170000,11.44,N,없음,0,11215770_음식·음료
SUB04_000128,C04_1152,ISA,21130000,2023-09-01,11590660,대방동,음식·음료,20254,17988963710,611602,-1.86,136430000,-10.34,N,없음,0,11590660_음식·음료
SUB04_000129,C04_0952,예금,24650000,2024-03-21,11110640,이화동,여가·오락,20254,15516034,1043,-8.81,1000000,-6.15,Y,소상공인신용대출,400000,11110640_여가·오락
SUB04_000130,C04_1190,예금,8070000,2024-12-11,11320513,창3동,패션·잡화,20254,293945580,9242,0.14,2380000,4.47,N,없음,0,11320513_패션·잡화
SUB04_000131,C04_0203,펀드,35830000,2023-12-07,11230705,청량리동,패션·잡화,20254,5188711974,44369,40.23,28620000,25.97,Y,운전자금대출,10100000,11230705_패션·잡화
SUB04_000132,C04_0950,펀드,10290000,2022-04-28,11500520,등촌1동,자동차·운송서비스,20254,8406660685,37420,4.39,40360000,0.59,Y,운전자금대출,18600000,11500520_자동차·운송서비스
SUB04_000133,C04_1579,ISA,6490000,2023-03-13,11440600,대흥동,숙박,20254,413673967,14173,4.45,2130000,4.7,N,없음,0,11440600_숙박
SUB04_000134,C04_0508,예금,31830000,2024-09-02,11470610,신월6동,식료품·편의소매,20254,4724996737,297762,4.63,28670000,-11.08,N,없음,0,11470610_식료품·편의소매
SUB04_000135,C04_1682,펀드,7680000,2024-11-28,11710720,잠실7동,패션·잡화,20254,161807214,175,111.28,1280000,100.0,Y,운전자금대출,700000,11710720_패션·잡화
SUB04_000136,C04_0964,ISA,48180000,2024-07-09,11410555,북아현동,식료품·편의소매,20254,2792549658,261083,-12.89,7310000,-25.57,Y,소상공인신용대출,1900000,11410555_식료품·편의소매
SUB04_000137,C04_1805,펀드,11980000,2022-08-02,11380552,갈현2동,여가·오락,20254,854907087,146994,-11.03,7910000,-42.83,Y,소상공인신용대출,6000000,11380552_여가·오락
SUB04_000138,C04_0236,예금,37220000,2025-08-31,11305535,미아동,자동차·운송서비스,20254,452779044,1809,4.96,3840000,1.29,Y,소상공인신용대출,1900000,11305535_자동차·운송서비스
SUB04_000139,C04_1725,적금,2150000,2024-03-15,11680590,삼성2동,미용·뷰티,20254,4627891062,37284,-7.06,17680000,-3.54,Y,시설자금대출,5600000,11680590_미용·뷰티
SUB04_000140,C04_1150,ISA,10620000,2023-06-09,11560700,대림1동,자동차·운송서비스,20254,261628655,1541,13.26,1820000,26.78,N,없음,0,11560700_자동차·운송서비스
SUB04_000141,C04_1666,펀드,11950000,2024-06-19,11620605,은천동,가구·인테리어,20254,1821059533,10182,15.67,11900000,4.91,N,없음,0,11620605_가구·인테리어
SUB04_000142,C04_0112,ISA,14600000,2025-02-11,11305625,수유2동,자동차·운송서비스,20254,807852902,6287,10.71,3940000,-4.4,N,없음,0,11305625_자동차·운송서비스
SUB04_000143,C04_1971,펀드,8270000,2025-06-01,11305615,수유1동,음식·음료,20254,7959243153,371577,12.84,117210000,-7.21,N,없음,0,11305615_음식·음료
SUB04_000144,C04_0772,펀드,29620000,2023-04-27,11290610,보문동,가구·인테리어,20254,404533985,14550,23.6,1740000,15.52,Y,시설자금대출,700000,11290610_가구·인테리어
SUB04_000145,C04_0071,ISA,14010000,2025-06-06,11305645,우이동,여가·오락,20254,232062382,8863,4.7,1150000,3.55,N,없음,0,11305645_여가·오락
SUB04_000146,C04_0465,펀드,10490000,2022-01-15,11320710,방학3동,여가·오락,20254,154805784,4228,-4.11,1000000,12.73,Y,운전자금대출,500000,11320710_여가·오락
SUB04_000147,C04_1927,ISA,32860000,2025-11-09,11110670,창신1동,문화·취미·반려,20254,32240430260,1232130,48.72,150840000,38.72,Y,소상공인신용대출,96200000,11110670_문화·취미·반려
SUB04_000148,C04_1929,펀드,13160000,2024-12-25,11110515,청운효자동,가구·인테리어,20254,206700645,9042,56.43,1000000,55.35,Y,시설자금대출,400000,11110515_가구·인테리어
SUB04_000149,C04_1334,ISA,14150000,2025-12-31,11305595,번1동,자동차·운송서비스,20254,678311749,2678,7.63,3490000,2.31,N,없음,0,11305595_자동차·운송서비스
SUB04_000150,C04_0501,예금,19900000,2025-12-27,11440600,대흥동,생활서비스,20254,38743072,1393,46.62,1000000,23.87,N,없음,0,11440600_생활서비스
SUB04_000151,C04_0233,펀드,15340000,2023-02-11,11710670,잠실2동,미용·뷰티,20254,2962016168,28893,-21.33,11150000,-26.35,Y,운전자금대출,7000000,11710670_미용·뷰티
SUB04_000152,C04_1583,예금,24050000,2022-08-02,11230740,이문1동,가구·인테리어,20254,11178528,118,672.36,1000000,100.0,Y,운전자금대출,200000,11230740_가구·인테리어
SUB04_000153,C04_1611,적금,4020000,2023-01-08,11530530,구로2동,패션·잡화,20254,1808049388,18277,40.02,7170000,10.76,N,없음,0,11530530_패션·잡화
SUB04_000154,C04_1296,펀드,14870000,2025-11-24,11170640,이촌2동,음식·음료,20254,200816617,11309,-7.0,1460000,-12.6,N,없음,0,11170640_음식·음료
SUB04_000155,C04_0992,펀드,13650000,2025-05-24,11215740,중곡1동,자동차·운송서비스,20254,956804004,5142,2.1,5510000,-5.45,N,없음,0,11215740_자동차·운송서비스
SUB04_000156,C04_0760,예금,27700000,2023-09-16,11710590,송파2동,음식·음료,20254,4791526052,360662,-6.32,19250000,-3.58,Y,운전자금대출,6900000,11710590_음식·음료
SUB04_000157,C04_1578,예금,54690000,2025-02-01,11710646,장지동,음식·음료,20254,7053974915,308890,-4.54,46350000,2.24,N,없음,0,11710646_음식·음료
SUB04_000158,C04_0281,ISA,16130000,2023-06-02,11500530,등촌2동,가구·인테리어,20254,3750634,172,49.47,1000000,33.27,N,없음,0,11500530_가구·인테리어
SUB04_000159,C04_1294,예금,25890000,2022-11-17,11710670,잠실2동,전자기기·수리,20254,1986405168,20752,-32.96,3620000,-29.46,N,없음,0,11710670_전자기기·수리
SUB04_000160,C04_1058,펀드,8040000,2022-12-08,11530530,구로2동,문화·취미·반려,20254,2421925929,75190,0.24,7840000,-10.41,N,없음,0,11530530_문화·취미·반려
SUB04_000161,C04_0126,펀드,8810000,2023-04-18,11680521,논현1동,문화·취미·반려,20254,10031136282,45344,105.81,104650000,100.0,N,없음,0,11680521_문화·취미·반려
SUB04_000162,C04_0084,적금,5420000,2024-11-09,11305603,번2동,음식·음료,20254,1695488636,52403,15.73,5770000,27.68,N,없음,0,11305603_음식·음료
SUB04_000163,C04_1627,적금,9260000,2025-07-29,11200620,금호4가동,음식·음료,20254,4223512712,109089,2.62,42120000,-0.89,N,없음,0,11200620_음식·음료
SUB04_000164,C04_1493,ISA,26080000,2023-10-29,11320680,쌍문3동,패션·잡화,20254,907019007,7586,76.72,2130000,79.27,N,없음,0,11320680_패션·잡화
SUB04_000165,C04_1321,ISA,14750000,2024-07-19,11440600,대흥동,미용·뷰티,20254,1578120704,17821,-3.99,37210000,-12.15,N,없음,0,11440600_미용·뷰티
SUB04_000166,C04_1656,펀드,17410000,2024-06-18,11350619,중계본동,패션·잡화,20254,696381976,3634,11.53,10930000,12.34,Y,시설자금대출,6100000,11350619_패션·잡화
SUB04_000167,C04_0893,펀드,4630000,2024-08-15,11590680,신대방2동,가구·인테리어,20254,14817344,667,61.06,1000000,65.8,N,없음,0,11590680_가구·인테리어
SUB04_000168,C04_0985,적금,9970000,2025-03-06,11650652,양재2동,가구·인테리어,20254,1397199916,25007,19.62,10770000,48.23,Y,운전자금대출,3300000,11650652_가구·인테리어
SUB04_000169,C04_1051,예금,57120000,2024-06-10,11590670,신대방1동,생활서비스,20254,71970959,4679,43.11,1000000,54.72,Y,소상공인신용대출,300000,11590670_생활서비스
SUB04_000170,C04_0354,적금,2960000,2024-12-14,11230560,전농1동,문화·취미·반려,20254,1142491121,33636,66.3,5070000,47.02,N,없음,0,11230560_문화·취미·반려
SUB04_000171,C04_1432,ISA,45580000,2022-07-02,11410655,홍제2동,식료품·편의소매,20254,913438324,71319,28.25,4320000,16.08,Y,운전자금대출,2700000,11410655_식료품·편의소매
SUB04_000172,C04_0845,예금,42140000,2022-11-12,11500535,등촌3동,식료품·편의소매,20254,7034475689,764148,-14.04,16010000,-17.7,Y,운전자금대출,7500000,11500535_식료품·편의소매
SUB04_000173,C04_1826,적금,9010000,2024-09-28,11560720,대림3동,식료품·편의소매,20254,16209754677,1010679,-5.13,70890000,3.67,N,없음,0,11560720_식료품·편의소매
SUB04_000174,C04_1387,ISA,17550000,2024-07-30,11215730,군자동,자동차·운송서비스,20254,618216755,2988,-16.15,4640000,-33.72,Y,운전자금대출,2200000,11215730_자동차·운송서비스
SUB04_000175,C04_0781,예금,36030000,2024-07-13,11560660,신길4동,식료품·편의소매,20254,1457552888,153342,15.2,11670000,26.0,Y,시설자금대출,2700000,11560660_식료품·편의소매
SUB04_000176,C04_1849,ISA,59210000,2024-12-22,11170640,이촌2동,생활서비스,20254,20332462,2009,21.06,1000000,-7.23,N,없음,0,11170640_생활서비스
SUB04_000177,C04_0523,적금,5300000,2023-12-17,11410655,홍제2동,패션·잡화,20254,239145964,3068,-27.0,1780000,-29.85,Y,소상공인신용대출,1300000,11410655_패션·잡화
SUB04_000178,C04_0888,예금,32500000,2025-12-25,11740700,둔촌2동,식료품·편의소매,20254,3851682844,341421,-6.41,33700000,-5.31,Y,소상공인신용대출,7600000,11740700_식료품·편의소매
SUB04_000179,C04_1432,펀드,21120000,2022-10-08,11410655,홍제2동,식료품·편의소매,20254,913438324,71319,28.25,4320000,16.08,Y,운전자금대출,2700000,11410655_식료품·편의소매
SUB04_000180,C04_0268,ISA,12900000,2023-01-20,11470590,신월4동,식료품·편의소매,20254,3214209844,310666,-0.26,25920000,-6.08,N,없음,0,11470590_식료품·편의소매
SUB04_000181,C04_0453,펀드,24910000,2025-06-08,11230710,회기동,음식·음료,20254,17919260676,926980,8.3,122610000,23.04,N,없음,0,11230710_음식·음료
SUB04_000182,C04_1042,적금,5290000,2022-12-18,11710532,거여2동,생활서비스,20254,77926433,4639,66.77,1010000,56.71,Y,운전자금대출,300000,11710532_생활서비스
SUB04_000183,C04_0516,예금,61730000,2023-11-23,11380590,응암2동,여가·오락,20254,191646295,3259,12.72,1380000,24.42,N,없음,0,11380590_여가·오락
SUB04_000184,C04_0855,ISA,37870000,2023-04-01,11470670,신정6동,미용·뷰티,20254,83357207,1320,8.04,1000000,22.82,Y,시설자금대출,500000,11470670_미용·뷰티
SUB04_000185,C04_1983,예금,24820000,2024-02-21,11500611,발산1동,식료품·편의소매,20254,133345290238,2378048,33.48,1709230000,43.61,N,없음,0,11500611_식료품·편의소매
SUB04_000186,C04_1231,펀드,17240000,2025-11-18,11545680,시흥2동,식료품·편의소매,20254,738097518,85373,1.44,5010000,-18.23,Y,운전자금대출,3600000,11545680_식료품·편의소매
SUB04_000187,C04_1405,펀드,10000000,2024-10-21,11410685,홍은2동,문화·취미·반려,20254,119498968,4741,-25.68,1000000,-32.76,N,없음,0,11410685_문화·취미·반려
SUB04_000188,C04_1942,적금,3060000,2024-08-31,11470600,신월5동,여가·오락,20254,317512712,7378,12.09,1110000,5.93,N,없음,0,11470600_여가·오락
SUB04_000189,C04_1024,예금,56110000,2024-01-26,11260655,망우본동,미용·뷰티,20254,2106909062,28121,18.64,17600000,22.04,Y,운전자금대출,5300000,11260655_미용·뷰티
SUB04_000190,C04_0390,예금,34750000,2022-06-14,11440700,망원2동,생활서비스,20254,73047538,4340,24.59,1000000,17.13,N,없음,0,11440700_생활서비스
SUB04_000191,C04_0694,예금,48830000,2022-02-02,11545680,시흥2동,자동차·운송서비스,20254,189135273,870,-19.96,4740000,-19.78,N,없음,0,11545680_자동차·운송서비스
SUB04_000192,C04_0180,ISA,9610000,2024-05-09,11230710,회기동,식료품·편의소매,20254,2590628489,399603,0.18,22640000,10.21,N,없음,0,11230710_식료품·편의소매
SUB04_000193,C04_0027,예금,40300000,2025-11-02,11230660,장안2동,가구·인테리어,20254,15398068346,192090,-1.35,213820000,27.33,Y,소상공인신용대출,78400000,11230660_가구·인테리어
SUB04_000194,C04_0014,펀드,7000000,2025-01-02,11545620,독산2동,여가·오락,20254,406335512,6062,29.57,3530000,28.49,Y,운전자금대출,1400000,11545620_여가·오락
SUB04_000195,C04_1771,펀드,21740000,2024-08-19,11110670,창신1동,숙박,20254,268757941,4816,-49.21,1590000,-38.41,Y,운전자금대출,1000000,11110670_숙박
SUB04_000196,C04_0591,ISA,11440000,2022-09-24,11710646,장지동,여가·오락,20254,262430415,22072,5.51,2700000,10.43,N,없음,0,11710646_여가·오락
SUB04_000197,C04_0448,적금,2780000,2025-09-20,11545700,시흥4동,음식·음료,20254,1845985071,82890,-9.17,26390000,-22.44,N,없음,0,11545700_음식·음료
SUB04_000198,C04_1221,ISA,11520000,2025-01-09,11650550,반포본동,문화·취미·반려,20254,251973518,10024,45.94,1310000,41.53,Y,운전자금대출,700000,11650550_문화·취미·반려
SUB04_000199,C04_1051,펀드,19130000,2022-12-04,11590670,신대방1동,생활서비스,20254,71970959,4679,43.11,1000000,54.72,Y,소상공인신용대출,300000,11590670_생활서비스
SUB04_000200,C04_0620,예금,46860000,2025-04-12,11380551,갈현1동,음식·음료,20254,19831088376,655873,13.18,36800000,0.9,N,없음,0,11380551_음식·음료
SUB04_000201,C04_0220,적금,1830000,2023-06-07,11170570,원효로2동,음식·음료,20254,2764234807,140636,17.05,15650000,5.28,Y,소상공인신용대출,9600000,11170570_음식·음료
SUB04_000202,C04_1089,펀드,12590000,2024-07-29,11215770,중곡4동,식료품·편의소매,20254,5594949626,426736,6.03,51950000,10.54,N,없음,0,11215770_식료품·편의소매
SUB04_000203,C04_1720,펀드,19730000,2023-10-02,11230730,휘경2동,여가·오락,20254,24196039,763,2.37,1000000,-13.03,N,없음,0,11230730_여가·오락
SUB04_000204,C04_1884,예금,28570000,2022-10-16,11560690,신길7동,문화·취미·반려,20254,786513,43,-39.91,1000000,-43.77,Y,운전자금대출,800000,11560690_문화·취미·반려
SUB04_000205,C04_0522,펀드,8470000,2023-05-29,11740620,천호3동,문화·취미·반려,20254,8235213,794,-20.26,1000000,-19.19,N,없음,0,11740620_문화·취미·반려
SUB04_000206,C04_0529,예금,23570000,2025-07-08,11260600,중화1동,식료품·편의소매,20254,11063482713,625113,-29.55,40620000,-30.05,Y,운전자금대출,11200000,11260600_식료품·편의소매
SUB04_000207,C04_0442,적금,2400000,2024-05-17,11470530,목3동,미용·뷰티,20254,804140410,16695,-2.81,5390000,3.11,N,없음,0,11470530_미용·뷰티
SUB04_000208,C04_0254,펀드,7770000,2022-08-18,11740600,천호1동,가구·인테리어,20254,270272556,6654,-10.91,1780000,6.21,Y,운전자금대출,300000,11740600_가구·인테리어
SUB04_000209,C04_1467,예금,19650000,2024-10-23,11215847,자양4동,식료품·편의소매,20254,9387119931,787006,0.17,66920000,4.71,Y,소상공인신용대출,35800000,11215847_식료품·편의소매
SUB04_000210,C04_1383,ISA,27740000,2025-04-09,11470590,신월4동,식료품·편의소매,20254,3214209844,310666,-0.26,32710000,5.97,Y,운전자금대출,8800000,11470590_식료품·편의소매
SUB04_000211,C04_1401,펀드,4410000,2024-11-28,11560710,대림2동,미용·뷰티,20254,982747131,25311,-0.63,5350000,-2.78,Y,소상공인신용대출,3500000,11560710_미용·뷰티
SUB04_000212,C04_0245,펀드,13020000,2024-03-08,11215860,구의2동,식료품·편의소매,20254,6205027646,468956,0.51,31950000,-0.23,Y,운전자금대출,10900000,11215860_식료품·편의소매
SUB04_000213,C04_1966,ISA,34900000,2025-03-28,11545670,시흥1동,음식·음료,20254,22178185588,905524,4.16,285680000,24.94,Y,소상공인신용대출,102700000,11545670_음식·음료
SUB04_000214,C04_0801,펀드,16120000,2023-12-26,11500570,화곡4동,식료품·편의소매,20254,19395075826,1168397,18.02,207670000,23.37,N,없음,0,11500570_식료품·편의소매
SUB04_000215,C04_1505,ISA,15580000,2025-01-25,11680510,신사동,문화·취미·반려,20254,12252894698,54533,254.39,65060000,100.0,Y,소상공인신용대출,29800000,11680510_문화·취미·반려
SUB04_000216,C04_1941,ISA,17760000,2024-05-29,11410685,홍은2동,패션·잡화,20254,117523912,897,40.07,1000000,28.53,N,없음,0,11410685_패션·잡화
SUB04_000217,C04_1352,예금,17060000,2024-09-30,11620585,낙성대동,문화·취미·반려,20254,64313011,169,-8.34,1480000,-19.71,N,없음,0,11620585_문화·취미·반려
SUB04_000218,C04_0872,적금,2210000,2023-08-15,11740660,성내3동,미용·뷰티,20254,1368431002,22283,-0.28,20790000,-4.1,Y,소상공인신용대출,6900000,11740660_미용·뷰티
SUB04_000219,C04_1280,펀드,14460000,2024-05-30,11710540,마천1동,패션·잡화,20254,258485970,2144,23.77,1000000,26.35,Y,소상공인신용대출,400000,11710540_패션·잡화
SUB04_000220,C04_1202,펀드,14240000,2022-10-21,11680750,수서동,여가·오락,20254,155029262,10203,13.47,1000000,12.34,N,없음,0,11680750_여가·오락
SUB04_000221,C04_0040,적금,5890000,2025-04-28,11215860,구의2동,문화·취미·반려,20254,228734326,15126,32.24,2230000,8.56,Y,운전자금대출,1000000,11215860_문화·취미·반려
SUB04_000222,C04_0690,펀드,5770000,2025-05-26,11500640,방화2동,가구·인테리어,20254,441411581,11455,-0.44,3680000,-3.23,N,없음,0,11500640_가구·인테리어
SUB04_000223,C04_0431,펀드,31410000,2025-08-24,11320670,쌍문2동,식료품·편의소매,20254,3073181962,239237,-4.38,18730000,-7.5,Y,운전자금대출,6200000,11320670_식료품·편의소매
SUB04_000224,C04_1742,적금,2500000,2023-12-16,11290770,장위2동,가구·인테리어,20254,654743315,6797,74.52,5210000,64.84,N,없음,0,11290770_가구·인테리어
SUB04_000225,C04_1219,펀드,13400000,2022-05-07,11530595,가리봉동,자동차·운송서비스,20254,131986975,1151,5.44,1000000,10.05,N,없음,0,11530595_자동차·운송서비스
SUB04_000226,C04_1661,펀드,16560000,2022-07-31,11215830,자양2동,음식·음료,20254,6213640806,299769,1.54,93780000,10.99,N,없음,0,11215830_음식·음료
SUB04_000227,C04_0389,예금,46830000,2023-09-28,11710510,풍납1동,패션·잡화,20254,98567965,2029,-55.78,1000000,-70.0,Y,운전자금대출,700000,11710510_패션·잡화
SUB04_000228,C04_1338,예금,30630000,2024-10-07,11740530,명일1동,음식·음료,20254,15884260277,634535,0.21,131140000,0.33,Y,시설자금대출,51500000,11740530_음식·음료
SUB04_000229,C04_0438,ISA,23890000,2025-10-28,11290630,정릉2동,패션·잡화,20254,298658069,6816,18.56,1460000,0.37,N,없음,0,11290630_패션·잡화
SUB04_000230,C04_0208,적금,5390000,2025-02-15,11710561,방이1동,생활서비스,20254,79033818,4100,56.51,1000000,65.83,N,없음,0,11710561_생활서비스
SUB04_000231,C04_0434,펀드,17670000,2025-01-10,11440710,연남동,미용·뷰티,20254,1276088184,21059,0.42,16480000,5.21,Y,운전자금대출,7600000,11440710_미용·뷰티
SUB04_000232,C04_0543,예금,39200000,2022-02-22,11740650,성내2동,전자기기·수리,20254,21334825,158,4.37,1000000,-8.07,Y,운전자금대출,600000,11740650_전자기기·수리
SUB04_000233,C04_0364,예금,63100000,2022-02-27,11590550,상도3동,식료품·편의소매,20254,15499323966,1008375,3.95,37180000,4.18,N,없음,0,11590550_식료품·편의소매
SUB04_000234,C04_0773,예금,18860000,2024-01-09,11320512,창2동,여가·오락,20254,170771988,6422,29.58,1220000,23.89,N,없음,0,11320512_여가·오락
SUB04_000235,C04_0204,예금,21980000,2022-07-31,11290810,석관동,생활서비스,20254,67632012,10439,-40.56,1000000,-27.79,Y,운전자금대출,700000,11290810_생활서비스
SUB04_000236,C04_0121,펀드,17370000,2025-04-09,11230545,제기동,식료품·편의소매,20254,923851786755,35721166,-0.94,2663280000,-11.8,Y,운전자금대출,852200000,11230545_식료품·편의소매
SUB04_000237,C04_1524,ISA,9230000,2025-05-08,11440680,합정동,미용·뷰티,20254,1677063027,16059,-4.82,17690000,16.29,Y,시설자금대출,4400000,11440680_미용·뷰티
SUB04_000238,C04_1972,ISA,30150000,2023-08-20,11560630,신길1동,숙박,20254,36318137,289,244.92,1000000,100.0,Y,소상공인신용대출,200000,11560630_숙박
SUB04_000239,C04_1783,펀드,21610000,2025-05-28,11140590,광희동,가구·인테리어,20254,3556499897,19264,-42.67,36190000,-63.65,Y,운전자금대출,22900000,11140590_가구·인테리어
SUB04_000240,C04_1090,적금,6770000,2024-02-23,11380552,갈현2동,가구·인테리어,20254,96256743,2786,8.6,1000000,18.99,Y,시설자금대출,500000,11380552_가구·인테리어
SUB04_000241,C04_1234,예금,47350000,2023-09-15,11290770,장위2동,음식·음료,20254,4025569642,111954,-4.44,20160000,-14.15,Y,운전자금대출,9500000,11290770_음식·음료
SUB04_000242,C04_0686,ISA,15520000,2025-02-01,11500641,방화3동,생활서비스,20254,24740613,749,78.51,1000000,88.75,N,없음,0,11500641_생활서비스
SUB04_000243,C04_0080,펀드,21200000,2025-06-08,11200540,마장동,미용·뷰티,20254,198098389,6827,-6.45,1000000,-0.63,N,없음,0,11200540_미용·뷰티
SUB04_000244,C04_0837,ISA,9280000,2022-07-24,11305595,번1동,음식·음료,20254,15253508011,658323,2.44,82040000,6.05,N,없음,0,11305595_음식·음료
SUB04_000245,C04_1005,ISA,12440000,2025-07-31,11440710,연남동,음식·음료,20254,28838630045,962602,6.98,164150000,9.61,N,없음,0,11440710_음식·음료
SUB04_000246,C04_0046,펀드,26970000,2025-03-26,11290525,성북동,음식·음료,20254,13127023974,460976,3.03,67160000,-2.02,N,없음,0,11290525_음식·음료
SUB04_000247,C04_1640,펀드,8720000,2025-01-18,11500530,등촌2동,식료품·편의소매,20254,1240052355,106072,2.75,4840000,-9.94,Y,운전자금대출,2400000,11500530_식료품·편의소매
SUB04_000248,C04_0365,예금,41110000,2023-10-31,11380632,신사2동,문화·취미·반려,20254,167837347,6717,47.08,1000000,46.66,N,없음,0,11380632_문화·취미·반려
SUB04_000249,C04_0118,적금,1840000,2025-12-20,11380551,갈현1동,음식·음료,20254,19831088376,655873,13.18,141990000,7.53,Y,운전자금대출,81200000,11380551_음식·음료
SUB04_000250,C04_1035,펀드,15690000,2022-07-04,11320513,창3동,미용·뷰티,20254,277624145,9592,-6.5,1300000,4.24,N,없음,0,11320513_미용·뷰티
SUB04_000251,C04_0383,펀드,8220000,2024-03-16,11140680,중림동,생활서비스,20254,55714956,4799,37.07,1000000,26.07,N,없음,0,11140680_생활서비스
SUB04_000252,C04_0714,적금,2060000,2023-01-18,11530520,구로1동,음식·음료,20254,1727571626,70535,21.97,5100000,14.37,N,없음,0,11530520_음식·음료
SUB04_000253,C04_1819,ISA,20780000,2025-06-01,11380551,갈현1동,문화·취미·반려,20254,671416964,21403,55.5,4770000,36.82,N,없음,0,11380551_문화·취미·반려
SUB04_000254,C04_0902,적금,1430000,2022-09-16,11320670,쌍문2동,가구·인테리어,20254,334245733,1414,333.04,1840000,100.0,N,없음,0,11320670_가구·인테리어
SUB04_000255,C04_1621,ISA,31040000,2025-02-13,11740520,상일동,자동차·운송서비스,20254,313349731,2198,-13.95,4590000,4.07,N,없음,0,11740520_자동차·운송서비스
SUB04_000256,C04_0142,예금,32780000,2023-10-02,11410555,북아현동,가구·인테리어,20254,2717676198,4647,65.31,37510000,49.79,Y,소상공인신용대출,12900000,11410555_가구·인테리어
SUB04_000257,C04_0864,ISA,8470000,2025-08-30,11530530,구로2동,문화·취미·반려,20254,2421925929,75190,0.24,24610000,-11.37,Y,시설자금대출,17000000,11530530_문화·취미·반려
SUB04_000258,C04_1494,펀드,3840000,2025-01-26,11470580,신월3동,패션·잡화,20254,425860236,4263,38.29,1440000,42.87,N,없음,0,11470580_패션·잡화
SUB04_000259,C04_1772,펀드,20450000,2024-12-02,11620630,남현동,생활서비스,20254,90065659,4547,41.0,2350000,50.76,Y,운전자금대출,900000,11620630_생활서비스
SUB04_000260,C04_1715,예금,22960000,2025-11-08,11650560,반포1동,문화·취미·반려,20254,5045140112,31116,6.29,30090000,7.5,N,없음,0,11650560_문화·취미·반려
SUB04_000261,C04_0676,펀드,16590000,2024-06-05,11545640,독산4동,음식·음료,20254,5562172944,183234,-0.88,9930000,-1.96,N,없음,0,11545640_음식·음료
SUB04_000262,C04_1030,예금,27240000,2025-04-02,11110670,창신1동,여가·오락,20254,193097598,17661,7.56,1540000,19.7,Y,운전자금대출,600000,11110670_여가·오락
SUB04_000263,C04_1631,예금,23000000,2022-06-24,11680510,신사동,자동차·운송서비스,20254,1929689157,5922,5.11,15220000,9.07,N,없음,0,11680510_자동차·운송서비스
SUB04_000264,C04_1621,ISA,22440000,2025-01-09,11740520,상일동,자동차·운송서비스,20254,313349731,2198,-13.95,4590000,4.07,N,없음,0,11740520_자동차·운송서비스
SUB04_000265,C04_1731,펀드,12050000,2023-01-05,11140615,신당동,문화·취미·반려,20254,1434799933,3243,172.54,10470000,100.0,Y,소상공인신용대출,3000000,11140615_문화·취미·반려
SUB04_000266,C04_0825,예금,34930000,2025-08-09,11215847,자양4동,생활서비스,20254,247722136,11646,22.36,1660000,40.94,N,없음,0,11215847_생활서비스
SUB04_000267,C04_1629,ISA,22110000,2023-02-19,11170660,이태원2동,미용·뷰티,20254,233628297,3868,-13.48,1000000,-3.06,N,없음,0,11170660_미용·뷰티
SUB04_000268,C04_1477,ISA,10030000,2024-05-07,11230730,휘경2동,문화·취미·반려,20254,704220482,3811,357.09,7130000,100.0,Y,운전자금대출,3300000,11230730_문화·취미·반려
SUB04_000269,C04_1047,펀드,12330000,2022-04-14,11470640,신정3동,음식·음료,20254,7586591030,472562,0.38,50830000,21.05,Y,운전자금대출,21800000,11470640_음식·음료
SUB04_000270,C04_0839,펀드,8690000,2025-01-14,11320660,쌍문1동,여가·오락,20254,41374467,3438,-34.93,1000000,-66.43,N,없음,0,11320660_여가·오락
SUB04_000271,C04_0097,적금,3290000,2022-02-08,11470640,신정3동,음식·음료,20254,7586591030,472562,0.38,95280000,2.43,Y,운전자금대출,50200000,11470640_음식·음료
SUB04_000272,C04_1394,예금,48780000,2025-06-19,11290725,월곡2동,미용·뷰티,20254,672935825,15112,23.01,10750000,27.24,N,없음,0,11290725_미용·뷰티
SUB04_000273,C04_0150,ISA,57650000,2023-05-09,11320514,창4동,음식·음료,20254,12144657960,521891,6.34,152650000,-1.66,Y,시설자금대출,76100000,11320514_음식·음료
SUB04_000274,C04_0658,ISA,12250000,2025-10-04,11680650,역삼2동,생활서비스,20254,336976059,12316,19.01,2520000,18.24,Y,시설자금대출,1400000,11680650_생활서비스
SUB04_000275,C04_1061,예금,24740000,2025-09-04,11530510,신도림동,패션·잡화,20254,511500057,7884,-3.48,1000000,4.14,N,없음,0,11530510_패션·잡화
SUB04_000276,C04_0605,예금,30770000,2023-12-13,11305615,수유1동,숙박,20254,305292083,14631,-33.97,1820000,-24.55,Y,운전자금대출,1100000,11305615_숙박
SUB04_000277,C04_1359,ISA,11680000,2023-05-08,11440660,서교동,음식·음료,20254,188785945650,8071129,6.6,1690120000,1.29,N,없음,0,11440660_음식·음료
SUB04_000278,C04_1578,예금,22970000,2025-05-06,11710646,장지동,음식·음료,20254,7053974915,308890,-4.54,46350000,2.24,N,없음,0,11710646_음식·음료
SUB04_000279,C04_0719,펀드,9440000,2025-10-03,11470620,신정1동,식료품·편의소매,20254,7686033675,568699,6.93,73650000,10.14,N,없음,0,11470620_식료품·편의소매
SUB04_000280,C04_1430,적금,7670000,2024-06-24,11500630,방화1동,생활서비스,20254,326573343,17314,71.78,1730000,72.57,N,없음,0,11500630_생활서비스
SUB04_000281,C04_0458,적금,3910000,2025-08-25,11215847,자양4동,음식·음료,20254,18787456573,615340,9.88,139860000,43.65,Y,운전자금대출,40200000,11215847_음식·음료
SUB04_000282,C04_0203,ISA,21750000,2025-12-02,11230705,청량리동,패션·잡화,20254,5188711974,44369,40.23,28620000,25.97,Y,운전자금대출,10100000,11230705_패션·잡화
SUB04_000283,C04_1134,펀드,17060000,2023-10-15,11140605,을지로동,전자기기·수리,20254,1038832262,10809,-51.49,8060000,-44.71,Y,소상공인신용대출,5500000,11140605_전자기기·수리
SUB04_000284,C04_0457,ISA,23630000,2023-10-03,11380580,응암1동,생활서비스,20254,52984063,1563,81.37,1000000,69.63,N,없음,0,11380580_생활서비스
SUB04_000285,C04_0390,적금,7320000,2023-11-30,11440700,망원2동,생활서비스,20254,73047538,4340,24.59,1000000,17.13,N,없음,0,11440700_생활서비스
SUB04_000286,C04_1911,예금,35000000,2023-06-21,11320670,쌍문2동,여가·오락,20254,1308463095,190005,0.57,6560000,7.51,N,없음,0,11320670_여가·오락
SUB04_000287,C04_1102,펀드,16100000,2023-05-30,11710510,풍납1동,식료품·편의소매,20254,4136917643,200711,-2.59,37320000,-3.72,N,없음,0,11710510_식료품·편의소매
SUB04_000288,C04_0867,예금,46200000,2023-06-23,11305555,송천동,패션·잡화,20254,2667127511,47761,4.72,22570000,-4.58,Y,소상공인신용대출,11500000,11305555_패션·잡화
SUB04_000289,C04_1367,펀드,29130000,2025-08-18,11380510,녹번동,미용·뷰티,20254,618932937,13479,-12.97,4090000,-0.71,N,없음,0,11380510_미용·뷰티
SUB04_000290,C04_0553,예금,43090000,2024-07-17,11305615,수유1동,자동차·운송서비스,20254,402113485,3649,-22.91,1000000,-15.03,Y,운전자금대출,600000,11305615_자동차·운송서비스
SUB04_000291,C04_0762,ISA,38350000,2025-07-17,11650581,반포4동,생활서비스,20254,111585401,3964,7.75,1000000,11.14,N,없음,0,11650581_생활서비스
SUB04_000292,C04_1158,ISA,8290000,2024-07-29,11560680,신길6동,전자기기·수리,20254,24891304,388,-85.06,1000000,-70.0,Y,운전자금대출,800000,11560680_전자기기·수리
SUB04_000293,C04_0572,펀드,22990000,2023-08-23,11620715,난향동,식료품·편의소매,20254,423498148,37815,-31.65,1710000,-21.29,N,없음,0,11620715_식료품·편의소매
SUB04_000294,C04_0941,예금,75030000,2023-10-03,11305534,삼양동,숙박,20254,9131232,233,-20.93,1000000,-33.5,N,없음,0,11305534_숙박
SUB04_000295,C04_0134,펀드,9150000,2024-11-29,11200560,행당1동,자동차·운송서비스,20254,439566849,1585,-46.02,5510000,-58.21,Y,운전자금대출,3000000,11200560_자동차·운송서비스
SUB04_000296,C04_1964,적금,2870000,2023-09-04,11140635,약수동,문화·취미·반려,20254,1830292493,82483,2.2,8180000,10.4,Y,시설자금대출,2700000,11140635_문화·취미·반려
SUB04_000297,C04_1201,예금,20980000,2025-11-14,11560660,신길4동,자동차·운송서비스,20254,19965451,174,-46.2,1000000,-58.49,Y,운전자금대출,600000,11560660_자동차·운송서비스
SUB04_000298,C04_0821,적금,4490000,2022-03-01,11500630,방화1동,문화·취미·반려,20254,1030841814,45820,-2.16,2890000,-1.65,Y,운전자금대출,900000,11500630_문화·취미·반려
SUB04_000299,C04_1225,예금,42750000,2022-10-17,11620715,난향동,패션·잡화,20254,98446092,3478,48.84,1000000,58.7,N,없음,0,11620715_패션·잡화
SUB04_000300,C04_0005,ISA,17630000,2024-05-11,11680656,도곡2동,패션·잡화,20254,2452236925,19802,15.43,15590000,14.79,Y,소상공인신용대출,3400000,11680656_패션·잡화
SUB04_000301,C04_0120,예금,49030000,2023-09-05,11440600,대흥동,미용·뷰티,20254,1578120704,17821,-3.99,4930000,-17.93,N,없음,0,11440600_미용·뷰티
SUB04_000302,C04_0900,적금,2320000,2024-03-10,11215820,자양1동,전자기기·수리,20254,335713349,2145,325.87,2020000,100.0,Y,소상공인신용대출,1100000,11215820_전자기기·수리
SUB04_000303,C04_0997,예금,29940000,2024-04-24,11650610,방배2동,자동차·운송서비스,20254,802244487,6140,-9.33,4750000,-14.79,Y,운전자금대출,2600000,11650610_자동차·운송서비스
SUB04_000304,C04_1031,예금,41820000,2022-11-05,11230720,휘경1동,생활서비스,20254,43249472,1973,40.42,1000000,37.47,N,없음,0,11230720_생활서비스
SUB04_000305,C04_0234,예금,30120000,2023-07-25,11710600,석촌동,생활서비스,20254,194277454,11256,43.88,1000000,37.0,N,없음,0,11710600_생활서비스
SUB04_000306,C04_0033,펀드,7370000,2024-01-05,11380600,응암3동,가구·인테리어,20254,1109877908,20374,-33.23,11760000,-37.24,Y,운전자금대출,7100000,11380600_가구·인테리어
SUB04_000307,C04_1244,ISA,44910000,2022-07-19,11680720,일원본동,문화·취미·반려,20254,533737897,10938,-30.46,5550000,-30.05,N,없음,0,11680720_문화·취미·반려
SUB04_000308,C04_0677,펀드,11630000,2024-05-28,11200650,성수1가1동,가구·인테리어,20254,129076814,3850,-16.99,1240000,-24.76,Y,시설자금대출,600000,11200650_가구·인테리어
SUB04_000309,C04_1718,펀드,8660000,2025-12-22,11620630,남현동,여가·오락,20254,189386631,9842,43.33,1000000,35.54,N,없음,0,11620630_여가·오락
SUB04_000310,C04_1307,예금,21540000,2023-05-11,11740550,고덕1동,생활서비스,20254,17809283,1230,59.5,1000000,81.63,N,없음,0,11740550_생활서비스
SUB04_000311,C04_1108,예금,18210000,2023-09-04,11260620,묵1동,미용·뷰티,20254,1155291359,19653,-5.09,8030000,-19.68,Y,운전자금대출,5500000,11260620_미용·뷰티
SUB04_000312,C04_1389,ISA,23980000,2024-11-13,11260580,상봉1동,여가·오락,20254,110884624,1886,28.26,1000000,19.25,N,없음,0,11260580_여가·오락
SUB04_000313,C04_1532,예금,40910000,2023-03-28,11320512,창2동,자동차·운송서비스,20254,361583729,2241,-14.31,1800000,-11.42,Y,시설자금대출,1100000,11320512_자동차·운송서비스
SUB04_000314,C04_1576,예금,36160000,2023-12-24,11440740,상암동,생활서비스,20254,157214130,8037,40.91,1000000,18.68,N,없음,0,11440740_생활서비스
SUB04_000315,C04_0194,적금,2950000,2022-01-19,11110670,창신1동,가구·인테리어,20254,272478285,9986,14.27,1000000,13.65,Y,운전자금대출,600000,11110670_가구·인테리어
SUB04_000316,C04_0893,펀드,15970000,2022-09-03,11590680,신대방2동,가구·인테리어,20254,14817344,667,61.06,1000000,65.8,N,없음,0,11590680_가구·인테리어
SUB04_000317,C04_1694,펀드,10800000,2022-02-13,11230660,장안2동,전자기기·수리,20254,1109893809,17851,6.18,4290000,-13.29,Y,운전자금대출,2200000,11230660_전자기기·수리
SUB04_000318,C04_1938,ISA,14950000,2023-08-13,11215730,군자동,생활서비스,20254,151671151,11673,6.49,1000000,31.76,N,없음,0,11215730_생활서비스
SUB04_000319,C04_0636,펀드,12910000,2025-12-31,11290810,석관동,자동차·운송서비스,20254,1085541306,8893,-31.82,14660000,-48.49,N,없음,0,11290810_자동차·운송서비스
SUB04_000320,C04_0866,펀드,12210000,2023-08-30,11290810,석관동,식료품·편의소매,20254,7333218517,653463,4.77,26730000,2.64,Y,운전자금대출,10500000,11290810_식료품·편의소매
SUB04_000321,C04_1771,ISA,11070000,2022-06-08,11110670,창신1동,숙박,20254,268757941,4816,-49.21,1590000,-38.41,Y,운전자금대출,1000000,11110670_숙박
SUB04_000322,C04_1386,ISA,43850000,2025-01-16,11350621,중계1동,자동차·운송서비스,20254,1012095862,7403,-0.54,6680000,0.53,N,없음,0,11350621_자동차·운송서비스
SUB04_000323,C04_1230,예금,32520000,2023-01-28,11110710,숭인2동,전자기기·수리,20254,61306802,1361,-27.62,1000000,-24.22,N,없음,0,11110710_전자기기·수리
SUB04_000324,C04_0407,예금,31830000,2025-08-01,11230560,전농1동,패션·잡화,20254,1263784473,13011,23.9,3520000,16.89,N,없음,0,11230560_패션·잡화
SUB04_000325,C04_1399,펀드,8940000,2022-09-18,11320521,도봉1동,숙박,20254,59091211,1115,-3.33,1000000,8.29,Y,소상공인신용대출,200000,11320521_숙박
SUB04_000326,C04_0900,ISA,8080000,2025-04-30,11215820,자양1동,전자기기·수리,20254,335713349,2145,325.87,2020000,100.0,Y,소상공인신용대출,1100000,11215820_전자기기·수리
SUB04_000327,C04_1982,예금,47840000,2024-11-05,11215830,자양2동,미용·뷰티,20254,418439849,11660,-11.13,4200000,-11.43,N,없음,0,11215830_미용·뷰티
SUB04_000328,C04_1389,펀드,14520000,2025-03-05,11260580,상봉1동,여가·오락,20254,110884624,1886,28.26,1000000,19.25,N,없음,0,11260580_여가·오락
SUB04_000329,C04_1007,ISA,24130000,2025-10-20,11560680,신길6동,전자기기·수리,20254,24891304,388,-85.06,1000000,-64.65,N,없음,0,11560680_전자기기·수리
SUB04_000330,C04_1435,ISA,11620000,2023-07-19,11380530,불광2동,식료품·편의소매,20254,14041709479,1024679,13.02,162210000,7.43,Y,소상공인신용대출,25900000,11380530_식료품·편의소매
SUB04_000331,C04_1878,ISA,8460000,2024-07-25,11590540,상도2동,패션·잡화,20254,1460484656,24991,81.71,6830000,81.19,N,없음,0,11590540_패션·잡화
SUB04_000332,C04_0074,ISA,14620000,2025-05-29,11440710,연남동,생활서비스,20254,168151208,22519,5.69,1000000,20.81,N,없음,0,11440710_생활서비스
SUB04_000333,C04_0852,펀드,10570000,2022-07-16,11530540,구로3동,식료품·편의소매,20254,21234433961,2585024,-6.16,186710000,12.56,N,없음,0,11530540_식료품·편의소매
SUB04_000334,C04_0753,ISA,18760000,2024-01-04,11140550,명동,문화·취미·반려,20254,3721002618,56381,5.21,12010000,8.58,Y,소상공인신용대출,5400000,11140550_문화·취미·반려
SUB04_000335,C04_1606,ISA,27240000,2025-05-26,11590530,상도1동,식료품·편의소매,20254,7868399838,901182,-0.11,119220000,3.63,N,없음,0,11590530_식료품·편의소매
SUB04_000336,C04_0545,ISA,14780000,2023-07-03,11530550,구로4동,미용·뷰티,20254,958022761,36167,-14.92,8730000,-31.65,Y,소상공인신용대출,3400000,11530550_미용·뷰티
SUB04_000337,C04_1343,펀드,3710000,2022-04-30,11440630,신수동,문화·취미·반려,20254,2021039976,6355,299.2,15720000,100.0,Y,운전자금대출,2400000,11440630_문화·취미·반려
SUB04_000338,C04_0913,펀드,24450000,2025-02-09,11680670,개포2동,문화·취미·반려,20254,102908922,3684,-25.16,1000000,-21.6,Y,시설자금대출,600000,11680670_문화·취미·반려
SUB04_000339,C04_0255,적금,3800000,2025-09-20,11200550,사근동,패션·잡화,20254,172712183,1732,-23.76,2370000,-22.74,N,없음,0,11200550_패션·잡화
SUB04_000340,C04_0888,예금,24940000,2025-10-25,11740700,둔촌2동,식료품·편의소매,20254,3851682844,341421,-6.41,33700000,-5.31,Y,소상공인신용대출,7600000,11740700_식료품·편의소매
SUB04_000341,C04_0183,ISA,28190000,2025-03-31,11620575,행운동,여가·오락,20254,916073348,128372,-10.09,10880000,-7.22,N,없음,0,11620575_여가·오락
SUB04_000342,C04_0943,예금,35070000,2022-09-27,11260600,중화1동,가구·인테리어,20254,30563796,1289,146.03,1000000,100.0,Y,시설자금대출,400000,11260600_가구·인테리어
SUB04_000343,C04_0013,적금,4750000,2022-07-07,11140680,중림동,문화·취미·반려,20254,542536135,22629,-62.44,4670000,-34.84,Y,운전자금대출,2100000,11140680_문화·취미·반려
SUB04_000344,C04_0299,펀드,12720000,2022-02-08,11470650,신정4동,식료품·편의소매,20254,11677916807,987540,-3.71,73840000,1.03,Y,운전자금대출,43800000,11470650_식료품·편의소매
SUB04_000345,C04_0581,ISA,10890000,2025-03-10,11440655,서강동,음식·음료,20254,16880973768,844120,6.67,73120000,19.26,N,없음,0,11440655_음식·음료
SUB04_000346,C04_1147,적금,5970000,2023-11-22,11680590,삼성2동,문화·취미·반려,20254,3507020094,54202,11.46,26360000,18.03,Y,소상공인신용대출,14300000,11680590_문화·취미·반려
SUB04_000347,C04_1298,예금,43490000,2023-06-30,11650540,잠원동,문화·취미·반려,20254,534734408,17036,-16.67,4690000,-24.72,N,없음,0,11650540_문화·취미·반려
SUB04_000348,C04_0644,펀드,12500000,2023-01-14,11260565,면목본동,전자기기·수리,20254,475713197,6055,3.29,3760000,11.03,N,없음,0,11260565_전자기기·수리
SUB04_000349,C04_1870,ISA,31010000,2023-11-29,11305625,수유2동,여가·오락,20254,625509736,65158,14.08,5720000,-10.1,N,없음,0,11305625_여가·오락
SUB04_000350,C04_1322,펀드,22450000,2022-06-25,11500530,등촌2동,문화·취미·반려,20254,102461574,9306,-2.1,1180000,-3.66,Y,시설자금대출,400000,11500530_문화·취미·반려
SUB04_000351,C04_0976,ISA,31290000,2025-11-08,11440555,아현동,미용·뷰티,20254,1000978570,16444,2.18,3430000,-7.87,Y,소상공인신용대출,700000,11440555_미용·뷰티
SUB04_000352,C04_0986,펀드,8950000,2025-03-13,11215770,중곡4동,미용·뷰티,20254,789874013,18267,15.19,2000000,14.4,Y,운전자금대출,1100000,11215770_미용·뷰티
SUB04_000353,C04_0130,ISA,12650000,2025-10-09,11215847,자양4동,여가·오락,20254,1737193196,100692,3.25,27900000,19.19,Y,시설자금대출,18000000,11215847_여가·오락
SUB04_000354,C04_0519,예금,31560000,2025-06-05,11260565,면목본동,생활서비스,20254,40060333,2683,56.95,1000000,69.93,Y,소상공인신용대출,400000,11260565_생활서비스
SUB04_000355,C04_0879,펀드,15550000,2022-08-04,11650581,반포4동,식료품·편의소매,20254,2397271944,328805,-15.95,5270000,-43.96,N,없음,0,11650581_식료품·편의소매
SUB04_000356,C04_0973,펀드,8140000,2023-05-12,11260565,면목본동,문화·취미·반려,20254,319199146,28269,-0.95,1380000,16.82,N,없음,0,11260565_문화·취미·반려
SUB04_000357,C04_0900,적금,4000000,2022-08-15,11215820,자양1동,전자기기·수리,20254,335713349,2145,325.87,2020000,100.0,Y,소상공인신용대출,1100000,11215820_전자기기·수리
SUB04_000358,C04_1188,예금,44240000,2022-10-22,11650652,양재2동,패션·잡화,20254,1647219447,6677,6.23,12560000,-1.99,N,없음,0,11650652_패션·잡화
SUB04_000359,C04_1193,ISA,7850000,2025-10-18,11410565,충현동,가구·인테리어,20254,134244606,7983,-0.82,1000000,4.65,N,없음,0,11410565_가구·인테리어
SUB04_000360,C04_0820,예금,24350000,2025-10-04,11290580,돈암1동,패션·잡화,20254,18508390,72,6.71,1000000,2.76,N,없음,0,11290580_패션·잡화
SUB04_000361,C04_1333,예금,23160000,2024-08-18,11620685,신사동,가구·인테리어,20254,264283087,5333,154.0,1500000,100.0,Y,운전자금대출,400000,11620685_가구·인테리어
SUB04_000362,C04_1857,펀드,13740000,2025-10-08,11170685,한남동,숙박,20254,101844110,1142,12.62,1000000,5.59,Y,소상공인신용대출,600000,11170685_숙박
SUB04_000363,C04_1105,펀드,20300000,2022-11-30,11470540,목4동,패션·잡화,20254,1332529208,12145,-15.32,4140000,-17.21,Y,운전자금대출,1500000,11470540_패션·잡화
SUB04_000364,C04_0297,예금,94410000,2023-05-26,11170560,원효로1동,숙박,20254,806538,21,-71.36,1000000,-52.02,Y,운전자금대출,600000,11170560_숙박
SUB04_000365,C04_0991,펀드,18880000,2022-02-17,11110680,창신2동,가구·인테리어,20254,1788436,253,-60.0,1000000,-48.2,Y,소상공인신용대출,700000,11110680_가구·인테리어
SUB04_000366,C04_0990,펀드,7120000,2022-06-12,11320512,창2동,가구·인테리어,20254,22760235,326,-44.86,1000000,-53.98,Y,운전자금대출,500000,11320512_가구·인테리어
SUB04_000367,C04_1395,ISA,19150000,2025-05-18,11410720,북가좌2동,가구·인테리어,20254,3779909743,71911,-14.2,14710000,-10.13,N,없음,0,11410720_가구·인테리어
SUB04_000368,C04_1404,적금,4570000,2024-10-12,11470510,목1동,가구·인테리어,20254,523219767,21364,67.14,1920000,48.48,N,없음,0,11470510_가구·인테리어
SUB04_000369,C04_1823,펀드,21260000,2024-07-03,11470530,목3동,문화·취미·반려,20254,268174828,9291,20.0,1410000,26.95,N,없음,0,11470530_문화·취미·반려
SUB04_000370,C04_1910,ISA,14940000,2025-03-22,11290640,정릉3동,미용·뷰티,20254,195221276,5872,-7.12,1000000,4.12,Y,운전자금대출,500000,11290640_미용·뷰티
SUB04_000371,C04_0716,예금,28100000,2023-04-22,11500641,방화3동,문화·취미·반려,20254,40456323,2096,-7.54,1000000,-5.9,N,없음,0,11500641_문화·취미·반려
SUB04_000372,C04_0861,예금,49920000,2025-04-15,11290575,동선동,미용·뷰티,20254,3240034849,46138,-13.14,51450000,-10.37,Y,운전자금대출,26100000,11290575_미용·뷰티
SUB04_000373,C04_0001,예금,41560000,2023-12-06,11320521,도봉1동,음식·음료,20254,13321742518,509503,-0.61,59680000,-8.79,N,없음,0,11320521_음식·음료
SUB04_000374,C04_1109,ISA,11640000,2023-06-17,11170510,후암동,가구·인테리어,20254,346761613,18186,104.99,1150000,95.09,N,없음,0,11170510_가구·인테리어
SUB04_000375,C04_1155,적금,4000000,2024-10-19,11470520,목2동,음식·음료,20254,8243756055,286320,1.45,56910000,10.24,Y,소상공인신용대출,15200000,11470520_음식·음료
SUB04_000376,C04_0501,적금,7110000,2022-08-30,11440600,대흥동,생활서비스,20254,38743072,1393,46.62,1000000,23.87,N,없음,0,11440600_생활서비스
SUB04_000377,C04_1576,적금,7370000,2025-12-17,11440740,상암동,생활서비스,20254,157214130,8037,40.91,1000000,18.68,N,없음,0,11440740_생활서비스
SUB04_000378,C04_1903,펀드,21390000,2024-05-09,11530760,개봉3동,미용·뷰티,20254,537154323,16567,-11.44,4960000,-10.29,Y,소상공인신용대출,2500000,11530760_미용·뷰티
SUB04_000379,C04_0428,ISA,9300000,2025-11-18,11530720,고척1동,식료품·편의소매,20254,5667106367,607887,-3.71,13640000,3.3,N,없음,0,11530720_식료품·편의소매
SUB04_000380,C04_1530,예금,41070000,2025-08-18,11260600,중화1동,음식·음료,20254,1418808781,43753,-9.22,8940000,-14.96,N,없음,0,11260600_음식·음료
SUB04_000381,C04_1413,펀드,10510000,2025-09-22,11470600,신월5동,패션·잡화,20254,97791379,588,132.03,1000000,100.0,N,없음,0,11470600_패션·잡화
SUB04_000382,C04_1139,펀드,56480000,2022-01-17,11290770,장위2동,가구·인테리어,20254,654743315,6797,74.52,3330000,83.83,N,없음,0,11290770_가구·인테리어
SUB04_000383,C04_1786,적금,6550000,2023-04-05,11350619,중계본동,미용·뷰티,20254,386534765,8583,0.53,1070000,6.59,Y,소상공인신용대출,300000,11350619_미용·뷰티
SUB04_000384,C04_1539,펀드,9180000,2022-03-03,11305545,송중동,문화·취미·반려,20254,145778660,3309,17.95,1630000,37.17,N,없음,0,11305545_문화·취미·반려
SUB04_000385,C04_1861,적금,5710000,2023-07-23,11545670,시흥1동,숙박,20254,201573671,4449,-25.32,3910000,-28.27,N,없음,0,11545670_숙박
SUB04_000386,C04_1895,예금,56100000,2023-12-14,11440720,성산1동,문화·취미·반려,20254,42482031,4349,-95.08,1000000,-70.0,Y,시설자금대출,500000,11440720_문화·취미·반려
SUB04_000387,C04_0442,펀드,5640000,2024-08-21,11470530,목3동,미용·뷰티,20254,804140410,16695,-2.81,5390000,3.11,N,없음,0,11470530_미용·뷰티
SUB04_000388,C04_0530,예금,56450000,2023-10-07,11290525,성북동,가구·인테리어,20254,606176418,16563,-28.85,4880000,-16.81,N,없음,0,11290525_가구·인테리어
SUB04_000389,C04_0305,적금,7910000,2024-05-17,11650620,방배3동,자동차·운송서비스,20254,86475909,1185,-3.07,1290000,-6.98,N,없음,0,11650620_자동차·운송서비스
SUB04_000390,C04_1141,예금,19570000,2023-07-15,11710531,거여1동,패션·잡화,20254,140851368,1036,8.18,1000000,23.5,N,없음,0,11710531_패션·잡화
SUB04_000391,C04_0864,펀드,19120000,2023-06-07,11530530,구로2동,문화·취미·반려,20254,2421925929,75190,0.24,24610000,-11.37,Y,시설자금대출,17000000,11530530_문화·취미·반려
SUB04_000392,C04_1002,ISA,9830000,2025-08-22,11710580,송파1동,자동차·운송서비스,20254,1170657286,8219,-20.83,6220000,-28.25,N,없음,0,11710580_자동차·운송서비스
SUB04_000393,C04_1611,예금,42270000,2024-02-19,11530530,구로2동,패션·잡화,20254,1808049388,18277,40.02,7170000,10.76,N,없음,0,11530530_패션·잡화
SUB04_000394,C04_1740,적금,5940000,2024-06-27,11380632,신사2동,자동차·운송서비스,20254,499456523,1722,7.48,4190000,12.55,N,없음,0,11380632_자동차·운송서비스
SUB04_000395,C04_1506,펀드,18470000,2025-09-10,11470640,신정3동,문화·취미·반려,20254,676164263,35000,13.24,5460000,34.67,N,없음,0,11470640_문화·취미·반려
SUB04_000396,C04_1947,ISA,5300000,2025-07-10,11440690,망원1동,자동차·운송서비스,20254,191013695,1327,-14.87,1000000,-27.93,Y,운전자금대출,700000,11440690_자동차·운송서비스
SUB04_000397,C04_1868,ISA,18340000,2025-03-01,11140670,황학동,가구·인테리어,20254,6152389304,22334,-11.66,54370000,-31.03,Y,운전자금대출,41300000,11140670_가구·인테리어
SUB04_000398,C04_1027,적금,4720000,2022-11-04,11500611,발산1동,자동차·운송서비스,20254,1226987985,7940,-34.6,14060000,-42.88,Y,운전자금대출,4600000,11500611_자동차·운송서비스
SUB04_000399,C04_0845,펀드,25940000,2023-07-09,11500535,등촌3동,식료품·편의소매,20254,7034475689,764148,-14.04,16010000,-17.7,Y,운전자금대출,7500000,11500535_식료품·편의소매
SUB04_000400,C04_1105,예금,28310000,2024-04-25,11470540,목4동,패션·잡화,20254,1332529208,12145,-15.32,4140000,-17.21,Y,운전자금대출,1500000,11470540_패션·잡화
SUB04_000401,C04_1225,예금,41810000,2022-07-15,11620715,난향동,패션·잡화,20254,98446092,3478,48.84,1000000,58.7,N,없음,0,11620715_패션·잡화
SUB04_000402,C04_0450,펀드,11860000,2022-05-26,11350611,하계1동,생활서비스,20254,81114520,3870,104.35,1860000,100.0,N,없음,0,11350611_생활서비스
SUB04_000403,C04_1989,펀드,10070000,2025-12-16,11440585,도화동,여가·오락,20254,466713605,16576,22.17,1800000,46.95,Y,소상공인신용대출,300000,11440585_여가·오락
SUB04_000404,C04_0515,ISA,15200000,2023-01-03,11545710,시흥5동,미용·뷰티,20254,385256953,11026,-25.49,3540000,-14.82,N,없음,0,11545710_미용·뷰티
SUB04_000405,C04_1819,적금,6000000,2025-02-09,11380551,갈현1동,문화·취미·반려,20254,671416964,21403,55.5,4770000,36.82,N,없음,0,11380551_문화·취미·반려
SUB04_000406,C04_0540,펀드,16290000,2022-10-25,11320512,창2동,생활서비스,20254,29943395,1585,66.7,1000000,64.53,N,없음,0,11320512_생활서비스
SUB04_000407,C04_1853,ISA,34310000,2023-03-29,11170625,한강로동,음식·음료,20254,66860765888,1801821,6.96,716310000,-9.58,N,없음,0,11170625_음식·음료
SUB04_000408,C04_0150,적금,8910000,2025-12-27,11320514,창4동,음식·음료,20254,12144657960,521891,6.34,152650000,-1.66,Y,시설자금대출,76100000,11320514_음식·음료
SUB04_000409,C04_1899,예금,18260000,2023-04-11,11545610,독산1동,문화·취미·반려,20254,925844381,44840,-19.0,3120000,-17.96,N,없음,0,11545610_문화·취미·반려
SUB04_000410,C04_0990,ISA,9700000,2024-04-18,11320512,창2동,가구·인테리어,20254,22760235,326,-44.86,1000000,-53.98,Y,운전자금대출,500000,11320512_가구·인테리어
SUB04_000411,C04_0596,예금,25220000,2025-05-10,11305615,수유1동,패션·잡화,20254,6451853543,70650,78.44,27740000,63.37,N,없음,0,11305615_패션·잡화
SUB04_000412,C04_0076,예금,52720000,2024-03-31,11680750,수서동,음식·음료,20254,18358541149,959829,-1.5,181650000,-12.18,Y,소상공인신용대출,88600000,11680750_음식·음료
SUB04_000413,C04_0515,ISA,13160000,2023-10-05,11545710,시흥5동,미용·뷰티,20254,385256953,11026,-25.49,3540000,-14.82,N,없음,0,11545710_미용·뷰티
SUB04_000414,C04_0117,적금,6510000,2023-11-02,11500605,가양3동,음식·음료,20254,2143085254,148071,1.77,14940000,-4.5,Y,시설자금대출,2700000,11500605_음식·음료
SUB04_000415,C04_1375,적금,5980000,2025-01-13,11170580,효창동,음식·음료,20254,1891785389,143253,-7.25,11480000,6.21,N,없음,0,11170580_음식·음료
SUB04_000416,C04_1723,펀드,16980000,2025-03-20,11680610,대치2동,문화·취미·반려,20254,1618775172,55455,-7.42,3820000,-14.54,Y,소상공인신용대출,1500000,11680610_문화·취미·반려
SUB04_000417,C04_0256,예금,17410000,2022-02-21,11440690,망원1동,가구·인테리어,20254,2602004050,8089,139.78,21980000,100.0,N,없음,0,11440690_가구·인테리어
SUB04_000418,C04_1267,펀드,9490000,2024-06-30,11710720,잠실7동,음식·음료,20254,85449529,4812,-7.83,1380000,9.06,Y,운전자금대출,500000,11710720_음식·음료
SUB04_000419,C04_1051,펀드,22770000,2025-05-26,11590670,신대방1동,생활서비스,20254,71970959,4679,43.11,1000000,54.72,Y,소상공인신용대출,300000,11590670_생활서비스
SUB04_000420,C04_0239,적금,2450000,2024-08-04,11350710,상계9동,문화·취미·반려,20254,85215233,5122,-27.32,1000000,-31.43,Y,소상공인신용대출,500000,11350710_문화·취미·반려
SUB04_000421,C04_0328,펀드,13830000,2024-11-03,11500605,가양3동,음식·음료,20254,2143085254,148071,1.77,16640000,-5.23,Y,소상공인신용대출,7500000,11500605_음식·음료
SUB04_000422,C04_0653,펀드,13780000,2025-06-23,11380650,수색동,패션·잡화,20254,285062724,3020,32.77,1260000,29.58,N,없음,0,11380650_패션·잡화
SUB04_000423,C04_0707,예금,34150000,2023-12-03,11500604,가양2동,패션·잡화,20254,202771911,2096,28.17,1750000,4.98,N,없음,0,11500604_패션·잡화
SUB04_000424,C04_1960,펀드,22630000,2022-10-27,11410660,홍은1동,패션·잡화,20254,511507137,6531,-5.37,5350000,8.98,Y,운전자금대출,2000000,11410660_패션·잡화
SUB04_000425,C04_0369,적금,2480000,2024-12-03,11500570,화곡4동,가구·인테리어,20254,431082813,4674,8.27,8080000,4.89,Y,시설자금대출,2000000,11500570_가구·인테리어
SUB04_000426,C04_1464,적금,3280000,2023-11-06,11500570,화곡4동,전자기기·수리,20254,157464235,1819,3.51,1000000,2.87,Y,시설자금대출,300000,11500570_전자기기·수리
SUB04_000427,C04_1733,ISA,22750000,2025-06-15,11530790,수궁동,생활서비스,20254,59592850,3486,76.57,1000000,76.67,N,없음,0,11530790_생활서비스
SUB04_000428,C04_1992,펀드,8310000,2024-04-08,11620665,서림동,음식·음료,20254,4769906624,188123,-0.78,35570000,6.53,N,없음,0,11620665_음식·음료
SUB04_000429,C04_1377,ISA,20900000,2023-09-24,11290555,삼선동,자동차·운송서비스,20254,59608588,414,-56.21,1000000,-62.03,Y,시설자금대출,500000,11290555_자동차·운송서비스
SUB04_000430,C04_1057,적금,2720000,2023-05-30,11260550,면목5동,문화·취미·반려,20254,120105067,9096,-15.53,1000000,-34.04,Y,시설자금대출,500000,11260550_문화·취미·반려
SUB04_000431,C04_0355,적금,5770000,2023-06-24,11290575,동선동,문화·취미·반려,20254,438828144,22698,27.11,2170000,23.35,N,없음,0,11290575_문화·취미·반려
SUB04_000432,C04_1583,ISA,12980000,2025-11-06,11230740,이문1동,가구·인테리어,20254,11178528,118,672.36,1000000,100.0,Y,운전자금대출,200000,11230740_가구·인테리어
SUB04_000433,C04_0632,ISA,23460000,2025-08-15,11380520,불광1동,생활서비스,20254,74566525,3379,41.07,1200000,19.77,Y,운전자금대출,200000,11380520_생활서비스
SUB04_000434,C04_0508,예금,24380000,2023-05-20,11470610,신월6동,식료품·편의소매,20254,4724996737,297762,4.63,28670000,-11.08,N,없음,0,11470610_식료품·편의소매
SUB04_000435,C04_1300,예금,50470000,2023-02-04,11320670,쌍문2동,패션·잡화,20254,673548390,5482,4.7,6340000,-4.89,Y,시설자금대출,3000000,11320670_패션·잡화
SUB04_000436,C04_0326,적금,2530000,2024-03-18,11470630,신정2동,생활서비스,20254,9403608,592,-6.75,1000000,-12.69,Y,시설자금대출,700000,11470630_생활서비스
SUB04_000437,C04_1293,적금,3080000,2025-08-11,11680656,도곡2동,생활서비스,20254,203279509,6438,88.94,1850000,84.51,N,없음,0,11680656_생활서비스
SUB04_000438,C04_0387,예금,26650000,2022-09-22,11740515,강일동,미용·뷰티,20254,339369725,12057,5.96,2780000,-3.71,N,없음,0,11740515_미용·뷰티
SUB04_000439,C04_0771,ISA,22030000,2023-05-19,11215770,중곡4동,생활서비스,20254,54810095,4627,22.44,1000000,40.97,N,없음,0,11215770_생활서비스
SUB04_000440,C04_1553,ISA,12010000,2022-01-31,11215710,화양동,생활서비스,20254,293727146,28256,23.4,1000000,2.53,Y,운전자금대출,500000,11215710_생활서비스
SUB04_000441,C04_0595,예금,49700000,2023-07-08,11440730,성산2동,전자기기·수리,20254,353202148,7753,382.09,2570000,100.0,Y,운전자금대출,1600000,11440730_전자기기·수리
SUB04_000442,C04_0662,ISA,22300000,2023-12-11,11290685,길음2동,자동차·운송서비스,20254,148108802,1556,-0.73,1230000,13.99,N,없음,0,11290685_자동차·운송서비스
SUB04_000443,C04_1642,ISA,8090000,2024-06-29,11500615,우장산동,식료품·편의소매,20254,5134331313,598618,-1.27,54520000,-14.95,N,없음,0,11500615_식료품·편의소매
SUB04_000444,C04_1247,ISA,31730000,2025-08-21,11560700,대림1동,식료품·편의소매,20254,6668251725,578081,5.22,119480000,3.62,N,없음,0,11560700_식료품·편의소매
SUB04_000445,C04_1198,펀드,21190000,2025-01-07,11560550,당산1동,패션·잡화,20254,575329605,4552,-3.53,5410000,-6.24,N,없음,0,11560550_패션·잡화
SUB04_000446,C04_1141,펀드,11780000,2023-02-13,11710531,거여1동,패션·잡화,20254,140851368,1036,8.18,1000000,23.5,N,없음,0,11710531_패션·잡화
SUB04_000447,C04_1689,적금,2390000,2025-05-27,11170510,후암동,자동차·운송서비스,20254,442589671,2156,-11.73,2160000,-12.74,Y,운전자금대출,1400000,11170510_자동차·운송서비스
SUB04_000448,C04_2000,펀드,9840000,2024-12-02,11740530,명일1동,자동차·운송서비스,20254,285280436,1403,-1.37,4170000,-6.28,Y,소상공인신용대출,2000000,11740530_자동차·운송서비스
SUB04_000449,C04_0468,적금,5800000,2025-04-18,11650660,내곡동,음식·음료,20254,3171613387,164251,-3.35,24340000,-18.7,N,없음,0,11650660_음식·음료
SUB04_000450,C04_0864,예금,46140000,2023-07-07,11530530,구로2동,문화·취미·반려,20254,2421925929,75190,0.24,24610000,-11.37,Y,시설자금대출,17000000,11530530_문화·취미·반려
SUB04_000451,C04_0944,적금,5810000,2022-01-16,11170590,용문동,전자기기·수리,20254,1238477633,3767,0.49,5430000,16.72,N,없음,0,11170590_전자기기·수리
SUB04_000452,C04_0348,적금,4470000,2024-08-10,11560535,영등포동,자동차·운송서비스,20254,2928282952,15875,8.98,26930000,22.03,Y,운전자금대출,11500000,11560535_자동차·운송서비스
SUB04_000453,C04_0913,펀드,17550000,2025-12-16,11680670,개포2동,문화·취미·반려,20254,102908922,3684,-25.16,1000000,-21.6,Y,시설자금대출,600000,11680670_문화·취미·반려
SUB04_000454,C04_0153,예금,23310000,2022-11-21,11260600,중화1동,전자기기·수리,20254,359207525,1909,266.75,1410000,100.0,Y,시설자금대출,400000,11260600_전자기기·수리
SUB04_000455,C04_1727,예금,171120000,2024-02-23,11545690,시흥3동,음식·음료,20254,3158897241,128618,-0.31,17410000,-9.23,N,없음,0,11545690_음식·음료
SUB04_000456,C04_0301,ISA,11400000,2025-05-21,11350670,상계5동,전자기기·수리,20254,52988182,429,-4.65,1000000,-5.12,Y,운전자금대출,300000,11350670_전자기기·수리
SUB04_000457,C04_0982,적금,1200000,2022-10-30,11530790,수궁동,전자기기·수리,20254,261252103,1737,459.25,1090000,100.0,Y,소상공인신용대출,200000,11530790_전자기기·수리
SUB04_000458,C04_1039,ISA,18970000,2024-04-01,11230545,제기동,생활서비스,20254,113384280,5942,49.64,1420000,45.95,Y,운전자금대출,200000,11230545_생활서비스
SUB04_000459,C04_1128,적금,2140000,2025-04-10,11620765,미성동,문화·취미·반려,20254,91073825,3239,-10.71,1000000,-4.09,Y,운전자금대출,400000,11620765_문화·취미·반려
SUB04_000460,C04_1888,ISA,12290000,2023-02-11,11230536,용신동,여가·오락,20254,1199939779,21709,-6.41,5140000,-9.23,Y,운전자금대출,1700000,11230536_여가·오락
SUB04_000461,C04_0275,펀드,18260000,2022-03-21,11215860,구의2동,전자기기·수리,20254,1211537986,11993,16.85,4710000,6.62,Y,소상공인신용대출,2200000,11215860_전자기기·수리
SUB04_000462,C04_0734,예금,24240000,2024-02-05,11530540,구로3동,미용·뷰티,20254,5298667919,50715,-14.87,19200000,-15.48,N,없음,0,11530540_미용·뷰티
SUB04_000463,C04_1436,예금,27860000,2025-03-28,11740620,천호3동,식료품·편의소매,20254,8579816478,800894,0.65,67480000,-7.58,Y,운전자금대출,28400000,11740620_식료품·편의소매
SUB04_000464,C04_1428,예금,62440000,2024-12-04,11170570,원효로2동,음식·음료,20254,2764234807,140636,17.05,11430000,3.11,N,없음,0,11170570_음식·음료
SUB04_000465,C04_1709,적금,3480000,2023-05-26,11470630,신정2동,패션·잡화,20254,295168003,2792,-26.5,2430000,-10.65,N,없음,0,11470630_패션·잡화
SUB04_000466,C04_0772,펀드,14640000,2022-02-24,11290610,보문동,가구·인테리어,20254,404533985,14550,23.6,1740000,15.52,Y,시설자금대출,700000,11290610_가구·인테리어
SUB04_000467,C04_0967,ISA,25790000,2024-02-22,11650652,양재2동,자동차·운송서비스,20254,9479701620,40063,1.28,130100000,14.47,Y,소상공인신용대출,74100000,11650652_자동차·운송서비스
SUB04_000468,C04_1509,예금,23990000,2022-05-25,11260680,신내1동,음식·음료,20254,13464005103,456619,-0.93,92560000,5.22,Y,시설자금대출,24400000,11260680_음식·음료
SUB04_000469,C04_1049,펀드,14460000,2025-05-08,11650520,서초2동,패션·잡화,20254,2078047880,26765,36.31,15280000,34.95,N,없음,0,11650520_패션·잡화
SUB04_000470,C04_0368,예금,33720000,2023-09-18,11740600,천호1동,미용·뷰티,20254,429115463,14528,3.62,3630000,4.29,N,없음,0,11740600_미용·뷰티
SUB04_000471,C04_1309,ISA,10220000,2025-06-14,11680655,도곡1동,자동차·운송서비스,20254,689015839,5281,10.45,1000000,5.81,N,없음,0,11680655_자동차·운송서비스
SUB04_000472,C04_1297,ISA,9040000,2025-01-08,11350611,하계1동,여가·오락,20254,130061735,2999,7.81,1000000,18.22,Y,운전자금대출,500000,11350611_여가·오락
SUB04_000473,C04_0163,ISA,14080000,2024-01-17,11620695,신림동,생활서비스,20254,371520230,53675,33.13,1000000,37.57,N,없음,0,11620695_생활서비스
SUB04_000474,C04_1893,예금,83660000,2023-11-27,11560660,신길4동,자동차·운송서비스,20254,19965451,174,-46.2,1000000,-48.88,N,없음,0,11560660_자동차·운송서비스
SUB04_000475,C04_1765,펀드,22760000,2024-10-09,11680531,논현2동,여가·오락,20254,656569207,53121,8.45,2160000,4.95,N,없음,0,11680531_여가·오락
SUB04_000476,C04_0329,펀드,23490000,2022-06-08,11440720,성산1동,식료품·편의소매,20254,4469852526,366514,-18.14,47950000,-10.7,Y,운전자금대출,18900000,11440720_식료품·편의소매
SUB04_000477,C04_1207,펀드,39640000,2025-03-29,11680720,일원본동,패션·잡화,20254,173695685,884,-44.23,1000000,-53.18,Y,시설자금대출,400000,11680720_패션·잡화
SUB04_000478,C04_0074,적금,3550000,2023-07-09,11440710,연남동,생활서비스,20254,168151208,22519,5.69,1000000,20.81,N,없음,0,11440710_생활서비스
SUB04_000479,C04_1277,ISA,6290000,2025-05-29,11650580,반포3동,음식·음료,20254,11757811101,401702,-1.12,133050000,-10.14,N,없음,0,11650580_음식·음료
SUB04_000480,C04_1645,예금,26060000,2025-01-05,11380560,구산동,문화·취미·반려,20254,94559629,3739,20.95,1000000,44.84,N,없음,0,11380560_문화·취미·반려
SUB04_000481,C04_0680,예금,21600000,2022-07-11,11560535,영등포동,자동차·운송서비스,20254,2928282952,15875,8.98,18480000,26.06,N,없음,0,11560535_자동차·운송서비스
SUB04_000482,C04_1596,적금,2020000,2025-01-24,11740685,길동,패션·잡화,20254,2018551479,37505,-7.34,28240000,-3.52,N,없음,0,11740685_패션·잡화
SUB04_000483,C04_1687,펀드,23080000,2023-05-05,11170690,서빙고동,음식·음료,20254,1322050894,61734,3.48,5650000,-1.9,N,없음,0,11170690_음식·음료
SUB04_000484,C04_0811,적금,3800000,2022-11-22,11710680,잠실3동,미용·뷰티,20254,4511262167,50354,2.45,34130000,7.97,N,없음,0,11710680_미용·뷰티
SUB04_000485,C04_0045,ISA,15150000,2023-08-22,11320680,쌍문3동,가구·인테리어,20254,5633437909,70365,40.39,83910000,36.15,Y,운전자금대출,30200000,11320680_가구·인테리어
SUB04_000486,C04_1733,적금,3270000,2024-03-22,11530790,수궁동,생활서비스,20254,59592850,3486,76.57,1000000,76.67,N,없음,0,11530790_생활서비스
SUB04_000487,C04_0282,펀드,30340000,2024-03-19,11620545,청림동,식료품·편의소매,20254,471080772,39152,-12.84,2890000,-2.37,Y,소상공인신용대출,1600000,11620545_식료품·편의소매
SUB04_000488,C04_1036,ISA,29960000,2024-07-15,11545610,독산1동,미용·뷰티,20254,1326931010,19991,8.63,11350000,11.91,Y,운전자금대출,2400000,11545610_미용·뷰티
SUB04_000489,C04_0604,ISA,17200000,2025-04-24,11740600,천호1동,음식·음료,20254,6983771516,291070,1.14,47710000,9.85,Y,운전자금대출,11600000,11740600_음식·음료
SUB04_000490,C04_0834,펀드,4560000,2022-05-09,11110615,종로1·2·3·4가동,여가·오락,20254,2522135871,136590,2.39,16630000,-1.44,Y,운전자금대출,7000000,11110615_여가·오락
SUB04_000491,C04_1448,펀드,19300000,2023-11-14,11545710,시흥5동,가구·인테리어,20254,74141623,627,-39.76,1000000,-41.74,Y,운전자금대출,500000,11545710_가구·인테리어
SUB04_000492,C04_0724,적금,4830000,2025-09-11,11740640,성내1동,여가·오락,20254,120866486,2115,-30.07,1000000,-21.45,Y,시설자금대출,400000,11740640_여가·오락
SUB04_000493,C04_0832,펀드,19170000,2022-12-22,11470640,신정3동,식료품·편의소매,20254,6713346924,604258,4.71,33180000,14.78,Y,운전자금대출,19800000,11470640_식료품·편의소매
SUB04_000494,C04_1948,예금,31310000,2023-01-13,11260600,중화1동,패션·잡화,20254,377081222,3011,4.42,3090000,18.78,N,없음,0,11260600_패션·잡화
SUB04_000495,C04_0571,ISA,94320000,2025-03-29,11290660,길음1동,음식·음료,20254,2251783079,137859,-6.25,6000000,-10.27,Y,운전자금대출,3900000,11290660_음식·음료
SUB04_000496,C04_1280,예금,35390000,2024-08-24,11710540,마천1동,패션·잡화,20254,258485970,2144,23.77,1000000,26.35,Y,소상공인신용대출,400000,11710540_패션·잡화
SUB04_000497,C04_0048,예금,104590000,2024-06-29,11590550,상도3동,생활서비스,20254,76887390,4737,38.18,1000000,50.03,N,없음,0,11590550_생활서비스
SUB04_000498,C04_1202,펀드,30820000,2024-05-04,11680750,수서동,여가·오락,20254,155029262,10203,13.47,1000000,12.34,N,없음,0,11680750_여가·오락
SUB04_000499,C04_1762,펀드,24650000,2025-01-25,11620695,신림동,생활서비스,20254,371520230,53675,33.13,6890000,37.03,N,없음,0,11620695_생활서비스
SUB04_000500,C04_1670,ISA,22250000,2024-08-07,11290705,종암동,패션·잡화,20254,1050626796,12967,15.98,5910000,-21.74,N,없음,0,11290705_패션·잡화
SUB04_000501,C04_1289,펀드,9850000,2024-04-02,11740620,천호3동,식료품·편의소매,20254,8579816478,800894,0.65,30170000,12.42,Y,시설자금대출,13100000,11740620_식료품·편의소매
SUB04_000502,C04_0047,펀드,7940000,2024-09-03,11590640,사당3동,가구·인테리어,20254,44818542,742,2.81,1000000,4.23,N,없음,0,11590640_가구·인테리어
SUB04_000503,C04_1924,예금,40590000,2022-04-29,11680656,도곡2동,전자기기·수리,20254,15023299,1067,42.2,1000000,48.91,N,없음,0,11680656_전자기기·수리
SUB04_000504,C04_1742,적금,11150000,2023-11-26,11290770,장위2동,가구·인테리어,20254,654743315,6797,74.52,5210000,64.84,N,없음,0,11290770_가구·인테리어
SUB04_000505,C04_1463,ISA,6460000,2025-04-14,11500550,화곡2동,음식·음료,20254,953137200,46880,-11.27,17490000,-29.2,N,없음,0,11500550_음식·음료
SUB04_000506,C04_0719,적금,7200000,2023-09-03,11470620,신정1동,식료품·편의소매,20254,7686033675,568699,6.93,73650000,10.14,N,없음,0,11470620_식료품·편의소매
SUB04_000507,C04_1600,예금,65080000,2023-08-30,11530740,개봉1동,식료품·편의소매,20254,11326087377,768413,-3.82,85250000,-40.7,N,없음,0,11530740_식료품·편의소매
SUB04_000508,C04_0904,펀드,9860000,2024-06-30,11170590,용문동,가구·인테리어,20254,1445837118,10702,261.12,15740000,100.0,N,없음,0,11170590_가구·인테리어
SUB04_000509,C04_0411,펀드,21060000,2024-01-16,11410565,충현동,여가·오락,20254,262668227,27373,-13.73,1950000,-17.08,Y,시설자금대출,1400000,11410565_여가·오락
SUB04_000510,C04_1735,펀드,15040000,2023-05-31,11710540,마천1동,미용·뷰티,20254,360527966,6073,28.62,1320000,22.74,N,없음,0,11710540_미용·뷰티
SUB04_000511,C04_0282,펀드,25920000,2022-11-19,11620545,청림동,식료품·편의소매,20254,471080772,39152,-12.84,2890000,-2.37,Y,소상공인신용대출,1600000,11620545_식료품·편의소매
SUB04_000512,C04_0574,예금,17540000,2023-03-21,11740515,강일동,여가·오락,20254,188122755,28347,-0.6,1100000,1.52,Y,소상공인신용대출,600000,11740515_여가·오락
SUB04_000513,C04_0642,ISA,13340000,2023-05-12,11710531,거여1동,생활서비스,20254,72000000,4167,21.35,1000000,30.79,Y,운전자금대출,600000,11710531_생활서비스
SUB04_000514,C04_1467,ISA,18800000,2025-02-14,11215847,자양4동,식료품·편의소매,20254,9387119931,787006,0.17,66920000,4.71,Y,소상공인신용대출,35800000,11215847_식료품·편의소매
SUB04_000515,C04_1725,적금,2780000,2023-07-24,11680590,삼성2동,미용·뷰티,20254,4627891062,37284,-7.06,17680000,-3.54,Y,시설자금대출,5600000,11680590_미용·뷰티
SUB04_000516,C04_1084,예금,49750000,2022-06-07,11215730,군자동,문화·취미·반려,20254,428090788,6491,-36.84,4400000,-26.17,Y,시설자금대출,1800000,11215730_문화·취미·반려
SUB04_000517,C04_0205,예금,38290000,2025-06-24,11590651,사당5동,미용·뷰티,20254,108705857,3729,0.04,1000000,8.3,N,없음,0,11590651_미용·뷰티
SUB04_000518,C04_0062,적금,1330000,2022-04-16,11545610,독산1동,식료품·편의소매,20254,216160603590,2614360,12.51,1452770000,2.42,Y,시설자금대출,299900000,11545610_식료품·편의소매
SUB04_000519,C04_0988,ISA,32810000,2022-03-12,11440740,상암동,음식·음료,20254,44634883982,2131711,-0.55,338560000,-0.24,N,없음,0,11440740_음식·음료
SUB04_000520,C04_0247,펀드,7190000,2024-07-13,11290760,장위1동,식료품·편의소매,20254,3739845073,395649,-3.3,17020000,-15.6,Y,운전자금대출,9200000,11290760_식료품·편의소매
SUB04_000521,C04_0544,적금,3640000,2022-02-20,11110530,사직동,숙박,20254,76450722,1430,3.16,1000000,9.29,Y,시설자금대출,600000,11110530_숙박
SUB04_000522,C04_1886,펀드,15230000,2023-03-12,11410620,홍제1동,생활서비스,20254,48163442,3341,71.67,1000000,96.12,N,없음,0,11410620_생활서비스
SUB04_000523,C04_1010,펀드,14210000,2024-01-19,11230740,이문1동,음식·음료,20254,13060217362,992336,12.34,31070000,16.09,N,없음,0,11230740_음식·음료
SUB04_000524,C04_0397,ISA,24360000,2023-03-24,11500540,화곡1동,생활서비스,20254,160770263,8086,110.73,1740000,99.59,N,없음,0,11500540_생활서비스
SUB04_000525,C04_1860,펀드,13180000,2025-09-18,11545680,시흥2동,미용·뷰티,20254,234468487,6676,-53.62,4350000,-59.05,Y,시설자금대출,3500000,11545680_미용·뷰티
SUB04_000526,C04_1623,예금,34990000,2024-12-26,11560535,영등포동,식료품·편의소매,20254,104315357569,3203024,-6.21,990760000,-11.71,Y,시설자금대출,606400000,11560535_식료품·편의소매
SUB04_000527,C04_1881,적금,4970000,2023-07-04,11620625,인헌동,패션·잡화,20254,1596102860,19991,13.08,7640000,20.65,N,없음,0,11620625_패션·잡화
SUB04_000528,C04_0883,적금,5000000,2025-06-29,11680740,일원2동,음식·음료,20254,620590753,38654,-5.75,6020000,-15.48,Y,시설자금대출,3500000,11680740_음식·음료
SUB04_000529,C04_0052,적금,3160000,2022-10-16,11740650,성내2동,전자기기·수리,20254,21334825,158,4.37,1000000,8.91,N,없음,0,11740650_전자기기·수리
SUB04_000530,C04_0065,적금,3580000,2025-11-20,11230536,용신동,숙박,20254,380610026,12077,47.77,2870000,54.63,N,없음,0,11230536_숙박
SUB04_000531,C04_1140,펀드,12030000,2024-04-02,11650620,방배3동,미용·뷰티,20254,483757020,5050,1.81,7040000,-27.21,Y,운전자금대출,2100000,11650620_미용·뷰티
SUB04_000532,C04_0384,예금,24110000,2023-10-09,11110710,숭인2동,미용·뷰티,20254,128161579,2595,-6.33,1000000,-5.55,Y,소상공인신용대출,200000,11110710_미용·뷰티
SUB04_000533,C04_0147,펀드,4330000,2024-11-30,11500605,가양3동,전자기기·수리,20254,225254688,4390,-28.48,1330000,-19.13,N,없음,0,11500605_전자기기·수리
SUB04_000534,C04_1302,예금,52040000,2024-08-30,11620595,청룡동,숙박,20254,747969175,23457,-7.34,1830000,6.56,Y,시설자금대출,500000,11620595_숙박
SUB04_000535,C04_1480,예금,33010000,2025-12-12,11215870,구의3동,가구·인테리어,20254,1511832083,19119,13.8,8280000,18.89,N,없음,0,11215870_가구·인테리어
SUB04_000536,C04_1193,적금,5750000,2023-05-16,11410565,충현동,가구·인테리어,20254,134244606,7983,-0.82,1000000,4.65,N,없음,0,11410565_가구·인테리어
SUB04_000537,C04_0799,ISA,30690000,2024-02-06,11440740,상암동,패션·잡화,20254,925585603,11425,3.59,5760000,17.63,Y,운전자금대출,3000000,11440740_패션·잡화
SUB04_000538,C04_0208,적금,3470000,2024-07-23,11710561,방이1동,생활서비스,20254,79033818,4100,56.51,1000000,65.83,N,없음,0,11710561_생활서비스
SUB04_000539,C04_0479,펀드,7110000,2022-06-14,11215810,광장동,자동차·운송서비스,20254,788431750,5088,-1.77,6230000,-5.72,N,없음,0,11215810_자동차·운송서비스
SUB04_000540,C04_0847,펀드,16580000,2025-09-04,11380570,대조동,미용·뷰티,20254,1446196964,24451,-2.51,9710000,-5.46,Y,시설자금대출,5900000,11380570_미용·뷰티
SUB04_000541,C04_1522,ISA,14210000,2025-08-15,11140635,약수동,패션·잡화,20254,720188976,7809,49.86,10350000,54.99,Y,운전자금대출,5500000,11140635_패션·잡화
SUB04_000542,C04_0771,ISA,13420000,2025-09-05,11215770,중곡4동,생활서비스,20254,54810095,4627,22.44,1000000,40.97,N,없음,0,11215770_생활서비스
SUB04_000543,C04_1018,예금,48370000,2024-08-13,11230720,휘경1동,음식·음료,20254,6926940875,412703,-1.38,30290000,-11.05,N,없음,0,11230720_음식·음료
SUB04_000544,C04_1626,ISA,8910000,2025-10-30,11560585,도림동,전자기기·수리,20254,169481635,2892,76.53,1480000,79.41,N,없음,0,11560585_전자기기·수리
SUB04_000545,C04_1815,예금,83080000,2023-08-03,11590530,상도1동,패션·잡화,20254,646242797,5663,-9.65,3030000,5.08,N,없음,0,11590530_패션·잡화
SUB04_000546,C04_1973,펀드,21450000,2024-07-27,11215780,능동,음식·음료,20254,12171306573,387425,-1.5,54270000,-12.94,Y,소상공인신용대출,22200000,11215780_음식·음료
SUB04_000547,C04_1628,예금,54740000,2024-12-19,11650651,양재1동,음식·음료,20254,43569217476,1548811,5.52,121220000,14.61,N,없음,0,11650651_음식·음료
SUB04_000548,C04_0994,적금,4390000,2022-05-13,11620645,서원동,가구·인테리어,20254,132268680,2071,-25.68,1000000,-9.97,Y,시설자금대출,300000,11620645_가구·인테리어
SUB04_000549,C04_0324,예금,17920000,2023-10-21,11260610,중화2동,가구·인테리어,20254,279747032,7467,-21.76,2070000,-24.37,N,없음,0,11260610_가구·인테리어
SUB04_000550,C04_1143,적금,3500000,2023-07-04,11560540,여의동,식료품·편의소매,20254,30004022247,3005665,-7.21,227090000,-6.85,N,없음,0,11560540_식료품·편의소매
SUB04_000551,C04_1243,펀드,10240000,2024-04-04,11290555,삼선동,음식·음료,20254,16670973186,594863,2.53,88470000,-1.59,Y,운전자금대출,31000000,11290555_음식·음료
SUB04_000552,C04_1634,예금,33560000,2024-09-08,11710540,마천1동,음식·음료,20254,1695350462,116911,-4.86,8470000,4.05,Y,운전자금대출,2500000,11710540_음식·음료
SUB04_000553,C04_0571,예금,55880000,2023-01-09,11290660,길음1동,음식·음료,20254,2251783079,137859,-6.25,6000000,-10.27,Y,운전자금대출,3900000,11290660_음식·음료
SUB04_000554,C04_1017,ISA,49750000,2024-09-03,11620625,인헌동,음식·음료,20254,9429300454,545985,8.83,55310000,-7.58,Y,시설자금대출,28000000,11620625_음식·음료
SUB04_000555,C04_0391,ISA,37900000,2025-09-12,11545610,독산1동,자동차·운송서비스,20254,5248117383,27930,-7.78,26750000,-14.07,N,없음,0,11545610_자동차·운송서비스
SUB04_000556,C04_1516,ISA,14530000,2022-09-06,11710570,오금동,생활서비스,20254,152927944,7422,68.46,1160000,73.63,Y,소상공인신용대출,600000,11710570_생활서비스
SUB04_000557,C04_1820,ISA,14610000,2025-08-28,11740530,명일1동,여가·오락,20254,531564768,21513,12.63,3600000,-3.2,N,없음,0,11740530_여가·오락
SUB04_000558,C04_1259,ISA,16670000,2022-06-02,11680580,삼성1동,음식·음료,20254,119064183827,3225951,8.0,912590000,13.03,N,없음,0,11680580_음식·음료
SUB04_000559,C04_1456,예금,35360000,2022-05-23,11740515,강일동,생활서비스,20254,13955485,794,69.99,1000000,52.93,N,없음,0,11740515_생활서비스
SUB04_000560,C04_0480,ISA,19220000,2024-01-03,11440600,대흥동,패션·잡화,20254,189296778,2320,44.21,4580000,39.15,Y,시설자금대출,2500000,11440600_패션·잡화
SUB04_000561,C04_0799,ISA,11810000,2025-08-28,11440740,상암동,패션·잡화,20254,925585603,11425,3.59,5760000,17.63,Y,운전자금대출,3000000,11440740_패션·잡화
SUB04_000562,C04_0054,예금,30630000,2025-07-09,11170590,용문동,패션·잡화,20254,547130294,13425,25.84,4440000,11.14,N,없음,0,11170590_패션·잡화
SUB04_000563,C04_0701,적금,3190000,2025-07-27,11590670,신대방1동,음식·음료,20254,5094705197,226341,-4.71,34370000,-17.92,N,없음,0,11590670_음식·음료
SUB04_000564,C04_0669,적금,3140000,2022-04-12,11260600,중화1동,음식·음료,20254,1418808781,43753,-9.22,17360000,-24.71,Y,운전자금대출,10800000,11260600_음식·음료
SUB04_000565,C04_0386,펀드,35310000,2024-02-03,11440610,염리동,여가·오락,20254,226181601,3222,25.51,1000000,35.42,Y,운전자금대출,200000,11440610_여가·오락
SUB04_000566,C04_0549,예금,27540000,2023-11-04,11230730,휘경2동,음식·음료,20254,2307456357,113192,-3.71,17450000,-7.36,Y,운전자금대출,8100000,11230730_음식·음료
SUB04_000567,C04_1538,예금,20840000,2025-10-15,11380631,신사1동,생활서비스,20254,98286503,5147,48.57,1290000,40.16,N,없음,0,11380631_생활서비스
SUB04_000568,C04_1599,ISA,22120000,2022-03-26,11260630,묵2동,전자기기·수리,20254,759479601,3422,-28.23,3050000,-26.81,N,없음,0,11260630_전자기기·수리
SUB04_000569,C04_0569,펀드,5380000,2025-06-19,11215850,구의1동,문화·취미·반려,20254,740966987,10335,-27.39,2950000,-43.42,N,없음,0,11215850_문화·취미·반려
SUB04_000570,C04_0307,펀드,10710000,2024-10-01,11740590,암사3동,생활서비스,20254,89585395,6017,42.22,1000000,37.69,Y,소상공인신용대출,500000,11740590_생활서비스
SUB04_000571,C04_1656,적금,3620000,2022-09-12,11350619,중계본동,패션·잡화,20254,696381976,3634,11.53,10930000,12.34,Y,시설자금대출,6100000,11350619_패션·잡화
SUB04_000572,C04_1795,ISA,10660000,2024-08-05,11260565,면목본동,가구·인테리어,20254,542859760,15764,5.15,1500000,39.44,Y,시설자금대출,800000,11260565_가구·인테리어
SUB04_000573,C04_0670,예금,47820000,2024-05-21,11380560,구산동,문화·취미·반려,20254,94559629,3739,20.95,1000000,17.79,N,없음,0,11380560_문화·취미·반려
SUB04_000574,C04_0865,예금,101040000,2023-11-30,11260630,묵2동,자동차·운송서비스,20254,668210893,4148,-31.23,4650000,-5.51,Y,소상공인신용대출,2700000,11260630_자동차·운송서비스
SUB04_000575,C04_1867,펀드,10530000,2024-06-10,11440600,대흥동,음식·음료,20254,9569046955,617947,5.05,37290000,-4.69,N,없음,0,11440600_음식·음료
SUB04_000576,C04_0114,펀드,20470000,2025-06-04,11170630,이촌1동,식료품·편의소매,20254,8957555618,474449,-4.02,69010000,-9.62,Y,운전자금대출,46200000,11170630_식료품·편의소매
SUB04_000577,C04_1798,펀드,19880000,2023-06-01,11410620,홍제1동,가구·인테리어,20254,2886775485,1184,572.65,14440000,100.0,N,없음,0,11410620_가구·인테리어
SUB04_000578,C04_1326,펀드,7440000,2024-10-04,11410660,홍은1동,전자기기·수리,20254,64231170,306,588.44,1000000,100.0,N,없음,0,11410660_전자기기·수리
SUB04_000579,C04_1428,적금,6690000,2024-01-02,11170570,원효로2동,음식·음료,20254,2764234807,140636,17.05,11430000,3.11,N,없음,0,11170570_음식·음료
SUB04_000580,C04_0510,ISA,8690000,2023-10-17,11740540,명일2동,자동차·운송서비스,20254,1157723124,5416,12.87,24710000,-12.78,Y,시설자금대출,9200000,11740540_자동차·운송서비스
SUB04_000581,C04_1825,ISA,6570000,2025-09-10,11140615,신당동,숙박,20254,52029398,1074,-15.9,1000000,-53.23,Y,시설자금대출,700000,11140615_숙박
SUB04_000582,C04_0167,펀드,5840000,2025-07-14,11440730,성산2동,자동차·운송서비스,20254,428539163,3830,-7.79,6170000,-15.27,N,없음,0,11440730_자동차·운송서비스
SUB04_000583,C04_1734,펀드,11510000,2025-11-14,11560650,신길3동,문화·취미·반려,20254,28675776,693,-19.91,1000000,-10.4,N,없음,0,11560650_문화·취미·반려
SUB04_000584,C04_0462,적금,1870000,2024-09-09,11440720,성산1동,여가·오락,20254,213097937,5085,8.82,2060000,31.35,N,없음,0,11440720_여가·오락
SUB04_000585,C04_1214,펀드,19760000,2025-12-29,11260690,신내2동,음식·음료,20254,7419206475,469592,-4.34,160530000,10.11,N,없음,0,11260690_음식·음료
SUB04_000586,C04_0406,적금,2790000,2024-08-31,11620565,성현동,음식·음료,20254,907157566,72666,-15.17,7640000,-32.9,Y,운전자금대출,4400000,11620565_음식·음료
SUB04_000587,C04_1556,ISA,16450000,2024-01-11,11410690,남가좌1동,미용·뷰티,20254,76774461,2194,-7.29,1000000,-8.94,Y,운전자금대출,700000,11410690_미용·뷰티
SUB04_000588,C04_1329,ISA,41100000,2023-04-01,11650540,잠원동,숙박,20254,280236540,2888,-5.31,3150000,0.1,Y,소상공인신용대출,1200000,11650540_숙박
SUB04_000589,C04_1241,ISA,17620000,2025-01-30,11590670,신대방1동,생활서비스,20254,71970959,4679,43.11,1000000,53.76,Y,소상공인신용대출,300000,11590670_생활서비스
SUB04_000590,C04_0266,ISA,17920000,2025-10-25,11680521,논현1동,패션·잡화,20254,4511969480,26834,14.07,15850000,1.17,N,없음,0,11680521_패션·잡화
SUB04_000591,C04_1960,펀드,13440000,2025-03-08,11410660,홍은1동,패션·잡화,20254,511507137,6531,-5.37,5350000,8.98,Y,운전자금대출,2000000,11410660_패션·잡화
SUB04_000592,C04_0689,적금,6640000,2023-11-08,11620575,행운동,전자기기·수리,20254,37993870,868,14.29,1000000,18.47,N,없음,0,11620575_전자기기·수리
SUB04_000593,C04_0065,적금,4320000,2023-05-15,11230536,용신동,숙박,20254,380610026,12077,47.77,2870000,54.63,N,없음,0,11230536_숙박
SUB04_000594,C04_1844,펀드,25590000,2025-08-19,11710532,거여2동,패션·잡화,20254,393023521,4913,-5.12,1870000,-4.31,N,없음,0,11710532_패션·잡화
SUB04_000595,C04_1163,예금,27820000,2025-04-12,11260655,망우본동,음식·음료,20254,21608984136,784724,3.11,262050000,-8.62,N,없음,0,11260655_음식·음료
SUB04_000596,C04_0672,적금,9170000,2024-10-10,11650520,서초2동,생활서비스,20254,389782138,11365,1.07,2640000,3.92,Y,시설자금대출,700000,11650520_생활서비스
SUB04_000597,C04_1316,펀드,7820000,2025-05-05,11110650,혜화동,가구·인테리어,20254,218677832,6819,-18.45,2710000,-8.88,N,없음,0,11110650_가구·인테리어
SUB04_000598,C04_0125,ISA,17090000,2023-11-17,11260620,묵1동,여가·오락,20254,358890762,4683,-8.93,2430000,-16.91,N,없음,0,11260620_여가·오락
SUB04_000599,C04_0652,ISA,149670000,2022-07-07,11680610,대치2동,문화·취미·반려,20254,1618775172,55455,-7.42,13030000,-3.24,Y,운전자금대출,6400000,11680610_문화·취미·반려
SUB04_000600,C04_0473,적금,3120000,2022-07-07,11620645,서원동,문화·취미·반려,20254,353131144,10046,-12.08,4410000,11.02,N,없음,0,11620645_문화·취미·반려
SUB04_000601,C04_0242,펀드,10290000,2025-11-26,11200590,금호1가동,식료품·편의소매,20254,405188423,52183,6.13,9580000,18.38,Y,운전자금대출,4300000,11200590_식료품·편의소매
SUB04_000602,C04_0994,ISA,14690000,2025-01-30,11620645,서원동,가구·인테리어,20254,132268680,2071,-25.68,1000000,-9.97,Y,시설자금대출,300000,11620645_가구·인테리어
SUB04_000603,C04_0441,펀드,8880000,2025-11-18,11710550,마천2동,여가·오락,20254,178140418,3990,24.31,1720000,44.36,N,없음,0,11710550_여가·오락
SUB04_000604,C04_0291,펀드,16610000,2024-01-18,11140625,다산동,음식·음료,20254,12783532234,417064,-3.79,84330000,15.94,Y,운전자금대출,26800000,11140625_음식·음료
SUB04_000605,C04_1724,ISA,27310000,2022-04-04,11140670,황학동,식료품·편의소매,20254,25961579917,948298,4.97,86540000,18.26,Y,소상공인신용대출,38300000,11140670_식료품·편의소매
SUB04_000606,C04_1833,ISA,24640000,2023-09-11,11200690,성수2가3동,여가·오락,20254,848373053,60004,-11.06,4010000,-16.17,N,없음,0,11200690_여가·오락
SUB04_000607,C04_1137,적금,5630000,2025-01-10,11290715,월곡1동,가구·인테리어,20254,677344419,8773,35.13,6980000,57.33,N,없음,0,11290715_가구·인테리어
SUB04_000608,C04_0281,ISA,12070000,2025-10-24,11500530,등촌2동,가구·인테리어,20254,3750634,172,49.47,1000000,33.27,N,없음,0,11500530_가구·인테리어
SUB04_000609,C04_1117,예금,24310000,2023-12-18,11290590,돈암2동,식료품·편의소매,20254,1347706991,125088,-5.5,9910000,-9.95,Y,운전자금대출,5400000,11290590_식료품·편의소매
SUB04_000610,C04_0665,ISA,10860000,2024-07-19,11680510,신사동,문화·취미·반려,20254,12252894698,54533,254.39,52280000,100.0,N,없음,0,11680510_문화·취미·반려
SUB04_000611,C04_0362,펀드,6750000,2023-08-23,11590520,노량진2동,패션·잡화,20254,56429092,515,16.18,1000000,8.09,Y,운전자금대출,300000,11590520_패션·잡화
SUB04_000612,C04_1324,펀드,20540000,2025-05-12,11260590,상봉2동,자동차·운송서비스,20254,1117653054,5128,-12.12,9630000,-17.42,N,없음,0,11260590_자동차·운송서비스
SUB04_000613,C04_0809,ISA,22620000,2023-05-09,11620585,낙성대동,식료품·편의소매,20254,2973178509,391279,1.69,23590000,-9.55,Y,시설자금대출,12200000,11620585_식료품·편의소매
SUB04_000614,C04_0664,예금,59320000,2025-07-10,11380650,수색동,패션·잡화,20254,285062724,3020,32.77,1000000,41.49,Y,운전자금대출,600000,11380650_패션·잡화
SUB04_000615,C04_0871,예금,48230000,2023-07-16,11260520,면목2동,음식·음료,20254,6641231251,236410,7.26,38810000,5.6,N,없음,0,11260520_음식·음료
SUB04_000616,C04_0051,펀드,11750000,2024-10-22,11140670,황학동,가구·인테리어,20254,6152389304,22334,-11.66,35660000,1.03,Y,시설자금대출,11000000,11140670_가구·인테리어
SUB04_000617,C04_1753,적금,6530000,2023-11-18,11215860,구의2동,식료품·편의소매,20254,6205027646,468956,0.51,23010000,2.37,N,없음,0,11215860_식료품·편의소매
SUB04_000618,C04_1159,예금,36160000,2022-10-09,11620625,인헌동,자동차·운송서비스,20254,14627361,236,14.88,1000000,13.82,N,없음,0,11620625_자동차·운송서비스
SUB04_000619,C04_0236,ISA,21140000,2024-10-01,11305535,미아동,자동차·운송서비스,20254,452779044,1809,4.96,3840000,1.29,Y,소상공인신용대출,1900000,11305535_자동차·운송서비스
SUB04_000620,C04_0876,ISA,21560000,2024-02-16,11680720,일원본동,식료품·편의소매,20254,7371192728,1280364,-4.31,80540000,-0.76,Y,시설자금대출,51600000,11680720_식료품·편의소매
SUB04_000621,C04_0011,적금,3850000,2023-10-27,11650610,방배2동,자동차·운송서비스,20254,802244487,6140,-9.33,4310000,-10.83,N,없음,0,11650610_자동차·운송서비스
SUB04_000622,C04_1774,펀드,9780000,2025-01-01,11230705,청량리동,가구·인테리어,20254,84289902,4382,-73.01,1000000,-70.0,N,없음,0,11230705_가구·인테리어
SUB04_000623,C04_1217,ISA,7870000,2024-06-10,11170640,이촌2동,가구·인테리어,20254,43386481,256,-2.93,1000000,25.34,N,없음,0,11170640_가구·인테리어
SUB04_000624,C04_1022,예금,19520000,2022-10-19,11320522,도봉2동,미용·뷰티,20254,323820611,9044,-10.76,1400000,3.6,N,없음,0,11320522_미용·뷰티
SUB04_000625,C04_1196,ISA,16990000,2023-02-25,11620765,미성동,미용·뷰티,20254,1164133587,22412,3.19,16040000,9.59,Y,운전자금대출,10100000,11620765_미용·뷰티
SUB04_000626,C04_0240,ISA,9850000,2022-10-12,11215850,구의1동,식료품·편의소매,20254,8153148352,899161,-4.1,37130000,1.66,N,없음,0,11215850_식료품·편의소매
SUB04_000627,C04_1458,펀드,9380000,2023-11-18,11170625,한강로동,패션·잡화,20254,1334861747,7951,47.12,9510000,35.07,N,없음,0,11170625_패션·잡화
SUB04_000628,C04_1804,적금,1990000,2023-07-12,11110690,창신3동,미용·뷰티,20254,77624872,2423,-29.87,1000000,-27.47,Y,시설자금대출,400000,11110690_미용·뷰티
SUB04_000629,C04_0227,ISA,30420000,2024-09-09,11530595,가리봉동,음식·음료,20254,2911507092,87125,-4.64,29640000,-18.81,Y,운전자금대출,9200000,11530595_음식·음료
SUB04_000630,C04_1138,예금,19340000,2023-01-13,11620615,중앙동,여가·오락,20254,323293328,4365,22.36,1870000,18.14,Y,운전자금대출,1000000,11620615_여가·오락
SUB04_000631,C04_1219,적금,4780000,2024-10-16,11530595,가리봉동,자동차·운송서비스,20254,131986975,1151,5.44,1000000,10.05,N,없음,0,11530595_자동차·운송서비스
SUB04_000632,C04_0576,펀드,5060000,2025-10-21,11680670,개포2동,전자기기·수리,20254,64541594,2655,-6.04,1000000,-7.89,Y,소상공인신용대출,600000,11680670_전자기기·수리
SUB04_000633,C04_0692,펀드,11490000,2022-02-27,11530510,신도림동,문화·취미·반려,20254,771657823,1949,209.4,7860000,100.0,Y,시설자금대출,4400000,11530510_문화·취미·반려
SUB04_000634,C04_0341,적금,6630000,2023-03-09,11215847,자양4동,여가·오락,20254,1737193196,100692,3.25,23060000,11.7,N,없음,0,11215847_여가·오락
SUB04_000635,C04_1997,예금,22960000,2024-01-26,11200560,행당1동,식료품·편의소매,20254,4817207851,450103,1.05,21650000,-4.81,N,없음,0,11200560_식료품·편의소매
SUB04_000636,C04_0492,예금,43700000,2024-03-21,11260690,신내2동,여가·오락,20254,21725156,1637,13.78,1000000,11.05,N,없음,0,11260690_여가·오락
SUB04_000637,C04_0157,ISA,18370000,2025-04-18,11440720,성산1동,가구·인테리어,20254,6221387408,82055,2.25,36820000,8.8,N,없음,0,11440720_가구·인테리어
SUB04_000638,C04_0104,펀드,16320000,2022-04-04,11320513,창3동,패션·잡화,20254,293945580,9242,0.14,1780000,10.45,N,없음,0,11320513_패션·잡화
SUB04_000639,C04_1762,펀드,14560000,2022-01-18,11620695,신림동,생활서비스,20254,371520230,53675,33.13,6890000,37.03,N,없음,0,11620695_생활서비스
SUB04_000640,C04_1997,적금,3820000,2024-09-21,11200560,행당1동,식료품·편의소매,20254,4817207851,450103,1.05,21650000,-4.81,N,없음,0,11200560_식료품·편의소매
SUB04_000641,C04_0909,펀드,13210000,2022-05-04,11620615,중앙동,생활서비스,20254,53410571,6942,31.38,1000000,36.2,N,없음,0,11620615_생활서비스
SUB04_000642,C04_0789,ISA,23850000,2024-05-19,11200560,행당1동,여가·오락,20254,433627771,18564,60.4,4130000,54.44,N,없음,0,11200560_여가·오락
SUB04_000643,C04_1824,적금,3970000,2025-04-02,11170555,청파동,자동차·운송서비스,20254,4073822048,24507,2.62,61940000,-18.09,N,없음,0,11170555_자동차·운송서비스
SUB04_000644,C04_0678,펀드,17170000,2025-07-31,11320670,쌍문2동,식료품·편의소매,20254,3073181962,239237,-4.38,9110000,-7.67,Y,운전자금대출,4100000,11320670_식료품·편의소매
SUB04_000645,C04_1069,펀드,21460000,2023-05-02,11350665,상계3·4동,문화·취미·반려,20254,101987,7,-84.74,1000000,-70.0,Y,소상공인신용대출,700000,11350665_문화·취미·반려
SUB04_000646,C04_0001,펀드,13210000,2024-02-19,11320521,도봉1동,음식·음료,20254,13321742518,509503,-0.61,59680000,-8.79,N,없음,0,11320521_음식·음료
SUB04_000647,C04_0740,펀드,13390000,2022-04-19,11590540,상도2동,음식·음료,20254,6755914499,391368,1.35,35470000,-0.79,Y,운전자금대출,14200000,11590540_음식·음료
SUB04_000648,C04_1499,ISA,12930000,2023-08-10,11590605,흑석동,문화·취미·반려,20254,769072791,30547,96.93,3390000,100.0,Y,운전자금대출,1500000,11590605_문화·취미·반려
SUB04_000649,C04_1255,펀드,8900000,2025-05-14,11215770,중곡4동,여가·오락,20254,390290676,11701,14.4,1720000,20.91,N,없음,0,11215770_여가·오락
SUB04_000650,C04_1064,ISA,30140000,2023-06-15,11305545,송중동,미용·뷰티,20254,1110790684,19256,-14.68,15370000,-29.37,N,없음,0,11305545_미용·뷰티
SUB04_000651,C04_0053,적금,1990000,2025-12-06,11470560,신월1동,패션·잡화,20254,685003779,15226,16.92,6490000,-7.62,N,없음,0,11470560_패션·잡화
SUB04_000652,C04_1291,ISA,9430000,2024-07-14,11470620,신정1동,자동차·운송서비스,20254,1009746651,6565,-5.72,7790000,7.69,Y,운전자금대출,3200000,11470620_자동차·운송서비스
SUB04_000653,C04_0132,예금,10550000,2024-06-07,11215740,중곡1동,문화·취미·반려,20254,109109721,11281,-0.82,1260000,23.34,Y,운전자금대출,300000,11215740_문화·취미·반려
SUB04_000654,C04_1898,펀드,15590000,2025-12-04,11260660,망우3동,가구·인테리어,20254,331310752,6517,8.87,1230000,-1.57,N,없음,0,11260660_가구·인테리어
SUB04_000655,C04_1597,ISA,22160000,2025-12-25,11215760,중곡3동,식료품·편의소매,20254,2843372517,286106,-2.31,48330000,-5.04,Y,운전자금대출,25100000,11215760_식료품·편의소매
SUB04_000656,C04_1936,펀드,7500000,2025-07-16,11740685,길동,전자기기·수리,20254,400315634,1399,294.74,4730000,100.0,N,없음,0,11740685_전자기기·수리
SUB04_000657,C04_1354,ISA,25960000,2025-07-14,11260600,중화1동,식료품·편의소매,20254,11063482713,625113,-29.55,93890000,-38.14,N,없음,0,11260600_식료품·편의소매
SUB04_000658,C04_1566,펀드,8780000,2022-01-10,11590630,사당2동,패션·잡화,20254,5599360256,52667,161.84,43160000,100.0,N,없음,0,11590630_패션·잡화
SUB04_000659,C04_1909,ISA,25200000,2024-04-24,11500535,등촌3동,가구·인테리어,20254,60115476,1290,103.34,1000000,98.01,N,없음,0,11500535_가구·인테리어
SUB04_000660,C04_1032,적금,6020000,2022-01-31,11410700,남가좌2동,여가·오락,20254,542546429,73798,-1.76,2730000,-9.56,Y,시설자금대출,900000,11410700_여가·오락
SUB04_000661,C04_1590,예금,80610000,2022-12-27,11710690,잠실4동,미용·뷰티,20254,869506947,6586,9.57,1850000,13.89,N,없음,0,11710690_미용·뷰티
SUB04_000662,C04_0804,ISA,11330000,2022-03-09,11260600,중화1동,자동차·운송서비스,20254,617788599,4982,-23.76,3250000,-29.03,Y,소상공인신용대출,1700000,11260600_자동차·운송서비스
SUB04_000663,C04_1562,예금,17870000,2023-03-04,11350625,중계2·3동,식료품·편의소매,20254,10452572666,818932,2.29,127730000,-6.16,Y,시설자금대출,37100000,11350625_식료품·편의소매
SUB04_000664,C04_0188,예금,19640000,2024-01-21,11230600,답십리1동,미용·뷰티,20254,362179452,6839,-12.03,3580000,-19.33,N,없음,0,11230600_미용·뷰티
SUB04_000665,C04_1848,펀드,23920000,2024-03-23,11650620,방배3동,음식·음료,20254,4575110028,215403,-0.58,30950000,1.52,N,없음,0,11650620_음식·음료
SUB04_000666,C04_1193,적금,1930000,2025-05-24,11410565,충현동,가구·인테리어,20254,134244606,7983,-0.82,1000000,4.65,N,없음,0,11410565_가구·인테리어
SUB04_000667,C04_1783,ISA,17040000,2025-09-07,11140590,광희동,가구·인테리어,20254,3556499897,19264,-42.67,36190000,-63.65,Y,운전자금대출,22900000,11140590_가구·인테리어
SUB04_000668,C04_0109,ISA,7200000,2023-03-12,11590560,상도4동,미용·뷰티,20254,410114527,11745,-5.68,3130000,-15.97,Y,운전자금대출,1600000,11590560_미용·뷰티
SUB04_000669,C04_0413,펀드,12540000,2023-10-14,11140520,소공동,음식·음료,20254,110690323005,4027894,1.06,1677360000,-2.28,Y,운전자금대출,846300000,11140520_음식·음료
SUB04_000670,C04_1707,적금,4750000,2024-07-10,11560560,당산2동,미용·뷰티,20254,1618498700,12237,-12.93,14240000,-11.11,N,없음,0,11560560_미용·뷰티
SUB04_000671,C04_0902,적금,2990000,2022-12-14,11320670,쌍문2동,가구·인테리어,20254,334245733,1414,333.04,1840000,100.0,N,없음,0,11320670_가구·인테리어
SUB04_000672,C04_0317,적금,6920000,2025-09-16,11290715,월곡1동,자동차·운송서비스,20254,564268126,2773,-31.53,5890000,-15.88,N,없음,0,11290715_자동차·운송서비스
SUB04_000673,C04_1739,적금,2840000,2023-10-24,11320515,창5동,미용·뷰티,20254,923424256,22109,6.7,5650000,13.6,Y,시설자금대출,2800000,11320515_미용·뷰티
SUB04_000674,C04_1161,ISA,14670000,2025-06-28,11680531,논현2동,미용·뷰티,20254,8582944387,81075,-2.86,43360000,-6.51,N,없음,0,11680531_미용·뷰티
SUB04_000675,C04_0208,ISA,12370000,2024-10-19,11710561,방이1동,생활서비스,20254,79033818,4100,56.51,1000000,65.83,N,없음,0,11710561_생활서비스
SUB04_000676,C04_1179,적금,4500000,2023-10-20,11470611,신월7동,여가·오락,20254,567505195,7920,-29.16,2610000,-51.25,Y,소상공인신용대출,1500000,11470611_여가·오락
SUB04_000677,C04_0346,적금,3080000,2024-03-26,11350624,중계4동,식료품·편의소매,20254,10502634286,479547,-5.72,48820000,-7.81,Y,운전자금대출,19900000,11350624_식료품·편의소매
SUB04_000678,C04_0452,예금,30970000,2023-04-02,11290620,정릉1동,패션·잡화,20254,32393454,305,-18.51,1000000,-16.87,Y,운전자금대출,300000,11290620_패션·잡화
SUB04_000679,C04_0759,펀드,31020000,2025-01-05,11380552,갈현2동,여가·오락,20254,854907087,146994,-11.03,6080000,5.61,N,없음,0,11380552_여가·오락
SUB04_000680,C04_1314,ISA,16830000,2023-05-09,11560710,대림2동,가구·인테리어,20254,74127785,2350,-36.49,1000000,-19.59,Y,운전자금대출,300000,11560710_가구·인테리어
SUB04_000681,C04_1809,예금,19000000,2022-01-17,11500603,가양1동,가구·인테리어,20254,177108796,3688,1.81,5080000,10.39,N,없음,0,11500603_가구·인테리어
SUB04_000682,C04_0228,펀드,6530000,2025-05-17,11200650,성수1가1동,미용·뷰티,20254,1122750123,8676,52.56,21910000,51.17,Y,운전자금대출,13600000,11200650_미용·뷰티
SUB04_000683,C04_0218,예금,44570000,2022-07-07,11440655,서강동,문화·취미·반려,20254,2070382688,142280,48.04,13870000,56.32,N,없음,0,11440655_문화·취미·반려
SUB04_000684,C04_0017,예금,60880000,2024-07-22,11230750,이문2동,여가·오락,20254,86416962,551,37.78,1000000,40.89,N,없음,0,11230750_여가·오락
SUB04_000685,C04_0824,ISA,17830000,2024-06-10,11200550,사근동,생활서비스,20254,69838870,7621,-20.79,1000000,-26.51,Y,운전자금대출,600000,11200550_생활서비스
SUB04_000686,C04_0763,적금,12130000,2023-02-09,11545690,시흥3동,여가·오락,20254,249089851,8417,27.37,1710000,30.33,N,없음,0,11545690_여가·오락
SUB04_000687,C04_0085,펀드,15200000,2025-02-01,11200520,왕십리2동,생활서비스,20254,19090031,1123,76.07,1000000,64.86,N,없음,0,11200520_생활서비스
SUB04_000688,C04_0079,ISA,48430000,2024-08-14,11680545,압구정동,자동차·운송서비스,20254,457201306,1557,-7.6,1920000,-12.08,Y,시설자금대출,1000000,11680545_자동차·운송서비스
SUB04_000689,C04_1828,ISA,19280000,2024-10-22,11560550,당산1동,자동차·운송서비스,20254,247963056,1587,-16.79,3060000,-3.09,N,없음,0,11560550_자동차·운송서비스
SUB04_000690,C04_1871,ISA,26000000,2025-11-02,11500611,발산1동,음식·음료,20254,12779476227,852600,5.19,97760000,-7.03,Y,운전자금대출,41500000,11500611_음식·음료
SUB04_000691,C04_0232,ISA,7640000,2025-08-05,11710532,거여2동,생활서비스,20254,77926433,4639,66.77,1190000,79.07,Y,운전자금대출,200000,11710532_생활서비스
SUB04_000692,C04_1535,예금,25140000,2025-07-01,11305555,송천동,자동차·운송서비스,20254,2622833984,14370,-8.18,20270000,4.85,Y,운전자금대출,12200000,11305555_자동차·운송서비스
SUB04_000693,C04_1303,펀드,12980000,2023-12-18,11290810,석관동,생활서비스,20254,67632012,10439,-40.56,1000000,-42.77,Y,시설자금대출,700000,11290810_생활서비스
SUB04_000694,C04_0684,예금,19460000,2024-04-26,11290650,정릉4동,문화·취미·반려,20254,167755143,3924,-31.12,1000000,-13.97,N,없음,0,11290650_문화·취미·반려
SUB04_000695,C04_0797,펀드,20310000,2025-09-14,11290575,동선동,미용·뷰티,20254,3240034849,46138,-13.14,12210000,-6.06,N,없음,0,11290575_미용·뷰티
SUB04_000696,C04_1175,ISA,37950000,2022-01-27,11320660,쌍문1동,음식·음료,20254,2552230094,217952,-0.83,14330000,40.62,Y,소상공인신용대출,2600000,11320660_음식·음료
SUB04_000697,C04_0159,예금,34520000,2024-04-16,11590660,대방동,음식·음료,20254,17988963710,611602,-1.86,104470000,4.82,N,없음,0,11590660_음식·음료
SUB04_000698,C04_0455,예금,55300000,2023-12-28,11680510,신사동,가구·인테리어,20254,159355862,4991,-40.97,1000000,-42.35,Y,시설자금대출,500000,11680510_가구·인테리어
SUB04_000699,C04_0924,예금,25250000,2024-01-18,11380570,대조동,패션·잡화,20254,4052857012,88531,2.94,47970000,-11.65,N,없음,0,11380570_패션·잡화
SUB04_000700,C04_1379,적금,2750000,2022-05-30,11620575,행운동,가구·인테리어,20254,95915103,338,-28.03,1000000,-23.73,Y,운전자금대출,400000,11620575_가구·인테리어
SUB04_000701,C04_1208,적금,10520000,2024-10-01,11305535,미아동,여가·오락,20254,574779339,44139,-14.6,4660000,-27.45,N,없음,0,11305535_여가·오락
SUB04_000702,C04_0350,ISA,10590000,2025-04-14,11410585,신촌동,식료품·편의소매,20254,12397628345,2077224,2.47,74710000,0.53,Y,운전자금대출,39400000,11410585_식료품·편의소매
SUB04_000703,C04_0552,예금,47390000,2025-05-23,11680690,개포4동,패션·잡화,20254,2053835390,19317,9.61,11640000,9.76,N,없음,0,11680690_패션·잡화
SUB04_000704,C04_0462,펀드,5140000,2022-12-17,11440720,성산1동,여가·오락,20254,213097937,5085,8.82,2060000,31.35,N,없음,0,11440720_여가·오락
SUB04_000705,C04_1624,적금,1610000,2023-03-24,11500611,발산1동,가구·인테리어,20254,443531809,12935,-20.04,1890000,-9.86,N,없음,0,11500611_가구·인테리어
SUB04_000706,C04_1451,예금,26350000,2023-12-04,11470680,신정7동,생활서비스,20254,38021591,2181,34.34,1000000,38.08,N,없음,0,11470680_생활서비스
SUB04_000707,C04_0504,펀드,6470000,2025-11-23,11560630,신길1동,여가·오락,20254,623685782,78041,-20.63,4460000,-39.17,N,없음,0,11560630_여가·오락
SUB04_000708,C04_0513,펀드,3260000,2022-12-08,11305608,번3동,미용·뷰티,20254,497104380,11763,-15.9,8560000,-15.68,Y,소상공인신용대출,4100000,11305608_미용·뷰티
SUB04_000709,C04_1977,적금,3470000,2024-08-03,11170510,후암동,패션·잡화,20254,365706137,5166,-5.69,2100000,-14.77,Y,운전자금대출,700000,11170510_패션·잡화
SUB04_000710,C04_1575,적금,9020000,2024-05-30,11440680,합정동,식료품·편의소매,20254,5522334893,655160,-5.35,46560000,-2.08,Y,소상공인신용대출,30500000,11440680_식료품·편의소매
SUB04_000711,C04_1757,적금,4160000,2025-03-06,11350640,상계2동,전자기기·수리,20254,6330537,637,-87.79,1000000,-70.0,Y,소상공인신용대출,500000,11350640_전자기기·수리
SUB04_000712,C04_0714,예금,23260000,2023-09-04,11530520,구로1동,음식·음료,20254,1727571626,70535,21.97,5100000,14.37,N,없음,0,11530520_음식·음료
SUB04_000713,C04_0325,예금,34530000,2022-08-26,11560620,양평2동,여가·오락,20254,303509122,5905,6.53,1610000,9.86,Y,운전자금대출,400000,11560620_여가·오락
SUB04_000714,C04_1294,ISA,17070000,2024-10-09,11710670,잠실2동,전자기기·수리,20254,1986405168,20752,-32.96,3620000,-29.46,N,없음,0,11710670_전자기기·수리
SUB04_000715,C04_0031,적금,3960000,2025-04-28,11260550,면목5동,자동차·운송서비스,20254,1951261238,9393,-34.6,14050000,-6.63,Y,운전자금대출,6800000,11260550_자동차·운송서비스
SUB04_000716,C04_0140,적금,1460000,2024-11-22,11230545,제기동,생활서비스,20254,113384280,5942,49.64,1000000,58.74,Y,운전자금대출,500000,11230545_생활서비스
SUB04_000717,C04_0861,예금,31370000,2025-01-30,11290575,동선동,미용·뷰티,20254,3240034849,46138,-13.14,51450000,-10.37,Y,운전자금대출,26100000,11290575_미용·뷰티
SUB04_000718,C04_1697,적금,5110000,2022-09-13,11590605,흑석동,식료품·편의소매,20254,6877013698,752778,0.92,21120000,-7.42,N,없음,0,11590605_식료품·편의소매
SUB04_000719,C04_0878,적금,3070000,2023-05-19,11545610,독산1동,여가·오락,20254,818633684,13956,-4.33,2680000,-3.3,Y,소상공인신용대출,500000,11545610_여가·오락
SUB04_000720,C04_0856,펀드,9610000,2023-04-14,11560680,신길6동,자동차·운송서비스,20254,951733504,6888,13.76,12560000,12.99,N,없음,0,11560680_자동차·운송서비스
SUB04_000721,C04_1303,예금,36840000,2022-04-21,11290810,석관동,생활서비스,20254,67632012,10439,-40.56,1000000,-42.77,Y,시설자금대출,700000,11290810_생활서비스
SUB04_000722,C04_0716,적금,5360000,2023-04-10,11500641,방화3동,문화·취미·반려,20254,40456323,2096,-7.54,1000000,-5.9,N,없음,0,11500641_문화·취미·반려
SUB04_000723,C04_0373,ISA,16200000,2025-08-06,11620695,신림동,숙박,20254,991508249,21858,4.89,5940000,-14.65,N,없음,0,11620695_숙박
SUB04_000724,C04_0353,ISA,48840000,2025-12-05,11470530,목3동,여가·오락,20254,445907413,13234,12.08,5780000,21.37,Y,소상공인신용대출,2500000,11470530_여가·오락
SUB04_000725,C04_0844,예금,42700000,2024-01-22,11710710,잠실6동,생활서비스,20254,72534614,3569,52.82,1000000,56.03,Y,시설자금대출,500000,11710710_생활서비스
SUB04_000726,C04_1451,ISA,15030000,2023-07-15,11470680,신정7동,생활서비스,20254,38021591,2181,34.34,1000000,38.08,N,없음,0,11470680_생활서비스
SUB04_000727,C04_0691,펀드,8660000,2023-04-28,11560560,당산2동,음식·음료,20254,27908262381,1164045,6.0,71430000,28.99,N,없음,0,11560560_음식·음료
SUB04_000728,C04_0483,ISA,16380000,2023-02-24,11470600,신월5동,패션·잡화,20254,97791379,588,132.03,1000000,100.0,Y,시설자금대출,200000,11470600_패션·잡화
SUB04_000729,C04_1646,펀드,18150000,2024-11-29,11740530,명일1동,여가·오락,20254,531564768,21513,12.63,2570000,7.56,N,없음,0,11740530_여가·오락
SUB04_000730,C04_1711,예금,43200000,2023-06-20,11110680,창신2동,가구·인테리어,20254,1788436,253,-60.0,1000000,-50.41,Y,운전자금대출,800000,11110680_가구·인테리어
SUB04_000731,C04_1205,펀드,8100000,2024-10-28,11215770,중곡4동,식료품·편의소매,20254,5594949626,426736,6.03,20840000,13.31,N,없음,0,11215770_식료품·편의소매
SUB04_000732,C04_1199,ISA,12280000,2025-05-11,11530720,고척1동,미용·뷰티,20254,544893438,12508,-23.95,7290000,-20.3,Y,운전자금대출,4900000,11530720_미용·뷰티
SUB04_000733,C04_1592,적금,6750000,2022-06-08,11350640,상계2동,음식·음료,20254,41036934962,1641337,6.25,608790000,15.75,N,없음,0,11350640_음식·음료
SUB04_000734,C04_1839,ISA,23540000,2025-10-26,11740660,성내3동,식료품·편의소매,20254,20312129746,1130691,16.64,145290000,0.7,Y,시설자금대출,62300000,11740660_식료품·편의소매
SUB04_000735,C04_1096,예금,49720000,2023-02-02,11320700,방학2동,패션·잡화,20254,681560805,13245,38.71,5340000,30.89,N,없음,0,11320700_패션·잡화
SUB04_000736,C04_1825,펀드,18600000,2024-06-07,11140615,신당동,숙박,20254,52029398,1074,-15.9,1000000,-53.23,Y,시설자금대출,700000,11140615_숙박
SUB04_000737,C04_1147,예금,24580000,2022-04-27,11680590,삼성2동,문화·취미·반려,20254,3507020094,54202,11.46,26360000,18.03,Y,소상공인신용대출,14300000,11680590_문화·취미·반려
SUB04_000738,C04_0723,적금,6970000,2025-07-06,11260630,묵2동,전자기기·수리,20254,759479601,3422,-28.23,8270000,-12.03,Y,운전자금대출,2900000,11260630_전자기기·수리
SUB04_000739,C04_0358,적금,5340000,2024-11-18,11260575,면목3·8동,자동차·운송서비스,20254,123046266,561,6.55,1000000,17.47,Y,시설자금대출,300000,11260575_자동차·운송서비스
SUB04_000740,C04_0853,ISA,45360000,2025-07-30,11290555,삼선동,음식·음료,20254,16670973186,594863,2.53,97320000,-1.07,N,없음,0,11290555_음식·음료
SUB04_000741,C04_1608,예금,20550000,2024-12-12,11650660,내곡동,미용·뷰티,20254,51464490,607,-58.38,1000000,-45.85,Y,운전자금대출,400000,11650660_미용·뷰티
SUB04_000742,C04_1180,적금,2540000,2024-05-26,11710680,잠실3동,패션·잡화,20254,19308200742,104475,30.2,77460000,31.33,N,없음,0,11710680_패션·잡화
SUB04_000743,C04_0388,ISA,16020000,2023-07-03,11305608,번3동,전자기기·수리,20254,53779274,3535,-42.24,1040000,-46.38,Y,운전자금대출,900000,11305608_전자기기·수리
SUB04_000744,C04_0388,ISA,18050000,2023-02-21,11305608,번3동,전자기기·수리,20254,53779274,3535,-42.24,1040000,-46.38,Y,운전자금대출,900000,11305608_전자기기·수리
SUB04_000745,C04_0833,펀드,6220000,2025-04-21,11680750,수서동,미용·뷰티,20254,2660603017,21604,-19.96,14050000,-20.56,Y,시설자금대출,4700000,11680750_미용·뷰티
SUB04_000746,C04_1919,펀드,29540000,2024-01-09,11260550,면목5동,음식·음료,20254,2138098484,61686,-8.27,17020000,-12.46,N,없음,0,11260550_음식·음료
SUB04_000747,C04_0744,적금,5480000,2025-11-10,11740530,명일1동,문화·취미·반려,20254,727035494,20775,13.02,3560000,18.67,Y,시설자금대출,900000,11740530_문화·취미·반려
SUB04_000748,C04_1075,예금,29540000,2024-11-25,11170590,용문동,패션·잡화,20254,547130294,13425,25.84,5300000,24.03,Y,운전자금대출,1800000,11170590_패션·잡화
SUB04_000749,C04_0710,펀드,10980000,2024-10-01,11590605,흑석동,가구·인테리어,20254,2525391,183,-59.05,1000000,-70.0,N,없음,0,11590605_가구·인테리어
SUB04_000750,C04_0120,펀드,15240000,2023-10-14,11440600,대흥동,미용·뷰티,20254,1578120704,17821,-3.99,4930000,-17.93,N,없음,0,11440600_미용·뷰티
SUB04_000751,C04_1069,ISA,41920000,2024-05-18,11350665,상계3·4동,문화·취미·반려,20254,101987,7,-84.74,1000000,-70.0,Y,소상공인신용대출,700000,11350665_문화·취미·반려
SUB04_000752,C04_0373,펀드,17590000,2024-08-19,11620695,신림동,숙박,20254,991508249,21858,4.89,5940000,-14.65,N,없음,0,11620695_숙박
SUB04_000753,C04_0454,적금,5010000,2022-08-10,11320521,도봉1동,숙박,20254,59091211,1115,-3.33,1000000,-3.23,N,없음,0,11320521_숙박
SUB04_000754,C04_1933,ISA,10450000,2022-12-27,11305603,번2동,미용·뷰티,20254,72251869,2502,-17.6,1000000,-22.95,N,없음,0,11305603_미용·뷰티
SUB04_000755,C04_1099,예금,11270000,2022-03-03,11320670,쌍문2동,자동차·운송서비스,20254,1049936672,6724,-6.63,6430000,-1.65,N,없음,0,11320670_자동차·운송서비스
SUB04_000756,C04_0970,펀드,25660000,2025-12-10,11710710,잠실6동,생활서비스,20254,72534614,3569,52.82,1000000,67.22,N,없음,0,11710710_생활서비스
SUB04_000757,C04_1879,ISA,19760000,2025-09-19,11545640,독산4동,패션·잡화,20254,226729529,1737,50.95,1000000,61.37,N,없음,0,11545640_패션·잡화
SUB04_000758,C04_0637,펀드,9310000,2023-01-26,11470620,신정1동,여가·오락,20254,546745819,12891,2.71,1690000,20.21,N,없음,0,11470620_여가·오락
SUB04_000759,C04_0706,적금,3400000,2024-11-16,11200650,성수1가1동,전자기기·수리,20254,156049154,1626,-47.0,1130000,-40.19,Y,운전자금대출,400000,11200650_전자기기·수리
SUB04_000760,C04_0360,적금,2020000,2024-09-14,11545510,가산동,음식·음료,20254,84966462878,4968645,-1.65,672580000,5.37,Y,운전자금대출,278000000,11545510_음식·음료
SUB04_000761,C04_1615,예금,34890000,2024-05-12,11140550,명동,여가·오락,20254,356786825,16887,-6.22,4090000,3.39,N,없음,0,11140550_여가·오락
SUB04_000762,C04_1572,ISA,16470000,2024-12-04,11740570,암사1동,식료품·편의소매,20254,16339042411,1048479,9.4,154350000,-3.88,Y,운전자금대출,62400000,11740570_식료품·편의소매
SUB04_000763,C04_1143,펀드,29020000,2025-08-23,11560540,여의동,식료품·편의소매,20254,30004022247,3005665,-7.21,227090000,-6.85,N,없음,0,11560540_식료품·편의소매
SUB04_000764,C04_0995,예금,66200000,2023-05-03,11215710,화양동,자동차·운송서비스,20254,65590270,2386,15.28,1000000,31.36,N,없음,0,11215710_자동차·운송서비스
SUB04_000765,C04_1548,펀드,17200000,2024-06-30,11260655,망우본동,식료품·편의소매,20254,17456437406,1342602,8.18,125900000,9.28,Y,운전자금대출,23400000,11260655_식료품·편의소매
SUB04_000766,C04_0695,펀드,15580000,2024-04-08,11500590,화곡본동,음식·음료,20254,10442653039,365989,2.39,38420000,7.22,N,없음,0,11500590_음식·음료
SUB04_000767,C04_0713,ISA,10370000,2024-09-30,11290715,월곡1동,여가·오락,20254,135578952,3826,16.77,1000000,17.73,Y,운전자금대출,200000,11290715_여가·오락
SUB04_000768,C04_1414,펀드,4340000,2025-05-20,11140605,을지로동,문화·취미·반려,20254,38130360169,416554,-4.12,221010000,19.22,Y,소상공인신용대출,38900000,11140605_문화·취미·반려
SUB04_000769,C04_0266,ISA,19950000,2025-09-14,11680521,논현1동,패션·잡화,20254,4511969480,26834,14.07,15850000,1.17,N,없음,0,11680521_패션·잡화
SUB04_000770,C04_0967,적금,2030000,2024-05-17,11650652,양재2동,자동차·운송서비스,20254,9479701620,40063,1.28,130100000,14.47,Y,소상공인신용대출,74100000,11650652_자동차·운송서비스
SUB04_000771,C04_1847,ISA,32020000,2025-08-13,11230660,장안2동,가구·인테리어,20254,15398068346,192090,-1.35,77360000,-1.83,N,없음,0,11230660_가구·인테리어
SUB04_000772,C04_0931,펀드,6610000,2022-09-14,11680580,삼성1동,미용·뷰티,20254,10487805823,98715,15.31,90660000,36.8,N,없음,0,11680580_미용·뷰티
SUB04_000773,C04_1376,적금,5600000,2025-06-09,11545710,시흥5동,미용·뷰티,20254,385256953,11026,-25.49,1000000,-26.46,Y,소상공인신용대출,600000,11545710_미용·뷰티
SUB04_000774,C04_0279,ISA,36840000,2023-09-23,11320513,창3동,여가·오락,20254,310742053,7223,17.43,2170000,21.47,Y,운전자금대출,1100000,11320513_여가·오락
SUB04_000775,C04_0662,예금,19730000,2022-11-12,11290685,길음2동,자동차·운송서비스,20254,148108802,1556,-0.73,1230000,13.99,N,없음,0,11290685_자동차·운송서비스
SUB04_000776,C04_0090,ISA,28300000,2023-08-01,11710641,문정1동,미용·뷰티,20254,857665448,8710,52.56,6280000,47.26,Y,소상공인신용대출,2500000,11710641_미용·뷰티
SUB04_000777,C04_0977,펀드,7000000,2025-05-12,11440655,서강동,생활서비스,20254,113119170,6212,80.01,1000000,88.45,Y,소상공인신용대출,400000,11440655_생활서비스
SUB04_000778,C04_1263,적금,3730000,2025-01-30,11620665,서림동,가구·인테리어,20254,66262124,2184,-13.13,1000000,-2.27,N,없음,0,11620665_가구·인테리어
SUB04_000779,C04_0050,펀드,11340000,2023-12-15,11305635,수유3동,문화·취미·반려,20254,715170920,11863,22.55,4960000,14.98,Y,운전자금대출,2300000,11305635_문화·취미·반려
SUB04_000780,C04_0919,예금,35960000,2025-01-27,11350625,중계2·3동,생활서비스,20254,28014575,1126,72.71,1000000,73.38,N,없음,0,11350625_생활서비스
SUB04_000781,C04_1679,ISA,41300000,2025-09-09,11290630,정릉2동,가구·인테리어,20254,14308041,1045,29.45,1000000,19.43,N,없음,0,11290630_가구·인테리어
SUB04_000782,C04_0345,ISA,18580000,2025-07-15,11560720,대림3동,패션·잡화,20254,1350358132,23689,3.68,14160000,11.45,N,없음,0,11560720_패션·잡화
SUB04_000783,C04_0837,적금,3460000,2025-08-09,11305595,번1동,음식·음료,20254,15253508011,658323,2.44,82040000,6.05,N,없음,0,11305595_음식·음료
SUB04_000784,C04_1391,적금,2720000,2025-06-24,11740580,암사2동,패션·잡화,20254,128332823,1134,-15.76,1030000,-20.11,Y,운전자금대출,300000,11740580_패션·잡화
SUB04_000785,C04_1022,ISA,18720000,2022-07-16,11320522,도봉2동,미용·뷰티,20254,323820611,9044,-10.76,1400000,3.6,N,없음,0,11320522_미용·뷰티
SUB04_000786,C04_1826,ISA,14080000,2025-01-16,11560720,대림3동,식료품·편의소매,20254,16209754677,1010679,-5.13,70890000,3.67,N,없음,0,11560720_식료품·편의소매
SUB04_000787,C04_0904,예금,28680000,2023-05-26,11170590,용문동,가구·인테리어,20254,1445837118,10702,261.12,15740000,100.0,N,없음,0,11170590_가구·인테리어
SUB04_000788,C04_0338,ISA,9310000,2025-04-26,11110630,종로5·6가동,음식·음료,20254,29618710512,1155671,7.47,173830000,44.53,N,없음,0,11110630_음식·음료
SUB04_000789,C04_1727,ISA,19160000,2025-10-03,11545690,시흥3동,음식·음료,20254,3158897241,128618,-0.31,17410000,-9.23,N,없음,0,11545690_음식·음료
SUB04_000790,C04_0023,펀드,12760000,2025-03-03,11110515,청운효자동,가구·인테리어,20254,206700645,9042,56.43,1070000,73.03,Y,소상공인신용대출,700000,11110515_가구·인테리어
SUB04_000791,C04_0837,펀드,7430000,2023-07-14,11305595,번1동,음식·음료,20254,15253508011,658323,2.44,82040000,6.05,N,없음,0,11305595_음식·음료
SUB04_000792,C04_1627,펀드,6040000,2022-09-05,11200620,금호4가동,음식·음료,20254,4223512712,109089,2.62,42120000,-0.89,N,없음,0,11200620_음식·음료
SUB04_000793,C04_0043,적금,5650000,2023-02-02,11530790,수궁동,여가·오락,20254,157043778,17388,0.34,1300000,9.22,Y,운전자금대출,300000,11530790_여가·오락
SUB04_000794,C04_1111,ISA,19690000,2025-04-04,11620735,대학동,문화·취미·반려,20254,606197641,19884,12.14,4210000,6.37,N,없음,0,11620735_문화·취미·반려
SUB04_000795,C04_1358,펀드,19090000,2023-09-14,11440720,성산1동,미용·뷰티,20254,360945254,6525,-2.91,1000000,-14.11,Y,운전자금대출,200000,11440720_미용·뷰티
SUB04_000796,C04_1179,예금,34780000,2024-06-08,11470611,신월7동,여가·오락,20254,567505195,7920,-29.16,2610000,-51.25,Y,소상공인신용대출,1500000,11470611_여가·오락
SUB04_000797,C04_0465,예금,17930000,2024-08-15,11320710,방학3동,여가·오락,20254,154805784,4228,-4.11,1000000,12.73,Y,운전자금대출,500000,11320710_여가·오락
SUB04_000798,C04_1034,적금,5890000,2023-05-19,11470520,목2동,여가·오락,20254,289739980,9435,1.5,1520000,4.54,Y,시설자금대출,400000,11470520_여가·오락
SUB04_000799,C04_1653,ISA,15420000,2022-03-24,11500604,가양2동,생활서비스,20254,31477256,1664,76.71,1000000,83.8,N,없음,0,11500604_생활서비스
SUB04_000800,C04_1021,예금,33580000,2023-10-26,11500590,화곡본동,패션·잡화,20254,557512160,5227,87.21,2460000,92.49,Y,시설자금대출,1400000,11500590_패션·잡화
SUB04_000801,C04_0843,ISA,6150000,2022-03-30,11710531,거여1동,자동차·운송서비스,20254,274515325,1502,-44.23,3140000,-39.39,N,없음,0,11710531_자동차·운송서비스
SUB04_000802,C04_1844,펀드,10260000,2022-06-17,11710532,거여2동,패션·잡화,20254,393023521,4913,-5.12,1870000,-4.31,N,없음,0,11710532_패션·잡화
SUB04_000803,C04_1461,펀드,11860000,2022-11-07,11710647,위례동,식료품·편의소매,20254,557220291,65111,1.99,2730000,-14.7,N,없음,0,11710647_식료품·편의소매
SUB04_000804,C04_0123,예금,34760000,2025-09-02,11680600,대치1동,여가·오락,20254,1215739345,166463,-14.6,7040000,-2.97,Y,운전자금대출,4500000,11680600_여가·오락
SUB04_000805,C04_1553,적금,1800000,2023-10-05,11215710,화양동,생활서비스,20254,293727146,28256,23.4,1000000,2.53,Y,운전자금대출,500000,11215710_생활서비스
SUB04_000806,C04_1075,적금,3820000,2024-11-22,11170590,용문동,패션·잡화,20254,547130294,13425,25.84,5300000,24.03,Y,운전자금대출,1800000,11170590_패션·잡화
SUB04_000807,C04_0732,펀드,6480000,2025-10-12,11620725,조원동,문화·취미·반려,20254,463458128,2032,1285.12,1200000,100.0,Y,운전자금대출,700000,11620725_문화·취미·반려
SUB04_000808,C04_0872,ISA,11470000,2024-09-18,11740660,성내3동,미용·뷰티,20254,1368431002,22283,-0.28,20790000,-4.1,Y,소상공인신용대출,6900000,11740660_미용·뷰티
SUB04_000809,C04_0466,ISA,16300000,2023-04-18,11290575,동선동,식료품·편의소매,20254,4780011621,512359,5.2,19980000,1.11,Y,운전자금대출,4000000,11290575_식료품·편의소매
SUB04_000810,C04_0370,예금,27760000,2024-06-03,11140615,신당동,가구·인테리어,20254,2431548205,25931,-50.82,21200000,-53.78,Y,소상공인신용대출,9600000,11140615_가구·인테리어
SUB04_000811,C04_1213,펀드,7710000,2022-07-18,11590640,사당3동,패션·잡화,20254,252827588,3375,0.25,1390000,-9.18,Y,시설자금대출,400000,11590640_패션·잡화
SUB04_000812,C04_0801,펀드,13240000,2025-12-10,11500570,화곡4동,식료품·편의소매,20254,19395075826,1168397,18.02,207670000,23.37,N,없음,0,11500570_식료품·편의소매
SUB04_000813,C04_0347,ISA,39380000,2025-03-19,11290580,돈암1동,미용·뷰티,20254,188447908,3460,5.47,1590000,7.13,N,없음,0,11290580_미용·뷰티
SUB04_000814,C04_0831,예금,13440000,2022-04-12,11470620,신정1동,미용·뷰티,20254,423306768,10015,-4.37,2630000,-17.04,N,없음,0,11470620_미용·뷰티
SUB04_000815,C04_0569,ISA,15160000,2023-11-28,11215850,구의1동,문화·취미·반려,20254,740966987,10335,-27.39,2950000,-43.42,N,없음,0,11215850_문화·취미·반려
SUB04_000816,C04_0848,펀드,15750000,2025-10-09,11710720,잠실7동,식료품·편의소매,20254,1817590623,207630,-11.02,13450000,2.76,N,없음,0,11710720_식료품·편의소매
SUB04_000817,C04_1643,펀드,14010000,2022-04-14,11260540,면목4동,전자기기·수리,20254,33110022,1343,330.55,1000000,100.0,N,없음,0,11260540_전자기기·수리
SUB04_000818,C04_0623,적금,5490000,2022-08-18,11410685,홍은2동,음식·음료,20254,7000985254,311732,4.92,36720000,-1.64,N,없음,0,11410685_음식·음료
SUB04_000819,C04_0490,적금,3540000,2025-01-25,11215840,자양3동,미용·뷰티,20254,416364415,7895,4.45,9940000,7.29,N,없음,0,11215840_미용·뷰티
SUB04_000820,C04_1252,예금,65890000,2025-06-03,11620685,신사동,문화·취미·반려,20254,11972019,302,0.54,1000000,21.17,N,없음,0,11620685_문화·취미·반려
SUB04_000821,C04_0567,ISA,26590000,2025-05-19,11740660,성내3동,여가·오락,20254,814116874,73439,1.8,2890000,6.02,Y,운전자금대출,1700000,11740660_여가·오락
SUB04_000822,C04_1216,펀드,10680000,2022-12-28,11380631,신사1동,패션·잡화,20254,687161224,4941,-6.96,1660000,-23.96,Y,운전자금대출,900000,11380631_패션·잡화
SUB04_000823,C04_1281,ISA,21490000,2023-11-02,11545670,시흥1동,숙박,20254,201573671,4449,-25.32,1000000,-19.31,Y,운전자금대출,500000,11545670_숙박
SUB04_000824,C04_1871,예금,69260000,2022-08-13,11500611,발산1동,음식·음료,20254,12779476227,852600,5.19,97760000,-7.03,Y,운전자금대출,41500000,11500611_음식·음료
SUB04_000825,C04_0788,펀드,20910000,2023-03-08,11710610,삼전동,여가·오락,20254,532716901,5435,-12.59,6570000,-15.32,Y,운전자금대출,2600000,11710610_여가·오락
SUB04_000826,C04_1537,펀드,7040000,2022-12-03,11110615,종로1·2·3·4가동,식료품·편의소매,20254,32365641793,3338169,-0.98,284660000,8.58,Y,운전자금대출,113400000,11110615_식료품·편의소매
SUB04_000827,C04_1517,펀드,19590000,2024-01-10,11260565,면목본동,음식·음료,20254,18199126770,728549,0.61,120230000,3.36,N,없음,0,11260565_음식·음료
SUB04_000828,C04_1943,예금,20960000,2023-07-31,11560670,신길5동,자동차·운송서비스,20254,1448550006,6560,12.74,13160000,11.6,Y,운전자금대출,4500000,11560670_자동차·운송서비스
SUB04_000829,C04_0315,적금,17790000,2025-09-14,11470630,신정2동,패션·잡화,20254,295168003,2792,-26.5,1000000,-17.28,Y,운전자금대출,500000,11470630_패션·잡화
SUB04_000830,C04_1800,적금,2990000,2025-09-30,11590670,신대방1동,패션·잡화,20254,406421248,3733,10.66,1010000,-1.21,Y,시설자금대출,600000,11590670_패션·잡화
SUB04_000831,C04_0283,적금,6640000,2025-08-12,11650530,서초3동,생활서비스,20254,361900650,16660,8.57,1030000,10.8,Y,운전자금대출,600000,11650530_생활서비스
SUB04_000832,C04_1563,ISA,9920000,2025-07-24,11740550,고덕1동,패션·잡화,20254,5479588,90,2645.45,1000000,100.0,N,없음,0,11740550_패션·잡화
SUB04_000833,C04_1082,적금,2330000,2025-08-02,11290600,안암동,자동차·운송서비스,20254,1468272135,7405,-24.71,10470000,-26.83,N,없음,0,11290600_자동차·운송서비스
SUB04_000834,C04_0825,예금,29390000,2024-09-03,11215847,자양4동,생활서비스,20254,247722136,11646,22.36,1660000,40.94,N,없음,0,11215847_생활서비스
SUB04_000835,C04_1161,ISA,25090000,2024-11-21,11680531,논현2동,미용·뷰티,20254,8582944387,81075,-2.86,43360000,-6.51,N,없음,0,11680531_미용·뷰티
SUB04_000836,C04_1021,펀드,13710000,2023-04-16,11500590,화곡본동,패션·잡화,20254,557512160,5227,87.21,2460000,92.49,Y,시설자금대출,1400000,11500590_패션·잡화
SUB04_000837,C04_1394,적금,5700000,2023-11-11,11290725,월곡2동,미용·뷰티,20254,672935825,15112,23.01,10750000,27.24,N,없음,0,11290725_미용·뷰티
SUB04_000838,C04_0663,ISA,8720000,2023-06-01,11320710,방학3동,전자기기·수리,20254,927944,35,-50.0,1000000,-42.43,Y,소상공인신용대출,800000,11320710_전자기기·수리
SUB04_000839,C04_1544,ISA,31870000,2025-12-10,11200660,성수1가2동,여가·오락,20254,208053472,12522,33.09,1010000,29.94,Y,운전자금대출,300000,11200660_여가·오락
SUB04_000840,C04_1796,펀드,11250000,2024-05-27,11440585,도화동,식료품·편의소매,20254,2682751551,244025,-3.74,13480000,-0.13,N,없음,0,11440585_식료품·편의소매
SUB04_000841,C04_1540,ISA,17760000,2024-09-26,11680640,역삼1동,미용·뷰티,20254,33106467229,235394,2.69,515130000,11.68,N,없음,0,11680640_미용·뷰티
SUB04_000842,C04_1434,적금,4130000,2025-07-17,11650590,방배본동,음식·음료,20254,15761245935,815897,-4.07,83090000,-4.65,Y,운전자금대출,45100000,11650590_음식·음료
SUB04_000843,C04_0242,펀드,11700000,2025-02-11,11200590,금호1가동,식료품·편의소매,20254,405188423,52183,6.13,9580000,18.38,Y,운전자금대출,4300000,11200590_식료품·편의소매
SUB04_000844,C04_1028,ISA,8590000,2025-07-08,11470670,신정6동,문화·취미·반려,20254,431172432,20858,-28.11,3050000,-20.89,N,없음,0,11470670_문화·취미·반려
SUB04_000845,C04_1173,예금,29000000,2023-07-19,11170650,이태원1동,패션·잡화,20254,16032599322,72435,65.29,215920000,68.95,N,없음,0,11170650_패션·잡화
SUB04_000846,C04_0518,펀드,11480000,2025-08-24,11320513,창3동,미용·뷰티,20254,277624145,9592,-6.5,2870000,3.99,N,없음,0,11320513_미용·뷰티
SUB04_000847,C04_0152,예금,86960000,2025-01-12,11470650,신정4동,패션·잡화,20254,3273661869,22177,25.35,26770000,15.46,N,없음,0,11470650_패션·잡화
SUB04_000848,C04_0993,예금,28940000,2023-04-18,11110550,부암동,식료품·편의소매,20254,803160059,131301,0.81,3920000,-9.14,Y,운전자금대출,1700000,11110550_식료품·편의소매
SUB04_000849,C04_0331,ISA,8860000,2023-08-19,11650581,반포4동,자동차·운송서비스,20254,1566130632,6185,5.81,7330000,5.08,Y,운전자금대출,3000000,11650581_자동차·운송서비스
SUB04_000850,C04_1372,ISA,30180000,2024-07-14,11350640,상계2동,문화·취미·반려,20254,799836036,35532,11.8,9600000,12.15,N,없음,0,11350640_문화·취미·반려
SUB04_000851,C04_1851,펀드,6490000,2023-04-30,11500620,공항동,문화·취미·반려,20254,206061352,9978,7.13,2130000,5.36,Y,운전자금대출,700000,11500620_문화·취미·반려
SUB04_000852,C04_0825,예금,36340000,2022-12-19,11215847,자양4동,생활서비스,20254,247722136,11646,22.36,1660000,40.94,N,없음,0,11215847_생활서비스
SUB04_000853,C04_1282,ISA,4680000,2025-05-18,11290705,종암동,식료품·편의소매,20254,7925681059,411786,18.93,51820000,11.4,N,없음,0,11290705_식료품·편의소매
SUB04_000854,C04_1133,예금,75790000,2025-10-29,11305645,우이동,자동차·운송서비스,20254,1039339927,4345,35.31,16370000,32.67,Y,운전자금대출,9000000,11305645_자동차·운송서비스
SUB04_000855,C04_1952,펀드,7220000,2025-04-26,11215830,자양2동,패션·잡화,20254,382022470,4884,16.62,1470000,19.99,N,없음,0,11215830_패션·잡화
SUB04_000856,C04_1974,펀드,12160000,2025-10-08,11350630,상계1동,패션·잡화,20254,894234041,11262,-5.42,14870000,-0.97,Y,소상공인신용대출,6600000,11350630_패션·잡화
SUB04_000857,C04_0415,ISA,11030000,2023-06-09,11500590,화곡본동,숙박,20254,761603511,21252,-1.82,1060000,2.08,Y,운전자금대출,500000,11500590_숙박
SUB04_000858,C04_1207,펀드,11050000,2024-10-20,11680720,일원본동,패션·잡화,20254,173695685,884,-44.23,1000000,-53.18,Y,시설자금대출,400000,11680720_패션·잡화
SUB04_000859,C04_0383,펀드,11290000,2024-08-28,11140680,중림동,생활서비스,20254,55714956,4799,37.07,1000000,26.07,N,없음,0,11140680_생활서비스
SUB04_000860,C04_1697,ISA,13190000,2025-02-17,11590605,흑석동,식료품·편의소매,20254,6877013698,752778,0.92,21120000,-7.42,N,없음,0,11590605_식료품·편의소매
SUB04_000861,C04_1953,적금,4650000,2023-11-19,11710690,잠실4동,식료품·편의소매,20254,2892867482,308886,-2.47,32190000,9.2,N,없음,0,11710690_식료품·편의소매
SUB04_000862,C04_1128,ISA,13120000,2025-08-27,11620765,미성동,문화·취미·반려,20254,91073825,3239,-10.71,1000000,-4.09,Y,운전자금대출,400000,11620765_문화·취미·반려
SUB04_000863,C04_0355,예금,31500000,2022-10-18,11290575,동선동,문화·취미·반려,20254,438828144,22698,27.11,2170000,23.35,N,없음,0,11290575_문화·취미·반려
SUB04_000864,C04_0069,예금,33830000,2025-12-22,11320521,도봉1동,자동차·운송서비스,20254,363706306,1907,-2.32,2450000,3.52,Y,소상공인신용대출,900000,11320521_자동차·운송서비스
SUB04_000865,C04_0293,ISA,19450000,2022-02-28,11710570,오금동,식료품·편의소매,20254,12260163246,664332,-17.19,63360000,-21.24,Y,운전자금대출,29600000,11710570_식료품·편의소매
SUB04_000866,C04_1480,적금,6660000,2022-09-17,11215870,구의3동,가구·인테리어,20254,1511832083,19119,13.8,8280000,18.89,N,없음,0,11215870_가구·인테리어
SUB04_000867,C04_1243,ISA,17130000,2025-07-19,11290555,삼선동,음식·음료,20254,16670973186,594863,2.53,88470000,-1.59,Y,운전자금대출,31000000,11290555_음식·음료
SUB04_000868,C04_0141,펀드,14080000,2025-06-23,11710562,방이2동,생활서비스,20254,208938815,9638,73.94,1000000,75.52,Y,운전자금대출,500000,11710562_생활서비스
SUB04_000869,C04_0181,적금,6720000,2025-05-06,11560540,여의동,가구·인테리어,20254,1871647857,12985,-5.47,10210000,-6.84,N,없음,0,11560540_가구·인테리어
SUB04_000870,C04_0813,적금,5230000,2025-12-21,11290810,석관동,패션·잡화,20254,1129730109,20905,1.79,17010000,-20.84,N,없음,0,11290810_패션·잡화
SUB04_000871,C04_0757,적금,2550000,2024-01-20,11140670,황학동,패션·잡화,20254,1360198637,14302,16.69,26390000,27.62,N,없음,0,11140670_패션·잡화
SUB04_000872,C04_0382,예금,13890000,2024-09-01,11710566,오륜동,음식·음료,20254,1682191321,80398,33.21,18760000,39.68,Y,시설자금대출,4900000,11710566_음식·음료
SUB04_000873,C04_0782,예금,43120000,2022-11-09,11620765,미성동,자동차·운송서비스,20254,1226998011,4772,0.7,6310000,-8.02,Y,시설자금대출,4100000,11620765_자동차·운송서비스
SUB04_000874,C04_1493,적금,10540000,2022-10-13,11320680,쌍문3동,패션·잡화,20254,907019007,7586,76.72,2130000,79.27,N,없음,0,11320680_패션·잡화
SUB04_000875,C04_0521,ISA,8710000,2023-07-23,11110670,창신1동,미용·뷰티,20254,782282953,8824,173.56,2480000,100.0,Y,운전자금대출,1600000,11110670_미용·뷰티
SUB04_000876,C04_1589,ISA,16590000,2025-05-04,11260680,신내1동,전자기기·수리,20254,290723915,3641,16.18,1590000,35.66,Y,소상공인신용대출,600000,11260680_전자기기·수리
SUB04_000877,C04_1519,예금,136340000,2023-06-29,11170650,이태원1동,숙박,20254,103726986,1429,-22.26,1000000,-29.95,N,없음,0,11170650_숙박
SUB04_000878,C04_0300,펀드,14340000,2024-02-23,11320522,도봉2동,자동차·운송서비스,20254,641227613,4527,-14.58,2730000,-47.57,Y,운전자금대출,2000000,11320522_자동차·운송서비스
SUB04_000879,C04_0193,펀드,8000000,2023-12-14,11215840,자양3동,문화·취미·반려,20254,249588460,6071,111.91,1000000,100.0,N,없음,0,11215840_문화·취미·반려
SUB04_000880,C04_0934,적금,2900000,2025-03-18,11215770,중곡4동,음식·음료,20254,9497016913,545442,3.73,47170000,11.44,N,없음,0,11215770_음식·음료
SUB04_000881,C04_1533,펀드,9170000,2025-05-04,11560540,여의동,음식·음료,20254,214182407349,6343600,2.03,2841580000,-3.97,N,없음,0,11560540_음식·음료
SUB04_000882,C04_0112,적금,1600000,2023-08-12,11305625,수유2동,자동차·운송서비스,20254,807852902,6287,10.71,3940000,-4.4,N,없음,0,11305625_자동차·운송서비스
SUB04_000883,C04_0827,적금,3160000,2025-10-15,11650531,서초4동,전자기기·수리,20254,98968752,3581,-14.11,1000000,-5.44,Y,소상공인신용대출,300000,11650531_전자기기·수리
SUB04_000884,C04_0870,예금,17370000,2025-10-30,11500535,등촌3동,문화·취미·반려,20254,6187000697,195054,-1.71,47040000,5.23,Y,운전자금대출,10200000,11500535_문화·취미·반려
SUB04_000885,C04_0284,펀드,24900000,2025-08-12,11680720,일원본동,생활서비스,20254,19796734,814,32.14,1000000,45.93,N,없음,0,11680720_생활서비스
SUB04_000886,C04_0858,예금,55110000,2025-10-02,11140570,필동,자동차·운송서비스,20254,148974565,1069,-25.27,1000000,-29.22,Y,운전자금대출,300000,11140570_자동차·운송서비스
SUB04_000887,C04_1323,펀드,4330000,2022-11-28,11650580,반포3동,전자기기·수리,20254,125338163,3412,-20.66,1000000,-15.69,Y,시설자금대출,500000,11650580_전자기기·수리
SUB04_000888,C04_1565,ISA,8080000,2024-07-25,11200570,행당2동,문화·취미·반려,20254,74962559,5762,-18.52,1000000,-15.04,N,없음,0,11200570_문화·취미·반려
SUB04_000889,C04_1402,펀드,9830000,2025-01-22,11350612,하계2동,음식·음료,20254,24513964,1597,32.81,1000000,31.16,N,없음,0,11350612_음식·음료
SUB04_000890,C04_1182,펀드,19660000,2024-10-25,11560515,영등포본동,식료품·편의소매,20254,20952228350,2971265,0.12,115540000,-1.27,Y,운전자금대출,30800000,11560515_식료품·편의소매
SUB04_000891,C04_1616,펀드,6580000,2022-09-21,11410700,남가좌2동,여가·오락,20254,542546429,73798,-1.76,3480000,0.02,Y,운전자금대출,1700000,11410700_여가·오락
SUB04_000892,C04_0429,예금,43490000,2025-03-23,11320515,창5동,여가·오락,20254,1267620408,165897,1.18,23790000,8.39,Y,소상공인신용대출,14100000,11320515_여가·오락
SUB04_000893,C04_1802,펀드,11090000,2023-05-11,11710510,풍납1동,문화·취미·반려,20254,17434977,783,-33.57,1000000,-51.55,Y,운전자금대출,400000,11710510_문화·취미·반려
SUB04_000894,C04_0443,예금,26840000,2022-01-09,11440710,연남동,가구·인테리어,20254,18194652,1682,-5.19,1000000,-5.67,Y,운전자금대출,400000,11440710_가구·인테리어
SUB04_000895,C04_0797,적금,3650000,2024-12-06,11290575,동선동,미용·뷰티,20254,3240034849,46138,-13.14,12210000,-6.06,N,없음,0,11290575_미용·뷰티
SUB04_000896,C04_1466,예금,59210000,2023-12-14,11740650,성내2동,가구·인테리어,20254,3348872863,17847,89.68,12890000,96.03,Y,시설자금대출,2100000,11740650_가구·인테리어
SUB04_000897,C04_1212,ISA,4270000,2023-03-24,11710646,장지동,미용·뷰티,20254,922779870,10033,23.0,8660000,-2.2,N,없음,0,11710646_미용·뷰티
SUB04_000898,C04_0299,예금,33040000,2024-02-12,11470650,신정4동,식료품·편의소매,20254,11677916807,987540,-3.71,73840000,1.03,Y,운전자금대출,43800000,11470650_식료품·편의소매
SUB04_000899,C04_0646,ISA,20200000,2024-06-12,11110640,이화동,문화·취미·반려,20254,131001712,2728,90.44,1000000,83.49,N,없음,0,11110640_문화·취미·반려
SUB04_000900,C04_0669,적금,3750000,2022-10-29,11260600,중화1동,음식·음료,20254,1418808781,43753,-9.22,17360000,-24.71,Y,운전자금대출,10800000,11260600_음식·음료
SUB04_000901,C04_0331,적금,1560000,2025-11-09,11650581,반포4동,자동차·운송서비스,20254,1566130632,6185,5.81,7330000,5.08,Y,운전자금대출,3000000,11650581_자동차·운송서비스
SUB04_000902,C04_1894,ISA,12230000,2025-06-18,11710631,가락1동,식료품·편의소매,20254,439417757480,5884634,1.12,1320090000,-18.03,N,없음,0,11710631_식료품·편의소매
SUB04_000903,C04_0670,예금,28980000,2024-04-02,11380560,구산동,문화·취미·반려,20254,94559629,3739,20.95,1000000,17.79,N,없음,0,11380560_문화·취미·반려
SUB04_000904,C04_1779,예금,52700000,2023-05-14,11350700,상계8동,패션·잡화,20254,895955887,8530,24.18,11430000,27.21,N,없음,0,11350700_패션·잡화
SUB04_000905,C04_1933,예금,13640000,2024-05-05,11305603,번2동,미용·뷰티,20254,72251869,2502,-17.6,1000000,-22.95,N,없음,0,11305603_미용·뷰티
SUB04_000906,C04_1222,펀드,8700000,2024-05-20,11650581,반포4동,생활서비스,20254,111585401,3964,7.75,2270000,-0.98,N,없음,0,11650581_생활서비스
SUB04_000907,C04_0841,예금,69040000,2022-01-01,11500510,염창동,가구·인테리어,20254,231820023,8746,-39.75,1560000,-37.84,N,없음,0,11500510_가구·인테리어
SUB04_000908,C04_1946,펀드,13520000,2025-03-21,11440630,신수동,미용·뷰티,20254,153384087,3694,-9.93,1030000,-5.65,Y,소상공인신용대출,500000,11440630_미용·뷰티
SUB04_000909,C04_1369,펀드,18750000,2023-02-03,11290555,삼선동,음식·음료,20254,16670973186,594863,2.53,117680000,-7.73,Y,소상공인신용대출,52300000,11290555_음식·음료
SUB04_000910,C04_0126,적금,2660000,2024-04-17,11680521,논현1동,문화·취미·반려,20254,10031136282,45344,105.81,104650000,100.0,N,없음,0,11680521_문화·취미·반려
SUB04_000911,C04_0356,ISA,14190000,2022-12-18,11560585,도림동,자동차·운송서비스,20254,1781297329,9236,-5.23,11860000,-3.24,N,없음,0,11560585_자동차·운송서비스
SUB04_000912,C04_0119,적금,1450000,2023-12-28,11470640,신정3동,패션·잡화,20254,499721977,3476,-7.58,2690000,1.29,Y,운전자금대출,1200000,11470640_패션·잡화
SUB04_000913,C04_0488,예금,28120000,2022-07-07,11215710,화양동,여가·오락,20254,2558350108,433675,3.25,38630000,20.79,Y,소상공인신용대출,16500000,11215710_여가·오락
SUB04_000914,C04_1188,적금,6610000,2023-11-25,11650652,양재2동,패션·잡화,20254,1647219447,6677,6.23,12560000,-1.99,N,없음,0,11650652_패션·잡화
SUB04_000915,C04_1685,적금,1500000,2022-09-13,11350670,상계5동,미용·뷰티,20254,483942054,12549,-7.95,1150000,3.95,N,없음,0,11350670_미용·뷰티
SUB04_000916,C04_1266,펀드,37700000,2024-08-22,11140570,필동,식료품·편의소매,20254,4018903908,755669,4.78,13340000,-6.75,Y,운전자금대출,7300000,11140570_식료품·편의소매
SUB04_000917,C04_0100,ISA,14450000,2025-01-13,11380551,갈현1동,음식·음료,20254,19831088376,655873,13.18,74100000,16.26,N,없음,0,11380551_음식·음료
SUB04_000918,C04_1118,적금,11880000,2025-07-23,11650651,양재1동,패션·잡화,20254,771683206,3911,-12.08,9120000,0.23,N,없음,0,11650651_패션·잡화
SUB04_000919,C04_0929,적금,3410000,2024-07-04,11215860,구의2동,전자기기·수리,20254,1211537986,11993,16.85,5930000,-2.33,Y,소상공인신용대출,2800000,11215860_전자기기·수리
SUB04_000920,C04_1719,펀드,19980000,2024-04-16,11680655,도곡1동,전자기기·수리,20254,109626266,2911,-92.55,1000000,-70.0,Y,운전자금대출,600000,11680655_전자기기·수리
SUB04_000921,C04_1287,펀드,35690000,2023-05-08,11260620,묵1동,문화·취미·반려,20254,828239300,6526,150.04,1510000,100.0,Y,시설자금대출,800000,11260620_문화·취미·반려
SUB04_000922,C04_0026,ISA,19430000,2023-04-22,11215770,중곡4동,문화·취미·반려,20254,53325196,2564,-40.84,1000000,-41.55,N,없음,0,11215770_문화·취미·반려
SUB04_000923,C04_0948,펀드,14030000,2023-06-15,11440720,성산1동,문화·취미·반려,20254,42482031,4349,-95.08,1000000,-70.0,N,없음,0,11440720_문화·취미·반려
SUB04_000924,C04_1771,ISA,23380000,2024-11-22,11110670,창신1동,숙박,20254,268757941,4816,-49.21,1590000,-38.41,Y,운전자금대출,1000000,11110670_숙박
SUB04_000925,C04_0863,펀드,12780000,2023-05-26,11440630,신수동,가구·인테리어,20254,72939921,326,76.79,1000000,63.29,Y,시설자금대출,200000,11440630_가구·인테리어
SUB04_000926,C04_0533,적금,1970000,2025-07-16,11440690,망원1동,패션·잡화,20254,1298281522,21491,-16.17,4570000,-9.03,Y,운전자금대출,1200000,11440690_패션·잡화
SUB04_000927,C04_1782,예금,16190000,2024-11-07,11740560,고덕2동,전자기기·수리,20254,1096552,42,6.0,1000000,-6.61,N,없음,0,11740560_전자기기·수리
SUB04_000928,C04_0014,ISA,36320000,2023-06-25,11545620,독산2동,여가·오락,20254,406335512,6062,29.57,3530000,28.49,Y,운전자금대출,1400000,11545620_여가·오락
SUB04_000929,C04_0387,예금,79220000,2025-07-31,11740515,강일동,미용·뷰티,20254,339369725,12057,5.96,2780000,-3.71,N,없음,0,11740515_미용·뷰티
SUB04_000930,C04_1827,적금,7720000,2024-07-05,11380590,응암2동,여가·오락,20254,191646295,3259,12.72,1000000,11.57,N,없음,0,11380590_여가·오락
SUB04_000931,C04_1022,적금,3710000,2023-06-18,11320522,도봉2동,미용·뷰티,20254,323820611,9044,-10.76,1400000,3.6,N,없음,0,11320522_미용·뷰티
SUB04_000932,C04_1897,펀드,14570000,2023-09-26,11200620,금호4가동,미용·뷰티,20254,240504165,4275,-10.17,8720000,-4.07,Y,시설자금대출,4600000,11200620_미용·뷰티
SUB04_000933,C04_1463,ISA,18560000,2023-04-11,11500550,화곡2동,음식·음료,20254,953137200,46880,-11.27,17490000,-29.2,N,없음,0,11500550_음식·음료
SUB04_000934,C04_0054,예금,30180000,2024-01-26,11170590,용문동,패션·잡화,20254,547130294,13425,25.84,4440000,11.14,N,없음,0,11170590_패션·잡화
SUB04_000935,C04_1021,적금,4200000,2023-02-22,11500590,화곡본동,패션·잡화,20254,557512160,5227,87.21,2460000,92.49,Y,시설자금대출,1400000,11500590_패션·잡화
SUB04_000936,C04_1978,적금,7570000,2024-07-09,11470600,신월5동,문화·취미·반려,20254,158117925,3157,-22.54,1000000,-24.47,N,없음,0,11470600_문화·취미·반려
SUB04_000937,C04_0094,ISA,22430000,2025-01-05,11680690,개포4동,자동차·운송서비스,20254,2883368505,15130,-18.7,17850000,-4.56,Y,운전자금대출,3900000,11680690_자동차·운송서비스
SUB04_000938,C04_0527,적금,5710000,2023-09-03,11170510,후암동,식료품·편의소매,20254,8077629287,635828,3.98,30190000,6.88,N,없음,0,11170510_식료품·편의소매
SUB04_000939,C04_0960,적금,1810000,2025-09-15,11230536,용신동,자동차·운송서비스,20254,1223482309,6548,19.59,5980000,29.07,Y,소상공인신용대출,2200000,11230536_자동차·운송서비스
SUB04_000940,C04_0601,예금,18530000,2023-08-01,11650520,서초2동,여가·오락,20254,502991830,6782,14.62,3710000,0.34,N,없음,0,11650520_여가·오락
SUB04_000941,C04_0500,펀드,23860000,2022-05-18,11170690,서빙고동,식료품·편의소매,20254,632804519,77913,-1.1,2100000,15.25,Y,소상공인신용대출,900000,11170690_식료품·편의소매
SUB04_000942,C04_1154,예금,28150000,2025-05-15,11560720,대림3동,문화·취미·반려,20254,194364169,3579,56.35,1780000,48.6,Y,소상공인신용대출,300000,11560720_문화·취미·반려
SUB04_000943,C04_1521,적금,3120000,2025-05-03,11260680,신내1동,여가·오락,20254,1551797965,240017,-10.92,16670000,-23.53,Y,운전자금대출,12000000,11260680_여가·오락
SUB04_000944,C04_0855,ISA,7680000,2025-11-11,11470670,신정6동,미용·뷰티,20254,83357207,1320,8.04,1000000,22.82,Y,시설자금대출,500000,11470670_미용·뷰티
SUB04_000945,C04_0341,적금,9640000,2024-11-02,11215847,자양4동,여가·오락,20254,1737193196,100692,3.25,23060000,11.7,N,없음,0,11215847_여가·오락
SUB04_000946,C04_0031,ISA,6550000,2024-08-25,11260550,면목5동,자동차·운송서비스,20254,1951261238,9393,-34.6,14050000,-6.63,Y,운전자금대출,6800000,11260550_자동차·운송서비스
SUB04_000947,C04_1271,ISA,20380000,2023-05-04,11170685,한남동,여가·오락,20254,210976248,23987,-4.7,1350000,-1.99,N,없음,0,11170685_여가·오락
SUB04_000948,C04_1010,예금,18810000,2025-03-17,11230740,이문1동,음식·음료,20254,13060217362,992336,12.34,31070000,16.09,N,없음,0,11230740_음식·음료
SUB04_000949,C04_1753,펀드,19900000,2022-04-15,11215860,구의2동,식료품·편의소매,20254,6205027646,468956,0.51,23010000,2.37,N,없음,0,11215860_식료품·편의소매
SUB04_000950,C04_0565,예금,30740000,2025-02-23,11260590,상봉2동,숙박,20254,515976343,13930,-1.07,4120000,-3.31,N,없음,0,11260590_숙박
SUB04_000951,C04_0655,적금,6840000,2025-06-04,11650581,반포4동,생활서비스,20254,111585401,3964,7.75,1000000,0.22,N,없음,0,11650581_생활서비스
SUB04_000952,C04_1709,펀드,10250000,2025-07-13,11470630,신정2동,패션·잡화,20254,295168003,2792,-26.5,2430000,-10.65,N,없음,0,11470630_패션·잡화
SUB04_000953,C04_0011,적금,5120000,2025-12-30,11650610,방배2동,자동차·운송서비스,20254,802244487,6140,-9.33,4310000,-10.83,N,없음,0,11650610_자동차·운송서비스
SUB04_000954,C04_0497,펀드,9810000,2022-01-21,11440630,신수동,미용·뷰티,20254,153384087,3694,-9.93,1330000,-26.5,N,없음,0,11440630_미용·뷰티
SUB04_000955,C04_1375,예금,21420000,2024-07-08,11170580,효창동,음식·음료,20254,1891785389,143253,-7.25,11480000,6.21,N,없음,0,11170580_음식·음료
SUB04_000956,C04_1199,ISA,21200000,2022-06-18,11530720,고척1동,미용·뷰티,20254,544893438,12508,-23.95,7290000,-20.3,Y,운전자금대출,4900000,11530720_미용·뷰티
SUB04_000957,C04_1712,예금,32080000,2022-12-06,11590560,상도4동,전자기기·수리,20254,85231273,2778,20.93,1000000,9.66,Y,운전자금대출,600000,11590560_전자기기·수리
SUB04_000958,C04_1509,ISA,11740000,2022-08-09,11260680,신내1동,음식·음료,20254,13464005103,456619,-0.93,92560000,5.22,Y,시설자금대출,24400000,11260680_음식·음료
SUB04_000959,C04_1599,ISA,27990000,2024-03-29,11260630,묵2동,전자기기·수리,20254,759479601,3422,-28.23,3050000,-26.81,N,없음,0,11260630_전자기기·수리
SUB04_000960,C04_1034,ISA,10610000,2025-07-31,11470520,목2동,여가·오락,20254,289739980,9435,1.5,1520000,4.54,Y,시설자금대출,400000,11470520_여가·오락
SUB04_000961,C04_0150,ISA,11400000,2022-06-24,11320514,창4동,음식·음료,20254,12144657960,521891,6.34,152650000,-1.66,Y,시설자금대출,76100000,11320514_음식·음료
SUB04_000962,C04_0655,펀드,22550000,2023-09-16,11650581,반포4동,생활서비스,20254,111585401,3964,7.75,1000000,0.22,N,없음,0,11650581_생활서비스
SUB04_000963,C04_1632,펀드,4700000,2023-11-29,11590540,상도2동,여가·오락,20254,237796985,6073,-17.94,1000000,-3.77,Y,운전자금대출,400000,11590540_여가·오락
SUB04_000964,C04_0047,ISA,10280000,2025-09-21,11590640,사당3동,가구·인테리어,20254,44818542,742,2.81,1000000,4.23,N,없음,0,11590640_가구·인테리어
SUB04_000965,C04_1893,예금,47000000,2022-03-01,11560660,신길4동,자동차·운송서비스,20254,19965451,174,-46.2,1000000,-48.88,N,없음,0,11560660_자동차·운송서비스
SUB04_000966,C04_1229,예금,54690000,2022-10-31,11440700,망원2동,미용·뷰티,20254,474194259,10169,-10.69,1150000,-20.81,Y,소상공인신용대출,500000,11440700_미용·뷰티
SUB04_000967,C04_0396,ISA,22150000,2025-12-19,11260660,망우3동,가구·인테리어,20254,331310752,6517,8.87,1000000,11.46,Y,소상공인신용대출,500000,11260660_가구·인테리어
SUB04_000968,C04_1068,ISA,14690000,2023-12-19,11215850,구의1동,가구·인테리어,20254,18154391151,124850,88.6,130220000,79.91,Y,소상공인신용대출,41700000,11215850_가구·인테리어
SUB04_000969,C04_1127,펀드,34270000,2023-07-11,11260620,묵1동,음식·음료,20254,12140474777,521139,2.38,128330000,-11.84,Y,운전자금대출,70500000,11260620_음식·음료
SUB04_000970,C04_1514,펀드,8950000,2023-05-08,11380520,불광1동,음식·음료,20254,12665001747,518214,-0.34,231760000,2.25,Y,운전자금대출,122900000,11380520_음식·음료
SUB04_000971,C04_0379,예금,28640000,2024-10-31,11230570,전농2동,여가·오락,20254,397285385,43490,26.34,9540000,23.55,N,없음,0,11230570_여가·오락
SUB04_000972,C04_0383,ISA,13650000,2022-01-16,11140680,중림동,생활서비스,20254,55714956,4799,37.07,1000000,26.07,N,없음,0,11140680_생활서비스
SUB04_000973,C04_0897,ISA,15750000,2025-12-10,11170630,이촌1동,패션·잡화,20254,2678592248,8636,20.2,31700000,39.91,N,없음,0,11170630_패션·잡화
SUB04_000974,C04_0270,펀드,8630000,2024-11-18,11200690,성수2가3동,패션·잡화,20254,28612143367,261423,40.21,195630000,53.38,Y,운전자금대출,92800000,11200690_패션·잡화
SUB04_000975,C04_0079,ISA,12700000,2025-12-07,11680545,압구정동,자동차·운송서비스,20254,457201306,1557,-7.6,1920000,-12.08,Y,시설자금대출,1000000,11680545_자동차·운송서비스
SUB04_000976,C04_0655,ISA,30360000,2024-04-09,11650581,반포4동,생활서비스,20254,111585401,3964,7.75,1000000,0.22,N,없음,0,11650581_생활서비스
SUB04_000977,C04_0057,예금,21670000,2023-07-04,11680590,삼성2동,전자기기·수리,20254,301080179,4564,12.06,2850000,2.91,Y,소상공인신용대출,500000,11680590_전자기기·수리
SUB04_000978,C04_1056,ISA,48190000,2025-09-27,11560560,당산2동,식료품·편의소매,20254,5817459643,686769,-10.96,42100000,-27.24,N,없음,0,11560560_식료품·편의소매
SUB04_000979,C04_0631,예금,17520000,2022-08-20,11290705,종암동,자동차·운송서비스,20254,195358355,1174,62.82,1500000,55.97,Y,소상공인신용대출,900000,11290705_자동차·운송서비스
SUB04_000980,C04_0668,ISA,15110000,2025-07-05,11560700,대림1동,여가·오락,20254,158734323,1058,-3.65,1250000,-5.71,N,없음,0,11560700_여가·오락
SUB04_000981,C04_0524,ISA,28700000,2022-11-11,11530550,구로4동,음식·음료,20254,12580339567,512133,-12.56,60400000,-27.11,N,없음,0,11530550_음식·음료
SUB04_000982,C04_1729,예금,35920000,2022-03-06,11620665,서림동,가구·인테리어,20254,66262124,2184,-13.13,1000000,-8.8,N,없음,0,11620665_가구·인테리어
SUB04_000983,C04_0273,적금,4210000,2025-10-25,11440690,망원1동,생활서비스,20254,62469614,6733,1.86,1000000,-11.96,N,없음,0,11440690_생활서비스
SUB04_000984,C04_0468,펀드,6600000,2023-04-18,11650660,내곡동,음식·음료,20254,3171613387,164251,-3.35,24340000,-18.7,N,없음,0,11650660_음식·음료
SUB04_000985,C04_1834,펀드,28180000,2025-02-07,11710690,잠실4동,식료품·편의소매,20254,2892867482,308886,-2.47,16900000,-2.17,N,없음,0,11710690_식료품·편의소매
SUB04_000986,C04_1292,예금,56310000,2022-03-07,11260630,묵2동,식료품·편의소매,20254,8655089948,844266,2.13,105890000,20.26,N,없음,0,11260630_식료품·편의소매
SUB04_000987,C04_1511,적금,2500000,2024-08-29,11740560,고덕2동,패션·잡화,20254,254551860,5582,38.35,1930000,32.15,Y,운전자금대출,400000,11740560_패션·잡화
SUB04_000988,C04_0361,예금,15580000,2025-10-05,11560690,신길7동,자동차·운송서비스,20254,489700733,3924,-25.62,1380000,-24.85,Y,운전자금대출,500000,11560690_자동차·운송서비스
SUB04_000989,C04_1003,ISA,26750000,2022-02-08,11650590,방배본동,패션·잡화,20254,1374119336,8020,42.84,14350000,30.42,Y,운전자금대출,6900000,11650590_패션·잡화
SUB04_000990,C04_1586,펀드,10980000,2025-04-14,11440740,상암동,식료품·편의소매,20254,11049398340,1233695,-9.59,58650000,-17.85,Y,운전자금대출,35200000,11440740_식료품·편의소매
SUB04_000991,C04_0976,ISA,48050000,2024-06-06,11440555,아현동,미용·뷰티,20254,1000978570,16444,2.18,3430000,-7.87,Y,소상공인신용대출,700000,11440555_미용·뷰티
SUB04_000992,C04_1988,예금,37900000,2022-08-04,11410720,북가좌2동,음식·음료,20254,11114289899,457741,3.96,23230000,17.44,N,없음,0,11410720_음식·음료
SUB04_000993,C04_0898,ISA,22350000,2025-01-19,11710710,잠실6동,여가·오락,20254,24903497,185,-50.02,1000000,-70.0,Y,운전자금대출,900000,11710710_여가·오락
SUB04_000994,C04_1938,적금,4810000,2025-06-18,11215730,군자동,생활서비스,20254,151671151,11673,6.49,1000000,31.76,N,없음,0,11215730_생활서비스
SUB04_000995,C04_0757,적금,6300000,2022-10-16,11140670,황학동,패션·잡화,20254,1360198637,14302,16.69,26390000,27.62,N,없음,0,11140670_패션·잡화
SUB04_000996,C04_0797,펀드,19620000,2024-10-26,11290575,동선동,미용·뷰티,20254,3240034849,46138,-13.14,12210000,-6.06,N,없음,0,11290575_미용·뷰티
SUB04_000997,C04_1402,예금,62750000,2023-09-13,11350612,하계2동,음식·음료,20254,24513964,1597,32.81,1000000,31.16,N,없음,0,11350612_음식·음료
SUB04_000998,C04_0587,적금,2040000,2022-12-30,11140650,신당5동,미용·뷰티,20254,217429215,5982,14.64,1200000,-5.81,N,없음,0,11140650_미용·뷰티
SUB04_000999,C04_1527,펀드,11470000,2025-02-21,11110630,종로5·6가동,여가·오락,20254,732868797,12878,11.56,3250000,-0.08,N,없음,0,11110630_여가·오락
SUB04_001000,C04_1646,펀드,19950000,2022-11-19,11740530,명일1동,여가·오락,20254,531564768,21513,12.63,2570000,7.56,N,없음,0,11740530_여가·오락
SUB04_001001,C04_1284,펀드,9040000,2023-07-11,11500641,방화3동,생활서비스,20254,24740613,749,78.51,1000000,75.3,Y,운전자금대출,200000,11500641_생활서비스
SUB04_001002,C04_0686,펀드,11800000,2025-06-04,11500641,방화3동,생활서비스,20254,24740613,749,78.51,1000000,88.75,N,없음,0,11500641_생활서비스
SUB04_001003,C04_0800,예금,43600000,2025-10-12,11230570,전농2동,식료품·편의소매,20254,1426148020,253346,-5.71,4920000,5.39,Y,운전자금대출,2600000,11230570_식료품·편의소매
SUB04_001004,C04_0425,펀드,9040000,2022-05-27,11620715,난향동,패션·잡화,20254,98446092,3478,48.84,1490000,28.12,N,없음,0,11620715_패션·잡화
SUB04_001005,C04_0561,적금,10230000,2023-07-12,11200720,송정동,여가·오락,20254,123412608,753,97.68,1000000,81.8,Y,운전자금대출,300000,11200720_여가·오락
SUB04_001006,C04_1846,예금,52750000,2024-12-30,11650520,서초2동,음식·음료,20254,56055114280,2169270,-1.49,299710000,-1.7,N,없음,0,11650520_음식·음료
SUB04_001007,C04_1309,예금,28430000,2025-12-15,11680655,도곡1동,자동차·운송서비스,20254,689015839,5281,10.45,1000000,5.81,N,없음,0,11680655_자동차·운송서비스
SUB04_001008,C04_1436,예금,36490000,2025-03-13,11740620,천호3동,식료품·편의소매,20254,8579816478,800894,0.65,67480000,-7.58,Y,운전자금대출,28400000,11740620_식료품·편의소매
SUB04_001009,C04_0173,적금,4030000,2025-10-28,11530510,신도림동,식료품·편의소매,20254,4904937868,495692,-9.61,33120000,14.06,N,없음,0,11530510_식료품·편의소매
SUB04_001010,C04_0346,예금,36570000,2023-08-07,11350624,중계4동,식료품·편의소매,20254,10502634286,479547,-5.72,48820000,-7.81,Y,운전자금대출,19900000,11350624_식료품·편의소매
SUB04_001011,C04_0930,예금,99010000,2024-12-12,11200645,옥수동,여가·오락,20254,49629847,245,65.96,1000000,49.54,N,없음,0,11200645_여가·오락
SUB04_001012,C04_1533,ISA,24950000,2022-02-24,11560540,여의동,음식·음료,20254,214182407349,6343600,2.03,2841580000,-3.97,N,없음,0,11560540_음식·음료
SUB04_001013,C04_1821,ISA,8060000,2025-09-18,11470540,목4동,가구·인테리어,20254,77488829,3521,-26.48,1000000,-26.34,N,없음,0,11470540_가구·인테리어
SUB04_001014,C04_1539,적금,4880000,2024-09-29,11305545,송중동,문화·취미·반려,20254,145778660,3309,17.95,1630000,37.17,N,없음,0,11305545_문화·취미·반려
SUB04_001015,C04_1710,예금,70950000,2023-07-18,11410720,북가좌2동,음식·음료,20254,11114289899,457741,3.96,177180000,8.54,Y,시설자금대출,53700000,11410720_음식·음료
SUB04_001016,C04_0615,적금,7530000,2022-09-15,11530780,오류2동,전자기기·수리,20254,1427877447,1889,149.12,8840000,100.0,Y,시설자금대출,5600000,11530780_전자기기·수리
SUB04_001017,C04_0055,적금,5290000,2024-06-29,11230705,청량리동,음식·음료,20254,15767729201,675624,3.27,126410000,21.28,Y,소상공인신용대출,33400000,11230705_음식·음료
SUB04_001018,C04_0660,예금,33530000,2022-05-25,11350600,공릉2동,식료품·편의소매,20254,8853681605,1080834,4.88,16430000,5.44,N,없음,0,11350600_식료품·편의소매
SUB04_001019,C04_1029,펀드,11350000,2025-12-05,11680521,논현1동,문화·취미·반려,20254,10031136282,45344,105.81,83850000,97.66,Y,시설자금대출,52100000,11680521_문화·취미·반려
SUB04_001020,C04_0330,펀드,7990000,2024-12-22,11200570,행당2동,가구·인테리어,20254,30790244,908,57.0,1000000,62.31,N,없음,0,11200570_가구·인테리어
SUB04_001021,C04_1370,적금,2600000,2025-01-14,11620765,미성동,생활서비스,20254,89246650,3687,77.21,2760000,79.03,N,없음,0,11620765_생활서비스
SUB04_001022,C04_0154,ISA,26690000,2025-06-26,11470680,신정7동,생활서비스,20254,38021591,2181,34.34,1000000,38.34,Y,운전자금대출,400000,11470680_생활서비스
SUB04_001023,C04_1777,적금,5450000,2025-11-22,11350640,상계2동,패션·잡화,20254,10707438945,315600,32.03,27160000,31.09,N,없음,0,11350640_패션·잡화
SUB04_001024,C04_1840,예금,76620000,2022-11-01,11680600,대치1동,문화·취미·반려,20254,145622330,7026,-40.18,2540000,-16.46,N,없음,0,11680600_문화·취미·반려
SUB04_001025,C04_0364,예금,31100000,2025-01-21,11590550,상도3동,식료품·편의소매,20254,15499323966,1008375,3.95,37180000,4.18,N,없음,0,11590550_식료품·편의소매
SUB04_001026,C04_0561,예금,25180000,2024-04-07,11200720,송정동,여가·오락,20254,123412608,753,97.68,1000000,81.8,Y,운전자금대출,300000,11200720_여가·오락
SUB04_001027,C04_0143,적금,4970000,2023-02-14,11500520,등촌1동,패션·잡화,20254,47170893457,912607,46.05,504540000,36.29,N,없음,0,11500520_패션·잡화
SUB04_001028,C04_1569,펀드,8140000,2024-07-02,11710531,거여1동,자동차·운송서비스,20254,274515325,1502,-44.23,3290000,-39.83,Y,운전자금대출,2200000,11710531_자동차·운송서비스
SUB04_001029,C04_1856,펀드,12860000,2022-08-02,11260620,묵1동,패션·잡화,20254,13302502306,33532,23.32,129990000,40.96,N,없음,0,11260620_패션·잡화
SUB04_001030,C04_0757,예금,16570000,2023-04-03,11140670,황학동,패션·잡화,20254,1360198637,14302,16.69,26390000,27.62,N,없음,0,11140670_패션·잡화
SUB04_001031,C04_1475,펀드,8970000,2025-05-19,11560620,양평2동,미용·뷰티,20254,288323085,4029,18.29,2660000,-7.61,Y,소상공인신용대출,1600000,11560620_미용·뷰티
SUB04_001032,C04_1954,예금,75160000,2023-05-15,11680750,수서동,식료품·편의소매,20254,25463554565,3081242,0.06,115340000,-3.99,Y,운전자금대출,38100000,11680750_식료품·편의소매
SUB04_001033,C04_0429,적금,5420000,2022-06-03,11320515,창5동,여가·오락,20254,1267620408,165897,1.18,23790000,8.39,Y,소상공인신용대출,14100000,11320515_여가·오락
SUB04_001034,C04_0291,ISA,15490000,2024-01-11,11140625,다산동,음식·음료,20254,12783532234,417064,-3.79,84330000,15.94,Y,운전자금대출,26800000,11140625_음식·음료
SUB04_001035,C04_1007,적금,5840000,2024-11-18,11560680,신길6동,전자기기·수리,20254,24891304,388,-85.06,1000000,-64.65,N,없음,0,11560680_전자기기·수리
SUB04_001036,C04_1832,펀드,9310000,2025-12-04,11545710,시흥5동,패션·잡화,20254,2592803972,12632,117.73,23950000,100.0,N,없음,0,11545710_패션·잡화
SUB04_001037,C04_1890,펀드,4170000,2023-02-10,11590640,사당3동,음식·음료,20254,4789645071,190992,2.07,31210000,-15.52,Y,소상공인신용대출,10100000,11590640_음식·음료
SUB04_001038,C04_1805,적금,2760000,2023-01-28,11380552,갈현2동,여가·오락,20254,854907087,146994,-11.03,7910000,-42.83,Y,소상공인신용대출,6000000,11380552_여가·오락
SUB04_001039,C04_0495,ISA,43670000,2025-11-12,11350595,공릉1동,식료품·편의소매,20254,17124351795,1367866,5.85,77460000,-11.1,Y,운전자금대출,23800000,11350595_식료품·편의소매
SUB04_001040,C04_1701,ISA,19170000,2024-06-03,11140520,소공동,여가·오락,20254,112449259,2893,-15.4,1000000,-5.86,N,없음,0,11140520_여가·오락
SUB04_001041,C04_0808,펀드,34060000,2025-01-17,11380631,신사1동,생활서비스,20254,98286503,5147,48.57,1230000,61.66,N,없음,0,11380631_생활서비스
SUB04_001042,C04_1593,예금,34030000,2023-07-16,11230600,답십리1동,숙박,20254,75388322,1567,-26.93,1150000,-42.01,Y,운전자금대출,700000,11230600_숙박
SUB04_001043,C04_0498,펀드,7350000,2025-09-18,11230610,답십리2동,음식·음료,20254,11236106941,429547,-1.26,130400000,4.64,N,없음,0,11230610_음식·음료
SUB04_001044,C04_1888,ISA,32740000,2023-09-21,11230536,용신동,여가·오락,20254,1199939779,21709,-6.41,5140000,-9.23,Y,운전자금대출,1700000,11230536_여가·오락
SUB04_001045,C04_1812,예금,54560000,2023-09-08,11215770,중곡4동,미용·뷰티,20254,789874013,18267,15.19,6880000,14.33,N,없음,0,11215770_미용·뷰티
SUB04_001046,C04_0110,ISA,35050000,2023-11-11,11530750,개봉2동,여가·오락,20254,417462142,59083,-13.41,5810000,-13.52,Y,소상공인신용대출,1900000,11530750_여가·오락
SUB04_001047,C04_1348,적금,3690000,2025-02-10,11290810,석관동,문화·취미·반려,20254,208185261,9628,32.72,1840000,32.38,Y,소상공인신용대출,1200000,11290810_문화·취미·반려
SUB04_001048,C04_1003,예금,52450000,2025-10-13,11650590,방배본동,패션·잡화,20254,1374119336,8020,42.84,14350000,30.42,Y,운전자금대출,6900000,11650590_패션·잡화
SUB04_001049,C04_1097,적금,4010000,2024-08-02,11710641,문정1동,가구·인테리어,20254,41935381,2522,28.98,1000000,21.44,Y,운전자금대출,200000,11710641_가구·인테리어
SUB04_001050,C04_0672,펀드,11450000,2022-01-24,11650520,서초2동,생활서비스,20254,389782138,11365,1.07,2640000,3.92,Y,시설자금대출,700000,11650520_생활서비스
SUB04_001051,C04_1579,ISA,6020000,2024-11-28,11440600,대흥동,숙박,20254,413673967,14173,4.45,2130000,4.7,N,없음,0,11440600_숙박
SUB04_001052,C04_1016,ISA,30370000,2024-04-04,11305608,번3동,음식·음료,20254,3252122880,149994,-1.75,22290000,-6.04,N,없음,0,11305608_음식·음료
SUB04_001053,C04_0651,펀드,6590000,2025-09-01,11620545,청림동,미용·뷰티,20254,243061846,5549,16.11,1000000,7.69,N,없음,0,11620545_미용·뷰티
SUB04_001054,C04_1067,펀드,12570000,2025-02-20,11560535,영등포동,가구·인테리어,20254,2537664216,33587,38.68,13750000,45.82,Y,시설자금대출,4500000,11560535_가구·인테리어
SUB04_001055,C04_1451,펀드,36270000,2022-07-01,11470680,신정7동,생활서비스,20254,38021591,2181,34.34,1000000,38.08,N,없음,0,11470680_생활서비스
SUB04_001056,C04_1315,ISA,26070000,2023-02-24,11170570,원효로2동,음식·음료,20254,2764234807,140636,17.05,18760000,-13.42,Y,시설자금대출,8600000,11170570_음식·음료
SUB04_001057,C04_0290,예금,57090000,2025-02-09,11260570,면목7동,전자기기·수리,20254,20343430,204,-79.43,1000000,-70.0,Y,소상공인신용대출,500000,11260570_전자기기·수리
SUB04_001058,C04_1936,펀드,12210000,2025-01-06,11740685,길동,전자기기·수리,20254,400315634,1399,294.74,4730000,100.0,N,없음,0,11740685_전자기기·수리
SUB04_001059,C04_1092,ISA,26430000,2024-09-15,11170625,한강로동,전자기기·수리,20254,586836230665,1967857,15.58,2838430000,22.64,Y,운전자금대출,1363800000,11170625_전자기기·수리
SUB04_001060,C04_0429,ISA,63770000,2023-01-19,11320515,창5동,여가·오락,20254,1267620408,165897,1.18,23790000,8.39,Y,소상공인신용대출,14100000,11320515_여가·오락
SUB04_001061,C04_1812,예금,81240000,2023-04-10,11215770,중곡4동,미용·뷰티,20254,789874013,18267,15.19,6880000,14.33,N,없음,0,11215770_미용·뷰티
SUB04_001062,C04_1443,펀드,7010000,2025-05-12,11560540,여의동,패션·잡화,20254,10856853291,112574,2.54,54480000,-17.83,Y,시설자금대출,31000000,11560540_패션·잡화
SUB04_001063,C04_0681,적금,1670000,2022-05-11,11710590,송파2동,생활서비스,20254,86273300,4424,7.59,1110000,2.87,Y,소상공인신용대출,600000,11710590_생활서비스
SUB04_001064,C04_1786,예금,18270000,2025-05-18,11350619,중계본동,미용·뷰티,20254,386534765,8583,0.53,1070000,6.59,Y,소상공인신용대출,300000,11350619_미용·뷰티
SUB04_001065,C04_0845,예금,77250000,2024-10-28,11500535,등촌3동,식료품·편의소매,20254,7034475689,764148,-14.04,16010000,-17.7,Y,운전자금대출,7500000,11500535_식료품·편의소매
SUB04_001066,C04_1585,적금,4510000,2023-02-07,11620765,미성동,여가·오락,20254,128863899,2204,22.74,1000000,14.61,N,없음,0,11620765_여가·오락
SUB04_001067,C04_0318,ISA,9320000,2025-02-27,11545640,독산4동,미용·뷰티,20254,578705348,14305,10.95,4030000,2.06,N,없음,0,11545640_미용·뷰티
SUB04_001068,C04_1301,예금,62090000,2024-10-11,11290760,장위1동,문화·취미·반려,20254,10447605,1662,-27.78,1000000,-23.67,N,없음,0,11290760_문화·취미·반려
SUB04_001069,C04_0272,펀드,13930000,2023-08-29,11500630,방화1동,가구·인테리어,20254,520909697,12712,-37.73,4930000,-26.82,N,없음,0,11500630_가구·인테리어
SUB04_001070,C04_1911,예금,28540000,2022-12-11,11320670,쌍문2동,여가·오락,20254,1308463095,190005,0.57,6560000,7.51,N,없음,0,11320670_여가·오락
SUB04_001071,C04_0527,예금,50950000,2022-10-23,11170510,후암동,식료품·편의소매,20254,8077629287,635828,3.98,30190000,6.88,N,없음,0,11170510_식료품·편의소매
SUB04_001072,C04_1766,ISA,12830000,2024-01-20,11710566,오륜동,문화·취미·반려,20254,1895105336,28420,35.09,33020000,61.99,Y,시설자금대출,16900000,11710566_문화·취미·반려
SUB04_001073,C04_1707,예금,46950000,2025-12-28,11560560,당산2동,미용·뷰티,20254,1618498700,12237,-12.93,14240000,-11.11,N,없음,0,11560560_미용·뷰티
SUB04_001074,C04_1333,ISA,13150000,2024-01-06,11620685,신사동,가구·인테리어,20254,264283087,5333,154.0,1500000,100.0,Y,운전자금대출,400000,11620685_가구·인테리어
SUB04_001075,C04_1663,적금,5850000,2025-05-31,11410655,홍제2동,식료품·편의소매,20254,913438324,71319,28.25,6010000,15.85,Y,시설자금대출,1800000,11410655_식료품·편의소매
SUB04_001076,C04_0151,적금,3910000,2023-06-21,11560700,대림1동,음식·음료,20254,6600583214,329323,-0.9,36460000,-2.74,Y,운전자금대출,20200000,11560700_음식·음료
SUB04_001077,C04_1803,ISA,17260000,2024-09-11,11590630,사당2동,미용·뷰티,20254,2055394402,38085,1.21,21150000,20.42,N,없음,0,11590630_미용·뷰티
SUB04_001078,C04_1138,적금,2750000,2022-04-27,11620615,중앙동,여가·오락,20254,323293328,4365,22.36,1870000,18.14,Y,운전자금대출,1000000,11620615_여가·오락
SUB04_001079,C04_1693,적금,2280000,2024-12-20,11215760,중곡3동,가구·인테리어,20254,546289991,7999,49.9,4710000,38.56,Y,시설자금대출,1800000,11215760_가구·인테리어
SUB04_001080,C04_0046,펀드,9000000,2022-12-06,11290525,성북동,음식·음료,20254,13127023974,460976,3.03,67160000,-2.02,N,없음,0,11290525_음식·음료
SUB04_001081,C04_1912,펀드,4300000,2025-03-29,11260590,상봉2동,여가·오락,20254,2562637964,329062,3.81,10930000,10.09,N,없음,0,11260590_여가·오락
SUB04_001082,C04_0536,펀드,12250000,2023-03-12,11110615,종로1·2·3·4가동,식료품·편의소매,20254,32365641793,3338169,-0.98,452000000,6.65,N,없음,0,11110615_식료품·편의소매
SUB04_001083,C04_1888,펀드,19640000,2023-11-10,11230536,용신동,여가·오락,20254,1199939779,21709,-6.41,5140000,-9.23,Y,운전자금대출,1700000,11230536_여가·오락
SUB04_001084,C04_1428,예금,59260000,2025-03-02,11170570,원효로2동,음식·음료,20254,2764234807,140636,17.05,11430000,3.11,N,없음,0,11170570_음식·음료
SUB04_001085,C04_1913,ISA,30310000,2025-06-22,11320681,쌍문4동,식료품·편의소매,20254,3643983474,225745,-4.8,30530000,-17.99,N,없음,0,11320681_식료품·편의소매
SUB04_001086,C04_0905,펀드,7960000,2025-07-25,11170630,이촌1동,식료품·편의소매,20254,8957555618,474449,-4.02,44310000,-16.34,N,없음,0,11170630_식료품·편의소매
SUB04_001087,C04_1387,펀드,49320000,2023-12-12,11215730,군자동,자동차·운송서비스,20254,618216755,2988,-16.15,4640000,-33.72,Y,운전자금대출,2200000,11215730_자동차·운송서비스
SUB04_001088,C04_1907,ISA,8910000,2025-09-08,11470670,신정6동,식료품·편의소매,20254,504901985,65119,1.81,1200000,-12.58,N,없음,0,11470670_식료품·편의소매
SUB04_001089,C04_1044,ISA,29130000,2025-05-19,11230610,답십리2동,패션·잡화,20254,293008745,6383,-32.87,1000000,-28.53,N,없음,0,11230610_패션·잡화
SUB04_001090,C04_1452,펀드,8140000,2022-06-02,11710680,잠실3동,음식·음료,20254,20516506279,1998665,15.99,194010000,20.39,N,없음,0,11710680_음식·음료
SUB04_001091,C04_0044,펀드,13680000,2024-04-13,11350700,상계8동,가구·인테리어,20254,10946139,542,33.32,1000000,61.64,Y,시설자금대출,500000,11350700_가구·인테리어
SUB04_001092,C04_0227,ISA,26340000,2025-03-01,11530595,가리봉동,음식·음료,20254,2911507092,87125,-4.64,29640000,-18.81,Y,운전자금대출,9200000,11530595_음식·음료
SUB04_001093,C04_1143,펀드,15300000,2025-08-06,11560540,여의동,식료품·편의소매,20254,30004022247,3005665,-7.21,227090000,-6.85,N,없음,0,11560540_식료품·편의소매
SUB04_001094,C04_1962,예금,39420000,2023-04-17,11290600,안암동,전자기기·수리,20254,202485906,2125,21.4,1000000,39.35,Y,운전자금대출,300000,11290600_전자기기·수리
SUB04_001095,C04_1491,펀드,8080000,2025-10-16,11500530,등촌2동,문화·취미·반려,20254,102461574,9306,-2.1,1000000,-5.31,N,없음,0,11500530_문화·취미·반려
SUB04_001096,C04_1884,펀드,11610000,2022-06-04,11560690,신길7동,문화·취미·반려,20254,786513,43,-39.91,1000000,-43.77,Y,운전자금대출,800000,11560690_문화·취미·반려
SUB04_001097,C04_0120,펀드,18810000,2024-11-08,11440600,대흥동,미용·뷰티,20254,1578120704,17821,-3.99,4930000,-17.93,N,없음,0,11440600_미용·뷰티
SUB04_001098,C04_1243,ISA,28570000,2025-11-01,11290555,삼선동,음식·음료,20254,16670973186,594863,2.53,88470000,-1.59,Y,운전자금대출,31000000,11290555_음식·음료
SUB04_001099,C04_0735,ISA,16460000,2025-05-03,11110550,부암동,패션·잡화,20254,674303954,6426,68.54,3460000,57.84,N,없음,0,11110550_패션·잡화
SUB04_001100,C04_0372,ISA,24210000,2024-02-02,11650570,반포2동,생활서비스,20254,349687395,5740,2.33,10460000,-10.62,Y,시설자금대출,7100000,11650570_생활서비스
SUB04_001101,C04_1000,적금,3590000,2023-09-20,11680730,일원1동,음식·음료,20254,12020122638,450188,-0.07,92340000,-12.01,Y,운전자금대출,56600000,11680730_음식·음료
SUB04_001102,C04_0574,ISA,16190000,2024-02-15,11740515,강일동,여가·오락,20254,188122755,28347,-0.6,1100000,1.52,Y,소상공인신용대출,600000,11740515_여가·오락
SUB04_001103,C04_1224,펀드,11650000,2023-01-18,11215750,중곡2동,자동차·운송서비스,20254,1770311652,8007,0.85,17780000,12.89,N,없음,0,11215750_자동차·운송서비스
SUB04_001104,C04_0926,ISA,29620000,2023-04-28,11545680,시흥2동,자동차·운송서비스,20254,189135273,870,-19.96,1000000,-48.04,Y,운전자금대출,400000,11545680_자동차·운송서비스
SUB04_001105,C04_0558,예금,40260000,2024-12-20,11560680,신길6동,문화·취미·반려,20254,90089778,1634,92.51,1000000,81.46,Y,운전자금대출,400000,11560680_문화·취미·반려
SUB04_001106,C04_1805,펀드,13910000,2025-11-11,11380552,갈현2동,여가·오락,20254,854907087,146994,-11.03,7910000,-42.83,Y,소상공인신용대출,6000000,11380552_여가·오락
SUB04_001107,C04_1299,펀드,16580000,2024-11-04,11650600,방배1동,전자기기·수리,20254,1095223438,80255,15.25,11390000,9.52,Y,소상공인신용대출,5300000,11650600_전자기기·수리
SUB04_001108,C04_0640,펀드,6380000,2025-11-24,11290660,길음1동,음식·음료,20254,2251783079,137859,-6.25,20060000,-26.02,Y,운전자금대출,7600000,11290660_음식·음료
SUB04_001109,C04_0712,ISA,25840000,2024-09-03,11590680,신대방2동,가구·인테리어,20254,14817344,667,61.06,1000000,52.82,Y,운전자금대출,400000,11590680_가구·인테리어
SUB04_001110,C04_1788,적금,2590000,2025-06-10,11440630,신수동,음식·음료,20254,5368322326,324283,3.62,65480000,25.04,N,없음,0,11440630_음식·음료
SUB04_001111,C04_0093,ISA,39270000,2024-06-21,11140680,중림동,미용·뷰티,20254,95823248,2268,-22.17,1000000,-25.96,N,없음,0,11140680_미용·뷰티
SUB04_001112,C04_0807,펀드,12150000,2024-01-09,11680590,삼성2동,패션·잡화,20254,1493248539,5882,-5.41,25710000,1.14,Y,운전자금대출,10800000,11680590_패션·잡화
SUB04_001113,C04_0753,펀드,13930000,2022-01-07,11140550,명동,문화·취미·반려,20254,3721002618,56381,5.21,12010000,8.58,Y,소상공인신용대출,5400000,11140550_문화·취미·반려
SUB04_001114,C04_1029,예금,34070000,2025-04-29,11680521,논현1동,문화·취미·반려,20254,10031136282,45344,105.81,83850000,97.66,Y,시설자금대출,52100000,11680521_문화·취미·반려
SUB04_001115,C04_0348,예금,19480000,2022-06-13,11560535,영등포동,자동차·운송서비스,20254,2928282952,15875,8.98,26930000,22.03,Y,운전자금대출,11500000,11560535_자동차·운송서비스
SUB04_001116,C04_0292,펀드,25370000,2022-07-04,11740520,상일동,패션·잡화,20254,100630344,925,-34.65,1770000,-45.17,N,없음,0,11740520_패션·잡화
SUB04_001117,C04_0779,예금,34550000,2025-05-25,11350595,공릉1동,미용·뷰티,20254,3201809305,39612,48.43,14090000,44.03,N,없음,0,11350595_미용·뷰티
SUB04_001118,C04_1481,예금,18290000,2023-01-02,11440690,망원1동,생활서비스,20254,62469614,6733,1.86,1000000,2.09,N,없음,0,11440690_생활서비스
SUB04_001119,C04_0906,적금,2730000,2025-10-06,11140635,약수동,전자기기·수리,20254,281029565,8881,-74.23,1350000,-70.0,N,없음,0,11140635_전자기기·수리
SUB04_001120,C04_1021,ISA,35950000,2023-12-05,11500590,화곡본동,패션·잡화,20254,557512160,5227,87.21,2460000,92.49,Y,시설자금대출,1400000,11500590_패션·잡화
SUB04_001121,C04_1914,ISA,20690000,2024-07-22,11710642,문정2동,음식·음료,20254,41494598269,2095778,-0.14,330760000,-6.64,N,없음,0,11710642_음식·음료
SUB04_001122,C04_0410,적금,4050000,2023-07-30,11320700,방학2동,가구·인테리어,20254,271260079,8524,8.78,2480000,16.28,Y,운전자금대출,500000,11320700_가구·인테리어
SUB04_001123,C04_0774,적금,8980000,2022-07-03,11530750,개봉2동,패션·잡화,20254,934546820,12827,-7.92,5090000,-26.97,Y,운전자금대출,2600000,11530750_패션·잡화
SUB04_001124,C04_0806,예금,40150000,2023-04-23,11305625,수유2동,음식·음료,20254,7016865413,199562,3.92,23190000,8.96,N,없음,0,11305625_음식·음료
SUB04_001125,C04_0542,예금,24510000,2025-06-17,11500604,가양2동,식료품·편의소매,20254,4334074952,453655,-4.41,87610000,2.14,Y,소상공인신용대출,42100000,11500604_식료품·편의소매
SUB04_001126,C04_0259,펀드,11680000,2025-12-05,11410700,남가좌2동,문화·취미·반려,20254,543353737,4371,803.12,4880000,100.0,N,없음,0,11410700_문화·취미·반려
SUB04_001127,C04_0110,적금,3710000,2022-01-25,11530750,개봉2동,여가·오락,20254,417462142,59083,-13.41,5810000,-13.52,Y,소상공인신용대출,1900000,11530750_여가·오락
SUB04_001128,C04_0824,펀드,7730000,2024-07-02,11200550,사근동,생활서비스,20254,69838870,7621,-20.79,1000000,-26.51,Y,운전자금대출,600000,11200550_생활서비스
SUB04_001129,C04_0777,ISA,9790000,2024-11-24,11680655,도곡1동,문화·취미·반려,20254,1268285176,36456,-10.81,4150000,-3.23,N,없음,0,11680655_문화·취미·반려
SUB04_001130,C04_1318,적금,3540000,2024-12-27,11650651,양재1동,가구·인테리어,20254,13889894879,52578,-6.02,120440000,-10.94,N,없음,0,11650651_가구·인테리어
SUB04_001131,C04_0467,ISA,9140000,2023-05-13,11410685,홍은2동,여가·오락,20254,321652788,41788,-2.05,1000000,-0.76,N,없음,0,11410685_여가·오락
SUB04_001132,C04_1314,펀드,14170000,2025-06-07,11560710,대림2동,가구·인테리어,20254,74127785,2350,-36.49,1000000,-19.59,Y,운전자금대출,300000,11560710_가구·인테리어
SUB04_001133,C04_1931,펀드,11130000,2025-02-02,11710650,잠실본동,패션·잡화,20254,9314246467,102179,-38.29,65530000,-23.23,Y,시설자금대출,20400000,11710650_패션·잡화
SUB04_001134,C04_0756,적금,2490000,2023-08-19,11620665,서림동,음식·음료,20254,4769906624,188123,-0.78,22320000,10.44,N,없음,0,11620665_음식·음료
SUB04_001135,C04_0566,적금,31770000,2022-01-13,11350624,중계4동,문화·취미·반려,20254,1432572504,35206,34.69,16560000,50.37,Y,운전자금대출,8100000,11350624_문화·취미·반려
SUB04_001136,C04_0199,적금,1390000,2023-08-13,11350665,상계3·4동,패션·잡화,20254,396483272,6229,57.87,1660000,61.96,N,없음,0,11350665_패션·잡화
SUB04_001137,C04_1702,ISA,29870000,2025-10-01,11410620,홍제1동,미용·뷰티,20254,485984603,8731,8.77,3240000,31.0,N,없음,0,11410620_미용·뷰티
SUB04_001138,C04_0937,적금,2640000,2022-05-04,11740610,천호2동,전자기기·수리,20254,290523854,4549,-36.17,1820000,-38.94,N,없음,0,11740610_전자기기·수리
SUB04_001139,C04_1250,ISA,35640000,2025-05-23,11710550,마천2동,전자기기·수리,20254,277848405,8047,64.25,1880000,78.76,Y,운전자금대출,1200000,11710550_전자기기·수리
SUB04_001140,C04_1018,예금,26190000,2022-10-19,11230720,휘경1동,음식·음료,20254,6926940875,412703,-1.38,30290000,-11.05,N,없음,0,11230720_음식·음료
SUB04_001141,C04_1332,적금,10910000,2024-09-05,11305535,미아동,숙박,20254,74916087,1432,-37.95,1000000,-17.82,N,없음,0,11305535_숙박
SUB04_001142,C04_0058,ISA,11620000,2024-01-15,11740610,천호2동,음식·음료,20254,36231393320,1317004,1.74,76580000,-0.3,N,없음,0,11740610_음식·음료
SUB04_001143,C04_1786,펀드,7250000,2025-02-12,11350619,중계본동,미용·뷰티,20254,386534765,8583,0.53,1070000,6.59,Y,소상공인신용대출,300000,11350619_미용·뷰티
SUB04_001144,C04_0361,적금,3440000,2025-09-06,11560690,신길7동,자동차·운송서비스,20254,489700733,3924,-25.62,1380000,-24.85,Y,운전자금대출,500000,11560690_자동차·운송서비스
SUB04_001145,C04_0930,예금,20450000,2023-09-27,11200645,옥수동,여가·오락,20254,49629847,245,65.96,1000000,49.54,N,없음,0,11200645_여가·오락
SUB04_001146,C04_0030,적금,1530000,2022-10-13,11620655,신원동,패션·잡화,20254,267316537,5173,-9.81,2750000,-24.33,N,없음,0,11620655_패션·잡화
SUB04_001147,C04_0576,펀드,6940000,2022-08-11,11680670,개포2동,전자기기·수리,20254,64541594,2655,-6.04,1000000,-7.89,Y,소상공인신용대출,600000,11680670_전자기기·수리
SUB04_001148,C04_0378,ISA,24360000,2023-11-06,11545610,독산1동,자동차·운송서비스,20254,5248117383,27930,-7.78,20040000,-25.4,N,없음,0,11545610_자동차·운송서비스
SUB04_001149,C04_1686,적금,3750000,2024-08-11,11230740,이문1동,음식·음료,20254,13060217362,992336,12.34,178560000,17.46,N,없음,0,11230740_음식·음료
SUB04_001150,C04_1730,적금,3970000,2024-02-15,11440660,서교동,식료품·편의소매,20254,38119519216,3466863,4.34,337270000,12.93,Y,소상공인신용대출,173100000,11440660_식료품·편의소매
SUB04_001151,C04_1806,펀드,24370000,2025-04-28,11140580,장충동,음식·음료,20254,12579102558,335403,4.69,74100000,0.6,Y,운전자금대출,28300000,11140580_음식·음료
SUB04_001152,C04_0974,예금,60520000,2024-01-04,11170590,용문동,전자기기·수리,20254,1238477633,3767,0.49,4140000,1.87,Y,운전자금대출,1600000,11170590_전자기기·수리
SUB04_001153,C04_1238,예금,40960000,2023-06-15,11380625,역촌동,전자기기·수리,20254,1401409,216,-74.21,1000000,-57.54,Y,운전자금대출,400000,11380625_전자기기·수리
SUB04_001154,C04_1314,펀드,9180000,2025-11-09,11560710,대림2동,가구·인테리어,20254,74127785,2350,-36.49,1000000,-19.59,Y,운전자금대출,300000,11560710_가구·인테리어
SUB04_001155,C04_0176,예금,49410000,2024-02-02,11170630,이촌1동,문화·취미·반려,20254,64111445,2934,-5.52,1000000,-8.25,N,없음,0,11170630_문화·취미·반려
SUB04_001156,C04_1547,예금,55710000,2024-07-07,11140650,신당5동,여가·오락,20254,236802901,20199,2.82,2480000,-6.16,N,없음,0,11140650_여가·오락
SUB04_001157,C04_1658,예금,15090000,2023-12-29,11260660,망우3동,문화·취미·반려,20254,72516746,8769,-20.3,1000000,1.77,Y,운전자금대출,400000,11260660_문화·취미·반려
SUB04_001158,C04_1153,펀드,31100000,2023-06-21,11170690,서빙고동,미용·뷰티,20254,71969018,2101,-24.74,1000000,-33.54,N,없음,0,11170690_미용·뷰티
SUB04_001159,C04_1632,ISA,11980000,2024-09-22,11590540,상도2동,여가·오락,20254,237796985,6073,-17.94,1000000,-3.77,Y,운전자금대출,400000,11590540_여가·오락
SUB04_001160,C04_1624,펀드,7250000,2025-03-09,11500611,발산1동,가구·인테리어,20254,443531809,12935,-20.04,1890000,-9.86,N,없음,0,11500611_가구·인테리어
SUB04_001161,C04_1236,펀드,10730000,2022-04-11,11350640,상계2동,음식·음료,20254,41036934962,1641337,6.25,290660000,12.74,Y,소상공인신용대출,128000000,11350640_음식·음료
SUB04_001162,C04_1856,ISA,17740000,2024-05-26,11260620,묵1동,패션·잡화,20254,13302502306,33532,23.32,129990000,40.96,N,없음,0,11260620_패션·잡화
SUB04_001163,C04_0022,적금,2050000,2025-05-04,11620615,중앙동,식료품·편의소매,20254,6815984203,628358,-0.6,38880000,2.06,N,없음,0,11620615_식료품·편의소매
SUB04_001164,C04_1978,펀드,5890000,2022-07-25,11470600,신월5동,문화·취미·반려,20254,158117925,3157,-22.54,1000000,-24.47,N,없음,0,11470600_문화·취미·반려
SUB04_001165,C04_1464,펀드,10680000,2022-07-28,11500570,화곡4동,전자기기·수리,20254,157464235,1819,3.51,1000000,2.87,Y,시설자금대출,300000,11500570_전자기기·수리
SUB04_001166,C04_0248,적금,1420000,2022-01-19,11680655,도곡1동,가구·인테리어,20254,22748184,269,-94.38,1000000,-70.0,Y,소상공인신용대출,800000,11680655_가구·인테리어
SUB04_001167,C04_1855,펀드,15960000,2025-12-14,11380590,응암2동,자동차·운송서비스,20254,816859622,3401,-15.25,6490000,-23.32,Y,운전자금대출,3100000,11380590_자동차·운송서비스
SUB04_001168,C04_1597,ISA,10580000,2025-06-04,11215760,중곡3동,식료품·편의소매,20254,2843372517,286106,-2.31,48330000,-5.04,Y,운전자금대출,25100000,11215760_식료품·편의소매
SUB04_001169,C04_1374,ISA,36700000,2022-12-09,11200520,왕십리2동,가구·인테리어,20254,12171197,46,20.02,1000000,-4.44,N,없음,0,11200520_가구·인테리어
SUB04_001170,C04_1079,예금,41010000,2025-04-19,11680650,역삼2동,패션·잡화,20254,8365480420,51389,34.83,32620000,33.04,N,없음,0,11680650_패션·잡화
SUB04_001171,C04_0210,적금,4700000,2024-11-17,11140615,신당동,문화·취미·반려,20254,1434799933,3243,172.54,6360000,100.0,Y,운전자금대출,3900000,11140615_문화·취미·반려
SUB04_001172,C04_0074,적금,1590000,2025-04-28,11440710,연남동,생활서비스,20254,168151208,22519,5.69,1000000,20.81,N,없음,0,11440710_생활서비스
SUB04_001173,C04_0604,ISA,7660000,2023-05-26,11740600,천호1동,음식·음료,20254,6983771516,291070,1.14,47710000,9.85,Y,운전자금대출,11600000,11740600_음식·음료
SUB04_001174,C04_0672,ISA,15050000,2024-09-15,11650520,서초2동,생활서비스,20254,389782138,11365,1.07,2640000,3.92,Y,시설자금대출,700000,11650520_생활서비스
SUB04_001175,C04_1253,적금,2100000,2024-11-06,11320710,방학3동,식료품·편의소매,20254,2326774704,199172,-8.53,6930000,-13.17,N,없음,0,11320710_식료품·편의소매
SUB04_001176,C04_0852,예금,34470000,2022-05-26,11530540,구로3동,식료품·편의소매,20254,21234433961,2585024,-6.16,186710000,12.56,N,없음,0,11530540_식료품·편의소매
SUB04_001177,C04_1135,적금,4880000,2024-03-17,11650520,서초2동,미용·뷰티,20254,8657733026,62419,-15.94,22720000,-13.89,N,없음,0,11650520_미용·뷰티
SUB04_001178,C04_0900,펀드,10030000,2025-03-19,11215820,자양1동,전자기기·수리,20254,335713349,2145,325.87,2020000,100.0,Y,소상공인신용대출,1100000,11215820_전자기기·수리
SUB04_001179,C04_0704,ISA,13160000,2025-08-27,11410700,남가좌2동,자동차·운송서비스,20254,1985912117,11696,-2.27,12740000,3.58,N,없음,0,11410700_자동차·운송서비스
SUB04_001180,C04_0076,예금,62800000,2022-11-16,11680750,수서동,음식·음료,20254,18358541149,959829,-1.5,181650000,-12.18,Y,소상공인신용대출,88600000,11680750_음식·음료
SUB04_001181,C04_0931,ISA,12450000,2023-12-06,11680580,삼성1동,미용·뷰티,20254,10487805823,98715,15.31,90660000,36.8,N,없음,0,11680580_미용·뷰티
SUB04_001182,C04_1893,ISA,28740000,2024-10-23,11560660,신길4동,자동차·운송서비스,20254,19965451,174,-46.2,1000000,-48.88,N,없음,0,11560660_자동차·운송서비스
SUB04_001183,C04_0624,예금,32250000,2025-05-24,11620715,난향동,패션·잡화,20254,98446092,3478,48.84,1000000,48.24,N,없음,0,11620715_패션·잡화
SUB04_001184,C04_0623,ISA,16550000,2024-07-05,11410685,홍은2동,음식·음료,20254,7000985254,311732,4.92,36720000,-1.64,N,없음,0,11410685_음식·음료
SUB04_001185,C04_0360,적금,870000,2023-07-12,11545510,가산동,음식·음료,20254,84966462878,4968645,-1.65,672580000,5.37,Y,운전자금대출,278000000,11545510_음식·음료
SUB04_001186,C04_1833,예금,16590000,2025-03-17,11200690,성수2가3동,여가·오락,20254,848373053,60004,-11.06,4010000,-16.17,N,없음,0,11200690_여가·오락
SUB04_001187,C04_1648,ISA,46100000,2025-01-19,11215810,광장동,자동차·운송서비스,20254,788431750,5088,-1.77,1910000,-8.38,N,없음,0,11215810_자동차·운송서비스
SUB04_001188,C04_1586,예금,32180000,2023-09-14,11440740,상암동,식료품·편의소매,20254,11049398340,1233695,-9.59,58650000,-17.85,Y,운전자금대출,35200000,11440740_식료품·편의소매
SUB04_001189,C04_0957,펀드,6520000,2023-12-14,11680690,개포4동,여가·오락,20254,341627523,4701,6.02,4280000,14.01,N,없음,0,11680690_여가·오락
SUB04_001190,C04_1935,ISA,34090000,2024-08-14,11110615,종로1·2·3·4가동,가구·인테리어,20254,38672878470,176986,-6.48,120220000,-5.63,Y,소상공인신용대출,78800000,11110615_가구·인테리어
SUB04_001191,C04_1677,예금,42600000,2024-11-01,11740620,천호3동,생활서비스,20254,31535857,2117,4.54,1000000,4.31,Y,운전자금대출,500000,11740620_생활서비스
SUB04_001192,C04_1099,ISA,35290000,2025-01-14,11320670,쌍문2동,자동차·운송서비스,20254,1049936672,6724,-6.63,6430000,-1.65,N,없음,0,11320670_자동차·운송서비스
SUB04_001193,C04_1309,펀드,12740000,2025-06-01,11680655,도곡1동,자동차·운송서비스,20254,689015839,5281,10.45,1000000,5.81,N,없음,0,11680655_자동차·운송서비스
SUB04_001194,C04_0035,적금,3190000,2023-06-22,11590530,상도1동,문화·취미·반려,20254,699939062,9053,-16.73,3160000,-8.48,Y,소상공인신용대출,2000000,11590530_문화·취미·반려
SUB04_001195,C04_1363,펀드,3210000,2025-04-20,11740570,암사1동,패션·잡화,20254,1290152674,40275,4.61,15060000,-16.64,Y,소상공인신용대출,6800000,11740570_패션·잡화
SUB04_001196,C04_0977,예금,31950000,2023-10-08,11440655,서강동,생활서비스,20254,113119170,6212,80.01,1000000,88.45,Y,소상공인신용대출,400000,11440655_생활서비스
SUB04_001197,C04_0687,적금,5270000,2022-05-31,11620685,신사동,패션·잡화,20254,486561652,11501,26.1,2650000,34.73,Y,시설자금대출,1400000,11620685_패션·잡화
SUB04_001198,C04_0228,적금,6680000,2024-05-24,11200650,성수1가1동,미용·뷰티,20254,1122750123,8676,52.56,21910000,51.17,Y,운전자금대출,13600000,11200650_미용·뷰티
SUB04_001199,C04_0407,예금,25530000,2025-09-04,11230560,전농1동,패션·잡화,20254,1263784473,13011,23.9,3520000,16.89,N,없음,0,11230560_패션·잡화
SUB04_001200,C04_1357,적금,1910000,2023-08-06,11350640,상계2동,미용·뷰티,20254,4441765753,68775,-11.99,30120000,-10.59,Y,소상공인신용대출,14000000,11350640_미용·뷰티
SUB04_001201,C04_0053,적금,1290000,2024-10-04,11470560,신월1동,패션·잡화,20254,685003779,15226,16.92,6490000,-7.62,N,없음,0,11470560_패션·잡화
SUB04_001202,C04_0024,펀드,10640000,2024-03-27,11560515,영등포본동,숙박,20254,13779556,266,12.5,1000000,20.19,N,없음,0,11560515_숙박
SUB04_001203,C04_0583,예금,61980000,2022-12-23,11380590,응암2동,자동차·운송서비스,20254,816859622,3401,-15.25,6840000,-8.43,N,없음,0,11380590_자동차·운송서비스
SUB04_001204,C04_0490,펀드,8870000,2024-09-25,11215840,자양3동,미용·뷰티,20254,416364415,7895,4.45,9940000,7.29,N,없음,0,11215840_미용·뷰티
SUB04_001205,C04_1462,적금,1160000,2023-10-02,11470540,목4동,가구·인테리어,20254,77488829,3521,-26.48,1000000,-28.74,Y,시설자금대출,500000,11470540_가구·인테리어
SUB04_001206,C04_1813,ISA,33510000,2025-07-31,11650540,잠원동,미용·뷰티,20254,16957282626,42765,1.34,65530000,1.72,Y,운전자금대출,15100000,11650540_미용·뷰티
SUB04_001207,C04_0926,펀드,16770000,2025-04-28,11545680,시흥2동,자동차·운송서비스,20254,189135273,870,-19.96,1000000,-48.04,Y,운전자금대출,400000,11545680_자동차·운송서비스
SUB04_001208,C04_0928,예금,21780000,2023-10-13,11380510,녹번동,문화·취미·반려,20254,3814114563,16263,7.72,22200000,15.25,Y,운전자금대출,4500000,11380510_문화·취미·반려
SUB04_001209,C04_0182,적금,3580000,2024-01-30,11380560,구산동,음식·음료,20254,3346225923,210445,0.62,39490000,21.94,N,없음,0,11380560_음식·음료
SUB04_001210,C04_0923,ISA,43480000,2023-05-15,11170625,한강로동,자동차·운송서비스,20254,314823299,1440,43.08,2860000,34.37,N,없음,0,11170625_자동차·운송서비스
SUB04_001211,C04_1116,예금,27950000,2023-06-03,11620525,보라매동,미용·뷰티,20254,1033307583,25408,-0.41,3690000,0.52,Y,시설자금대출,1500000,11620525_미용·뷰티
SUB04_001212,C04_0106,예금,17880000,2023-05-25,11140590,광희동,전자기기·수리,20254,3859877333,236589,4.41,22930000,-14.44,N,없음,0,11140590_전자기기·수리
SUB04_001213,C04_1994,ISA,31840000,2022-06-15,11215850,구의1동,생활서비스,20254,150820634,7961,25.28,1000000,17.32,N,없음,0,11215850_생활서비스
SUB04_001214,C04_1405,적금,2060000,2025-12-30,11410685,홍은2동,문화·취미·반려,20254,119498968,4741,-25.68,1000000,-32.76,N,없음,0,11410685_문화·취미·반려
SUB04_001215,C04_0532,ISA,16970000,2022-06-08,11740685,길동,패션·잡화,20254,2018551479,37505,-7.34,20120000,-10.12,Y,소상공인신용대출,11100000,11740685_패션·잡화
SUB04_001216,C04_0698,펀드,9910000,2023-03-04,11200580,응봉동,패션·잡화,20254,7810290,96,35.28,1000000,33.25,N,없음,0,11200580_패션·잡화
SUB04_001217,C04_1304,예금,29570000,2023-06-15,11170590,용문동,문화·취미·반려,20254,67746212,2651,-86.54,1000000,-70.0,Y,운전자금대출,900000,11170590_문화·취미·반려
SUB04_001218,C04_0288,펀드,8690000,2024-01-11,11200615,금호2·3가동,식료품·편의소매,20254,2834713298,180121,0.98,12820000,-3.46,N,없음,0,11200615_식료품·편의소매
SUB04_001219,C04_1903,ISA,14820000,2025-09-07,11530760,개봉3동,미용·뷰티,20254,537154323,16567,-11.44,4960000,-10.29,Y,소상공인신용대출,2500000,11530760_미용·뷰티
SUB04_001220,C04_1386,적금,4650000,2025-11-06,11350621,중계1동,자동차·운송서비스,20254,1012095862,7403,-0.54,6680000,0.53,N,없음,0,11350621_자동차·운송서비스
SUB04_001221,C04_0699,펀드,15380000,2022-02-25,11500611,발산1동,숙박,20254,328289544,6374,39.15,1510000,20.17,N,없음,0,11500611_숙박
SUB04_001222,C04_0896,ISA,12300000,2022-12-27,11215840,자양3동,전자기기·수리,20254,68773639,180,-74.36,1010000,-70.0,Y,소상공인신용대출,700000,11215840_전자기기·수리
SUB04_001223,C04_1565,펀드,10350000,2023-05-10,11200570,행당2동,문화·취미·반려,20254,74962559,5762,-18.52,1000000,-15.04,N,없음,0,11200570_문화·취미·반려
SUB04_001224,C04_0326,ISA,10320000,2025-01-20,11470630,신정2동,생활서비스,20254,9403608,592,-6.75,1000000,-12.69,Y,시설자금대출,700000,11470630_생활서비스
SUB04_001225,C04_0765,적금,2970000,2023-11-11,11470570,신월2동,숙박,20254,12993916,858,-11.36,1000000,-2.94,Y,시설자금대출,300000,11470570_숙박
SUB04_001226,C04_1137,ISA,25470000,2023-02-06,11290715,월곡1동,가구·인테리어,20254,677344419,8773,35.13,6980000,57.33,N,없음,0,11290715_가구·인테리어
SUB04_001227,C04_0531,적금,4340000,2024-01-07,11650652,양재2동,패션·잡화,20254,1647219447,6677,6.23,5900000,19.18,N,없음,0,11650652_패션·잡화
SUB04_001228,C04_0748,ISA,30210000,2025-01-28,11380510,녹번동,음식·음료,20254,17102234332,495581,-4.49,66020000,-13.87,Y,운전자금대출,13900000,11380510_음식·음료
SUB04_001229,C04_0734,예금,35200000,2024-07-28,11530540,구로3동,미용·뷰티,20254,5298667919,50715,-14.87,19200000,-15.48,N,없음,0,11530540_미용·뷰티
SUB04_001230,C04_0994,펀드,21010000,2024-07-20,11620645,서원동,가구·인테리어,20254,132268680,2071,-25.68,1000000,-9.97,Y,시설자금대출,300000,11620645_가구·인테리어
SUB04_001231,C04_0029,ISA,12630000,2025-06-09,11215740,중곡1동,식료품·편의소매,20254,19499327759,1358346,5.45,159510000,-3.75,N,없음,0,11215740_식료품·편의소매
SUB04_001232,C04_0778,ISA,16900000,2022-06-06,11110570,무악동,식료품·편의소매,20254,1828929551,292973,-8.47,17830000,25.13,Y,운전자금대출,6500000,11110570_식료품·편의소매
SUB04_001233,C04_0270,ISA,31350000,2025-05-06,11200690,성수2가3동,패션·잡화,20254,28612143367,261423,40.21,195630000,53.38,Y,운전자금대출,92800000,11200690_패션·잡화
SUB04_001234,C04_0718,펀드,16830000,2025-04-05,11620525,보라매동,여가·오락,20254,558996407,56935,3.22,2650000,-9.38,N,없음,0,11620525_여가·오락
SUB04_001235,C04_1503,펀드,18910000,2025-10-07,11470630,신정2동,여가·오락,20254,94642941,2226,-6.56,1000000,-16.36,Y,운전자금대출,200000,11470630_여가·오락
SUB04_001236,C04_0899,펀드,10860000,2023-05-22,11140590,광희동,숙박,20254,604347702,8063,0.44,4440000,-12.67,Y,소상공인신용대출,2700000,11140590_숙박
SUB04_001237,C04_0105,예금,23320000,2023-02-15,11305660,인수동,미용·뷰티,20254,303814408,9965,-4.17,1110000,-1.68,Y,시설자금대출,500000,11305660_미용·뷰티
SUB04_001238,C04_1375,예금,23270000,2024-01-20,11170580,효창동,음식·음료,20254,1891785389,143253,-7.25,11480000,6.21,N,없음,0,11170580_음식·음료
SUB04_001239,C04_0666,적금,4000000,2023-08-17,11710610,삼전동,문화·취미·반려,20254,244195891,9852,15.97,1780000,8.14,N,없음,0,11710610_문화·취미·반려
SUB04_001240,C04_0534,펀드,21170000,2024-11-13,11740530,명일1동,패션·잡화,20254,2424328461,23204,54.56,11960000,51.64,Y,시설자금대출,6200000,11740530_패션·잡화
SUB04_001241,C04_1941,예금,20370000,2024-09-20,11410685,홍은2동,패션·잡화,20254,117523912,897,40.07,1000000,28.53,N,없음,0,11410685_패션·잡화
SUB04_001242,C04_0059,적금,1850000,2025-04-11,11545610,독산1동,생활서비스,20254,228014942,29189,21.43,1260000,21.59,N,없음,0,11545610_생활서비스
SUB04_001243,C04_1205,적금,3450000,2025-11-16,11215770,중곡4동,식료품·편의소매,20254,5594949626,426736,6.03,20840000,13.31,N,없음,0,11215770_식료품·편의소매
SUB04_001244,C04_1265,ISA,21890000,2022-07-05,11470640,신정3동,자동차·운송서비스,20254,512097607,2869,32.92,1910000,41.38,N,없음,0,11470640_자동차·운송서비스
SUB04_001245,C04_1283,펀드,11470000,2023-01-26,11170660,이태원2동,가구·인테리어,20254,111744132,5518,56.32,1430000,73.91,N,없음,0,11170660_가구·인테리어
SUB04_001246,C04_1547,예금,40730000,2023-08-14,11140650,신당5동,여가·오락,20254,236802901,20199,2.82,2480000,-6.16,N,없음,0,11140650_여가·오락
SUB04_001247,C04_0890,펀드,18860000,2024-02-15,11350570,월계2동,음식·음료,20254,1139758109,109373,27.09,7000000,13.3,Y,소상공인신용대출,4000000,11350570_음식·음료
SUB04_001248,C04_0887,예금,26780000,2025-07-12,11320700,방학2동,자동차·운송서비스,20254,165944381,1186,-1.46,1620000,-5.64,N,없음,0,11320700_자동차·운송서비스
SUB04_001249,C04_1113,펀드,27220000,2025-03-27,11410615,연희동,전자기기·수리,20254,27315767,624,-56.69,1000000,-62.81,Y,운전자금대출,700000,11410615_전자기기·수리
SUB04_001250,C04_0345,펀드,33440000,2024-02-05,11560720,대림3동,패션·잡화,20254,1350358132,23689,3.68,14160000,11.45,N,없음,0,11560720_패션·잡화
SUB04_001251,C04_0240,ISA,11690000,2023-01-07,11215850,구의1동,식료품·편의소매,20254,8153148352,899161,-4.1,37130000,1.66,N,없음,0,11215850_식료품·편의소매
SUB04_001252,C04_0043,펀드,4950000,2024-11-19,11530790,수궁동,여가·오락,20254,157043778,17388,0.34,1300000,9.22,Y,운전자금대출,300000,11530790_여가·오락
SUB04_001253,C04_0645,예금,36860000,2025-04-04,11305645,우이동,문화·취미·반려,20254,18757447,906,-71.47,1000000,-70.0,Y,운전자금대출,900000,11305645_문화·취미·반려
SUB04_001254,C04_0975,적금,3110000,2025-02-01,11740620,천호3동,미용·뷰티,20254,721120737,15127,-3.92,5120000,-7.57,Y,운전자금대출,3000000,11740620_미용·뷰티
SUB04_001255,C04_1364,펀드,13280000,2022-10-09,11440565,공덕동,숙박,20254,698368,16,-65.65,1000000,-43.61,Y,운전자금대출,800000,11440565_숙박
SUB04_001256,C04_0634,적금,7330000,2025-04-17,11620630,남현동,음식·음료,20254,13031185794,525326,3.94,85190000,15.56,Y,소상공인신용대출,54900000,11620630_음식·음료
SUB04_001257,C04_1622,펀드,19100000,2025-02-05,11320522,도봉2동,여가·오락,20254,183510162,8042,42.21,1470000,21.73,Y,운전자금대출,700000,11320522_여가·오락
SUB04_001258,C04_1833,예금,8000000,2025-10-08,11200690,성수2가3동,여가·오락,20254,848373053,60004,-11.06,4010000,-16.17,N,없음,0,11200690_여가·오락
SUB04_001259,C04_0733,펀드,20430000,2022-09-20,11560535,영등포동,문화·취미·반려,20254,7868720427,92136,23.62,59300000,8.9,N,없음,0,11560535_문화·취미·반려
SUB04_001260,C04_1728,펀드,18700000,2024-05-17,11680510,신사동,숙박,20254,429727907,8386,0.33,6250000,-1.12,Y,운전자금대출,1200000,11680510_숙박
SUB04_001261,C04_0490,펀드,8320000,2025-11-07,11215840,자양3동,미용·뷰티,20254,416364415,7895,4.45,9940000,7.29,N,없음,0,11215840_미용·뷰티
SUB04_001262,C04_1324,예금,43470000,2025-08-11,11260590,상봉2동,자동차·운송서비스,20254,1117653054,5128,-12.12,9630000,-17.42,N,없음,0,11260590_자동차·운송서비스
SUB04_001263,C04_1162,펀드,10980000,2023-08-08,11620575,행운동,자동차·운송서비스,20254,119253044,388,-9.9,1010000,-12.47,Y,운전자금대출,700000,11620575_자동차·운송서비스
SUB04_001264,C04_0479,펀드,13300000,2024-08-19,11215810,광장동,자동차·운송서비스,20254,788431750,5088,-1.77,6230000,-5.72,N,없음,0,11215810_자동차·운송서비스
SUB04_001265,C04_1619,펀드,24910000,2024-02-15,11440610,염리동,자동차·운송서비스,20254,462036112,1908,-20.96,5380000,-15.35,Y,운전자금대출,3800000,11440610_자동차·운송서비스
SUB04_001266,C04_1211,적금,6050000,2025-01-02,11215847,자양4동,생활서비스,20254,247722136,11646,22.36,2210000,26.4,Y,운전자금대출,1000000,11215847_생활서비스
SUB04_001267,C04_1795,예금,36280000,2024-07-20,11260565,면목본동,가구·인테리어,20254,542859760,15764,5.15,1500000,39.44,Y,시설자금대출,800000,11260565_가구·인테리어
SUB04_001268,C04_1169,적금,3190000,2025-09-06,11560560,당산2동,전자기기·수리,20254,441209551,8099,-3.86,2450000,-11.17,N,없음,0,11560560_전자기기·수리
SUB04_001269,C04_1972,예금,20180000,2024-06-14,11560630,신길1동,숙박,20254,36318137,289,244.92,1000000,100.0,Y,소상공인신용대출,200000,11560630_숙박
SUB04_001270,C04_1230,ISA,16830000,2024-06-08,11110710,숭인2동,전자기기·수리,20254,61306802,1361,-27.62,1000000,-24.22,N,없음,0,11110710_전자기기·수리
SUB04_001271,C04_0322,ISA,13600000,2025-04-16,11440660,서교동,가구·인테리어,20254,3176563134,76382,0.15,64420000,-4.72,N,없음,0,11440660_가구·인테리어
SUB04_001272,C04_1874,예금,13490000,2022-08-18,11290660,길음1동,생활서비스,20254,42800341,2588,56.61,1000000,58.86,Y,운전자금대출,200000,11290660_생활서비스
SUB04_001273,C04_1749,펀드,14610000,2024-12-31,11710632,가락2동,여가·오락,20254,1006495089,118031,-2.62,7040000,17.02,Y,시설자금대출,2300000,11710632_여가·오락
SUB04_001274,C04_0420,ISA,11110000,2024-11-07,11680730,일원1동,식료품·편의소매,20254,2197605627,241313,-3.66,29430000,-3.94,Y,소상공인신용대출,7600000,11680730_식료품·편의소매
SUB04_001275,C04_0664,예금,32830000,2023-06-04,11380650,수색동,패션·잡화,20254,285062724,3020,32.77,1000000,41.49,Y,운전자금대출,600000,11380650_패션·잡화
SUB04_001276,C04_0742,펀드,11950000,2024-12-28,11530520,구로1동,생활서비스,20254,33031006,2545,10.64,1000000,8.94,N,없음,0,11530520_생활서비스
SUB04_001277,C04_1037,적금,1920000,2022-01-31,11710531,거여1동,여가·오락,20254,406095494,23615,-5.93,3140000,20.94,Y,소상공인신용대출,700000,11710531_여가·오락
SUB04_001278,C04_1066,예금,58100000,2022-11-01,11230660,장안2동,여가·오락,20254,850620297,68251,-4.05,8240000,3.0,Y,소상공인신용대출,2600000,11230660_여가·오락
SUB04_001279,C04_1797,적금,3370000,2022-06-26,11170530,남영동,전자기기·수리,20254,93865987,2520,1246.01,1030000,100.0,N,없음,0,11170530_전자기기·수리
SUB04_001280,C04_0873,적금,11510000,2024-01-12,11440600,대흥동,생활서비스,20254,38743072,1393,46.62,1000000,44.58,Y,운전자금대출,400000,11440600_생활서비스
SUB04_001281,C04_1187,ISA,57130000,2025-01-21,11380560,구산동,생활서비스,20254,124128772,3575,19.56,1000000,9.49,Y,운전자금대출,200000,11380560_생활서비스
SUB04_001282,C04_1797,적금,4670000,2025-01-09,11170530,남영동,전자기기·수리,20254,93865987,2520,1246.01,1030000,100.0,N,없음,0,11170530_전자기기·수리
SUB04_001283,C04_0960,ISA,14950000,2025-08-15,11230536,용신동,자동차·운송서비스,20254,1223482309,6548,19.59,5980000,29.07,Y,소상공인신용대출,2200000,11230536_자동차·운송서비스
SUB04_001284,C04_1664,펀드,13640000,2023-02-28,11215740,중곡1동,문화·취미·반려,20254,109109721,11281,-0.82,1000000,-21.94,Y,운전자금대출,400000,11215740_문화·취미·반려
SUB04_001285,C04_1087,ISA,31970000,2025-11-25,11530540,구로3동,여가·오락,20254,1236108433,63805,8.38,40100000,1.88,Y,운전자금대출,10400000,11530540_여가·오락
SUB04_001286,C04_0663,ISA,16080000,2025-10-08,11320710,방학3동,전자기기·수리,20254,927944,35,-50.0,1000000,-42.43,Y,소상공인신용대출,800000,11320710_전자기기·수리
SUB04_001287,C04_1207,ISA,21590000,2023-11-01,11680720,일원본동,패션·잡화,20254,173695685,884,-44.23,1000000,-53.18,Y,시설자금대출,400000,11680720_패션·잡화
SUB04_001288,C04_0901,ISA,6770000,2022-09-27,11320660,쌍문1동,식료품·편의소매,20254,4031344031,393438,3.25,39450000,23.22,N,없음,0,11320660_식료품·편의소매
SUB04_001289,C04_0892,펀드,19850000,2024-10-17,11530740,개봉1동,자동차·운송서비스,20254,891032079,4757,-1.75,7450000,-6.65,N,없음,0,11530740_자동차·운송서비스
SUB04_001290,C04_0725,적금,7250000,2024-11-01,11500640,방화2동,식료품·편의소매,20254,6525687631,518384,-3.71,18520000,-4.74,N,없음,0,11500640_식료품·편의소매
SUB04_001291,C04_0437,ISA,25400000,2024-05-30,11680521,논현1동,숙박,20254,210400057,2755,-0.39,1080000,12.23,Y,운전자금대출,200000,11680521_숙박
SUB04_001292,C04_0929,적금,9040000,2022-01-07,11215860,구의2동,전자기기·수리,20254,1211537986,11993,16.85,5930000,-2.33,Y,소상공인신용대출,2800000,11215860_전자기기·수리
SUB04_001293,C04_1439,예금,77080000,2022-09-23,11110630,종로5·6가동,여가·오락,20254,732868797,12878,11.56,2000000,26.8,Y,소상공인신용대출,1300000,11110630_여가·오락
SUB04_001294,C04_1955,ISA,68190000,2022-11-27,11560620,양평2동,자동차·운송서비스,20254,3354431618,18779,3.03,25570000,12.97,Y,운전자금대출,13300000,11560620_자동차·운송서비스
SUB04_001295,C04_1322,펀드,6490000,2023-11-02,11500530,등촌2동,문화·취미·반려,20254,102461574,9306,-2.1,1180000,-3.66,Y,시설자금대출,400000,11500530_문화·취미·반려
SUB04_001296,C04_1663,예금,44260000,2022-10-20,11410655,홍제2동,식료품·편의소매,20254,913438324,71319,28.25,6010000,15.85,Y,시설자금대출,1800000,11410655_식료품·편의소매
SUB04_001297,C04_0450,펀드,7050000,2024-12-27,11350611,하계1동,생활서비스,20254,81114520,3870,104.35,1860000,100.0,N,없음,0,11350611_생활서비스
SUB04_001298,C04_1634,예금,44940000,2025-03-31,11710540,마천1동,음식·음료,20254,1695350462,116911,-4.86,8470000,4.05,Y,운전자금대출,2500000,11710540_음식·음료
SUB04_001299,C04_0562,예금,94130000,2022-10-19,11500603,가양1동,미용·뷰티,20254,13311146927,48862,-20.13,27720000,-38.61,Y,시설자금대출,14800000,11500603_미용·뷰티
SUB04_001300,C04_1779,펀드,21360000,2025-01-09,11350700,상계8동,패션·잡화,20254,895955887,8530,24.18,11430000,27.21,N,없음,0,11350700_패션·잡화
SUB04_001301,C04_1303,펀드,13120000,2023-04-05,11290810,석관동,생활서비스,20254,67632012,10439,-40.56,1000000,-42.77,Y,시설자금대출,700000,11290810_생활서비스
SUB04_001302,C04_1597,펀드,5040000,2024-12-04,11215760,중곡3동,식료품·편의소매,20254,2843372517,286106,-2.31,48330000,-5.04,Y,운전자금대출,25100000,11215760_식료품·편의소매
SUB04_001303,C04_1990,ISA,9530000,2023-07-09,11560535,영등포동,숙박,20254,2680192086,41520,25.1,24190000,26.06,N,없음,0,11560535_숙박
SUB04_001304,C04_0477,적금,8940000,2023-12-01,11560680,신길6동,숙박,20254,3620586,70,-54.2,1000000,-58.68,N,없음,0,11560680_숙박
SUB04_001305,C04_0591,펀드,15930000,2024-10-31,11710646,장지동,여가·오락,20254,262430415,22072,5.51,2700000,10.43,N,없음,0,11710646_여가·오락
SUB04_001306,C04_0748,예금,38180000,2024-11-15,11380510,녹번동,음식·음료,20254,17102234332,495581,-4.49,66020000,-13.87,Y,운전자금대출,13900000,11380510_음식·음료
SUB04_001307,C04_1186,펀드,24910000,2022-10-09,11470540,목4동,전자기기·수리,20254,26012763,246,73.29,1000000,77.8,Y,시설자금대출,300000,11470540_전자기기·수리
SUB04_001308,C04_0996,ISA,17160000,2025-03-26,11200520,왕십리2동,여가·오락,20254,50779584,7566,-22.77,1000000,-16.57,Y,시설자금대출,700000,11200520_여가·오락
SUB04_001309,C04_1803,펀드,6880000,2024-08-16,11590630,사당2동,미용·뷰티,20254,2055394402,38085,1.21,21150000,20.42,N,없음,0,11590630_미용·뷰티
SUB04_001310,C04_1488,ISA,27890000,2025-06-10,11740515,강일동,패션·잡화,20254,133597279,1024,5.46,1000000,12.54,N,없음,0,11740515_패션·잡화
SUB04_001311,C04_0902,적금,1600000,2024-06-16,11320670,쌍문2동,가구·인테리어,20254,334245733,1414,333.04,1840000,100.0,N,없음,0,11320670_가구·인테리어
SUB04_001312,C04_0385,ISA,45060000,2025-02-20,11500535,등촌3동,음식·음료,20254,16895518747,751379,3.82,155100000,8.86,N,없음,0,11500535_음식·음료
SUB04_001313,C04_0929,펀드,13990000,2024-05-10,11215860,구의2동,전자기기·수리,20254,1211537986,11993,16.85,5930000,-2.33,Y,소상공인신용대출,2800000,11215860_전자기기·수리
SUB04_001314,C04_1963,적금,1950000,2022-07-22,11380560,구산동,생활서비스,20254,124128772,3575,19.56,1000000,32.24,N,없음,0,11380560_생활서비스
SUB04_001315,C04_1552,예금,80660000,2025-02-20,11560710,대림2동,가구·인테리어,20254,74127785,2350,-36.49,1000000,-39.96,Y,운전자금대출,500000,11560710_가구·인테리어
SUB04_001316,C04_0209,펀드,21600000,2024-03-01,11740520,상일동,음식·음료,20254,9427145435,334689,-4.13,26340000,-25.27,N,없음,0,11740520_음식·음료
SUB04_001317,C04_1162,펀드,4750000,2023-07-04,11620575,행운동,자동차·운송서비스,20254,119253044,388,-9.9,1010000,-12.47,Y,운전자금대출,700000,11620575_자동차·운송서비스
SUB04_001318,C04_1564,펀드,22930000,2023-09-11,11260600,중화1동,음식·음료,20254,1418808781,43753,-9.22,17980000,1.68,N,없음,0,11260600_음식·음료
SUB04_001319,C04_0756,적금,2340000,2023-12-10,11620665,서림동,음식·음료,20254,4769906624,188123,-0.78,22320000,10.44,N,없음,0,11620665_음식·음료
SUB04_001320,C04_1954,ISA,18220000,2024-12-23,11680750,수서동,식료품·편의소매,20254,25463554565,3081242,0.06,115340000,-3.99,Y,운전자금대출,38100000,11680750_식료품·편의소매
SUB04_001321,C04_0843,적금,2990000,2022-12-19,11710531,거여1동,자동차·운송서비스,20254,274515325,1502,-44.23,3140000,-39.39,N,없음,0,11710531_자동차·운송서비스
SUB04_001322,C04_1136,펀드,10170000,2022-07-18,11140580,장충동,문화·취미·반려,20254,2666421508,7541,22.35,12130000,13.01,Y,소상공인신용대출,6100000,11140580_문화·취미·반려
SUB04_001323,C04_1721,펀드,6270000,2024-02-14,11320660,쌍문1동,전자기기·수리,20254,3120654,998,337.32,1000000,100.0,Y,소상공인신용대출,300000,11320660_전자기기·수리
SUB04_001324,C04_1206,적금,3690000,2024-11-14,11260610,중화2동,식료품·편의소매,20254,14813414402,676710,32.93,84650000,33.81,N,없음,0,11260610_식료품·편의소매
SUB04_001325,C04_1559,펀드,7130000,2025-08-25,11290580,돈암1동,음식·음료,20254,259801393,10392,11.01,2550000,-3.24,Y,시설자금대출,1100000,11290580_음식·음료
SUB04_001326,C04_1042,펀드,9680000,2023-09-02,11710532,거여2동,생활서비스,20254,77926433,4639,66.77,1010000,56.71,Y,운전자금대출,300000,11710532_생활서비스
SUB04_001327,C04_1980,ISA,31540000,2024-08-18,11305645,우이동,자동차·운송서비스,20254,1039339927,4345,35.31,16880000,51.93,N,없음,0,11305645_자동차·운송서비스
SUB04_001328,C04_0425,펀드,14030000,2022-09-08,11620715,난향동,패션·잡화,20254,98446092,3478,48.84,1490000,28.12,N,없음,0,11620715_패션·잡화
SUB04_001329,C04_0988,ISA,32170000,2025-03-09,11440740,상암동,음식·음료,20254,44634883982,2131711,-0.55,338560000,-0.24,N,없음,0,11440740_음식·음료
SUB04_001330,C04_1606,펀드,12400000,2025-03-10,11590530,상도1동,식료품·편의소매,20254,7868399838,901182,-0.11,119220000,3.63,N,없음,0,11590530_식료품·편의소매
SUB04_001331,C04_1050,예금,16530000,2023-07-31,11740640,성내1동,여가·오락,20254,120866486,2115,-30.07,1000000,-11.97,Y,운전자금대출,500000,11740640_여가·오락
SUB04_001332,C04_0359,예금,16930000,2022-03-19,11500550,화곡2동,여가·오락,20254,52811513,1820,3.08,1000000,6.49,N,없음,0,11500550_여가·오락
SUB04_001333,C04_1235,예금,20770000,2022-12-18,11620765,미성동,자동차·운송서비스,20254,1226998011,4772,0.7,7500000,-23.17,N,없음,0,11620765_자동차·운송서비스
SUB04_001334,C04_0709,펀드,10040000,2022-11-06,11590620,사당1동,음식·음료,20254,36080331692,906899,12.7,100010000,36.38,N,없음,0,11590620_음식·음료
SUB04_001335,C04_1323,펀드,4170000,2025-04-09,11650580,반포3동,전자기기·수리,20254,125338163,3412,-20.66,1000000,-15.69,Y,시설자금대출,500000,11650580_전자기기·수리
SUB04_001336,C04_1786,펀드,11310000,2025-03-06,11350619,중계본동,미용·뷰티,20254,386534765,8583,0.53,1070000,6.59,Y,소상공인신용대출,300000,11350619_미용·뷰티
SUB04_001337,C04_1480,예금,68700000,2024-03-21,11215870,구의3동,가구·인테리어,20254,1511832083,19119,13.8,8280000,18.89,N,없음,0,11215870_가구·인테리어
SUB04_001338,C04_1036,적금,3550000,2023-04-09,11545610,독산1동,미용·뷰티,20254,1326931010,19991,8.63,11350000,11.91,Y,운전자금대출,2400000,11545610_미용·뷰티
SUB04_001339,C04_0718,예금,50330000,2025-11-22,11620525,보라매동,여가·오락,20254,558996407,56935,3.22,2650000,-9.38,N,없음,0,11620525_여가·오락
SUB04_001340,C04_0857,ISA,17650000,2024-09-27,11110710,숭인2동,가구·인테리어,20254,197204215,4713,-36.82,1890000,-39.35,Y,시설자금대출,900000,11110710_가구·인테리어
SUB04_001341,C04_0972,ISA,11380000,2023-10-31,11620725,조원동,문화·취미·반려,20254,463458128,2032,1285.12,2150000,100.0,N,없음,0,11620725_문화·취미·반려
SUB04_001342,C04_0188,적금,4080000,2022-09-30,11230600,답십리1동,미용·뷰티,20254,362179452,6839,-12.03,3580000,-19.33,N,없음,0,11230600_미용·뷰티
SUB04_001343,C04_1434,ISA,8790000,2024-03-08,11650590,방배본동,음식·음료,20254,15761245935,815897,-4.07,83090000,-4.65,Y,운전자금대출,45100000,11650590_음식·음료
SUB04_001344,C04_1381,ISA,12330000,2022-06-07,11170530,남영동,숙박,20254,550853952,7032,-6.23,2540000,-33.29,N,없음,0,11170530_숙박
SUB04_001345,C04_1030,예금,27990000,2025-08-07,11110670,창신1동,여가·오락,20254,193097598,17661,7.56,1540000,19.7,Y,운전자금대출,600000,11110670_여가·오락
SUB04_001346,C04_0574,펀드,12660000,2022-07-16,11740515,강일동,여가·오락,20254,188122755,28347,-0.6,1100000,1.52,Y,소상공인신용대출,600000,11740515_여가·오락
SUB04_001347,C04_0399,예금,32780000,2024-01-13,11470670,신정6동,문화·취미·반려,20254,431172432,20858,-28.11,3570000,-43.49,N,없음,0,11470670_문화·취미·반려
SUB04_001348,C04_0094,예금,45770000,2025-03-11,11680690,개포4동,자동차·운송서비스,20254,2883368505,15130,-18.7,17850000,-4.56,Y,운전자금대출,3900000,11680690_자동차·운송서비스
SUB04_001349,C04_1255,적금,2360000,2023-02-01,11215770,중곡4동,여가·오락,20254,390290676,11701,14.4,1720000,20.91,N,없음,0,11215770_여가·오락
SUB04_001350,C04_0783,예금,27250000,2023-03-27,11440610,염리동,여가·오락,20254,226181601,3222,25.51,2490000,41.1,N,없음,0,11440610_여가·오락
SUB04_001351,C04_0479,예금,13640000,2025-09-14,11215810,광장동,자동차·운송서비스,20254,788431750,5088,-1.77,6230000,-5.72,N,없음,0,11215810_자동차·운송서비스
SUB04_001352,C04_0835,펀드,6530000,2024-10-07,11710532,거여2동,문화·취미·반려,20254,116017537,3581,-56.99,1000000,-65.97,Y,소상공인신용대출,700000,11710532_문화·취미·반려
SUB04_001353,C04_1828,펀드,15110000,2025-05-05,11560550,당산1동,자동차·운송서비스,20254,247963056,1587,-16.79,3060000,-3.09,N,없음,0,11560550_자동차·운송서비스
SUB04_001354,C04_1406,펀드,13400000,2024-04-14,11380632,신사2동,미용·뷰티,20254,316036802,9260,2.0,2000000,-11.64,Y,소상공인신용대출,800000,11380632_미용·뷰티
SUB04_001355,C04_0098,적금,3900000,2023-04-05,11200540,마장동,음식·음료,20254,11314635395,299453,0.56,53490000,-2.92,N,없음,0,11200540_음식·음료
SUB04_001356,C04_1267,예금,82350000,2024-06-04,11710720,잠실7동,음식·음료,20254,85449529,4812,-7.83,1380000,9.06,Y,운전자금대출,500000,11710720_음식·음료
SUB04_001357,C04_1520,예금,34740000,2024-07-01,11590640,사당3동,패션·잡화,20254,252827588,3375,0.25,1810000,20.58,Y,시설자금대출,1100000,11590640_패션·잡화
SUB04_001358,C04_1087,예금,43510000,2025-09-25,11530540,구로3동,여가·오락,20254,1236108433,63805,8.38,40100000,1.88,Y,운전자금대출,10400000,11530540_여가·오락
SUB04_001359,C04_1276,예금,32310000,2023-11-29,11305535,미아동,생활서비스,20254,56582976,5451,105.98,1000000,93.4,Y,운전자금대출,500000,11305535_생활서비스
SUB04_001360,C04_1830,적금,8460000,2025-07-04,11170520,용산2가동,식료품·편의소매,20254,5103756047,489836,1.59,46800000,5.79,N,없음,0,11170520_식료품·편의소매
SUB04_001361,C04_1988,ISA,26770000,2022-02-12,11410720,북가좌2동,음식·음료,20254,11114289899,457741,3.96,23230000,17.44,N,없음,0,11410720_음식·음료
SUB04_001362,C04_0239,ISA,9830000,2025-02-06,11350710,상계9동,문화·취미·반려,20254,85215233,5122,-27.32,1000000,-31.43,Y,소상공인신용대출,500000,11350710_문화·취미·반려
SUB04_001363,C04_0001,예금,51980000,2025-03-20,11320521,도봉1동,음식·음료,20254,13321742518,509503,-0.61,59680000,-8.79,N,없음,0,11320521_음식·음료
SUB04_001364,C04_1329,ISA,15530000,2025-02-02,11650540,잠원동,숙박,20254,280236540,2888,-5.31,3150000,0.1,Y,소상공인신용대출,1200000,11650540_숙박
SUB04_001365,C04_0178,예금,32390000,2022-08-11,11410690,남가좌1동,식료품·편의소매,20254,15035433731,915248,-3.63,102120000,-8.4,Y,운전자금대출,55200000,11410690_식료품·편의소매
SUB04_001366,C04_0335,적금,1620000,2022-02-18,11260520,면목2동,전자기기·수리,20254,440055373,1156,-17.51,1000000,7.23,N,없음,0,11260520_전자기기·수리
SUB04_001367,C04_1223,펀드,6490000,2024-09-21,11560610,양평1동,미용·뷰티,20254,600104525,15368,-0.46,5470000,25.0,Y,소상공인신용대출,900000,11560610_미용·뷰티
SUB04_001368,C04_1541,ISA,13110000,2025-04-21,11260565,면목본동,생활서비스,20254,40060333,2683,56.95,1000000,44.85,Y,운전자금대출,600000,11260565_생활서비스
SUB04_001369,C04_1169,ISA,27930000,2025-03-03,11560560,당산2동,전자기기·수리,20254,441209551,8099,-3.86,2450000,-11.17,N,없음,0,11560560_전자기기·수리
SUB04_001370,C04_1379,펀드,8100000,2025-04-20,11620575,행운동,가구·인테리어,20254,95915103,338,-28.03,1000000,-23.73,Y,운전자금대출,400000,11620575_가구·인테리어
SUB04_001371,C04_0385,예금,47590000,2025-09-19,11500535,등촌3동,음식·음료,20254,16895518747,751379,3.82,155100000,8.86,N,없음,0,11500535_음식·음료
SUB04_001372,C04_0410,펀드,5240000,2022-04-24,11320700,방학2동,가구·인테리어,20254,271260079,8524,8.78,2480000,16.28,Y,운전자금대출,500000,11320700_가구·인테리어
SUB04_001373,C04_1312,펀드,10760000,2025-01-26,11350640,상계2동,전자기기·수리,20254,6330537,637,-87.79,1000000,-70.0,N,없음,0,11350640_전자기기·수리
SUB04_001374,C04_1916,ISA,26900000,2024-12-10,11590680,신대방2동,패션·잡화,20254,1599363614,2964,162.9,16300000,100.0,N,없음,0,11590680_패션·잡화
SUB04_001375,C04_0959,ISA,20570000,2022-03-06,11290525,성북동,식료품·편의소매,20254,3220434099,220823,-3.03,11260000,7.63,Y,시설자금대출,5300000,11290525_식료품·편의소매
SUB04_001376,C04_0757,펀드,8310000,2023-03-07,11140670,황학동,패션·잡화,20254,1360198637,14302,16.69,26390000,27.62,N,없음,0,11140670_패션·잡화
SUB04_001377,C04_0583,예금,30770000,2023-11-15,11380590,응암2동,자동차·운송서비스,20254,816859622,3401,-15.25,6840000,-8.43,N,없음,0,11380590_자동차·운송서비스
SUB04_001378,C04_1191,펀드,23640000,2024-02-11,11215870,구의3동,자동차·운송서비스,20254,405600013,1840,19.43,1750000,35.49,N,없음,0,11215870_자동차·운송서비스
SUB04_001379,C04_0195,ISA,47870000,2023-01-14,11545710,시흥5동,가구·인테리어,20254,74141623,627,-39.76,1000000,-33.2,N,없음,0,11545710_가구·인테리어
SUB04_001380,C04_1634,예금,51480000,2024-04-30,11710540,마천1동,음식·음료,20254,1695350462,116911,-4.86,8470000,4.05,Y,운전자금대출,2500000,11710540_음식·음료
SUB04_001381,C04_0881,펀드,15590000,2022-03-01,11710670,잠실2동,식료품·편의소매,20254,13062133745,892860,-17.64,47580000,15.23,N,없음,0,11710670_식료품·편의소매
SUB04_001382,C04_0646,적금,4140000,2022-04-02,11110640,이화동,문화·취미·반려,20254,131001712,2728,90.44,1000000,83.49,N,없음,0,11110640_문화·취미·반려
SUB04_001383,C04_1397,ISA,10910000,2024-05-04,11215830,자양2동,음식·음료,20254,6213640806,299769,1.54,54530000,-5.62,N,없음,0,11215830_음식·음료
SUB04_001384,C04_1822,ISA,40120000,2024-02-07,11305635,수유3동,여가·오락,20254,3315162074,386738,-0.81,16270000,22.96,Y,운전자금대출,10000000,11305635_여가·오락
SUB04_001385,C04_0753,적금,6760000,2024-06-14,11140550,명동,문화·취미·반려,20254,3721002618,56381,5.21,12010000,8.58,Y,소상공인신용대출,5400000,11140550_문화·취미·반려
SUB04_001386,C04_0413,예금,30440000,2024-10-31,11140520,소공동,음식·음료,20254,110690323005,4027894,1.06,1677360000,-2.28,Y,운전자금대출,846300000,11140520_음식·음료
SUB04_001387,C04_1347,적금,2550000,2023-12-29,11560700,대림1동,음식·음료,20254,6600583214,329323,-0.9,45860000,2.05,N,없음,0,11560700_음식·음료
SUB04_001388,C04_1499,적금,2260000,2024-06-06,11590605,흑석동,문화·취미·반려,20254,769072791,30547,96.93,3390000,100.0,Y,운전자금대출,1500000,11590605_문화·취미·반려
SUB04_001389,C04_0418,적금,2180000,2024-07-28,11740640,성내1동,음식·음료,20254,15057088192,606951,0.09,38700000,-0.79,Y,시설자금대출,18000000,11740640_음식·음료
SUB04_001390,C04_1921,예금,102320000,2024-04-11,11170660,이태원2동,가구·인테리어,20254,111744132,5518,56.32,1000000,75.43,Y,시설자금대출,300000,11170660_가구·인테리어
SUB04_001391,C04_1446,ISA,16080000,2024-06-07,11710650,잠실본동,가구·인테리어,20254,1524998287,49583,9.94,4030000,18.9,Y,소상공인신용대출,2000000,11710650_가구·인테리어
SUB04_001392,C04_0193,예금,33640000,2023-04-08,11215840,자양3동,문화·취미·반려,20254,249588460,6071,111.91,1000000,100.0,N,없음,0,11215840_문화·취미·반려
SUB04_001393,C04_0591,펀드,7680000,2023-12-18,11710646,장지동,여가·오락,20254,262430415,22072,5.51,2700000,10.43,N,없음,0,11710646_여가·오락
SUB04_001394,C04_0809,예금,33620000,2024-06-02,11620585,낙성대동,식료품·편의소매,20254,2973178509,391279,1.69,23590000,-9.55,Y,시설자금대출,12200000,11620585_식료품·편의소매
SUB04_001395,C04_1940,펀드,10040000,2025-04-17,11440590,용강동,가구·인테리어,20254,936210448,20204,17.14,11830000,26.56,Y,소상공인신용대출,6700000,11440590_가구·인테리어
SUB04_001396,C04_0682,예금,22910000,2023-10-21,11440730,성산2동,가구·인테리어,20254,1318774709,13887,-9.95,8050000,6.46,N,없음,0,11440730_가구·인테리어
SUB04_001397,C04_0235,ISA,11520000,2023-03-27,11620525,보라매동,음식·음료,20254,9594296085,461881,-2.9,49480000,11.06,N,없음,0,11620525_음식·음료
SUB04_001398,C04_1990,적금,1930000,2022-12-06,11560535,영등포동,숙박,20254,2680192086,41520,25.1,24190000,26.06,N,없음,0,11560535_숙박
SUB04_001399,C04_0218,예금,24360000,2024-06-11,11440655,서강동,문화·취미·반려,20254,2070382688,142280,48.04,13870000,56.32,N,없음,0,11440655_문화·취미·반려
SUB04_001400,C04_0760,적금,5690000,2024-08-20,11710590,송파2동,음식·음료,20254,4791526052,360662,-6.32,19250000,-3.58,Y,운전자금대출,6900000,11710590_음식·음료
SUB04_001401,C04_0665,적금,2970000,2023-03-02,11680510,신사동,문화·취미·반려,20254,12252894698,54533,254.39,52280000,100.0,N,없음,0,11680510_문화·취미·반려
SUB04_001402,C04_1557,ISA,19310000,2022-03-24,11710520,풍납2동,미용·뷰티,20254,358185834,6763,-9.84,1000000,-8.94,N,없음,0,11710520_미용·뷰티
SUB04_001403,C04_1383,펀드,13570000,2023-12-01,11470590,신월4동,식료품·편의소매,20254,3214209844,310666,-0.26,32710000,5.97,Y,운전자금대출,8800000,11470590_식료품·편의소매
SUB04_001404,C04_1818,펀드,6230000,2024-11-15,11470600,신월5동,음식·음료,20254,4845394055,182985,-3.7,40340000,-2.88,N,없음,0,11470600_음식·음료
SUB04_001405,C04_1215,적금,3310000,2025-06-20,11320710,방학3동,식료품·편의소매,20254,2326774704,199172,-8.53,17840000,-7.58,N,없음,0,11320710_식료품·편의소매
SUB04_001406,C04_0882,예금,35430000,2023-01-21,11260655,망우본동,전자기기·수리,20254,4489999618,39306,-18.46,24490000,-8.06,N,없음,0,11260655_전자기기·수리
SUB04_001407,C04_0250,예금,29520000,2024-02-28,11500570,화곡4동,여가·오락,20254,343493755,15725,-13.57,1000000,-29.37,N,없음,0,11500570_여가·오락
SUB04_001408,C04_0115,ISA,12130000,2025-05-03,11230750,이문2동,생활서비스,20254,49757359,1986,63.52,1000000,50.21,Y,운전자금대출,400000,11230750_생활서비스
SUB04_001409,C04_0338,ISA,14460000,2023-11-19,11110630,종로5·6가동,음식·음료,20254,29618710512,1155671,7.47,173830000,44.53,N,없음,0,11110630_음식·음료
SUB04_001410,C04_0876,펀드,24300000,2024-11-27,11680720,일원본동,식료품·편의소매,20254,7371192728,1280364,-4.31,80540000,-0.76,Y,시설자금대출,51600000,11680720_식료품·편의소매
SUB04_001411,C04_0966,적금,2330000,2024-12-01,11650652,양재2동,문화·취미·반려,20254,27337509828,265342,21.27,114580000,25.49,Y,시설자금대출,40800000,11650652_문화·취미·반려
SUB04_001412,C04_0293,펀드,37140000,2024-11-28,11710570,오금동,식료품·편의소매,20254,12260163246,664332,-17.19,63360000,-21.24,Y,운전자금대출,29600000,11710570_식료품·편의소매
SUB04_001413,C04_1052,예금,31890000,2023-05-03,11350695,상계6·7동,문화·취미·반려,20254,703204332,36258,-1.86,6530000,-5.71,Y,운전자금대출,1300000,11350695_문화·취미·반려
SUB04_001414,C04_1936,펀드,9750000,2025-10-20,11740685,길동,전자기기·수리,20254,400315634,1399,294.74,4730000,100.0,N,없음,0,11740685_전자기기·수리
SUB04_001415,C04_0590,펀드,24730000,2025-06-14,11710532,거여2동,자동차·운송서비스,20254,243199137,1126,-5.92,1100000,-8.46,N,없음,0,11710532_자동차·운송서비스
SUB04_001416,C04_1615,펀드,22410000,2024-06-06,11140550,명동,여가·오락,20254,356786825,16887,-6.22,4090000,3.39,N,없음,0,11140550_여가·오락
SUB04_001417,C04_1988,적금,2960000,2022-04-03,11410720,북가좌2동,음식·음료,20254,11114289899,457741,3.96,23230000,17.44,N,없음,0,11410720_음식·음료
SUB04_001418,C04_0835,ISA,13350000,2025-10-11,11710532,거여2동,문화·취미·반려,20254,116017537,3581,-56.99,1000000,-65.97,Y,소상공인신용대출,700000,11710532_문화·취미·반려
SUB04_001419,C04_0795,ISA,23950000,2023-02-06,11680660,개포1동,미용·뷰티,20254,35071302,1245,14.97,1000000,24.08,N,없음,0,11680660_미용·뷰티
SUB04_001420,C04_0696,ISA,7090000,2025-08-15,11350630,상계1동,음식·음료,20254,20786641377,666825,-2.55,132370000,-7.7,N,없음,0,11350630_음식·음료
SUB04_001421,C04_1004,ISA,6340000,2024-10-19,11260590,상봉2동,생활서비스,20254,204809498,29040,23.3,1210000,4.54,Y,운전자금대출,200000,11260590_생활서비스
SUB04_001422,C04_1858,펀드,12870000,2024-06-15,11680565,청담동,전자기기·수리,20254,204784749,1350,19.13,1390000,28.23,N,없음,0,11680565_전자기기·수리
SUB04_001423,C04_0927,펀드,28070000,2025-10-29,11200790,용답동,생활서비스,20254,24985931,679,-19.12,1000000,-31.8,Y,운전자금대출,700000,11200790_생활서비스
SUB04_001424,C04_1541,ISA,25930000,2022-09-26,11260565,면목본동,생활서비스,20254,40060333,2683,56.95,1000000,44.85,Y,운전자금대출,600000,11260565_생활서비스
SUB04_001425,C04_1350,적금,4350000,2023-07-17,11200670,성수2가1동,가구·인테리어,20254,607699038,17554,-3.37,3490000,3.99,Y,소상공인신용대출,2100000,11200670_가구·인테리어
SUB04_001426,C04_0675,예금,35370000,2023-10-25,11680640,역삼1동,문화·취미·반려,20254,10818934582,427621,21.54,96130000,41.52,N,없음,0,11680640_문화·취미·반려
SUB04_001427,C04_0600,펀드,8850000,2022-05-04,11215850,구의1동,문화·취미·반려,20254,740966987,10335,-27.39,2630000,-18.78,Y,시설자금대출,1700000,11215850_문화·취미·반려
SUB04_001428,C04_0169,예금,31290000,2025-07-21,11350665,상계3·4동,미용·뷰티,20254,185604473,4697,-9.42,2540000,-22.92,N,없음,0,11350665_미용·뷰티
SUB04_001429,C04_0600,예금,61410000,2025-08-21,11215850,구의1동,문화·취미·반려,20254,740966987,10335,-27.39,2630000,-18.78,Y,시설자금대출,1700000,11215850_문화·취미·반려
SUB04_001430,C04_0178,예금,20040000,2025-06-06,11410690,남가좌1동,식료품·편의소매,20254,15035433731,915248,-3.63,102120000,-8.4,Y,운전자금대출,55200000,11410690_식료품·편의소매
SUB04_001431,C04_1554,ISA,32480000,2025-08-14,11215830,자양2동,자동차·운송서비스,20254,321012441,2027,-6.07,1920000,-18.74,N,없음,0,11215830_자동차·운송서비스
SUB04_001432,C04_1668,적금,3590000,2025-03-01,11215780,능동,여가·오락,20254,542098145,14054,-8.53,6840000,-4.77,Y,운전자금대출,2800000,11215780_여가·오락
SUB04_001433,C04_1291,적금,4570000,2022-09-29,11470620,신정1동,자동차·운송서비스,20254,1009746651,6565,-5.72,7790000,7.69,Y,운전자금대출,3200000,11470620_자동차·운송서비스
SUB04_001434,C04_0425,펀드,6170000,2023-06-17,11620715,난향동,패션·잡화,20254,98446092,3478,48.84,1490000,28.12,N,없음,0,11620715_패션·잡화
SUB04_001435,C04_0046,펀드,12500000,2022-10-08,11290525,성북동,음식·음료,20254,13127023974,460976,3.03,67160000,-2.02,N,없음,0,11290525_음식·음료
SUB04_001436,C04_0167,펀드,6170000,2025-01-02,11440730,성산2동,자동차·운송서비스,20254,428539163,3830,-7.79,6170000,-15.27,N,없음,0,11440730_자동차·운송서비스
SUB04_001437,C04_0316,예금,33510000,2025-10-07,11680610,대치2동,가구·인테리어,20254,1138499601,918,16.21,2530000,9.52,Y,운전자금대출,1000000,11680610_가구·인테리어
SUB04_001438,C04_0621,적금,5620000,2023-09-18,11620645,서원동,숙박,20254,58784049,1147,-7.63,1000000,-5.19,Y,운전자금대출,600000,11620645_숙박
SUB04_001439,C04_1671,ISA,16390000,2025-05-29,11530520,구로1동,식료품·편의소매,20254,3862685525,288165,-4.29,23140000,-16.82,Y,운전자금대출,15800000,11530520_식료품·편의소매
SUB04_001440,C04_1366,적금,2080000,2025-07-07,11500530,등촌2동,패션·잡화,20254,306070492,14431,-27.28,2380000,-8.94,Y,소상공인신용대출,700000,11500530_패션·잡화
SUB04_001441,C04_0593,펀드,10310000,2024-04-06,11470640,신정3동,여가·오락,20254,589912912,74175,-27.3,3670000,-37.22,N,없음,0,11470640_여가·오락
SUB04_001442,C04_1785,펀드,11000000,2024-12-31,11140670,황학동,자동차·운송서비스,20254,764151053,3345,14.99,4150000,17.99,Y,운전자금대출,2300000,11140670_자동차·운송서비스
SUB04_001443,C04_0508,예금,21450000,2025-06-28,11470610,신월6동,식료품·편의소매,20254,4724996737,297762,4.63,28670000,-11.08,N,없음,0,11470610_식료품·편의소매
SUB04_001444,C04_1847,적금,6700000,2024-06-16,11230660,장안2동,가구·인테리어,20254,15398068346,192090,-1.35,77360000,-1.83,N,없음,0,11230660_가구·인테리어
SUB04_001445,C04_0351,적금,2800000,2024-10-02,11650610,방배2동,미용·뷰티,20254,1011033037,7923,-33.61,8380000,-41.65,N,없음,0,11650610_미용·뷰티
SUB04_001446,C04_0646,펀드,17840000,2023-05-13,11110640,이화동,문화·취미·반려,20254,131001712,2728,90.44,1000000,83.49,N,없음,0,11110640_문화·취미·반려
SUB04_001447,C04_1041,예금,45220000,2022-03-27,11305545,송중동,문화·취미·반려,20254,145778660,3309,17.95,1000000,23.59,N,없음,0,11305545_문화·취미·반려
SUB04_001448,C04_1326,ISA,23680000,2025-08-08,11410660,홍은1동,전자기기·수리,20254,64231170,306,588.44,1000000,100.0,N,없음,0,11410660_전자기기·수리
SUB04_001449,C04_0148,ISA,39090000,2025-12-30,11740550,고덕1동,문화·취미·반려,20254,17785879,4536,-5.07,1000000,-1.62,N,없음,0,11740550_문화·취미·반려
SUB04_001450,C04_1621,예금,51540000,2024-10-31,11740520,상일동,자동차·운송서비스,20254,313349731,2198,-13.95,4590000,4.07,N,없음,0,11740520_자동차·운송서비스
SUB04_001451,C04_1779,ISA,13990000,2025-04-20,11350700,상계8동,패션·잡화,20254,895955887,8530,24.18,11430000,27.21,N,없음,0,11350700_패션·잡화
SUB04_001452,C04_0430,ISA,18030000,2025-10-31,11530770,오류1동,문화·취미·반려,20254,547998286,2253,72.32,5140000,61.47,Y,시설자금대출,1700000,11530770_문화·취미·반려
SUB04_001453,C04_1172,ISA,12960000,2025-06-10,11620725,조원동,자동차·운송서비스,20254,1846502419,10735,-14.29,14830000,-26.4,Y,시설자금대출,10600000,11620725_자동차·운송서비스
SUB04_001454,C04_0092,ISA,7540000,2025-04-24,11305575,삼각산동,패션·잡화,20254,186234728,2035,8.75,1340000,0.69,N,없음,0,11305575_패션·잡화
SUB04_001455,C04_1840,예금,52950000,2023-11-17,11680600,대치1동,문화·취미·반려,20254,145622330,7026,-40.18,2540000,-16.46,N,없음,0,11680600_문화·취미·반려
SUB04_001456,C04_0777,ISA,12660000,2024-06-03,11680655,도곡1동,문화·취미·반려,20254,1268285176,36456,-10.81,4150000,-3.23,N,없음,0,11680655_문화·취미·반려
SUB04_001457,C04_1591,ISA,13650000,2024-05-08,11710580,송파1동,여가·오락,20254,859353948,34502,5.34,9190000,10.89,Y,소상공인신용대출,1800000,11710580_여가·오락
SUB04_001458,C04_0094,ISA,16390000,2024-10-31,11680690,개포4동,자동차·운송서비스,20254,2883368505,15130,-18.7,17850000,-4.56,Y,운전자금대출,3900000,11680690_자동차·운송서비스
SUB04_001459,C04_1993,적금,5520000,2024-08-07,11110710,숭인2동,숙박,20254,290401408,3615,40.58,5720000,29.73,N,없음,0,11110710_숙박
SUB04_001460,C04_0147,ISA,6870000,2025-05-26,11500605,가양3동,전자기기·수리,20254,225254688,4390,-28.48,1330000,-19.13,N,없음,0,11500605_전자기기·수리
SUB04_001461,C04_1589,ISA,26490000,2022-12-21,11260680,신내1동,전자기기·수리,20254,290723915,3641,16.18,1590000,35.66,Y,소상공인신용대출,600000,11260680_전자기기·수리
SUB04_001462,C04_1179,예금,42950000,2025-08-20,11470611,신월7동,여가·오락,20254,567505195,7920,-29.16,2610000,-51.25,Y,소상공인신용대출,1500000,11470611_여가·오락
SUB04_001463,C04_1417,ISA,12320000,2025-03-22,11215847,자양4동,여가·오락,20254,1737193196,100692,3.25,8810000,-5.05,N,없음,0,11215847_여가·오락
SUB04_001464,C04_1353,펀드,17210000,2023-06-07,11230705,청량리동,전자기기·수리,20254,1516237302,4614,-19.02,8800000,17.27,N,없음,0,11230705_전자기기·수리
SUB04_001465,C04_1096,적금,9640000,2025-10-26,11320700,방학2동,패션·잡화,20254,681560805,13245,38.71,5340000,30.89,N,없음,0,11320700_패션·잡화
SUB04_001466,C04_0830,펀드,11140000,2024-06-01,11320514,창4동,숙박,20254,396435535,13448,10.32,2230000,-9.6,N,없음,0,11320514_숙박
SUB04_001467,C04_1763,ISA,19210000,2025-08-03,11500593,화곡8동,자동차·운송서비스,20254,24257143,550,50.16,1000000,46.24,N,없음,0,11500593_자동차·운송서비스
SUB04_001468,C04_1447,적금,2710000,2023-01-08,11560540,여의동,가구·인테리어,20254,1871647857,12985,-5.47,5710000,-14.49,Y,시설자금대출,1600000,11560540_가구·인테리어
SUB04_001469,C04_1393,ISA,11030000,2024-11-08,11170520,용산2가동,여가·오락,20254,23720873,1586,27.48,1000000,50.94,N,없음,0,11170520_여가·오락
SUB04_001470,C04_0373,적금,7420000,2025-06-24,11620695,신림동,숙박,20254,991508249,21858,4.89,5940000,-14.65,N,없음,0,11620695_숙박
SUB04_001471,C04_1819,펀드,8370000,2023-10-17,11380551,갈현1동,문화·취미·반려,20254,671416964,21403,55.5,4770000,36.82,N,없음,0,11380551_문화·취미·반려
SUB04_001472,C04_1313,예금,27310000,2022-07-08,11530530,구로2동,여가·오락,20254,457502707,11947,19.53,1040000,8.03,Y,운전자금대출,600000,11530530_여가·오락
SUB04_001473,C04_0053,예금,21030000,2023-11-21,11470560,신월1동,패션·잡화,20254,685003779,15226,16.92,6490000,-7.62,N,없음,0,11470560_패션·잡화
SUB04_001474,C04_1237,펀드,21280000,2024-01-14,11320512,창2동,여가·오락,20254,170771988,6422,29.58,1600000,55.02,N,없음,0,11320512_여가·오락
SUB04_001475,C04_1888,펀드,5650000,2025-03-18,11230536,용신동,여가·오락,20254,1199939779,21709,-6.41,5140000,-9.23,Y,운전자금대출,1700000,11230536_여가·오락
SUB04_001476,C04_0737,ISA,49910000,2024-05-17,11545630,독산3동,패션·잡화,20254,908671675,21139,45.8,1700000,36.43,Y,소상공인신용대출,600000,11545630_패션·잡화
SUB04_001477,C04_0523,예금,36360000,2023-11-20,11410655,홍제2동,패션·잡화,20254,239145964,3068,-27.0,1780000,-29.85,Y,소상공인신용대출,1300000,11410655_패션·잡화
SUB04_001478,C04_0670,ISA,23330000,2023-07-11,11380560,구산동,문화·취미·반려,20254,94559629,3739,20.95,1000000,17.79,N,없음,0,11380560_문화·취미·반려
SUB04_001479,C04_0136,펀드,17030000,2024-01-09,11740590,암사3동,식료품·편의소매,20254,1952659967,176007,-0.58,18280000,8.79,Y,운전자금대출,9000000,11740590_식료품·편의소매
SUB04_001480,C04_0524,예금,39110000,2022-12-03,11530550,구로4동,음식·음료,20254,12580339567,512133,-12.56,60400000,-27.11,N,없음,0,11530550_음식·음료
SUB04_001481,C04_1758,펀드,17570000,2025-01-25,11680640,역삼1동,여가·오락,20254,3364602389,280051,-3.97,16430000,-1.0,Y,시설자금대출,10000000,11680640_여가·오락
SUB04_001482,C04_0704,ISA,58690000,2024-08-22,11410700,남가좌2동,자동차·운송서비스,20254,1985912117,11696,-2.27,12740000,3.58,N,없음,0,11410700_자동차·운송서비스
SUB04_001483,C04_0140,ISA,16250000,2024-05-05,11230545,제기동,생활서비스,20254,113384280,5942,49.64,1000000,58.74,Y,운전자금대출,500000,11230545_생활서비스
SUB04_001484,C04_1629,펀드,11080000,2022-08-21,11170660,이태원2동,미용·뷰티,20254,233628297,3868,-13.48,1000000,-3.06,N,없음,0,11170660_미용·뷰티
SUB04_001485,C04_0308,ISA,17500000,2024-01-13,11215740,중곡1동,가구·인테리어,20254,5908058914,38066,50.77,28250000,27.77,Y,소상공인신용대출,13700000,11215740_가구·인테리어
SUB04_001486,C04_0814,ISA,10420000,2023-01-17,11470650,신정4동,여가·오락,20254,1936188729,172483,11.6,20360000,16.1,Y,시설자금대출,5100000,11470650_여가·오락
SUB04_001487,C04_1479,펀드,7120000,2025-09-01,11740540,명일2동,패션·잡화,20254,1080003841,11056,-22.66,30470000,-35.59,Y,소상공인신용대출,11600000,11740540_패션·잡화
SUB04_001488,C04_0015,펀드,15620000,2025-12-21,11305535,미아동,숙박,20254,74916087,1432,-37.95,1000000,-19.41,Y,시설자금대출,500000,11305535_숙박
SUB04_001489,C04_1398,예금,15840000,2022-06-20,11650570,반포2동,패션·잡화,20254,162448278,309,9.7,4410000,-16.54,N,없음,0,11650570_패션·잡화
SUB04_001490,C04_1809,예금,37000000,2023-02-07,11500603,가양1동,가구·인테리어,20254,177108796,3688,1.81,5080000,10.39,N,없음,0,11500603_가구·인테리어
SUB04_001491,C04_1046,예금,23380000,2022-11-18,11110615,종로1·2·3·4가동,식료품·편의소매,20254,32365641793,3338169,-0.98,313310000,7.26,Y,소상공인신용대출,179300000,11110615_식료품·편의소매
SUB04_001492,C04_0261,예금,28430000,2023-09-06,11305645,우이동,패션·잡화,20254,1625657281,9793,186.41,7980000,100.0,N,없음,0,11305645_패션·잡화
SUB04_001493,C04_1482,펀드,11280000,2024-10-14,11320515,창5동,음식·음료,20254,11147569618,588394,-6.1,114650000,10.7,N,없음,0,11320515_음식·음료
SUB04_001494,C04_1206,ISA,13730000,2023-07-05,11260610,중화2동,식료품·편의소매,20254,14813414402,676710,32.93,84650000,33.81,N,없음,0,11260610_식료품·편의소매
SUB04_001495,C04_1534,ISA,28640000,2025-05-22,11410615,연희동,생활서비스,20254,260919051,15753,25.9,2380000,8.04,Y,시설자금대출,900000,11410615_생활서비스
SUB04_001496,C04_1872,펀드,8030000,2025-04-17,11380640,증산동,미용·뷰티,20254,618790756,6734,11.61,8050000,26.02,N,없음,0,11380640_미용·뷰티
SUB04_001497,C04_0385,펀드,16940000,2023-10-23,11500535,등촌3동,음식·음료,20254,16895518747,751379,3.82,155100000,8.86,N,없음,0,11500535_음식·음료
SUB04_001498,C04_1014,적금,1640000,2024-03-15,11380510,녹번동,음식·음료,20254,17102234332,495581,-4.49,126570000,-0.56,Y,운전자금대출,68100000,11380510_음식·음료
SUB04_001499,C04_0759,적금,9990000,2022-04-21,11380552,갈현2동,여가·오락,20254,854907087,146994,-11.03,6080000,5.61,N,없음,0,11380552_여가·오락
SUB04_001500,C04_1737,ISA,9730000,2025-10-19,11230710,회기동,미용·뷰티,20254,870725803,16106,-23.23,11270000,-20.01,N,없음,0,11230710_미용·뷰티
SUB04_001501,C04_0995,ISA,26840000,2024-03-14,11215710,화양동,자동차·운송서비스,20254,65590270,2386,15.28,1000000,31.36,N,없음,0,11215710_자동차·운송서비스
SUB04_001502,C04_0305,펀드,21220000,2023-08-23,11650620,방배3동,자동차·운송서비스,20254,86475909,1185,-3.07,1290000,-6.98,N,없음,0,11650620_자동차·운송서비스
SUB04_001503,C04_1078,적금,6940000,2024-12-12,11410685,홍은2동,여가·오락,20254,321652788,41788,-2.05,1020000,-13.6,N,없음,0,11410685_여가·오락
SUB04_001504,C04_1375,ISA,17000000,2023-10-18,11170580,효창동,음식·음료,20254,1891785389,143253,-7.25,11480000,6.21,N,없음,0,11170580_음식·음료
SUB04_001505,C04_0533,펀드,8840000,2025-05-02,11440690,망원1동,패션·잡화,20254,1298281522,21491,-16.17,4570000,-9.03,Y,운전자금대출,1200000,11440690_패션·잡화
SUB04_001506,C04_0006,적금,3470000,2024-08-20,11560700,대림1동,생활서비스,20254,36054840,1318,73.66,1000000,73.29,Y,소상공인신용대출,300000,11560700_생활서비스
SUB04_001507,C04_1203,예금,50290000,2022-07-01,11290590,돈암2동,패션·잡화,20254,149384530,575,-20.97,1000000,-14.93,N,없음,0,11290590_패션·잡화
SUB04_001508,C04_0339,펀드,2270000,2024-09-11,11380640,증산동,패션·잡화,20254,413801449,2306,-3.63,1000000,2.56,N,없음,0,11380640_패션·잡화
SUB04_001509,C04_1419,펀드,25090000,2022-12-07,11560680,신길6동,미용·뷰티,20254,859181926,18701,-23.02,4130000,-27.59,N,없음,0,11560680_미용·뷰티
SUB04_001510,C04_1824,ISA,32860000,2025-04-10,11170555,청파동,자동차·운송서비스,20254,4073822048,24507,2.62,61940000,-18.09,N,없음,0,11170555_자동차·운송서비스
SUB04_001511,C04_1773,적금,4020000,2023-12-05,11470570,신월2동,문화·취미·반려,20254,477992206,19647,43.43,6930000,42.86,Y,운전자금대출,2400000,11470570_문화·취미·반려
SUB04_001512,C04_0052,ISA,14360000,2025-04-19,11740650,성내2동,전자기기·수리,20254,21334825,158,4.37,1000000,8.91,N,없음,0,11740650_전자기기·수리
SUB04_001513,C04_0569,ISA,12690000,2024-12-09,11215850,구의1동,문화·취미·반려,20254,740966987,10335,-27.39,2950000,-43.42,N,없음,0,11215850_문화·취미·반려
SUB04_001514,C04_1264,ISA,30350000,2025-12-14,11530550,구로4동,숙박,20254,283542110,4972,41.84,2490000,55.79,N,없음,0,11530550_숙박
SUB04_001515,C04_1976,적금,4450000,2023-04-07,11500611,발산1동,숙박,20254,328289544,6374,39.15,2240000,35.98,Y,소상공인신용대출,700000,11500611_숙박
SUB04_001516,C04_0894,ISA,40570000,2023-12-17,11290575,동선동,여가·오락,20254,1441077494,213835,-5.88,13930000,-20.46,Y,소상공인신용대출,3300000,11290575_여가·오락
SUB04_001517,C04_0166,ISA,10590000,2024-05-06,11530740,개봉1동,가구·인테리어,20254,2095677556,33560,-28.06,9680000,-27.44,N,없음,0,11530740_가구·인테리어
SUB04_001518,C04_0101,적금,1800000,2024-11-27,11305603,번2동,음식·음료,20254,1695488636,52403,15.73,14670000,20.95,N,없음,0,11305603_음식·음료
SUB04_001519,C04_0327,적금,6470000,2025-04-27,11110700,숭인1동,미용·뷰티,20254,241896414,5005,8.04,1000000,14.69,N,없음,0,11110700_미용·뷰티
SUB04_001520,C04_1883,ISA,10770000,2023-12-01,11410655,홍제2동,생활서비스,20254,38864880,1729,50.51,1000000,50.8,N,없음,0,11410655_생활서비스
SUB04_001521,C04_0837,ISA,11170000,2024-04-01,11305595,번1동,음식·음료,20254,15253508011,658323,2.44,82040000,6.05,N,없음,0,11305595_음식·음료
SUB04_001522,C04_1767,펀드,12100000,2023-08-18,11620525,보라매동,문화·취미·반려,20254,187765113,2838,108.47,1000000,81.58,Y,운전자금대출,600000,11620525_문화·취미·반려
SUB04_001523,C04_0818,펀드,20190000,2023-07-18,11440660,서교동,미용·뷰티,20254,15645414883,371902,-7.12,153880000,14.78,N,없음,0,11440660_미용·뷰티
SUB04_001524,C04_0252,펀드,5290000,2022-07-25,11230720,휘경1동,음식·음료,20254,6926940875,412703,-1.38,24180000,25.43,Y,소상공인신용대출,7400000,11230720_음식·음료
SUB04_001525,C04_1699,예금,50350000,2024-09-20,11110670,창신1동,문화·취미·반려,20254,32240430260,1232130,48.72,231900000,59.35,N,없음,0,11110670_문화·취미·반려
SUB04_001526,C04_0444,예금,57740000,2023-12-08,11230720,휘경1동,미용·뷰티,20254,619496145,18565,1.77,3320000,-24.57,N,없음,0,11230720_미용·뷰티
SUB04_001527,C04_1626,적금,3690000,2024-03-23,11560585,도림동,전자기기·수리,20254,169481635,2892,76.53,1480000,79.41,N,없음,0,11560585_전자기기·수리
SUB04_001528,C04_0038,적금,1890000,2023-06-16,11305615,수유1동,전자기기·수리,20254,402426974,3075,2.41,2720000,-0.77,Y,소상공인신용대출,1700000,11305615_전자기기·수리
SUB04_001529,C04_0176,예금,38660000,2025-11-07,11170630,이촌1동,문화·취미·반려,20254,64111445,2934,-5.52,1000000,-8.25,N,없음,0,11170630_문화·취미·반려
SUB04_001530,C04_0351,적금,2780000,2024-04-01,11650610,방배2동,미용·뷰티,20254,1011033037,7923,-33.61,8380000,-41.65,N,없음,0,11650610_미용·뷰티
SUB04_001531,C04_0730,적금,2020000,2024-12-07,11200560,행당1동,가구·인테리어,20254,176630984,9292,-20.32,1000000,-28.71,Y,시설자금대출,300000,11200560_가구·인테리어
SUB04_001532,C04_0759,적금,5860000,2024-10-06,11380552,갈현2동,여가·오락,20254,854907087,146994,-11.03,6080000,5.61,N,없음,0,11380552_여가·오락
SUB04_001533,C04_1760,적금,4840000,2024-12-02,11680521,논현1동,패션·잡화,20254,4511969480,26834,14.07,18480000,10.21,Y,시설자금대출,3300000,11680521_패션·잡화
SUB04_001534,C04_1809,예금,30240000,2025-10-09,11500603,가양1동,가구·인테리어,20254,177108796,3688,1.81,5080000,10.39,N,없음,0,11500603_가구·인테리어
SUB04_001535,C04_1501,적금,3390000,2025-12-05,11215710,화양동,자동차·운송서비스,20254,65590270,2386,15.28,1000000,11.5,N,없음,0,11215710_자동차·운송서비스
SUB04_001536,C04_0399,펀드,12480000,2022-08-30,11470670,신정6동,문화·취미·반려,20254,431172432,20858,-28.11,3570000,-43.49,N,없음,0,11470670_문화·취미·반려
SUB04_001537,C04_0977,적금,2360000,2025-09-07,11440655,서강동,생활서비스,20254,113119170,6212,80.01,1000000,88.45,Y,소상공인신용대출,400000,11440655_생활서비스
SUB04_001538,C04_1214,예금,74170000,2023-03-20,11260690,신내2동,음식·음료,20254,7419206475,469592,-4.34,160530000,10.11,N,없음,0,11260690_음식·음료
SUB04_001539,C04_0445,펀드,9100000,2023-03-31,11590670,신대방1동,생활서비스,20254,71970959,4679,43.11,1650000,18.84,N,없음,0,11590670_생활서비스
SUB04_001540,C04_0576,펀드,8130000,2024-06-10,11680670,개포2동,전자기기·수리,20254,64541594,2655,-6.04,1000000,-7.89,Y,소상공인신용대출,600000,11680670_전자기기·수리
SUB04_001541,C04_0596,적금,5240000,2025-02-04,11305615,수유1동,패션·잡화,20254,6451853543,70650,78.44,27740000,63.37,N,없음,0,11305615_패션·잡화
SUB04_001542,C04_1578,적금,4650000,2024-03-22,11710646,장지동,음식·음료,20254,7053974915,308890,-4.54,46350000,2.24,N,없음,0,11710646_음식·음료
SUB04_001543,C04_1376,펀드,8940000,2023-12-19,11545710,시흥5동,미용·뷰티,20254,385256953,11026,-25.49,1000000,-26.46,Y,소상공인신용대출,600000,11545710_미용·뷰티
SUB04_001544,C04_0214,펀드,5820000,2025-11-12,11260540,면목4동,여가·오락,20254,246693585,7862,16.36,1000000,4.52,N,없음,0,11260540_여가·오락
SUB04_001545,C04_1045,예금,8320000,2025-01-29,11530740,개봉1동,음식·음료,20254,6965528984,322532,-2.1,124730000,0.98,N,없음,0,11530740_음식·음료
SUB04_001546,C04_1372,적금,5970000,2022-12-21,11350640,상계2동,문화·취미·반려,20254,799836036,35532,11.8,9600000,12.15,N,없음,0,11350640_문화·취미·반려
SUB04_001547,C04_0176,펀드,19860000,2024-03-17,11170630,이촌1동,문화·취미·반려,20254,64111445,2934,-5.52,1000000,-8.25,N,없음,0,11170630_문화·취미·반려
SUB04_001548,C04_1560,예금,52950000,2022-05-06,11560710,대림2동,숙박,20254,82675075,1915,-8.36,1000000,-11.19,Y,운전자금대출,600000,11560710_숙박
SUB04_001549,C04_0124,펀드,15110000,2024-07-14,11260575,면목3·8동,문화·취미·반려,20254,345040087,8508,22.39,1670000,37.25,Y,소상공인신용대출,600000,11260575_문화·취미·반려
SUB04_001550,C04_0309,ISA,11430000,2025-07-30,11440740,상암동,전자기기·수리,20254,2083128062,41219,39.22,14220000,25.64,Y,운전자금대출,6200000,11440740_전자기기·수리
SUB04_001551,C04_0481,펀드,18730000,2022-05-12,11470670,신정6동,미용·뷰티,20254,83357207,1320,8.04,1290000,19.78,Y,소상공인신용대출,200000,11470670_미용·뷰티
SUB04_001552,C04_1476,적금,3150000,2025-10-22,11740590,암사3동,생활서비스,20254,89585395,6017,42.22,1000000,41.77,N,없음,0,11740590_생활서비스
SUB04_001553,C04_1263,펀드,13340000,2023-10-05,11620665,서림동,가구·인테리어,20254,66262124,2184,-13.13,1000000,-2.27,N,없음,0,11620665_가구·인테리어
SUB04_001554,C04_1769,펀드,7010000,2025-05-26,11740515,강일동,미용·뷰티,20254,339369725,12057,5.96,1830000,5.92,Y,소상공인신용대출,900000,11740515_미용·뷰티
SUB04_001555,C04_0918,예금,36140000,2023-08-26,11500640,방화2동,미용·뷰티,20254,1058869542,15755,-14.86,2360000,-23.93,Y,시설자금대출,800000,11500640_미용·뷰티
SUB04_001556,C04_1858,펀드,9870000,2022-08-29,11680565,청담동,전자기기·수리,20254,204784749,1350,19.13,1390000,28.23,N,없음,0,11680565_전자기기·수리
SUB04_001557,C04_0569,ISA,47930000,2025-07-10,11215850,구의1동,문화·취미·반려,20254,740966987,10335,-27.39,2950000,-43.42,N,없음,0,11215850_문화·취미·반려
SUB04_001558,C04_1340,ISA,22900000,2025-09-25,11620695,신림동,문화·취미·반려,20254,76595782,1734,41.6,1500000,44.72,Y,운전자금대출,800000,11620695_문화·취미·반려
SUB04_001559,C04_0474,적금,6790000,2024-06-19,11590605,흑석동,미용·뷰티,20254,693076123,12811,3.68,3240000,27.47,Y,운전자금대출,700000,11590605_미용·뷰티
SUB04_001560,C04_1835,펀드,10410000,2025-10-06,11620695,신림동,숙박,20254,991508249,21858,4.89,11390000,11.4,Y,운전자금대출,5800000,11620695_숙박
SUB04_001561,C04_1689,예금,70750000,2022-11-20,11170510,후암동,자동차·운송서비스,20254,442589671,2156,-11.73,2160000,-12.74,Y,운전자금대출,1400000,11170510_자동차·운송서비스
SUB04_001562,C04_0912,적금,14890000,2025-11-02,11740700,둔촌2동,전자기기·수리,20254,21003564,636,-95.94,1000000,-70.0,N,없음,0,11740700_전자기기·수리
SUB04_001563,C04_1149,펀드,4320000,2024-01-25,11530770,오류1동,음식·음료,20254,8011433124,417168,-5.0,46810000,-12.31,Y,소상공인신용대출,28500000,11530770_음식·음료
SUB04_001564,C04_1197,예금,41660000,2025-06-10,11530760,개봉3동,전자기기·수리,20254,46745871,2355,-85.49,1000000,-70.0,N,없음,0,11530760_전자기기·수리
SUB04_001565,C04_1530,펀드,17460000,2025-09-05,11260600,중화1동,음식·음료,20254,1418808781,43753,-9.22,8940000,-14.96,N,없음,0,11260600_음식·음료
SUB04_001566,C04_0886,적금,10740000,2022-05-10,11545680,시흥2동,문화·취미·반려,20254,130179526,8498,-3.68,1000000,-19.93,N,없음,0,11545680_문화·취미·반려
SUB04_001567,C04_1496,예금,22780000,2023-09-01,11620645,서원동,가구·인테리어,20254,132268680,2071,-25.68,1000000,-12.64,Y,운전자금대출,400000,11620645_가구·인테리어
SUB04_001568,C04_0226,예금,14810000,2024-07-16,11740580,암사2동,패션·잡화,20254,128332823,1134,-15.76,1000000,-14.72,N,없음,0,11740580_패션·잡화
SUB04_001569,C04_0069,예금,35750000,2022-10-12,11320521,도봉1동,자동차·운송서비스,20254,363706306,1907,-2.32,2450000,3.52,Y,소상공인신용대출,900000,11320521_자동차·운송서비스
SUB04_001570,C04_0317,예금,33260000,2025-07-28,11290715,월곡1동,자동차·운송서비스,20254,564268126,2773,-31.53,5890000,-15.88,N,없음,0,11290715_자동차·운송서비스
SUB04_001571,C04_1675,적금,7760000,2022-02-22,11305535,미아동,숙박,20254,74916087,1432,-37.95,1000000,-45.31,N,없음,0,11305535_숙박
SUB04_001572,C04_1048,펀드,7830000,2023-03-06,11200615,금호2·3가동,가구·인테리어,20254,41981879,2442,-7.35,1000000,-5.3,Y,운전자금대출,300000,11200615_가구·인테리어
SUB04_001573,C04_1972,적금,2510000,2022-01-18,11560630,신길1동,숙박,20254,36318137,289,244.92,1000000,100.0,Y,소상공인신용대출,200000,11560630_숙박
SUB04_001574,C04_0025,예금,23230000,2022-02-27,11305645,우이동,식료품·편의소매,20254,4565637233,397520,4.79,69400000,24.32,N,없음,0,11305645_식료품·편의소매
SUB04_001575,C04_1422,ISA,8900000,2023-03-01,11560585,도림동,미용·뷰티,20254,723635955,10276,-20.18,9040000,-39.73,Y,소상공인신용대출,6300000,11560585_미용·뷰티
SUB04_001576,C04_0236,적금,4470000,2025-03-08,11305535,미아동,자동차·운송서비스,20254,452779044,1809,4.96,3840000,1.29,Y,소상공인신용대출,1900000,11305535_자동차·운송서비스
SUB04_001577,C04_1720,펀드,25830000,2023-08-30,11230730,휘경2동,여가·오락,20254,24196039,763,2.37,1000000,-13.03,N,없음,0,11230730_여가·오락
SUB04_001578,C04_1025,예금,52650000,2024-03-04,11530595,가리봉동,미용·뷰티,20254,186624560,5222,1.28,1700000,-11.13,Y,소상공인신용대출,600000,11530595_미용·뷰티
SUB04_001579,C04_0467,예금,27020000,2025-02-20,11410685,홍은2동,여가·오락,20254,321652788,41788,-2.05,1000000,-0.76,N,없음,0,11410685_여가·오락
SUB04_001580,C04_0248,적금,2110000,2025-07-15,11680655,도곡1동,가구·인테리어,20254,22748184,269,-94.38,1000000,-70.0,Y,소상공인신용대출,800000,11680655_가구·인테리어
SUB04_001581,C04_1003,펀드,13110000,2025-01-07,11650590,방배본동,패션·잡화,20254,1374119336,8020,42.84,14350000,30.42,Y,운전자금대출,6900000,11650590_패션·잡화
SUB04_001582,C04_1845,펀드,17470000,2022-05-07,11290770,장위2동,미용·뷰티,20254,197182686,6273,-18.64,1090000,-23.28,Y,운전자금대출,700000,11290770_미용·뷰티
SUB04_001583,C04_0852,펀드,18520000,2023-09-29,11530540,구로3동,식료품·편의소매,20254,21234433961,2585024,-6.16,186710000,12.56,N,없음,0,11530540_식료품·편의소매
SUB04_001584,C04_1699,펀드,8500000,2025-08-28,11110670,창신1동,문화·취미·반려,20254,32240430260,1232130,48.72,231900000,59.35,N,없음,0,11110670_문화·취미·반려
SUB04_001585,C04_1986,예금,33140000,2024-12-26,11140605,을지로동,숙박,20254,172925314,1764,25.5,1000000,24.57,N,없음,0,11140605_숙박
SUB04_001586,C04_1317,펀드,12180000,2025-10-08,11140635,약수동,전자기기·수리,20254,281029565,8881,-74.23,2210000,-70.0,Y,소상공인신용대출,1200000,11140635_전자기기·수리
SUB04_001587,C04_0269,예금,71360000,2024-06-16,11200535,왕십리도선동,식료품·편의소매,20254,19038214470,522301,60.84,82960000,67.39,N,없음,0,11200535_식료품·편의소매
SUB04_001588,C04_1230,ISA,9790000,2025-12-05,11110710,숭인2동,전자기기·수리,20254,61306802,1361,-27.62,1000000,-24.22,N,없음,0,11110710_전자기기·수리
SUB04_001589,C04_0257,ISA,19500000,2022-06-26,11215780,능동,여가·오락,20254,542098145,14054,-8.53,5620000,-30.66,Y,운전자금대출,3300000,11215780_여가·오락
SUB04_001590,C04_0821,펀드,14410000,2025-12-03,11500630,방화1동,문화·취미·반려,20254,1030841814,45820,-2.16,2890000,-1.65,Y,운전자금대출,900000,11500630_문화·취미·반려
SUB04_001591,C04_1170,적금,3700000,2024-04-16,11590510,노량진1동,생활서비스,20254,43515373,2770,20.59,1000000,37.18,Y,운전자금대출,400000,11590510_생활서비스
SUB04_001592,C04_1388,적금,2200000,2024-09-06,11380520,불광1동,가구·인테리어,20254,354388453,4366,-16.83,1240000,-29.16,Y,운전자금대출,400000,11380520_가구·인테리어
SUB04_001593,C04_0562,예금,64350000,2024-07-13,11500603,가양1동,미용·뷰티,20254,13311146927,48862,-20.13,27720000,-38.61,Y,시설자금대출,14800000,11500603_미용·뷰티
SUB04_001594,C04_1354,예금,24250000,2023-05-11,11260600,중화1동,식료품·편의소매,20254,11063482713,625113,-29.55,93890000,-38.14,N,없음,0,11260600_식료품·편의소매
SUB04_001595,C04_1058,예금,32640000,2024-07-08,11530530,구로2동,문화·취미·반려,20254,2421925929,75190,0.24,7840000,-10.41,N,없음,0,11530530_문화·취미·반려
SUB04_001596,C04_1002,펀드,18540000,2023-11-19,11710580,송파1동,자동차·운송서비스,20254,1170657286,8219,-20.83,6220000,-28.25,N,없음,0,11710580_자동차·운송서비스
SUB04_001597,C04_0375,ISA,27290000,2025-01-12,11260590,상봉2동,생활서비스,20254,204809498,29040,23.3,1750000,32.47,Y,운전자금대출,500000,11260590_생활서비스
SUB04_001598,C04_0674,예금,48000000,2025-09-30,11380600,응암3동,숙박,20254,136990031,2566,-23.94,1000000,-42.61,N,없음,0,11380600_숙박
SUB04_001599,C04_0056,펀드,10080000,2024-05-16,11500590,화곡본동,자동차·운송서비스,20254,1414467446,6562,-10.3,11940000,-5.48,N,없음,0,11500590_자동차·운송서비스
SUB04_001600,C04_0705,예금,38270000,2023-02-24,11380552,갈현2동,음식·음료,20254,14459080519,617207,0.87,40450000,7.19,Y,운전자금대출,6800000,11380552_음식·음료
SUB04_001601,C04_1250,예금,23730000,2023-06-05,11710550,마천2동,전자기기·수리,20254,277848405,8047,64.25,1880000,78.76,Y,운전자금대출,1200000,11710550_전자기기·수리
SUB04_001602,C04_0422,예금,17430000,2025-05-04,11290780,장위3동,음식·음료,20254,1280536674,54415,-1.68,10380000,-20.27,N,없음,0,11290780_음식·음료
SUB04_001603,C04_0879,펀드,5000000,2025-01-17,11650581,반포4동,식료품·편의소매,20254,2397271944,328805,-15.95,5270000,-43.96,N,없음,0,11650581_식료품·편의소매
SUB04_001604,C04_0024,ISA,14860000,2024-02-27,11560515,영등포본동,숙박,20254,13779556,266,12.5,1000000,20.19,N,없음,0,11560515_숙박
SUB04_001605,C04_0334,예금,49150000,2025-01-12,11305615,수유1동,여가·오락,20254,475940764,8922,26.23,3300000,32.83,N,없음,0,11305615_여가·오락
SUB04_001606,C04_0513,펀드,10910000,2022-03-22,11305608,번3동,미용·뷰티,20254,497104380,11763,-15.9,8560000,-15.68,Y,소상공인신용대출,4100000,11305608_미용·뷰티
SUB04_001607,C04_0941,펀드,26500000,2025-01-17,11305534,삼양동,숙박,20254,9131232,233,-20.93,1000000,-33.5,N,없음,0,11305534_숙박
SUB04_001608,C04_1291,적금,3400000,2023-02-17,11470620,신정1동,자동차·운송서비스,20254,1009746651,6565,-5.72,7790000,7.69,Y,운전자금대출,3200000,11470620_자동차·운송서비스
SUB04_001609,C04_1296,ISA,34920000,2023-06-25,11170640,이촌2동,음식·음료,20254,200816617,11309,-7.0,1460000,-12.6,N,없음,0,11170640_음식·음료
SUB04_001610,C04_0700,펀드,13210000,2022-03-20,11380600,응암3동,숙박,20254,136990031,2566,-23.94,1040000,-23.83,N,없음,0,11380600_숙박
SUB04_001611,C04_1609,펀드,9190000,2022-07-08,11110700,숭인1동,미용·뷰티,20254,241896414,5005,8.04,2010000,12.39,Y,운전자금대출,800000,11110700_미용·뷰티
SUB04_001612,C04_1349,적금,2510000,2022-07-04,11545680,시흥2동,문화·취미·반려,20254,130179526,8498,-3.68,1070000,-4.31,N,없음,0,11545680_문화·취미·반려
SUB04_001613,C04_0114,ISA,22550000,2024-08-31,11170630,이촌1동,식료품·편의소매,20254,8957555618,474449,-4.02,69010000,-9.62,Y,운전자금대출,46200000,11170630_식료품·편의소매
SUB04_001614,C04_1662,적금,1200000,2024-06-09,11200535,왕십리도선동,숙박,20254,431091386,10325,52.9,1850000,44.52,N,없음,0,11200535_숙박
SUB04_001615,C04_1110,예금,37630000,2023-10-10,11500550,화곡2동,패션·잡화,20254,39229819,286,-47.17,1000000,-70.0,Y,운전자금대출,800000,11500550_패션·잡화
SUB04_001616,C04_0219,펀드,20420000,2023-03-11,11680750,수서동,가구·인테리어,20254,64611223,1205,-88.08,1000000,-70.0,N,없음,0,11680750_가구·인테리어
SUB04_001617,C04_1575,ISA,48130000,2024-10-09,11440680,합정동,식료품·편의소매,20254,5522334893,655160,-5.35,46560000,-2.08,Y,소상공인신용대출,30500000,11440680_식료품·편의소매
SUB04_001618,C04_0638,적금,4670000,2022-06-22,11740560,고덕2동,생활서비스,20254,68756910,3519,23.56,1000000,24.4,N,없음,0,11740560_생활서비스
SUB04_001619,C04_1239,펀드,13410000,2023-06-25,11470530,목3동,자동차·운송서비스,20254,99799428,650,-1.28,1000000,-4.37,N,없음,0,11470530_자동차·운송서비스
SUB04_001620,C04_1294,펀드,13750000,2022-02-06,11710670,잠실2동,전자기기·수리,20254,1986405168,20752,-32.96,3620000,-29.46,N,없음,0,11710670_전자기기·수리
SUB04_001621,C04_0213,ISA,22650000,2025-03-23,11500630,방화1동,여가·오락,20254,296985342,5406,1.38,2520000,5.94,N,없음,0,11500630_여가·오락
SUB04_001622,C04_1170,적금,5100000,2023-04-20,11590510,노량진1동,생활서비스,20254,43515373,2770,20.59,1000000,37.18,Y,운전자금대출,400000,11590510_생활서비스
SUB04_001623,C04_0615,예금,10160000,2022-04-20,11530780,오류2동,전자기기·수리,20254,1427877447,1889,149.12,8840000,100.0,Y,시설자금대출,5600000,11530780_전자기기·수리
SUB04_001624,C04_0333,ISA,11830000,2025-02-15,11350710,상계9동,생활서비스,20254,162990570,8145,80.28,1000000,82.1,Y,운전자금대출,200000,11350710_생활서비스
SUB04_001625,C04_0014,적금,3470000,2024-03-11,11545620,독산2동,여가·오락,20254,406335512,6062,29.57,3530000,28.49,Y,운전자금대출,1400000,11545620_여가·오락
SUB04_001626,C04_0895,펀드,9920000,2025-10-22,11545510,가산동,자동차·운송서비스,20254,2630722841,14969,-10.54,9760000,-1.97,N,없음,0,11545510_자동차·운송서비스
SUB04_001627,C04_0498,적금,5880000,2022-01-21,11230610,답십리2동,음식·음료,20254,11236106941,429547,-1.26,130400000,4.64,N,없음,0,11230610_음식·음료
SUB04_001628,C04_0496,예금,43360000,2022-05-04,11230536,용신동,음식·음료,20254,27768343226,1116415,3.01,116990000,-12.77,N,없음,0,11230536_음식·음료
SUB04_001629,C04_1829,ISA,4840000,2023-03-01,11650520,서초2동,미용·뷰티,20254,8657733026,62419,-15.94,84590000,-26.51,Y,운전자금대출,39700000,11650520_미용·뷰티
SUB04_001630,C04_0755,적금,5220000,2023-06-02,11215730,군자동,미용·뷰티,20254,629161817,13207,-9.74,1970000,-1.38,Y,운전자금대출,500000,11215730_미용·뷰티
SUB04_001631,C04_1097,적금,7150000,2025-09-24,11710641,문정1동,가구·인테리어,20254,41935381,2522,28.98,1000000,21.44,Y,운전자금대출,200000,11710641_가구·인테리어
SUB04_001632,C04_1015,펀드,14480000,2025-06-18,11590680,신대방2동,미용·뷰티,20254,677596017,14994,-4.24,3350000,-7.31,N,없음,0,11590680_미용·뷰티
SUB04_001633,C04_0561,적금,8980000,2022-04-20,11200720,송정동,여가·오락,20254,123412608,753,97.68,1000000,81.8,Y,운전자금대출,300000,11200720_여가·오락
SUB04_001634,C04_1768,예금,31630000,2023-02-20,11260570,면목7동,생활서비스,20254,129446402,6089,69.29,1000000,64.63,Y,운전자금대출,300000,11260570_생활서비스
SUB04_001635,C04_0937,펀드,7240000,2025-03-20,11740610,천호2동,전자기기·수리,20254,290523854,4549,-36.17,1820000,-38.94,N,없음,0,11740610_전자기기·수리
SUB04_001636,C04_1958,펀드,10520000,2024-02-09,11215710,화양동,식료품·편의소매,20254,9473499827,1112981,-8.35,44010000,-25.33,N,없음,0,11215710_식료품·편의소매
SUB04_001637,C04_1675,예금,68370000,2025-03-02,11305535,미아동,숙박,20254,74916087,1432,-37.95,1000000,-45.31,N,없음,0,11305535_숙박
SUB04_001638,C04_1705,예금,21220000,2025-10-21,11710531,거여1동,문화·취미·반려,20254,15000000,41,0.0,1000000,-5.35,N,없음,0,11710531_문화·취미·반려
SUB04_001639,C04_1255,적금,2340000,2025-01-03,11215770,중곡4동,여가·오락,20254,390290676,11701,14.4,1720000,20.91,N,없음,0,11215770_여가·오락
SUB04_001640,C04_1056,예금,94960000,2023-04-14,11560560,당산2동,식료품·편의소매,20254,5817459643,686769,-10.96,42100000,-27.24,N,없음,0,11560560_식료품·편의소매
SUB04_001641,C04_1762,펀드,25930000,2024-09-14,11620695,신림동,생활서비스,20254,371520230,53675,33.13,6890000,37.03,N,없음,0,11620695_생활서비스
SUB04_001642,C04_0042,적금,2650000,2022-02-27,11290760,장위1동,생활서비스,20254,13895970,573,628.1,1000000,100.0,N,없음,0,11290760_생활서비스
SUB04_001643,C04_0310,ISA,12450000,2023-05-08,11380600,응암3동,패션·잡화,20254,3215876289,39077,19.97,15580000,31.5,Y,운전자금대출,9100000,11380600_패션·잡화
SUB04_001644,C04_1956,펀드,21220000,2022-09-14,11230650,장안1동,음식·음료,20254,29133638110,1066889,-1.76,97470000,0.49,Y,시설자금대출,28500000,11230650_음식·음료
SUB04_001645,C04_0617,펀드,16020000,2025-12-22,11470610,신월6동,가구·인테리어,20254,1440209800,76573,-11.65,6590000,-12.39,N,없음,0,11470610_가구·인테리어
SUB04_001646,C04_0380,적금,3550000,2025-07-19,11740540,명일2동,미용·뷰티,20254,652894156,15035,-17.97,5270000,-14.89,Y,운전자금대출,2700000,11740540_미용·뷰티
SUB04_001647,C04_1054,ISA,30820000,2022-09-29,11710570,오금동,자동차·운송서비스,20254,2895951009,12827,-5.71,19670000,-3.37,Y,운전자금대출,11300000,11710570_자동차·운송서비스
SUB04_001648,C04_0762,펀드,6260000,2025-07-26,11650581,반포4동,생활서비스,20254,111585401,3964,7.75,1000000,11.14,N,없음,0,11650581_생활서비스
SUB04_001649,C04_1801,적금,7200000,2022-06-10,11710670,잠실2동,음식·음료,20254,8971126316,947351,-13.86,158490000,-1.14,N,없음,0,11710670_음식·음료
SUB04_001650,C04_0555,적금,6070000,2023-09-22,11560560,당산2동,생활서비스,20254,270005872,18179,48.38,1000000,48.86,N,없음,0,11560560_생활서비스
SUB04_001651,C04_0149,펀드,6980000,2024-07-01,11530595,가리봉동,숙박,20254,356510188,8107,47.17,2510000,56.16,Y,운전자금대출,800000,11530595_숙박
SUB04_001652,C04_1276,예금,14970000,2024-06-04,11305535,미아동,생활서비스,20254,56582976,5451,105.98,1000000,93.4,Y,운전자금대출,500000,11305535_생활서비스
SUB04_001653,C04_0565,펀드,8590000,2025-11-19,11260590,상봉2동,숙박,20254,515976343,13930,-1.07,4120000,-3.31,N,없음,0,11260590_숙박
SUB04_001654,C04_0002,적금,2100000,2022-04-29,11305625,수유2동,생활서비스,20254,18089645,675,68.09,1000000,92.47,Y,운전자금대출,400000,11305625_생활서비스
SUB04_001655,C04_1162,적금,3670000,2025-08-04,11620575,행운동,자동차·운송서비스,20254,119253044,388,-9.9,1010000,-12.47,Y,운전자금대출,700000,11620575_자동차·운송서비스
SUB04_001656,C04_0153,ISA,17800000,2024-04-29,11260600,중화1동,전자기기·수리,20254,359207525,1909,266.75,1410000,100.0,Y,시설자금대출,400000,11260600_전자기기·수리
SUB04_001657,C04_0095,펀드,11230000,2023-07-12,11710520,풍납2동,문화·취미·반려,20254,33635331,1249,59.69,1000000,62.08,Y,시설자금대출,400000,11710520_문화·취미·반려
SUB04_001658,C04_0828,ISA,12450000,2025-08-31,11260580,상봉1동,생활서비스,20254,294983953,17011,52.38,1000000,34.65,N,없음,0,11260580_생활서비스
SUB04_001659,C04_0309,ISA,19760000,2025-05-29,11440740,상암동,전자기기·수리,20254,2083128062,41219,39.22,14220000,25.64,Y,운전자금대출,6200000,11440740_전자기기·수리
SUB04_001660,C04_0966,펀드,10350000,2024-07-03,11650652,양재2동,문화·취미·반려,20254,27337509828,265342,21.27,114580000,25.49,Y,시설자금대출,40800000,11650652_문화·취미·반려
SUB04_001661,C04_0877,펀드,11760000,2025-03-15,11200570,행당2동,패션·잡화,20254,10384113,302,-60.67,1000000,-38.46,N,없음,0,11200570_패션·잡화
SUB04_001662,C04_1951,ISA,14870000,2024-07-02,11590510,노량진1동,자동차·운송서비스,20254,54692097,309,-21.51,1010000,-22.13,N,없음,0,11590510_자동차·운송서비스
SUB04_001663,C04_0296,적금,3170000,2025-02-23,11230740,이문1동,여가·오락,20254,304065468,63745,-24.59,3170000,-20.62,Y,운전자금대출,2200000,11230740_여가·오락
SUB04_001664,C04_1330,예금,40730000,2023-06-01,11470600,신월5동,미용·뷰티,20254,171800728,4094,-10.21,4760000,-13.35,Y,소상공인신용대출,1200000,11470600_미용·뷰티
SUB04_001665,C04_0680,적금,4060000,2024-07-30,11560535,영등포동,자동차·운송서비스,20254,2928282952,15875,8.98,18480000,26.06,N,없음,0,11560535_자동차·운송서비스
SUB04_001666,C04_0629,적금,9040000,2023-07-29,11230750,이문2동,숙박,20254,31776539,1403,50.78,1000000,80.69,N,없음,0,11230750_숙박
SUB04_001667,C04_1886,펀드,8960000,2024-05-07,11410620,홍제1동,생활서비스,20254,48163442,3341,71.67,1000000,96.12,N,없음,0,11410620_생활서비스
SUB04_001668,C04_1592,적금,3860000,2025-09-17,11350640,상계2동,음식·음료,20254,41036934962,1641337,6.25,608790000,15.75,N,없음,0,11350640_음식·음료
SUB04_001669,C04_0361,ISA,11020000,2025-06-17,11560690,신길7동,자동차·운송서비스,20254,489700733,3924,-25.62,1380000,-24.85,Y,운전자금대출,500000,11560690_자동차·운송서비스
SUB04_001670,C04_1476,ISA,23690000,2023-05-24,11740590,암사3동,생활서비스,20254,89585395,6017,42.22,1000000,41.77,N,없음,0,11740590_생활서비스
SUB04_001671,C04_0786,예금,96330000,2024-09-15,11650652,양재2동,문화·취미·반려,20254,27337509828,265342,21.27,128380000,19.13,Y,운전자금대출,35300000,11650652_문화·취미·반려
SUB04_001672,C04_1963,ISA,10100000,2025-04-05,11380560,구산동,생활서비스,20254,124128772,3575,19.56,1000000,32.24,N,없음,0,11380560_생활서비스
SUB04_001673,C04_1834,적금,6770000,2025-07-13,11710690,잠실4동,식료품·편의소매,20254,2892867482,308886,-2.47,16900000,-2.17,N,없음,0,11710690_식료품·편의소매
SUB04_001674,C04_0231,ISA,7520000,2022-12-12,11590650,사당4동,식료품·편의소매,20254,10153758469,704261,4.56,41100000,2.08,Y,운전자금대출,22100000,11590650_식료품·편의소매
SUB04_001675,C04_0877,예금,28020000,2024-03-17,11200570,행당2동,패션·잡화,20254,10384113,302,-60.67,1000000,-38.46,N,없음,0,11200570_패션·잡화
SUB04_001676,C04_1540,ISA,14080000,2024-06-12,11680640,역삼1동,미용·뷰티,20254,33106467229,235394,2.69,515130000,11.68,N,없음,0,11680640_미용·뷰티
SUB04_001677,C04_0653,ISA,23620000,2025-06-12,11380650,수색동,패션·잡화,20254,285062724,3020,32.77,1260000,29.58,N,없음,0,11380650_패션·잡화
SUB04_001678,C04_1049,ISA,25890000,2024-11-01,11650520,서초2동,패션·잡화,20254,2078047880,26765,36.31,15280000,34.95,N,없음,0,11650520_패션·잡화
SUB04_001679,C04_0001,펀드,10260000,2025-10-19,11320521,도봉1동,음식·음료,20254,13321742518,509503,-0.61,59680000,-8.79,N,없음,0,11320521_음식·음료
SUB04_001680,C04_0910,예금,53520000,2025-02-03,11350560,월계1동,미용·뷰티,20254,429468446,13649,0.23,4320000,-13.25,N,없음,0,11350560_미용·뷰티
SUB04_001681,C04_1163,적금,5600000,2022-07-20,11260655,망우본동,음식·음료,20254,21608984136,784724,3.11,262050000,-8.62,N,없음,0,11260655_음식·음료
SUB04_001682,C04_0507,ISA,26040000,2025-07-14,11650600,방배1동,패션·잡화,20254,1217916766,9925,-50.3,2370000,-43.69,Y,시설자금대출,1400000,11650600_패션·잡화
SUB04_001683,C04_1708,예금,49760000,2024-03-01,11260600,중화1동,문화·취미·반려,20254,169274212,2120,-51.27,1000000,-47.96,Y,시설자금대출,600000,11260600_문화·취미·반려
SUB04_001684,C04_0769,펀드,14170000,2025-01-13,11380551,갈현1동,음식·음료,20254,19831088376,655873,13.18,220970000,7.83,N,없음,0,11380551_음식·음료
SUB04_001685,C04_0390,예금,41650000,2025-04-11,11440700,망원2동,생활서비스,20254,73047538,4340,24.59,1000000,17.13,N,없음,0,11440700_생활서비스
SUB04_001686,C04_1031,펀드,16020000,2024-11-09,11230720,휘경1동,생활서비스,20254,43249472,1973,40.42,1000000,37.47,N,없음,0,11230720_생활서비스
SUB04_001687,C04_0264,펀드,9710000,2023-10-01,11290630,정릉2동,식료품·편의소매,20254,2780819180,156898,52.5,13850000,47.11,N,없음,0,11290630_식료품·편의소매
SUB04_001688,C04_0009,펀드,20420000,2025-06-27,11440565,공덕동,식료품·편의소매,20254,8001200697,481501,30.21,30400000,34.03,N,없음,0,11440565_식료품·편의소매
SUB04_001689,C04_1881,펀드,7390000,2025-08-01,11620625,인헌동,패션·잡화,20254,1596102860,19991,13.08,7640000,20.65,N,없음,0,11620625_패션·잡화
SUB04_001690,C04_0202,적금,6830000,2022-01-22,11170570,원효로2동,생활서비스,20254,57987641,2498,47.34,1000000,36.33,N,없음,0,11170570_생활서비스
SUB04_001691,C04_0332,예금,30780000,2024-05-31,11620615,중앙동,식료품·편의소매,20254,6815984203,628358,-0.6,24300000,-5.9,Y,운전자금대출,16100000,11620615_식료품·편의소매
SUB04_001692,C04_1349,ISA,6740000,2022-10-26,11545680,시흥2동,문화·취미·반려,20254,130179526,8498,-3.68,1070000,-4.31,N,없음,0,11545680_문화·취미·반려
SUB04_001693,C04_1621,예금,21830000,2023-03-20,11740520,상일동,자동차·운송서비스,20254,313349731,2198,-13.95,4590000,4.07,N,없음,0,11740520_자동차·운송서비스
SUB04_001694,C04_0650,펀드,8240000,2022-06-18,11560680,신길6동,여가·오락,20254,336342038,5571,33.6,11260000,47.9,N,없음,0,11560680_여가·오락
SUB04_001695,C04_0119,예금,27530000,2022-11-20,11470640,신정3동,패션·잡화,20254,499721977,3476,-7.58,2690000,1.29,Y,운전자금대출,1200000,11470640_패션·잡화
SUB04_001696,C04_1831,적금,3980000,2023-01-12,11110650,혜화동,여가·오락,20254,738594720,215966,-13.13,4320000,-2.98,Y,소상공인신용대출,2400000,11110650_여가·오락
SUB04_001697,C04_1568,예금,93390000,2024-07-16,11200560,행당1동,미용·뷰티,20254,1348220120,19255,1.33,8250000,1.24,Y,운전자금대출,2300000,11200560_미용·뷰티
SUB04_001698,C04_0214,적금,2140000,2022-09-17,11260540,면목4동,여가·오락,20254,246693585,7862,16.36,1000000,4.52,N,없음,0,11260540_여가·오락
SUB04_001699,C04_0197,ISA,13360000,2023-12-02,11110680,창신2동,가구·인테리어,20254,1788436,253,-60.0,1000000,-51.88,Y,소상공인신용대출,600000,11110680_가구·인테리어
SUB04_001700,C04_1701,펀드,11240000,2025-03-14,11140520,소공동,여가·오락,20254,112449259,2893,-15.4,1000000,-5.86,N,없음,0,11140520_여가·오락
SUB04_001701,C04_0130,ISA,10460000,2024-08-06,11215847,자양4동,여가·오락,20254,1737193196,100692,3.25,27900000,19.19,Y,시설자금대출,18000000,11215847_여가·오락
SUB04_001702,C04_0785,펀드,19040000,2023-05-22,11590630,사당2동,가구·인테리어,20254,619776936,5449,965.69,2970000,100.0,Y,운전자금대출,1400000,11590630_가구·인테리어
SUB04_001703,C04_1398,예금,47860000,2025-05-09,11650570,반포2동,패션·잡화,20254,162448278,309,9.7,4410000,-16.54,N,없음,0,11650570_패션·잡화
SUB04_001704,C04_1281,예금,30380000,2024-01-04,11545670,시흥1동,숙박,20254,201573671,4449,-25.32,1000000,-19.31,Y,운전자금대출,500000,11545670_숙박
SUB04_001705,C04_1775,적금,3460000,2023-05-12,11305645,우이동,생활서비스,20254,6282229,242,5.01,1000000,3.67,Y,소상공인신용대출,300000,11305645_생활서비스
SUB04_001706,C04_0657,ISA,15940000,2025-03-16,11305635,수유3동,숙박,20254,337982433,11171,7.24,4350000,19.86,N,없음,0,11305635_숙박
SUB04_001707,C04_1408,ISA,13350000,2025-09-29,11560670,신길5동,자동차·운송서비스,20254,1448550006,6560,12.74,8030000,23.25,Y,운전자금대출,4700000,11560670_자동차·운송서비스
SUB04_001708,C04_1613,펀드,21140000,2022-03-21,11650530,서초3동,미용·뷰티,20254,13898850095,41990,162.49,199210000,100.0,Y,운전자금대출,106000000,11650530_미용·뷰티
SUB04_001709,C04_1499,펀드,6610000,2022-06-24,11590605,흑석동,문화·취미·반려,20254,769072791,30547,96.93,3390000,100.0,Y,운전자금대출,1500000,11590605_문화·취미·반려
SUB04_001710,C04_0552,예금,50440000,2022-05-08,11680690,개포4동,패션·잡화,20254,2053835390,19317,9.61,11640000,9.76,N,없음,0,11680690_패션·잡화
SUB04_001711,C04_1667,ISA,31340000,2025-09-14,11290760,장위1동,여가·오락,20254,109742593,3313,-27.12,1000000,-41.25,Y,운전자금대출,600000,11290760_여가·오락
SUB04_001712,C04_0238,예금,66780000,2023-12-14,11230570,전농2동,문화·취미·반려,20254,401391229,29414,-50.07,1890000,-44.92,Y,운전자금대출,1100000,11230570_문화·취미·반려
SUB04_001713,C04_0072,ISA,9910000,2025-09-02,11410660,홍은1동,식료품·편의소매,20254,12217636887,432912,-20.65,128220000,-30.67,Y,운전자금대출,61100000,11410660_식료품·편의소매
SUB04_001714,C04_1240,ISA,26600000,2023-10-14,11710680,잠실3동,음식·음료,20254,20516506279,1998665,15.99,107570000,16.1,N,없음,0,11710680_음식·음료
SUB04_001715,C04_0734,예금,57660000,2024-11-06,11530540,구로3동,미용·뷰티,20254,5298667919,50715,-14.87,19200000,-15.48,N,없음,0,11530540_미용·뷰티
SUB04_001716,C04_1982,펀드,14280000,2025-01-28,11215830,자양2동,미용·뷰티,20254,418439849,11660,-11.13,4200000,-11.43,N,없음,0,11215830_미용·뷰티
SUB04_001717,C04_0719,ISA,24020000,2025-04-09,11470620,신정1동,식료품·편의소매,20254,7686033675,568699,6.93,73650000,10.14,N,없음,0,11470620_식료품·편의소매
SUB04_001718,C04_0240,펀드,14060000,2024-10-02,11215850,구의1동,식료품·편의소매,20254,8153148352,899161,-4.1,37130000,1.66,N,없음,0,11215850_식료품·편의소매
SUB04_001719,C04_1678,펀드,10880000,2023-05-20,11200520,왕십리2동,미용·뷰티,20254,529885456,10848,3.94,7910000,3.43,N,없음,0,11200520_미용·뷰티
SUB04_001720,C04_0076,펀드,9040000,2023-03-06,11680750,수서동,음식·음료,20254,18358541149,959829,-1.5,181650000,-12.18,Y,소상공인신용대출,88600000,11680750_음식·음료
SUB04_001721,C04_1953,ISA,15050000,2022-08-28,11710690,잠실4동,식료품·편의소매,20254,2892867482,308886,-2.47,32190000,9.2,N,없음,0,11710690_식료품·편의소매
SUB04_001722,C04_0617,예금,34340000,2025-11-17,11470610,신월6동,가구·인테리어,20254,1440209800,76573,-11.65,6590000,-12.39,N,없음,0,11470610_가구·인테리어
SUB04_001723,C04_1980,펀드,14410000,2025-06-23,11305645,우이동,자동차·운송서비스,20254,1039339927,4345,35.31,16880000,51.93,N,없음,0,11305645_자동차·운송서비스
SUB04_001724,C04_0638,적금,4800000,2024-12-26,11740560,고덕2동,생활서비스,20254,68756910,3519,23.56,1000000,24.4,N,없음,0,11740560_생활서비스
SUB04_001725,C04_1930,예금,31460000,2023-08-26,11545710,시흥5동,자동차·운송서비스,20254,356220518,1336,-0.82,4110000,6.56,Y,운전자금대출,1400000,11545710_자동차·운송서비스
SUB04_001726,C04_0343,펀드,23390000,2023-01-01,11680640,역삼1동,문화·취미·반려,20254,10818934582,427621,21.54,60210000,16.21,Y,소상공인신용대출,24000000,11680640_문화·취미·반려
SUB04_001727,C04_0816,예금,15250000,2024-06-25,11710641,문정1동,여가·오락,20254,469584852,12525,14.58,1000000,3.24,N,없음,0,11710641_여가·오락
SUB04_001728,C04_1789,예금,23270000,2023-03-28,11260570,면목7동,패션·잡화,20254,1839510336,27974,27.57,6410000,20.26,Y,소상공인신용대출,1700000,11260570_패션·잡화
SUB04_001729,C04_0933,ISA,13610000,2025-06-21,11350624,중계4동,음식·음료,20254,15435702098,717946,0.51,57560000,4.36,N,없음,0,11350624_음식·음료
SUB04_001730,C04_0946,예금,90300000,2023-02-27,11380625,역촌동,미용·뷰티,20254,1229430026,36591,-7.73,11220000,-13.44,Y,운전자금대출,2900000,11380625_미용·뷰티
SUB04_001731,C04_0918,펀드,25960000,2022-03-08,11500640,방화2동,미용·뷰티,20254,1058869542,15755,-14.86,2360000,-23.93,Y,시설자금대출,800000,11500640_미용·뷰티
SUB04_001732,C04_1782,예금,12600000,2024-12-03,11740560,고덕2동,전자기기·수리,20254,1096552,42,6.0,1000000,-6.61,N,없음,0,11740560_전자기기·수리
SUB04_001733,C04_0608,ISA,6720000,2023-08-31,11590670,신대방1동,식료품·편의소매,20254,5583083077,527051,1.3,16910000,-6.0,Y,시설자금대출,6200000,11590670_식료품·편의소매
SUB04_001734,C04_0984,예금,36790000,2022-12-12,11650550,반포본동,패션·잡화,20254,483162624,1102,87.39,3360000,78.67,Y,운전자금대출,2000000,11650550_패션·잡화
SUB04_001735,C04_1217,적금,3060000,2025-03-27,11170640,이촌2동,가구·인테리어,20254,43386481,256,-2.93,1000000,25.34,N,없음,0,11170640_가구·인테리어
SUB04_001736,C04_0155,예금,62690000,2024-04-27,11620645,서원동,식료품·편의소매,20254,10210456171,1115850,-1.41,68920000,0.82,Y,시설자금대출,11300000,11620645_식료품·편의소매
SUB04_001737,C04_0942,펀드,39110000,2023-04-03,11170660,이태원2동,음식·음료,20254,13326534080,295874,8.48,69350000,-4.01,Y,시설자금대출,34100000,11170660_음식·음료
SUB04_001738,C04_0029,펀드,13710000,2022-07-20,11215740,중곡1동,식료품·편의소매,20254,19499327759,1358346,5.45,159510000,-3.75,N,없음,0,11215740_식료품·편의소매
SUB04_001739,C04_0190,예금,66350000,2024-10-09,11470530,목3동,문화·취미·반려,20254,268174828,9291,20.0,1810000,52.06,N,없음,0,11470530_문화·취미·반려
SUB04_001740,C04_0362,예금,25870000,2024-04-29,11590520,노량진2동,패션·잡화,20254,56429092,515,16.18,1000000,8.09,Y,운전자금대출,300000,11590520_패션·잡화
SUB04_001741,C04_0308,ISA,7630000,2024-05-07,11215740,중곡1동,가구·인테리어,20254,5908058914,38066,50.77,28250000,27.77,Y,소상공인신용대출,13700000,11215740_가구·인테리어
SUB04_001742,C04_1902,적금,9160000,2025-08-17,11215710,화양동,여가·오락,20254,2558350108,433675,3.25,17860000,29.09,Y,운전자금대출,10700000,11215710_여가·오락
SUB04_001743,C04_1065,예금,22760000,2025-01-15,11545620,독산2동,패션·잡화,20254,425336239,3713,-22.09,2180000,-27.63,Y,시설자금대출,600000,11545620_패션·잡화
SUB04_001744,C04_1808,예금,32710000,2023-08-11,11170625,한강로동,문화·취미·반려,20254,6667938557,126401,13.43,35510000,10.59,Y,운전자금대출,22400000,11170625_문화·취미·반려
SUB04_001745,C04_0443,ISA,20700000,2025-01-19,11440710,연남동,가구·인테리어,20254,18194652,1682,-5.19,1000000,-5.67,Y,운전자금대출,400000,11440710_가구·인테리어
SUB04_001746,C04_0069,적금,5900000,2024-09-17,11320521,도봉1동,자동차·운송서비스,20254,363706306,1907,-2.32,2450000,3.52,Y,소상공인신용대출,900000,11320521_자동차·운송서비스
SUB04_001747,C04_1976,예금,18980000,2023-08-03,11500611,발산1동,숙박,20254,328289544,6374,39.15,2240000,35.98,Y,소상공인신용대출,700000,11500611_숙박
SUB04_001748,C04_0977,펀드,9780000,2025-05-03,11440655,서강동,생활서비스,20254,113119170,6212,80.01,1000000,88.45,Y,소상공인신용대출,400000,11440655_생활서비스
SUB04_001749,C04_0269,적금,11960000,2024-01-01,11200535,왕십리도선동,식료품·편의소매,20254,19038214470,522301,60.84,82960000,67.39,N,없음,0,11200535_식료품·편의소매
SUB04_001750,C04_0514,ISA,9010000,2025-04-10,11530730,고척2동,여가·오락,20254,277014762,6827,33.83,2390000,27.84,Y,소상공인신용대출,600000,11530730_여가·오락
SUB04_001751,C04_0337,ISA,10030000,2025-04-16,11290555,삼선동,음식·음료,20254,16670973186,594863,2.53,170040000,14.24,N,없음,0,11290555_음식·음료
SUB04_001752,C04_0294,펀드,4770000,2024-01-30,11470550,목5동,미용·뷰티,20254,705440050,9755,-0.77,8240000,0.52,N,없음,0,11470550_미용·뷰티
SUB04_001753,C04_1826,ISA,16030000,2025-05-19,11560720,대림3동,식료품·편의소매,20254,16209754677,1010679,-5.13,70890000,3.67,N,없음,0,11560720_식료품·편의소매
SUB04_001754,C04_1248,예금,69100000,2023-07-24,11680750,수서동,식료품·편의소매,20254,25463554565,3081242,0.06,106540000,-1.38,Y,시설자금대출,66200000,11680750_식료품·편의소매
SUB04_001755,C04_1325,펀드,5990000,2025-08-08,11560650,신길3동,가구·인테리어,20254,39774115,1305,-17.64,1000000,-36.53,Y,시설자금대출,400000,11560650_가구·인테리어
SUB04_001756,C04_1674,예금,39560000,2025-11-03,11710600,석촌동,생활서비스,20254,194277454,11256,43.88,1810000,62.11,N,없음,0,11710600_생활서비스
SUB04_001757,C04_0137,ISA,13160000,2025-02-10,11200615,금호2·3가동,문화·취미·반려,20254,29911166,2794,13.83,1000000,26.46,N,없음,0,11200615_문화·취미·반려
SUB04_001758,C04_0113,예금,24210000,2023-02-14,11650600,방배1동,문화·취미·반려,20254,6281699055,28416,-30.15,93210000,-17.57,Y,운전자금대출,28100000,11650600_문화·취미·반려
SUB04_001759,C04_1126,예금,57140000,2023-03-17,11710532,거여2동,자동차·운송서비스,20254,243199137,1126,-5.92,1760000,-15.1,N,없음,0,11710532_자동차·운송서비스
SUB04_001760,C04_1123,예금,51240000,2024-04-22,11350595,공릉1동,가구·인테리어,20254,1907338257,14116,86.98,16620000,96.04,Y,운전자금대출,2600000,11350595_가구·인테리어
SUB04_001761,C04_0075,예금,23690000,2024-10-21,11290810,석관동,음식·음료,20254,21108274278,648961,12.82,243000000,11.39,Y,시설자금대출,118900000,11290810_음식·음료
SUB04_001762,C04_1492,펀드,18380000,2025-02-25,11230710,회기동,패션·잡화,20254,909103133,12011,28.94,2220000,22.03,N,없음,0,11230710_패션·잡화
SUB04_001763,C04_1384,예금,68380000,2022-06-22,11590540,상도2동,식료품·편의소매,20254,3105854810,327216,-9.59,29950000,-11.99,N,없음,0,11590540_식료품·편의소매
SUB04_001764,C04_1971,적금,3100000,2025-06-10,11305615,수유1동,음식·음료,20254,7959243153,371577,12.84,117210000,-7.21,N,없음,0,11305615_음식·음료
SUB04_001765,C04_0785,펀드,16030000,2025-08-12,11590630,사당2동,가구·인테리어,20254,619776936,5449,965.69,2970000,100.0,Y,운전자금대출,1400000,11590630_가구·인테리어
SUB04_001766,C04_0614,적금,4660000,2025-02-17,11620630,남현동,문화·취미·반려,20254,32779060,30,594.57,1000000,100.0,Y,운전자금대출,200000,11620630_문화·취미·반려
SUB04_001767,C04_0823,ISA,33130000,2022-07-21,11740600,천호1동,자동차·운송서비스,20254,251514826,1739,10.21,2960000,4.3,N,없음,0,11740600_자동차·운송서비스
SUB04_001768,C04_0396,ISA,21060000,2023-10-05,11260660,망우3동,가구·인테리어,20254,331310752,6517,8.87,1000000,11.46,Y,소상공인신용대출,500000,11260660_가구·인테리어
SUB04_001769,C04_0660,예금,23250000,2023-08-16,11350600,공릉2동,식료품·편의소매,20254,8853681605,1080834,4.88,16430000,5.44,N,없음,0,11350600_식료품·편의소매
SUB04_001770,C04_0126,적금,4660000,2023-09-19,11680521,논현1동,문화·취미·반려,20254,10031136282,45344,105.81,104650000,100.0,N,없음,0,11680521_문화·취미·반려
SUB04_001771,C04_1878,펀드,6460000,2022-11-01,11590540,상도2동,패션·잡화,20254,1460484656,24991,81.71,6830000,81.19,N,없음,0,11590540_패션·잡화
SUB04_001772,C04_0308,펀드,4980000,2024-03-29,11215740,중곡1동,가구·인테리어,20254,5908058914,38066,50.77,28250000,27.77,Y,소상공인신용대출,13700000,11215740_가구·인테리어
SUB04_001773,C04_1744,적금,4530000,2025-12-18,11710650,잠실본동,음식·음료,20254,63430744972,2246572,-2.27,415660000,2.85,N,없음,0,11710650_음식·음료
SUB04_001774,C04_1555,예금,10200000,2025-01-28,11680730,일원1동,패션·잡화,20254,601765144,3964,-40.3,10810000,-36.48,Y,운전자금대출,7400000,11680730_패션·잡화
SUB04_001775,C04_1304,ISA,4350000,2023-08-14,11170590,용문동,문화·취미·반려,20254,67746212,2651,-86.54,1000000,-70.0,Y,운전자금대출,900000,11170590_문화·취미·반려
SUB04_001776,C04_1817,적금,4250000,2022-10-04,11740550,고덕1동,문화·취미·반려,20254,17785879,4536,-5.07,1000000,-1.31,N,없음,0,11740550_문화·취미·반려
SUB04_001777,C04_0840,ISA,4510000,2023-07-20,11590510,노량진1동,가구·인테리어,20254,865105529,24752,2.18,7580000,-7.8,N,없음,0,11590510_가구·인테리어
SUB04_001778,C04_1365,ISA,7970000,2023-04-24,11200570,행당2동,가구·인테리어,20254,30790244,908,57.0,1000000,42.7,N,없음,0,11200570_가구·인테리어
SUB04_001779,C04_1470,ISA,22540000,2024-02-11,11500540,화곡1동,식료품·편의소매,20254,18984453524,1765598,-1.05,74490000,-6.12,Y,시설자금대출,15700000,11500540_식료품·편의소매
SUB04_001780,C04_1797,펀드,11570000,2022-08-03,11170530,남영동,전자기기·수리,20254,93865987,2520,1246.01,1030000,100.0,N,없음,0,11170530_전자기기·수리
SUB04_001781,C04_1493,펀드,6460000,2025-01-13,11320680,쌍문3동,패션·잡화,20254,907019007,7586,76.72,2130000,79.27,N,없음,0,11320680_패션·잡화
SUB04_001782,C04_0132,펀드,16890000,2024-12-05,11215740,중곡1동,문화·취미·반려,20254,109109721,11281,-0.82,1260000,23.34,Y,운전자금대출,300000,11215740_문화·취미·반려
SUB04_001783,C04_1211,예금,20170000,2024-02-06,11215847,자양4동,생활서비스,20254,247722136,11646,22.36,2210000,26.4,Y,운전자금대출,1000000,11215847_생활서비스
SUB04_001784,C04_0530,적금,1830000,2024-07-11,11290525,성북동,가구·인테리어,20254,606176418,16563,-28.85,4880000,-16.81,N,없음,0,11290525_가구·인테리어
SUB04_001785,C04_0621,펀드,9710000,2022-02-19,11620645,서원동,숙박,20254,58784049,1147,-7.63,1000000,-5.19,Y,운전자금대출,600000,11620645_숙박
SUB04_001786,C04_0930,ISA,18060000,2025-08-31,11200645,옥수동,여가·오락,20254,49629847,245,65.96,1000000,49.54,N,없음,0,11200645_여가·오락
SUB04_001787,C04_1293,펀드,12390000,2024-08-23,11680656,도곡2동,생활서비스,20254,203279509,6438,88.94,1850000,84.51,N,없음,0,11680656_생활서비스
SUB04_001788,C04_0538,펀드,3910000,2022-06-04,11440600,대흥동,가구·인테리어,20254,865343164,9969,60.28,5190000,62.22,N,없음,0,11440600_가구·인테리어
SUB04_001789,C04_0839,적금,6070000,2022-11-04,11320660,쌍문1동,여가·오락,20254,41374467,3438,-34.93,1000000,-66.43,N,없음,0,11320660_여가·오락
SUB04_001790,C04_0830,ISA,10790000,2025-08-28,11320514,창4동,숙박,20254,396435535,13448,10.32,2230000,-9.6,N,없음,0,11320514_숙박
SUB04_001791,C04_0675,예금,56480000,2022-10-28,11680640,역삼1동,문화·취미·반려,20254,10818934582,427621,21.54,96130000,41.52,N,없음,0,11680640_문화·취미·반려
SUB04_001792,C04_0934,펀드,14270000,2024-12-08,11215770,중곡4동,음식·음료,20254,9497016913,545442,3.73,47170000,11.44,N,없음,0,11215770_음식·음료
SUB04_001793,C04_0125,ISA,14110000,2024-03-13,11260620,묵1동,여가·오락,20254,358890762,4683,-8.93,2430000,-16.91,N,없음,0,11260620_여가·오락
SUB04_001794,C04_0430,ISA,57370000,2025-05-17,11530770,오류1동,문화·취미·반려,20254,547998286,2253,72.32,5140000,61.47,Y,시설자금대출,1700000,11530770_문화·취미·반려
SUB04_001795,C04_1283,ISA,15120000,2025-09-22,11170660,이태원2동,가구·인테리어,20254,111744132,5518,56.32,1430000,73.91,N,없음,0,11170660_가구·인테리어
SUB04_001796,C04_1604,ISA,24890000,2025-06-06,11110630,종로5·6가동,음식·음료,20254,29618710512,1155671,7.47,696670000,6.24,Y,운전자금대출,282300000,11110630_음식·음료
SUB04_001797,C04_1281,예금,20940000,2024-12-11,11545670,시흥1동,숙박,20254,201573671,4449,-25.32,1000000,-19.31,Y,운전자금대출,500000,11545670_숙박
SUB04_001798,C04_0535,펀드,16100000,2023-02-22,11200620,금호4가동,패션·잡화,20254,375872296,6116,-2.08,1800000,13.79,N,없음,0,11200620_패션·잡화
SUB04_001799,C04_0237,적금,6130000,2022-04-19,11215770,중곡4동,전자기기·수리,20254,5737382096,12146,121.86,36540000,100.0,Y,시설자금대출,14100000,11215770_전자기기·수리
SUB04_001800,C04_0049,적금,4180000,2023-10-06,11650540,잠원동,가구·인테리어,20254,2104121752,12587,29.0,8090000,22.2,Y,운전자금대출,3200000,11650540_가구·인테리어
SUB04_001801,C04_1321,ISA,34920000,2025-07-24,11440600,대흥동,미용·뷰티,20254,1578120704,17821,-3.99,37210000,-12.15,N,없음,0,11440600_미용·뷰티
SUB04_001802,C04_0411,예금,32840000,2024-09-24,11410565,충현동,여가·오락,20254,262668227,27373,-13.73,1950000,-17.08,Y,시설자금대출,1400000,11410565_여가·오락
SUB04_001803,C04_1446,ISA,65990000,2025-09-02,11710650,잠실본동,가구·인테리어,20254,1524998287,49583,9.94,4030000,18.9,Y,소상공인신용대출,2000000,11710650_가구·인테리어
SUB04_001804,C04_1431,적금,7480000,2025-08-08,11260575,면목3·8동,미용·뷰티,20254,888731947,22787,-7.98,5410000,-13.55,Y,시설자금대출,2700000,11260575_미용·뷰티
SUB04_001805,C04_0771,펀드,20540000,2023-05-04,11215770,중곡4동,생활서비스,20254,54810095,4627,22.44,1000000,40.97,N,없음,0,11215770_생활서비스
SUB04_001806,C04_1632,적금,5220000,2024-09-16,11590540,상도2동,여가·오락,20254,237796985,6073,-17.94,1000000,-3.77,Y,운전자금대출,400000,11590540_여가·오락
SUB04_001807,C04_0124,ISA,15550000,2024-11-21,11260575,면목3·8동,문화·취미·반려,20254,345040087,8508,22.39,1670000,37.25,Y,소상공인신용대출,600000,11260575_문화·취미·반려
SUB04_001808,C04_0348,예금,23330000,2024-10-06,11560535,영등포동,자동차·운송서비스,20254,2928282952,15875,8.98,26930000,22.03,Y,운전자금대출,11500000,11560535_자동차·운송서비스
SUB04_001809,C04_1333,예금,18330000,2025-06-11,11620685,신사동,가구·인테리어,20254,264283087,5333,154.0,1500000,100.0,Y,운전자금대출,400000,11620685_가구·인테리어
SUB04_001810,C04_1348,펀드,28530000,2022-08-02,11290810,석관동,문화·취미·반려,20254,208185261,9628,32.72,1840000,32.38,Y,소상공인신용대출,1200000,11290810_문화·취미·반려
SUB04_001811,C04_0532,예금,34080000,2022-06-13,11740685,길동,패션·잡화,20254,2018551479,37505,-7.34,20120000,-10.12,Y,소상공인신용대출,11100000,11740685_패션·잡화
SUB04_001812,C04_1243,펀드,10300000,2022-11-10,11290555,삼선동,음식·음료,20254,16670973186,594863,2.53,88470000,-1.59,Y,운전자금대출,31000000,11290555_음식·음료
SUB04_001813,C04_1506,펀드,23020000,2024-09-22,11470640,신정3동,문화·취미·반려,20254,676164263,35000,13.24,5460000,34.67,N,없음,0,11470640_문화·취미·반려
SUB04_001814,C04_1089,예금,16350000,2025-12-25,11215770,중곡4동,식료품·편의소매,20254,5594949626,426736,6.03,51950000,10.54,N,없음,0,11215770_식료품·편의소매
SUB04_001815,C04_1215,예금,44720000,2023-12-09,11320710,방학3동,식료품·편의소매,20254,2326774704,199172,-8.53,17840000,-7.58,N,없음,0,11320710_식료품·편의소매
SUB04_001816,C04_0321,ISA,9920000,2024-12-28,11440730,성산2동,전자기기·수리,20254,353202148,7753,382.09,2350000,100.0,Y,시설자금대출,1200000,11440730_전자기기·수리
SUB04_001817,C04_0175,예금,24680000,2022-10-07,11290780,장위3동,미용·뷰티,20254,83708453,1782,-2.23,1000000,34.15,Y,운전자금대출,500000,11290780_미용·뷰티
SUB04_001818,C04_0251,펀드,13620000,2024-02-03,11410620,홍제1동,생활서비스,20254,48163442,3341,71.67,1000000,86.17,N,없음,0,11410620_생활서비스
SUB04_001819,C04_0620,펀드,22460000,2024-02-28,11380551,갈현1동,음식·음료,20254,19831088376,655873,13.18,36800000,0.9,N,없음,0,11380551_음식·음료
SUB04_001820,C04_0161,펀드,14590000,2024-10-12,11170520,용산2가동,음식·음료,20254,8483363933,272106,11.74,54150000,16.69,Y,소상공인신용대출,25000000,11170520_음식·음료
SUB04_001821,C04_1604,펀드,28950000,2024-12-24,11110630,종로5·6가동,음식·음료,20254,29618710512,1155671,7.47,696670000,6.24,Y,운전자금대출,282300000,11110630_음식·음료
SUB04_001822,C04_1244,펀드,13790000,2024-03-17,11680720,일원본동,문화·취미·반려,20254,533737897,10938,-30.46,5550000,-30.05,N,없음,0,11680720_문화·취미·반려
SUB04_001823,C04_1764,펀드,14390000,2024-08-25,11650652,양재2동,자동차·운송서비스,20254,9479701620,40063,1.28,33570000,-0.59,Y,운전자금대출,12200000,11650652_자동차·운송서비스
SUB04_001824,C04_0186,적금,4420000,2025-05-29,11260540,면목4동,패션·잡화,20254,55714249,560,-54.46,1000000,-49.44,N,없음,0,11260540_패션·잡화
SUB04_001825,C04_0808,예금,12410000,2023-01-30,11380631,신사1동,생활서비스,20254,98286503,5147,48.57,1230000,61.66,N,없음,0,11380631_생활서비스
SUB04_001826,C04_0931,예금,10920000,2023-02-09,11680580,삼성1동,미용·뷰티,20254,10487805823,98715,15.31,90660000,36.8,N,없음,0,11680580_미용·뷰티
SUB04_001827,C04_1447,적금,1790000,2022-09-23,11560540,여의동,가구·인테리어,20254,1871647857,12985,-5.47,5710000,-14.49,Y,시설자금대출,1600000,11560540_가구·인테리어
SUB04_001828,C04_1877,ISA,16500000,2024-09-21,11470620,신정1동,패션·잡화,20254,1072329068,10998,13.41,10810000,-0.26,Y,운전자금대출,4500000,11470620_패션·잡화
SUB04_001829,C04_1292,적금,5730000,2023-01-27,11260630,묵2동,식료품·편의소매,20254,8655089948,844266,2.13,105890000,20.26,N,없음,0,11260630_식료품·편의소매
SUB04_001830,C04_0292,펀드,20780000,2024-06-28,11740520,상일동,패션·잡화,20254,100630344,925,-34.65,1770000,-45.17,N,없음,0,11740520_패션·잡화
SUB04_001831,C04_0319,예금,60110000,2022-07-27,11290620,정릉1동,미용·뷰티,20254,149234311,4362,-8.69,1150000,3.42,Y,소상공인신용대출,500000,11290620_미용·뷰티
SUB04_001832,C04_0898,펀드,19400000,2024-01-03,11710710,잠실6동,여가·오락,20254,24903497,185,-50.02,1000000,-70.0,Y,운전자금대출,900000,11710710_여가·오락
SUB04_001833,C04_1048,적금,4480000,2022-06-26,11200615,금호2·3가동,가구·인테리어,20254,41981879,2442,-7.35,1000000,-5.3,Y,운전자금대출,300000,11200615_가구·인테리어
SUB04_001834,C04_0517,적금,1980000,2024-09-10,11590530,상도1동,음식·음료,20254,18684615477,1140616,5.17,150950000,20.89,N,없음,0,11590530_음식·음료
SUB04_001835,C04_1199,ISA,10760000,2022-06-23,11530720,고척1동,미용·뷰티,20254,544893438,12508,-23.95,7290000,-20.3,Y,운전자금대출,4900000,11530720_미용·뷰티
SUB04_001836,C04_0258,예금,41900000,2022-05-28,11380590,응암2동,생활서비스,20254,10306759,510,-30.03,1000000,-26.97,Y,운전자금대출,500000,11380590_생활서비스
SUB04_001837,C04_0184,예금,53270000,2023-10-09,11545510,가산동,생활서비스,20254,109754257,13349,5.22,1000000,8.47,N,없음,0,11545510_생활서비스
SUB04_001838,C04_1845,예금,31120000,2025-10-06,11290770,장위2동,미용·뷰티,20254,197182686,6273,-18.64,1090000,-23.28,Y,운전자금대출,700000,11290770_미용·뷰티
SUB04_001839,C04_0968,예금,21620000,2022-06-25,11110630,종로5·6가동,음식·음료,20254,29618710512,1155671,7.47,94970000,12.23,Y,시설자금대출,22500000,11110630_음식·음료
SUB04_001840,C04_1836,예금,28530000,2022-11-17,11380551,갈현1동,숙박,20254,124074066,1928,-3.03,1350000,-3.2,N,없음,0,11380551_숙박
SUB04_001841,C04_1096,예금,26530000,2024-08-03,11320700,방학2동,패션·잡화,20254,681560805,13245,38.71,5340000,30.89,N,없음,0,11320700_패션·잡화
SUB04_001842,C04_1088,ISA,12850000,2025-07-09,11290590,돈암2동,음식·음료,20254,1463232846,187811,-1.09,12060000,5.78,N,없음,0,11290590_음식·음료
SUB04_001843,C04_1378,적금,1640000,2022-08-15,11710600,석촌동,식료품·편의소매,20254,25849615013,1163179,20.24,272190000,13.52,N,없음,0,11710600_식료품·편의소매
SUB04_001844,C04_1254,예금,33250000,2022-09-09,11140605,을지로동,숙박,20254,172925314,1764,25.5,1230000,44.98,N,없음,0,11140605_숙박
SUB04_001845,C04_1602,예금,26670000,2023-09-16,11290705,종암동,여가·오락,20254,1270892524,44508,8.63,3170000,16.34,N,없음,0,11290705_여가·오락
SUB04_001846,C04_0673,ISA,16120000,2023-03-12,11215847,자양4동,숙박,20254,160811573,1303,-39.36,1000000,-55.51,Y,운전자금대출,800000,11215847_숙박
SUB04_001847,C04_0718,펀드,15270000,2024-01-18,11620525,보라매동,여가·오락,20254,558996407,56935,3.22,2650000,-9.38,N,없음,0,11620525_여가·오락
SUB04_001848,C04_1008,적금,4290000,2022-10-02,11230710,회기동,문화·취미·반려,20254,217519423,7289,16.52,1000000,8.5,Y,소상공인신용대출,500000,11230710_문화·취미·반려
SUB04_001849,C04_1109,예금,48160000,2025-06-26,11170510,후암동,가구·인테리어,20254,346761613,18186,104.99,1150000,95.09,N,없음,0,11170510_가구·인테리어
SUB04_001850,C04_1724,ISA,17340000,2025-09-29,11140670,황학동,식료품·편의소매,20254,25961579917,948298,4.97,86540000,18.26,Y,소상공인신용대출,38300000,11140670_식료품·편의소매
SUB04_001851,C04_0767,예금,15690000,2023-06-18,11200535,왕십리도선동,식료품·편의소매,20254,19038214470,522301,60.84,58040000,56.34,Y,운전자금대출,11800000,11200535_식료품·편의소매
SUB04_001852,C04_1535,예금,29090000,2023-03-18,11305555,송천동,자동차·운송서비스,20254,2622833984,14370,-8.18,20270000,4.85,Y,운전자금대출,12200000,11305555_자동차·운송서비스
SUB04_001853,C04_1623,ISA,13700000,2025-11-01,11560535,영등포동,식료품·편의소매,20254,104315357569,3203024,-6.21,990760000,-11.71,Y,시설자금대출,606400000,11560535_식료품·편의소매
SUB04_001854,C04_1609,예금,15290000,2023-07-08,11110700,숭인1동,미용·뷰티,20254,241896414,5005,8.04,2010000,12.39,Y,운전자금대출,800000,11110700_미용·뷰티
SUB04_001855,C04_1485,예금,36340000,2024-12-21,11680655,도곡1동,자동차·운송서비스,20254,689015839,5281,10.45,3720000,7.49,N,없음,0,11680655_자동차·운송서비스
SUB04_001856,C04_0347,예금,43010000,2022-02-08,11290580,돈암1동,미용·뷰티,20254,188447908,3460,5.47,1590000,7.13,N,없음,0,11290580_미용·뷰티
SUB04_001857,C04_1422,펀드,9310000,2025-10-08,11560585,도림동,미용·뷰티,20254,723635955,10276,-20.18,9040000,-39.73,Y,소상공인신용대출,6300000,11560585_미용·뷰티
SUB04_001858,C04_1258,적금,5250000,2024-03-24,11680590,삼성2동,숙박,20254,436677961,8047,2.56,1610000,-5.71,N,없음,0,11680590_숙박
SUB04_001859,C04_1828,펀드,28810000,2025-11-26,11560550,당산1동,자동차·운송서비스,20254,247963056,1587,-16.79,3060000,-3.09,N,없음,0,11560550_자동차·운송서비스
SUB04_001860,C04_1873,펀드,4750000,2025-02-12,11200560,행당1동,미용·뷰티,20254,1348220120,19255,1.33,9470000,6.17,Y,운전자금대출,2500000,11200560_미용·뷰티
SUB04_001861,C04_0611,펀드,11690000,2023-02-03,11710641,문정1동,문화·취미·반려,20254,3289861772,53426,-16.12,39030000,-13.89,N,없음,0,11710641_문화·취미·반려
SUB04_001862,C04_0452,펀드,21010000,2025-05-27,11290620,정릉1동,패션·잡화,20254,32393454,305,-18.51,1000000,-16.87,Y,운전자금대출,300000,11290620_패션·잡화
SUB04_001863,C04_1355,적금,2760000,2025-03-23,11110540,삼청동,미용·뷰티,20254,967420678,22375,66.65,13020000,67.85,N,없음,0,11110540_미용·뷰티
SUB04_001864,C04_0272,펀드,10020000,2023-07-25,11500630,방화1동,가구·인테리어,20254,520909697,12712,-37.73,4930000,-26.82,N,없음,0,11500630_가구·인테리어
SUB04_001865,C04_1041,펀드,18830000,2022-01-28,11305545,송중동,문화·취미·반려,20254,145778660,3309,17.95,1000000,23.59,N,없음,0,11305545_문화·취미·반려
SUB04_001866,C04_1419,예금,48760000,2025-07-02,11560680,신길6동,미용·뷰티,20254,859181926,18701,-23.02,4130000,-27.59,N,없음,0,11560680_미용·뷰티
SUB04_001867,C04_0734,예금,40600000,2023-11-06,11530540,구로3동,미용·뷰티,20254,5298667919,50715,-14.87,19200000,-15.48,N,없음,0,11530540_미용·뷰티
SUB04_001868,C04_1853,예금,31370000,2024-10-12,11170625,한강로동,음식·음료,20254,66860765888,1801821,6.96,716310000,-9.58,N,없음,0,11170625_음식·음료
SUB04_001869,C04_0719,펀드,8790000,2025-06-27,11470620,신정1동,식료품·편의소매,20254,7686033675,568699,6.93,73650000,10.14,N,없음,0,11470620_식료품·편의소매
SUB04_001870,C04_0515,ISA,11440000,2025-02-02,11545710,시흥5동,미용·뷰티,20254,385256953,11026,-25.49,3540000,-14.82,N,없음,0,11545710_미용·뷰티
SUB04_001871,C04_1072,ISA,12250000,2023-02-28,11440585,도화동,전자기기·수리,20254,533288342,3122,-70.44,2080000,-70.0,N,없음,0,11440585_전자기기·수리
SUB04_001872,C04_0513,예금,30820000,2025-08-27,11305608,번3동,미용·뷰티,20254,497104380,11763,-15.9,8560000,-15.68,Y,소상공인신용대출,4100000,11305608_미용·뷰티
SUB04_001873,C04_1530,펀드,10950000,2023-01-29,11260600,중화1동,음식·음료,20254,1418808781,43753,-9.22,8940000,-14.96,N,없음,0,11260600_음식·음료
SUB04_001874,C04_1198,ISA,22970000,2022-10-01,11560550,당산1동,패션·잡화,20254,575329605,4552,-3.53,5410000,-6.24,N,없음,0,11560550_패션·잡화
SUB04_001875,C04_0600,예금,20150000,2025-06-25,11215850,구의1동,문화·취미·반려,20254,740966987,10335,-27.39,2630000,-18.78,Y,시설자금대출,1700000,11215850_문화·취미·반려
SUB04_001876,C04_1740,적금,5770000,2023-03-22,11380632,신사2동,자동차·운송서비스,20254,499456523,1722,7.48,4190000,12.55,N,없음,0,11380632_자동차·운송서비스
SUB04_001877,C04_0589,ISA,8760000,2025-10-12,11530560,구로5동,가구·인테리어,20254,2909163136,7869,-7.09,13870000,-10.12,Y,운전자금대출,6700000,11530560_가구·인테리어
SUB04_001878,C04_1879,예금,33830000,2022-04-14,11545640,독산4동,패션·잡화,20254,226729529,1737,50.95,1000000,61.37,N,없음,0,11545640_패션·잡화
SUB04_001879,C04_0533,펀드,13410000,2022-03-10,11440690,망원1동,패션·잡화,20254,1298281522,21491,-16.17,4570000,-9.03,Y,운전자금대출,1200000,11440690_패션·잡화
SUB04_001880,C04_0158,예금,23450000,2023-10-17,11200570,행당2동,문화·취미·반려,20254,74962559,5762,-18.52,1000000,-15.61,N,없음,0,11200570_문화·취미·반려
SUB04_001881,C04_1529,ISA,43950000,2024-05-09,11500593,화곡8동,가구·인테리어,20254,20731544,910,-59.84,1000000,-70.0,Y,시설자금대출,600000,11500593_가구·인테리어
SUB04_001882,C04_1445,펀드,25530000,2025-10-15,11440720,성산1동,음식·음료,20254,8894545297,308199,9.85,142570000,8.23,N,없음,0,11440720_음식·음료
SUB04_001883,C04_1171,펀드,9710000,2025-03-06,11680650,역삼2동,자동차·운송서비스,20254,87336707,768,-37.82,1000000,-35.4,Y,소상공인신용대출,500000,11680650_자동차·운송서비스
SUB04_001884,C04_0419,펀드,46910000,2023-05-29,11470680,신정7동,식료품·편의소매,20254,4390377226,486454,-4.08,31150000,1.03,Y,소상공인신용대출,13600000,11470680_식료품·편의소매
SUB04_001885,C04_0649,예금,73180000,2023-11-25,11170520,용산2가동,문화·취미·반려,20254,39450368,2085,-1.64,1000000,8.7,N,없음,0,11170520_문화·취미·반려
SUB04_001886,C04_1713,ISA,5280000,2025-07-08,11260660,망우3동,음식·음료,20254,6060254073,211898,4.32,52420000,-8.82,Y,운전자금대출,12400000,11260660_음식·음료
SUB04_001887,C04_1514,적금,6080000,2022-07-17,11380520,불광1동,음식·음료,20254,12665001747,518214,-0.34,231760000,2.25,Y,운전자금대출,122900000,11380520_음식·음료
SUB04_001888,C04_1780,펀드,10040000,2022-04-12,11290810,석관동,패션·잡화,20254,1129730109,20905,1.79,13530000,10.83,Y,운전자금대출,2400000,11290810_패션·잡화
SUB04_001889,C04_1446,예금,41870000,2023-11-26,11710650,잠실본동,가구·인테리어,20254,1524998287,49583,9.94,4030000,18.9,Y,소상공인신용대출,2000000,11710650_가구·인테리어
SUB04_001890,C04_0708,예금,82700000,2023-05-01,11680545,압구정동,전자기기·수리,20254,66273002,822,1331.67,1000000,100.0,N,없음,0,11680545_전자기기·수리
SUB04_001891,C04_1994,펀드,26030000,2025-08-16,11215850,구의1동,생활서비스,20254,150820634,7961,25.28,1000000,17.32,N,없음,0,11215850_생활서비스
SUB04_001892,C04_0285,예금,47430000,2024-02-08,11230545,제기동,패션·잡화,20254,1114606739,40000,11.68,17300000,11.14,Y,운전자금대출,8600000,11230545_패션·잡화
SUB04_001893,C04_0376,펀드,10100000,2025-03-08,11440655,서강동,식료품·편의소매,20254,5696058392,1078503,2.18,48860000,22.43,N,없음,0,11440655_식료품·편의소매
SUB04_001894,C04_0957,펀드,8220000,2025-11-12,11680690,개포4동,여가·오락,20254,341627523,4701,6.02,4280000,14.01,N,없음,0,11680690_여가·오락
SUB04_001895,C04_1515,적금,4360000,2022-01-24,11110680,창신2동,음식·음료,20254,6272601364,172765,10.2,26030000,9.7,Y,운전자금대출,15300000,11110680_음식·음료
SUB04_001896,C04_1066,펀드,10930000,2024-06-17,11230660,장안2동,여가·오락,20254,850620297,68251,-4.05,8240000,3.0,Y,소상공인신용대출,2600000,11230660_여가·오락
SUB04_001897,C04_1261,펀드,6340000,2025-05-14,11350580,월계3동,식료품·편의소매,20254,1600804243,152352,1.01,14830000,24.41,N,없음,0,11350580_식료품·편의소매
SUB04_001898,C04_0418,ISA,14460000,2025-01-05,11740640,성내1동,음식·음료,20254,15057088192,606951,0.09,38700000,-0.79,Y,시설자금대출,18000000,11740640_음식·음료
SUB04_001899,C04_1473,펀드,12090000,2024-03-16,11260540,면목4동,여가·오락,20254,246693585,7862,16.36,1550000,4.81,N,없음,0,11260540_여가·오락
SUB04_001900,C04_1435,ISA,8570000,2025-05-02,11380530,불광2동,식료품·편의소매,20254,14041709479,1024679,13.02,162210000,7.43,Y,소상공인신용대출,25900000,11380530_식료품·편의소매
SUB04_001901,C04_1082,적금,1350000,2025-05-03,11290600,안암동,자동차·운송서비스,20254,1468272135,7405,-24.71,10470000,-26.83,N,없음,0,11290600_자동차·운송서비스
SUB04_001902,C04_1573,ISA,6570000,2025-12-05,11290685,길음2동,패션·잡화,20254,3828452696,29911,31.77,36500000,40.06,Y,운전자금대출,7900000,11290685_패션·잡화
SUB04_001903,C04_0381,ISA,37780000,2023-03-24,11320700,방학2동,식료품·편의소매,20254,18157748651,997098,20.51,81790000,22.64,N,없음,0,11320700_식료품·편의소매
SUB04_001904,C04_1061,예금,73710000,2025-10-27,11530510,신도림동,패션·잡화,20254,511500057,7884,-3.48,1000000,4.14,N,없음,0,11530510_패션·잡화
SUB04_001905,C04_0553,예금,25630000,2022-08-13,11305615,수유1동,자동차·운송서비스,20254,402113485,3649,-22.91,1000000,-15.03,Y,운전자금대출,600000,11305615_자동차·운송서비스
SUB04_001906,C04_1566,펀드,6770000,2023-11-22,11590630,사당2동,패션·잡화,20254,5599360256,52667,161.84,43160000,100.0,N,없음,0,11590630_패션·잡화
SUB04_001907,C04_0190,펀드,20510000,2024-10-11,11470530,목3동,문화·취미·반려,20254,268174828,9291,20.0,1810000,52.06,N,없음,0,11470530_문화·취미·반려
SUB04_001908,C04_0955,펀드,4400000,2023-07-03,11710646,장지동,패션·잡화,20254,50211923,480,-26.63,1000000,-30.42,N,없음,0,11710646_패션·잡화
SUB04_001909,C04_1135,ISA,20420000,2023-11-25,11650520,서초2동,미용·뷰티,20254,8657733026,62419,-15.94,22720000,-13.89,N,없음,0,11650520_미용·뷰티
SUB04_001910,C04_0804,적금,3400000,2025-08-27,11260600,중화1동,자동차·운송서비스,20254,617788599,4982,-23.76,3250000,-29.03,Y,소상공인신용대출,1700000,11260600_자동차·운송서비스
SUB04_001911,C04_0885,적금,6580000,2022-05-11,11530730,고척2동,패션·잡화,20254,984325393,16588,69.32,7530000,60.42,N,없음,0,11530730_패션·잡화
SUB04_001912,C04_0353,ISA,12820000,2025-06-14,11470530,목3동,여가·오락,20254,445907413,13234,12.08,5780000,21.37,Y,소상공인신용대출,2500000,11470530_여가·오락
SUB04_001913,C04_1016,펀드,18430000,2024-08-11,11305608,번3동,음식·음료,20254,3252122880,149994,-1.75,22290000,-6.04,N,없음,0,11305608_음식·음료
SUB04_001914,C04_0949,예금,30870000,2022-03-26,11710580,송파1동,생활서비스,20254,101358585,6147,50.4,1000000,47.47,N,없음,0,11710580_생활서비스
SUB04_001915,C04_1273,적금,2270000,2025-10-23,11290610,보문동,자동차·운송서비스,20254,819648228,4138,-8.08,4670000,-0.39,Y,운전자금대출,2600000,11290610_자동차·운송서비스
SUB04_001916,C04_0444,예금,36160000,2022-10-08,11230720,휘경1동,미용·뷰티,20254,619496145,18565,1.77,3320000,-24.57,N,없음,0,11230720_미용·뷰티
SUB04_001917,C04_0366,예금,27850000,2023-09-24,11590680,신대방2동,생활서비스,20254,28810173,1071,15.76,1000000,-6.87,Y,시설자금대출,500000,11590680_생활서비스
SUB04_001918,C04_0613,펀드,6820000,2024-04-27,11500640,방화2동,미용·뷰티,20254,1058869542,15755,-14.86,8630000,-30.91,N,없음,0,11500640_미용·뷰티
SUB04_001919,C04_0590,펀드,31240000,2022-09-09,11710532,거여2동,자동차·운송서비스,20254,243199137,1126,-5.92,1100000,-8.46,N,없음,0,11710532_자동차·운송서비스
SUB04_001920,C04_1166,ISA,14950000,2023-06-08,11440660,서교동,숙박,20254,137646080,2603,-45.38,1000000,-41.18,Y,소상공인신용대출,500000,11440660_숙박
SUB04_001921,C04_0896,펀드,9390000,2025-05-15,11215840,자양3동,전자기기·수리,20254,68773639,180,-74.36,1010000,-70.0,Y,소상공인신용대출,700000,11215840_전자기기·수리
SUB04_001922,C04_1496,예금,11460000,2023-12-24,11620645,서원동,가구·인테리어,20254,132268680,2071,-25.68,1000000,-12.64,Y,운전자금대출,400000,11620645_가구·인테리어
SUB04_001923,C04_0161,적금,5630000,2023-03-02,11170520,용산2가동,음식·음료,20254,8483363933,272106,11.74,54150000,16.69,Y,소상공인신용대출,25000000,11170520_음식·음료
SUB04_001924,C04_1858,펀드,13590000,2022-09-21,11680565,청담동,전자기기·수리,20254,204784749,1350,19.13,1390000,28.23,N,없음,0,11680565_전자기기·수리
SUB04_001925,C04_0035,적금,4630000,2025-12-24,11590530,상도1동,문화·취미·반려,20254,699939062,9053,-16.73,3160000,-8.48,Y,소상공인신용대출,2000000,11590530_문화·취미·반려
SUB04_001926,C04_0805,펀드,14950000,2025-01-08,11545670,시흥1동,미용·뷰티,20254,1748736392,47166,7.55,12260000,-8.58,N,없음,0,11545670_미용·뷰티
SUB04_001927,C04_0292,예금,50360000,2023-01-19,11740520,상일동,패션·잡화,20254,100630344,925,-34.65,1770000,-45.17,N,없음,0,11740520_패션·잡화
SUB04_001928,C04_1943,예금,24460000,2023-04-24,11560670,신길5동,자동차·운송서비스,20254,1448550006,6560,12.74,13160000,11.6,Y,운전자금대출,4500000,11560670_자동차·운송서비스
SUB04_001929,C04_1873,ISA,10400000,2022-11-18,11200560,행당1동,미용·뷰티,20254,1348220120,19255,1.33,9470000,6.17,Y,운전자금대출,2500000,11200560_미용·뷰티
SUB04_001930,C04_1554,예금,69340000,2024-04-23,11215830,자양2동,자동차·운송서비스,20254,321012441,2027,-6.07,1920000,-18.74,N,없음,0,11215830_자동차·운송서비스
SUB04_001931,C04_1339,적금,2630000,2023-09-20,11305625,수유2동,문화·취미·반려,20254,24320410,508,22.05,1000000,22.05,Y,소상공인신용대출,200000,11305625_문화·취미·반려
SUB04_001932,C04_0703,적금,8320000,2025-04-02,11410585,신촌동,패션·잡화,20254,6262021436,89401,3.27,28730000,4.91,N,없음,0,11410585_패션·잡화
SUB04_001933,C04_1735,적금,5820000,2025-12-13,11710540,마천1동,미용·뷰티,20254,360527966,6073,28.62,1320000,22.74,N,없음,0,11710540_미용·뷰티
SUB04_001934,C04_0821,예금,56620000,2022-06-15,11500630,방화1동,문화·취미·반려,20254,1030841814,45820,-2.16,2890000,-1.65,Y,운전자금대출,900000,11500630_문화·취미·반려
SUB04_001935,C04_1573,예금,21410000,2022-11-05,11290685,길음2동,패션·잡화,20254,3828452696,29911,31.77,36500000,40.06,Y,운전자금대출,7900000,11290685_패션·잡화
SUB04_001936,C04_1392,펀드,14670000,2023-06-22,11650610,방배2동,생활서비스,20254,62320923,2890,74.38,1000000,69.01,Y,소상공인신용대출,600000,11650610_생활서비스
SUB04_001937,C04_0347,예금,32400000,2023-08-25,11290580,돈암1동,미용·뷰티,20254,188447908,3460,5.47,1590000,7.13,N,없음,0,11290580_미용·뷰티
SUB04_001938,C04_0415,ISA,9850000,2025-07-20,11500590,화곡본동,숙박,20254,761603511,21252,-1.82,1060000,2.08,Y,운전자금대출,500000,11500590_숙박
SUB04_001939,C04_0371,예금,47620000,2025-04-14,11470580,신월3동,여가·오락,20254,126551442,4245,-36.7,1220000,-30.84,Y,운전자금대출,700000,11470580_여가·오락
SUB04_001940,C04_1351,펀드,21700000,2024-01-29,11500540,화곡1동,식료품·편의소매,20254,18984453524,1765598,-1.05,159830000,-7.55,N,없음,0,11500540_식료품·편의소매
SUB04_001941,C04_1627,예금,41090000,2022-02-10,11200620,금호4가동,음식·음료,20254,4223512712,109089,2.62,42120000,-0.89,N,없음,0,11200620_음식·음료
SUB04_001942,C04_0803,ISA,19100000,2022-12-19,11230740,이문1동,가구·인테리어,20254,11178528,118,672.36,1000000,100.0,N,없음,0,11230740_가구·인테리어
SUB04_001943,C04_0647,ISA,12130000,2024-07-08,11680740,일원2동,식료품·편의소매,20254,1848726895,227739,-9.13,13010000,-14.69,Y,소상공인신용대출,3200000,11680740_식료품·편의소매
SUB04_001944,C04_1992,ISA,18430000,2025-08-01,11620665,서림동,음식·음료,20254,4769906624,188123,-0.78,35570000,6.53,N,없음,0,11620665_음식·음료
SUB04_001945,C04_1194,ISA,9970000,2023-12-28,11305545,송중동,식료품·편의소매,20254,15638758733,683085,8.75,79100000,-7.23,Y,시설자금대출,47500000,11305545_식료품·편의소매
SUB04_001946,C04_1731,펀드,27100000,2023-02-14,11140615,신당동,문화·취미·반려,20254,1434799933,3243,172.54,10470000,100.0,Y,소상공인신용대출,3000000,11140615_문화·취미·반려
SUB04_001947,C04_1682,펀드,7040000,2023-05-28,11710720,잠실7동,패션·잡화,20254,161807214,175,111.28,1280000,100.0,Y,운전자금대출,700000,11710720_패션·잡화
SUB04_001948,C04_1288,ISA,22830000,2025-06-10,11350621,중계1동,음식·음료,20254,1430740774,148866,-10.89,17020000,-20.38,Y,시설자금대출,10500000,11350621_음식·음료
SUB04_001949,C04_0159,적금,4260000,2024-04-01,11590660,대방동,음식·음료,20254,17988963710,611602,-1.86,104470000,4.82,N,없음,0,11590660_음식·음료
SUB04_001950,C04_0687,적금,3660000,2022-11-28,11620685,신사동,패션·잡화,20254,486561652,11501,26.1,2650000,34.73,Y,시설자금대출,1400000,11620685_패션·잡화
SUB04_001951,C04_0885,펀드,6560000,2024-11-24,11530730,고척2동,패션·잡화,20254,984325393,16588,69.32,7530000,60.42,N,없음,0,11530730_패션·잡화
SUB04_001952,C04_1829,적금,8140000,2025-06-04,11650520,서초2동,미용·뷰티,20254,8657733026,62419,-15.94,84590000,-26.51,Y,운전자금대출,39700000,11650520_미용·뷰티
SUB04_001953,C04_1054,적금,4430000,2023-12-08,11710570,오금동,자동차·운송서비스,20254,2895951009,12827,-5.71,19670000,-3.37,Y,운전자금대출,11300000,11710570_자동차·운송서비스
SUB04_001954,C04_1106,예금,37520000,2023-11-24,11410620,홍제1동,여가·오락,20254,317404725,2845,-12.07,1000000,-13.99,Y,소상공인신용대출,400000,11410620_여가·오락
SUB04_001955,C04_1929,펀드,10070000,2025-07-11,11110515,청운효자동,가구·인테리어,20254,206700645,9042,56.43,1000000,55.35,Y,시설자금대출,400000,11110515_가구·인테리어
SUB04_001956,C04_0524,적금,4060000,2022-09-06,11530550,구로4동,음식·음료,20254,12580339567,512133,-12.56,60400000,-27.11,N,없음,0,11530550_음식·음료
SUB04_001957,C04_1380,ISA,16550000,2024-02-15,11650620,방배3동,식료품·편의소매,20254,1499912746,179189,-6.25,9170000,-16.98,N,없음,0,11650620_식료품·편의소매
SUB04_001958,C04_0806,펀드,10470000,2024-05-29,11305625,수유2동,음식·음료,20254,7016865413,199562,3.92,23190000,8.96,N,없음,0,11305625_음식·음료
SUB04_001959,C04_0257,펀드,12950000,2022-05-24,11215780,능동,여가·오락,20254,542098145,14054,-8.53,5620000,-30.66,Y,운전자금대출,3300000,11215780_여가·오락
SUB04_001960,C04_0027,펀드,25080000,2023-05-11,11230660,장안2동,가구·인테리어,20254,15398068346,192090,-1.35,213820000,27.33,Y,소상공인신용대출,78400000,11230660_가구·인테리어
SUB04_001961,C04_0546,예금,41610000,2022-04-27,11320514,창4동,여가·오락,20254,1159131091,161748,6.68,12780000,-0.83,Y,시설자금대출,4000000,11320514_여가·오락
SUB04_001962,C04_1660,ISA,16340000,2024-09-23,11470610,신월6동,자동차·운송서비스,20254,31266034,233,24.36,1000000,17.88,N,없음,0,11470610_자동차·운송서비스
SUB04_001963,C04_0852,예금,41040000,2025-06-30,11530540,구로3동,식료품·편의소매,20254,21234433961,2585024,-6.16,186710000,12.56,N,없음,0,11530540_식료품·편의소매
SUB04_001964,C04_1068,펀드,6900000,2023-05-24,11215850,구의1동,가구·인테리어,20254,18154391151,124850,88.6,130220000,79.91,Y,소상공인신용대출,41700000,11215850_가구·인테리어
SUB04_001965,C04_1574,예금,60410000,2023-03-12,11530730,고척2동,전자기기·수리,20254,41633594,2073,-18.2,1000000,-5.51,N,없음,0,11530730_전자기기·수리
SUB04_001966,C04_1743,예금,28690000,2022-01-05,11680740,일원2동,문화·취미·반려,20254,66364821,4012,36.65,1000000,43.27,N,없음,0,11680740_문화·취미·반려
SUB04_001967,C04_1788,펀드,12140000,2025-03-03,11440630,신수동,음식·음료,20254,5368322326,324283,3.62,65480000,25.04,N,없음,0,11440630_음식·음료
SUB04_001968,C04_1204,펀드,16450000,2024-05-02,11290725,월곡2동,패션·잡화,20254,954553011,12625,-19.39,4030000,-6.65,N,없음,0,11290725_패션·잡화
SUB04_001969,C04_0006,ISA,13440000,2024-08-03,11560700,대림1동,생활서비스,20254,36054840,1318,73.66,1000000,73.29,Y,소상공인신용대출,300000,11560700_생활서비스
SUB04_001970,C04_0917,적금,3150000,2025-09-08,11650620,방배3동,자동차·운송서비스,20254,86475909,1185,-3.07,1000000,11.76,Y,소상공인신용대출,300000,11650620_자동차·운송서비스
SUB04_001971,C04_1100,펀드,14950000,2024-11-22,11230560,전농1동,패션·잡화,20254,1263784473,13011,23.9,14470000,14.01,Y,운전자금대출,4700000,11230560_패션·잡화
SUB04_001972,C04_1964,펀드,11380000,2023-06-10,11140635,약수동,문화·취미·반려,20254,1830292493,82483,2.2,8180000,10.4,Y,시설자금대출,2700000,11140635_문화·취미·반려
SUB04_001973,C04_0476,ISA,19690000,2025-07-07,11500640,방화2동,숙박,20254,124355368,1764,0.24,1000000,1.01,Y,운전자금대출,500000,11500640_숙박
SUB04_001974,C04_1825,펀드,15630000,2024-01-06,11140615,신당동,숙박,20254,52029398,1074,-15.9,1000000,-53.23,Y,시설자금대출,700000,11140615_숙박
SUB04_001975,C04_1344,예금,30130000,2022-03-04,11200645,옥수동,식료품·편의소매,20254,568961615,53820,-6.42,6040000,-2.5,Y,운전자금대출,2900000,11200645_식료품·편의소매
SUB04_001976,C04_0200,펀드,18810000,2025-02-11,11290555,삼선동,전자기기·수리,20254,1071442991,3786,-34.77,27890000,-45.28,Y,운전자금대출,17100000,11290555_전자기기·수리
SUB04_001977,C04_1030,ISA,9530000,2025-06-02,11110670,창신1동,여가·오락,20254,193097598,17661,7.56,1540000,19.7,Y,운전자금대출,600000,11110670_여가·오락
SUB04_001978,C04_1985,ISA,12940000,2025-01-15,11680650,역삼2동,가구·인테리어,20254,1428110623,29403,37.05,14570000,27.09,Y,시설자금대출,8500000,11680650_가구·인테리어
SUB04_001979,C04_1576,펀드,14440000,2025-11-05,11440740,상암동,생활서비스,20254,157214130,8037,40.91,1000000,18.68,N,없음,0,11440740_생활서비스
SUB04_001980,C04_1256,적금,1640000,2025-04-21,11140540,회현동,패션·잡화,20254,87830033453,1159739,30.32,620460000,69.57,N,없음,0,11140540_패션·잡화
SUB04_001981,C04_1570,펀드,22390000,2022-03-01,11560550,당산1동,자동차·운송서비스,20254,247963056,1587,-16.79,1040000,-27.76,N,없음,0,11560550_자동차·운송서비스
SUB04_001982,C04_1072,ISA,26300000,2023-08-10,11440585,도화동,전자기기·수리,20254,533288342,3122,-70.44,2080000,-70.0,N,없음,0,11440585_전자기기·수리
SUB04_001983,C04_1275,예금,16670000,2024-03-28,11530520,구로1동,생활서비스,20254,33031006,2545,10.64,1000000,0.46,N,없음,0,11530520_생활서비스
SUB04_001984,C04_1077,적금,4110000,2025-02-17,11305545,송중동,음식·음료,20254,22018159025,783249,4.2,97490000,-13.12,N,없음,0,11305545_음식·음료
SUB04_001985,C04_1190,펀드,7690000,2025-09-16,11320513,창3동,패션·잡화,20254,293945580,9242,0.14,2380000,4.47,N,없음,0,11320513_패션·잡화
SUB04_001986,C04_1126,ISA,36910000,2024-02-20,11710532,거여2동,자동차·운송서비스,20254,243199137,1126,-5.92,1760000,-15.1,N,없음,0,11710532_자동차·운송서비스
SUB04_001987,C04_0697,예금,37420000,2023-07-09,11530760,개봉3동,여가·오락,20254,467600679,52635,1.68,8470000,5.46,Y,운전자금대출,3500000,11530760_여가·오락
SUB04_001988,C04_0247,적금,3310000,2023-04-10,11290760,장위1동,식료품·편의소매,20254,3739845073,395649,-3.3,17020000,-15.6,Y,운전자금대출,9200000,11290760_식료품·편의소매
SUB04_001989,C04_0979,적금,3880000,2022-08-31,11740570,암사1동,패션·잡화,20254,1290152674,40275,4.61,3230000,4.0,N,없음,0,11740570_패션·잡화
SUB04_001990,C04_1632,펀드,7090000,2025-11-19,11590540,상도2동,여가·오락,20254,237796985,6073,-17.94,1000000,-3.77,Y,운전자금대출,400000,11590540_여가·오락
SUB04_001991,C04_0967,ISA,17800000,2022-08-29,11650652,양재2동,자동차·운송서비스,20254,9479701620,40063,1.28,130100000,14.47,Y,소상공인신용대출,74100000,11650652_자동차·운송서비스
SUB04_001992,C04_1690,펀드,42350000,2023-06-10,11440655,서강동,여가·오락,20254,144469979,10350,1.47,1130000,-8.94,N,없음,0,11440655_여가·오락
SUB04_001993,C04_1982,펀드,19190000,2025-10-10,11215830,자양2동,미용·뷰티,20254,418439849,11660,-11.13,4200000,-11.43,N,없음,0,11215830_미용·뷰티
SUB04_001994,C04_1984,펀드,11120000,2025-12-13,11290770,장위2동,여가·오락,20254,100794204,5284,-5.45,1000000,8.11,Y,운전자금대출,200000,11290770_여가·오락
SUB04_001995,C04_1552,ISA,14130000,2022-02-24,11560710,대림2동,가구·인테리어,20254,74127785,2350,-36.49,1000000,-39.96,Y,운전자금대출,500000,11560710_가구·인테리어
SUB04_001996,C04_0243,ISA,30540000,2023-05-26,11440655,서강동,식료품·편의소매,20254,5696058392,1078503,2.18,45200000,-4.4,N,없음,0,11440655_식료품·편의소매
SUB04_001997,C04_0160,적금,6620000,2025-01-05,11710647,위례동,미용·뷰티,20254,560088104,6705,0.16,10000000,-0.35,Y,운전자금대출,3300000,11710647_미용·뷰티
SUB04_001998,C04_0540,적금,3220000,2025-12-22,11320512,창2동,생활서비스,20254,29943395,1585,66.7,1000000,64.53,N,없음,0,11320512_생활서비스
SUB04_001999,C04_0601,예금,64750000,2023-06-12,11650520,서초2동,여가·오락,20254,502991830,6782,14.62,3710000,0.34,N,없음,0,11650520_여가·오락
SUB04_002000,C04_0999,펀드,16920000,2024-04-19,11290555,삼선동,전자기기·수리,20254,1071442991,3786,-34.77,9430000,-44.42,Y,소상공인신용대출,6400000,11290555_전자기기·수리
SUB04_002001,C04_0028,ISA,16280000,2024-04-16,11530550,구로4동,숙박,20254,283542110,4972,41.84,1800000,36.02,N,없음,0,11530550_숙박
SUB04_002002,C04_1939,ISA,16790000,2025-01-19,11545710,시흥5동,가구·인테리어,20254,74141623,627,-39.76,1000000,-24.87,N,없음,0,11545710_가구·인테리어
SUB04_002003,C04_1323,ISA,12460000,2025-04-10,11650580,반포3동,전자기기·수리,20254,125338163,3412,-20.66,1000000,-15.69,Y,시설자금대출,500000,11650580_전자기기·수리
SUB04_002004,C04_1935,펀드,3760000,2025-05-14,11110615,종로1·2·3·4가동,가구·인테리어,20254,38672878470,176986,-6.48,120220000,-5.63,Y,소상공인신용대출,78800000,11110615_가구·인테리어
SUB04_002005,C04_1036,펀드,5240000,2025-05-21,11545610,독산1동,미용·뷰티,20254,1326931010,19991,8.63,11350000,11.91,Y,운전자금대출,2400000,11545610_미용·뷰티
SUB04_002006,C04_1490,펀드,37590000,2022-07-07,11590670,신대방1동,생활서비스,20254,71970959,4679,43.11,1000000,35.65,N,없음,0,11590670_생활서비스
SUB04_002007,C04_0913,펀드,11490000,2022-05-25,11680670,개포2동,문화·취미·반려,20254,102908922,3684,-25.16,1000000,-21.6,Y,시설자금대출,600000,11680670_문화·취미·반려
SUB04_002008,C04_0315,ISA,18300000,2025-11-19,11470630,신정2동,패션·잡화,20254,295168003,2792,-26.5,1000000,-17.28,Y,운전자금대출,500000,11470630_패션·잡화
SUB04_002009,C04_0492,적금,3530000,2025-06-18,11260690,신내2동,여가·오락,20254,21725156,1637,13.78,1000000,11.05,N,없음,0,11260690_여가·오락
SUB04_002010,C04_1348,펀드,13380000,2023-08-11,11290810,석관동,문화·취미·반려,20254,208185261,9628,32.72,1840000,32.38,Y,소상공인신용대출,1200000,11290810_문화·취미·반려
SUB04_002011,C04_1192,ISA,14050000,2024-04-26,11500520,등촌1동,자동차·운송서비스,20254,8406660685,37420,4.39,82220000,17.02,Y,운전자금대출,52800000,11500520_자동차·운송서비스
SUB04_002012,C04_0479,적금,7590000,2024-03-16,11215810,광장동,자동차·운송서비스,20254,788431750,5088,-1.77,6230000,-5.72,N,없음,0,11215810_자동차·운송서비스
SUB04_002013,C04_0139,적금,2490000,2025-11-27,11470590,신월4동,생활서비스,20254,17072360,869,105.23,1000000,100.0,Y,운전자금대출,600000,11470590_생활서비스
SUB04_002014,C04_0507,ISA,12410000,2023-11-29,11650600,방배1동,패션·잡화,20254,1217916766,9925,-50.3,2370000,-43.69,Y,시설자금대출,1400000,11650600_패션·잡화
SUB04_002015,C04_0362,ISA,7210000,2025-09-15,11590520,노량진2동,패션·잡화,20254,56429092,515,16.18,1000000,8.09,Y,운전자금대출,300000,11590520_패션·잡화
SUB04_002016,C04_0115,적금,3170000,2023-02-24,11230750,이문2동,생활서비스,20254,49757359,1986,63.52,1000000,50.21,Y,운전자금대출,400000,11230750_생활서비스
SUB04_002017,C04_1242,펀드,9970000,2025-09-27,11710642,문정2동,음식·음료,20254,41494598269,2095778,-0.14,391230000,13.33,Y,운전자금대출,232500000,11710642_음식·음료
SUB04_002018,C04_1372,예금,24240000,2024-06-07,11350640,상계2동,문화·취미·반려,20254,799836036,35532,11.8,9600000,12.15,N,없음,0,11350640_문화·취미·반려
SUB04_002019,C04_0352,예금,71010000,2023-10-18,11500540,화곡1동,생활서비스,20254,160770263,8086,110.73,1000000,100.0,Y,소상공인신용대출,200000,11500540_생활서비스
SUB04_002020,C04_1520,펀드,13050000,2025-02-08,11590640,사당3동,패션·잡화,20254,252827588,3375,0.25,1810000,20.58,Y,시설자금대출,1100000,11590640_패션·잡화
SUB04_002021,C04_0578,ISA,48730000,2023-07-08,11230740,이문1동,식료품·편의소매,20254,7525245424,924100,7.72,107350000,4.52,N,없음,0,11230740_식료품·편의소매
SUB04_002022,C04_0148,ISA,15080000,2024-10-04,11740550,고덕1동,문화·취미·반려,20254,17785879,4536,-5.07,1000000,-1.62,N,없음,0,11740550_문화·취미·반려
SUB04_002023,C04_0461,적금,4800000,2023-07-17,11290715,월곡1동,미용·뷰티,20254,380492358,7842,-5.9,4260000,0.4,N,없음,0,11290715_미용·뷰티
SUB04_002024,C04_1101,펀드,18770000,2023-02-18,11260565,면목본동,식료품·편의소매,20254,28057683525,1982315,6.2,185720000,5.3,N,없음,0,11260565_식료품·편의소매
SUB04_002025,C04_0331,적금,4820000,2025-06-10,11650581,반포4동,자동차·운송서비스,20254,1566130632,6185,5.81,7330000,5.08,Y,운전자금대출,3000000,11650581_자동차·운송서비스
SUB04_002026,C04_0271,적금,3460000,2025-06-17,11740530,명일1동,여가·오락,20254,531564768,21513,12.63,4900000,21.53,Y,운전자금대출,2200000,11740530_여가·오락
SUB04_002027,C04_1397,예금,8370000,2022-10-10,11215830,자양2동,음식·음료,20254,6213640806,299769,1.54,54530000,-5.62,N,없음,0,11215830_음식·음료
SUB04_002028,C04_0813,ISA,32540000,2025-02-07,11290810,석관동,패션·잡화,20254,1129730109,20905,1.79,17010000,-20.84,N,없음,0,11290810_패션·잡화
SUB04_002029,C04_0497,예금,29820000,2023-04-17,11440630,신수동,미용·뷰티,20254,153384087,3694,-9.93,1330000,-26.5,N,없음,0,11440630_미용·뷰티
SUB04_002030,C04_1957,예금,44430000,2022-08-05,11650610,방배2동,식료품·편의소매,20254,4676677586,331179,2.76,22110000,-13.02,N,없음,0,11650610_식료품·편의소매
SUB04_002031,C04_1351,ISA,15070000,2025-11-19,11500540,화곡1동,식료품·편의소매,20254,18984453524,1765598,-1.05,159830000,-7.55,N,없음,0,11500540_식료품·편의소매
SUB04_002032,C04_1571,펀드,12640000,2024-01-03,11500570,화곡4동,자동차·운송서비스,20254,547036321,3487,3.44,1510000,7.05,N,없음,0,11500570_자동차·운송서비스
SUB04_002033,C04_1213,적금,2080000,2025-05-29,11590640,사당3동,패션·잡화,20254,252827588,3375,0.25,1390000,-9.18,Y,시설자금대출,400000,11590640_패션·잡화
SUB04_002034,C04_1478,예금,33550000,2023-02-27,11230705,청량리동,가구·인테리어,20254,84289902,4382,-73.01,1000000,-70.0,Y,운전자금대출,600000,11230705_가구·인테리어
SUB04_002035,C04_0492,예금,39680000,2024-10-11,11260690,신내2동,여가·오락,20254,21725156,1637,13.78,1000000,11.05,N,없음,0,11260690_여가·오락
SUB04_002036,C04_0164,예금,41790000,2022-04-25,11230536,용신동,미용·뷰티,20254,1295054878,12144,-38.06,5340000,-30.04,Y,운전자금대출,2400000,11230536_미용·뷰티
SUB04_002037,C04_0723,ISA,18140000,2022-12-16,11260630,묵2동,전자기기·수리,20254,759479601,3422,-28.23,8270000,-12.03,Y,운전자금대출,2900000,11260630_전자기기·수리
SUB04_002038,C04_1823,펀드,12140000,2024-10-13,11470530,목3동,문화·취미·반려,20254,268174828,9291,20.0,1410000,26.95,N,없음,0,11470530_문화·취미·반려
SUB04_002039,C04_0287,ISA,36720000,2024-11-28,11410585,신촌동,가구·인테리어,20254,288719509,5868,142.52,2300000,100.0,N,없음,0,11410585_가구·인테리어
SUB04_002040,C04_0835,펀드,8140000,2024-03-21,11710532,거여2동,문화·취미·반려,20254,116017537,3581,-56.99,1000000,-65.97,Y,소상공인신용대출,700000,11710532_문화·취미·반려
SUB04_002041,C04_1571,펀드,9980000,2022-08-23,11500570,화곡4동,자동차·운송서비스,20254,547036321,3487,3.44,1510000,7.05,N,없음,0,11500570_자동차·운송서비스
SUB04_002042,C04_1624,ISA,11960000,2025-07-25,11500611,발산1동,가구·인테리어,20254,443531809,12935,-20.04,1890000,-9.86,N,없음,0,11500611_가구·인테리어
SUB04_002043,C04_0086,펀드,26210000,2025-07-18,11290810,석관동,미용·뷰티,20254,2034426244,30760,-4.17,14560000,-15.01,Y,시설자금대출,4200000,11290810_미용·뷰티
SUB04_002044,C04_0799,ISA,22950000,2024-04-09,11440740,상암동,패션·잡화,20254,925585603,11425,3.59,5760000,17.63,Y,운전자금대출,3000000,11440740_패션·잡화
SUB04_002045,C04_0793,ISA,29840000,2025-11-29,11290780,장위3동,문화·취미·반려,20254,3471469,421,-22.19,1000000,-43.63,Y,운전자금대출,400000,11290780_문화·취미·반려
SUB04_002046,C04_1961,예금,66330000,2025-01-27,11140625,다산동,미용·뷰티,20254,330880553,5599,5.11,2600000,8.98,N,없음,0,11140625_미용·뷰티
SUB04_002047,C04_0615,적금,3260000,2023-11-18,11530780,오류2동,전자기기·수리,20254,1427877447,1889,149.12,8840000,100.0,Y,시설자금대출,5600000,11530780_전자기기·수리
SUB04_002048,C04_1396,적금,8790000,2023-05-07,11200690,성수2가3동,패션·잡화,20254,28612143367,261423,40.21,158830000,35.77,N,없음,0,11200690_패션·잡화
SUB04_002049,C04_0618,예금,28770000,2024-12-06,11500510,염창동,전자기기·수리,20254,13327926570,10340,-6.11,84100000,-2.4,Y,운전자금대출,18800000,11500510_전자기기·수리
SUB04_002050,C04_0051,ISA,43350000,2023-07-08,11140670,황학동,가구·인테리어,20254,6152389304,22334,-11.66,35660000,1.03,Y,시설자금대출,11000000,11140670_가구·인테리어
SUB04_002051,C04_1093,펀드,14450000,2025-09-18,11170560,원효로1동,식료품·편의소매,20254,2386669668,320890,-21.0,8820000,-22.18,Y,운전자금대출,6000000,11170560_식료품·편의소매
SUB04_002052,C04_1750,ISA,21460000,2024-07-26,11305535,미아동,자동차·운송서비스,20254,452779044,1809,4.96,3250000,15.38,N,없음,0,11305535_자동차·운송서비스
SUB04_002053,C04_0725,ISA,11040000,2024-09-09,11500640,방화2동,식료품·편의소매,20254,6525687631,518384,-3.71,18520000,-4.74,N,없음,0,11500640_식료품·편의소매
SUB04_002054,C04_1516,예금,41520000,2023-02-10,11710570,오금동,생활서비스,20254,152927944,7422,68.46,1160000,73.63,Y,소상공인신용대출,600000,11710570_생활서비스
SUB04_002055,C04_1980,펀드,11790000,2022-06-25,11305645,우이동,자동차·운송서비스,20254,1039339927,4345,35.31,16880000,51.93,N,없음,0,11305645_자동차·운송서비스
SUB04_002056,C04_1279,펀드,7540000,2025-10-26,11500540,화곡1동,패션·잡화,20254,3472493914,37745,25.32,16630000,25.0,Y,운전자금대출,9100000,11500540_패션·잡화
SUB04_002057,C04_1626,ISA,12760000,2024-10-12,11560585,도림동,전자기기·수리,20254,169481635,2892,76.53,1480000,79.41,N,없음,0,11560585_전자기기·수리
SUB04_002058,C04_1906,예금,29860000,2024-08-20,11110710,숭인2동,가구·인테리어,20254,197204215,4713,-36.82,1000000,-53.04,Y,운전자금대출,500000,11110710_가구·인테리어
SUB04_002059,C04_0992,펀드,18470000,2025-03-18,11215740,중곡1동,자동차·운송서비스,20254,956804004,5142,2.1,5510000,-5.45,N,없음,0,11215740_자동차·운송서비스
SUB04_002060,C04_0040,예금,16900000,2025-09-08,11215860,구의2동,문화·취미·반려,20254,228734326,15126,32.24,2230000,8.56,Y,운전자금대출,1000000,11215860_문화·취미·반려
SUB04_002061,C04_1888,ISA,13710000,2024-01-27,11230536,용신동,여가·오락,20254,1199939779,21709,-6.41,5140000,-9.23,Y,운전자금대출,1700000,11230536_여가·오락
SUB04_002062,C04_0464,ISA,23430000,2022-06-18,11620725,조원동,미용·뷰티,20254,1362834585,21001,19.72,7910000,0.46,Y,시설자금대출,1600000,11620725_미용·뷰티
SUB04_002063,C04_0514,적금,3020000,2022-08-10,11530730,고척2동,여가·오락,20254,277014762,6827,33.83,2390000,27.84,Y,소상공인신용대출,600000,11530730_여가·오락
SUB04_002064,C04_0852,적금,6720000,2022-06-13,11530540,구로3동,식료품·편의소매,20254,21234433961,2585024,-6.16,186710000,12.56,N,없음,0,11530540_식료품·편의소매
SUB04_002065,C04_0641,적금,5710000,2023-10-09,11215820,자양1동,미용·뷰티,20254,1070407506,26189,-1.19,8030000,16.43,N,없음,0,11215820_미용·뷰티
SUB04_002066,C04_0616,예금,16730000,2022-04-23,11215850,구의1동,미용·뷰티,20254,614688468,13750,-14.14,5610000,-13.2,N,없음,0,11215850_미용·뷰티
SUB04_002067,C04_0628,적금,4390000,2022-09-14,11680670,개포2동,음식·음료,20254,10702699641,575532,12.71,88780000,8.19,Y,운전자금대출,35000000,11680670_음식·음료
SUB04_002068,C04_1849,펀드,18840000,2023-09-21,11170640,이촌2동,생활서비스,20254,20332462,2009,21.06,1000000,-7.23,N,없음,0,11170640_생활서비스
SUB04_002069,C04_1756,적금,2570000,2023-09-17,11440740,상암동,미용·뷰티,20254,2300199969,27864,-0.96,5970000,-1.57,Y,시설자금대출,3300000,11440740_미용·뷰티
SUB04_002070,C04_0830,ISA,4260000,2025-10-22,11320514,창4동,숙박,20254,396435535,13448,10.32,2230000,-9.6,N,없음,0,11320514_숙박
SUB04_002071,C04_0736,펀드,18530000,2024-08-28,11215820,자양1동,문화·취미·반려,20254,837848274,5390,184.14,6100000,100.0,Y,운전자금대출,2300000,11215820_문화·취미·반려
SUB04_002072,C04_1473,적금,6270000,2023-04-17,11260540,면목4동,여가·오락,20254,246693585,7862,16.36,1550000,4.81,N,없음,0,11260540_여가·오락
SUB04_002073,C04_1171,ISA,24780000,2024-12-25,11680650,역삼2동,자동차·운송서비스,20254,87336707,768,-37.82,1000000,-35.4,Y,소상공인신용대출,500000,11680650_자동차·운송서비스
SUB04_002074,C04_1169,ISA,28840000,2025-10-23,11560560,당산2동,전자기기·수리,20254,441209551,8099,-3.86,2450000,-11.17,N,없음,0,11560560_전자기기·수리
SUB04_002075,C04_0757,ISA,10000000,2024-04-29,11140670,황학동,패션·잡화,20254,1360198637,14302,16.69,26390000,27.62,N,없음,0,11140670_패션·잡화
SUB04_002076,C04_1966,펀드,7810000,2025-04-28,11545670,시흥1동,음식·음료,20254,22178185588,905524,4.16,285680000,24.94,Y,소상공인신용대출,102700000,11545670_음식·음료
SUB04_002077,C04_1705,펀드,18220000,2023-12-21,11710531,거여1동,문화·취미·반려,20254,15000000,41,0.0,1000000,-5.35,N,없음,0,11710531_문화·취미·반려
SUB04_002078,C04_1672,ISA,8710000,2024-06-09,11200650,성수1가1동,여가·오락,20254,173074431,3122,16.0,1680000,10.34,Y,운전자금대출,1000000,11200650_여가·오락
SUB04_002079,C04_1343,예금,26280000,2022-05-21,11440630,신수동,문화·취미·반려,20254,2021039976,6355,299.2,15720000,100.0,Y,운전자금대출,2400000,11440630_문화·취미·반려
SUB04_002080,C04_0464,적금,2610000,2022-07-13,11620725,조원동,미용·뷰티,20254,1362834585,21001,19.72,7910000,0.46,Y,시설자금대출,1600000,11620725_미용·뷰티
SUB04_002081,C04_1881,펀드,15120000,2024-05-10,11620625,인헌동,패션·잡화,20254,1596102860,19991,13.08,7640000,20.65,N,없음,0,11620625_패션·잡화
SUB04_002082,C04_0376,펀드,15050000,2025-06-01,11440655,서강동,식료품·편의소매,20254,5696058392,1078503,2.18,48860000,22.43,N,없음,0,11440655_식료품·편의소매
SUB04_002083,C04_1778,ISA,9820000,2024-03-12,11410690,남가좌1동,미용·뷰티,20254,76774461,2194,-7.29,1000000,-9.55,Y,운전자금대출,300000,11410690_미용·뷰티
SUB04_002084,C04_0501,예금,57390000,2022-01-23,11440600,대흥동,생활서비스,20254,38743072,1393,46.62,1000000,23.87,N,없음,0,11440600_생활서비스
SUB04_002085,C04_1497,예금,24330000,2023-05-17,11650581,반포4동,가구·인테리어,20254,638562499,362,77.48,2240000,70.08,N,없음,0,11650581_가구·인테리어
SUB04_002086,C04_1202,적금,8960000,2022-03-03,11680750,수서동,여가·오락,20254,155029262,10203,13.47,1000000,12.34,N,없음,0,11680750_여가·오락
SUB04_002087,C04_1211,예금,34130000,2025-06-15,11215847,자양4동,생활서비스,20254,247722136,11646,22.36,2210000,26.4,Y,운전자금대출,1000000,11215847_생활서비스
SUB04_002088,C04_1907,펀드,7850000,2024-05-03,11470670,신정6동,식료품·편의소매,20254,504901985,65119,1.81,1200000,-12.58,N,없음,0,11470670_식료품·편의소매
SUB04_002089,C04_0492,예금,17480000,2023-04-28,11260690,신내2동,여가·오락,20254,21725156,1637,13.78,1000000,11.05,N,없음,0,11260690_여가·오락
SUB04_002090,C04_1366,ISA,14290000,2023-04-23,11500530,등촌2동,패션·잡화,20254,306070492,14431,-27.28,2380000,-8.94,Y,소상공인신용대출,700000,11500530_패션·잡화
SUB04_002091,C04_0601,적금,4640000,2022-12-22,11650520,서초2동,여가·오락,20254,502991830,6782,14.62,3710000,0.34,N,없음,0,11650520_여가·오락
SUB04_002092,C04_0834,ISA,26850000,2025-05-15,11110615,종로1·2·3·4가동,여가·오락,20254,2522135871,136590,2.39,16630000,-1.44,Y,운전자금대출,7000000,11110615_여가·오락
SUB04_002093,C04_0490,ISA,19300000,2023-06-22,11215840,자양3동,미용·뷰티,20254,416364415,7895,4.45,9940000,7.29,N,없음,0,11215840_미용·뷰티
SUB04_002094,C04_0978,ISA,11300000,2024-07-25,11680545,압구정동,전자기기·수리,20254,66273002,822,1331.67,1000000,100.0,N,없음,0,11680545_전자기기·수리
SUB04_002095,C04_0315,예금,36990000,2024-08-27,11470630,신정2동,패션·잡화,20254,295168003,2792,-26.5,1000000,-17.28,Y,운전자금대출,500000,11470630_패션·잡화
SUB04_002096,C04_0768,펀드,4670000,2024-09-19,11260565,면목본동,숙박,20254,19593907,512,-45.6,1000000,-44.75,N,없음,0,11260565_숙박
SUB04_002097,C04_0398,적금,8180000,2025-12-16,11380650,수색동,미용·뷰티,20254,59158294,1508,-54.4,1000000,-48.57,N,없음,0,11380650_미용·뷰티
SUB04_002098,C04_0067,펀드,10170000,2025-08-11,11560720,대림3동,패션·잡화,20254,1350358132,23689,3.68,11880000,7.97,Y,소상공인신용대출,4600000,11560720_패션·잡화
SUB04_002099,C04_1730,ISA,15890000,2022-11-24,11440660,서교동,식료품·편의소매,20254,38119519216,3466863,4.34,337270000,12.93,Y,소상공인신용대출,173100000,11440660_식료품·편의소매
SUB04_002100,C04_0590,펀드,15090000,2023-01-27,11710532,거여2동,자동차·운송서비스,20254,243199137,1126,-5.92,1100000,-8.46,N,없음,0,11710532_자동차·운송서비스
SUB04_002101,C04_1088,ISA,15720000,2025-08-08,11290590,돈암2동,음식·음료,20254,1463232846,187811,-1.09,12060000,5.78,N,없음,0,11290590_음식·음료
SUB04_002102,C04_1411,예금,49540000,2022-01-11,11320521,도봉1동,전자기기·수리,20254,327001267,3469,-36.28,1500000,-37.87,Y,시설자금대출,900000,11320521_전자기기·수리
SUB04_002103,C04_0929,예금,41050000,2023-01-14,11215860,구의2동,전자기기·수리,20254,1211537986,11993,16.85,5930000,-2.33,Y,소상공인신용대출,2800000,11215860_전자기기·수리
SUB04_002104,C04_0363,ISA,13580000,2025-01-17,11440555,아현동,음식·음료,20254,4524019769,227668,-10.77,45850000,-13.91,Y,운전자금대출,31000000,11440555_음식·음료
SUB04_002105,C04_1342,펀드,3710000,2024-11-23,11440730,성산2동,문화·취미·반려,20254,390436603,4427,-29.87,5350000,-25.84,Y,시설자금대출,3000000,11440730_문화·취미·반려
SUB04_002106,C04_1517,펀드,14060000,2022-09-21,11260565,면목본동,음식·음료,20254,18199126770,728549,0.61,120230000,3.36,N,없음,0,11260565_음식·음료
SUB04_002107,C04_1396,펀드,4340000,2022-02-06,11200690,성수2가3동,패션·잡화,20254,28612143367,261423,40.21,158830000,35.77,N,없음,0,11200690_패션·잡화
SUB04_002108,C04_0084,적금,6170000,2024-09-28,11305603,번2동,음식·음료,20254,1695488636,52403,15.73,5770000,27.68,N,없음,0,11305603_음식·음료
SUB04_002109,C04_0174,ISA,12920000,2024-07-07,11140635,약수동,음식·음료,20254,8356377865,338323,4.09,144910000,1.82,N,없음,0,11140635_음식·음료
SUB04_002110,C04_1248,적금,10240000,2022-01-11,11680750,수서동,식료품·편의소매,20254,25463554565,3081242,0.06,106540000,-1.38,Y,시설자금대출,66200000,11680750_식료품·편의소매
SUB04_002111,C04_1507,ISA,8560000,2025-06-11,11260590,상봉2동,패션·잡화,20254,2595296620,26599,38.49,24110000,49.13,N,없음,0,11260590_패션·잡화
SUB04_002112,C04_0039,펀드,19340000,2024-06-30,11740520,상일동,식료품·편의소매,20254,1882963092,217035,0.96,15300000,-4.59,Y,운전자금대출,4500000,11740520_식료품·편의소매
SUB04_002113,C04_0050,펀드,5320000,2025-11-23,11305635,수유3동,문화·취미·반려,20254,715170920,11863,22.55,4960000,14.98,Y,운전자금대출,2300000,11305635_문화·취미·반려
SUB04_002114,C04_1622,적금,6930000,2022-10-27,11320522,도봉2동,여가·오락,20254,183510162,8042,42.21,1470000,21.73,Y,운전자금대출,700000,11320522_여가·오락
SUB04_002115,C04_1789,펀드,12340000,2023-07-07,11260570,면목7동,패션·잡화,20254,1839510336,27974,27.57,6410000,20.26,Y,소상공인신용대출,1700000,11260570_패션·잡화
SUB04_002116,C04_0958,펀드,14100000,2025-07-13,11620765,미성동,생활서비스,20254,89246650,3687,77.21,1000000,77.36,Y,운전자금대출,400000,11620765_생활서비스
SUB04_002117,C04_1129,예금,42320000,2024-01-02,11650600,방배1동,미용·뷰티,20254,4374083428,44970,-31.19,45380000,-52.37,Y,소상공인신용대출,32000000,11650600_미용·뷰티
SUB04_002118,C04_0631,펀드,18190000,2025-04-17,11290705,종암동,자동차·운송서비스,20254,195358355,1174,62.82,1500000,55.97,Y,소상공인신용대출,900000,11290705_자동차·운송서비스
SUB04_002119,C04_0072,펀드,8550000,2024-05-20,11410660,홍은1동,식료품·편의소매,20254,12217636887,432912,-20.65,128220000,-30.67,Y,운전자금대출,61100000,11410660_식료품·편의소매
SUB04_002120,C04_0605,펀드,11150000,2025-04-24,11305615,수유1동,숙박,20254,305292083,14631,-33.97,1820000,-24.55,Y,운전자금대출,1100000,11305615_숙박
SUB04_002121,C04_1474,예금,37940000,2023-01-25,11440590,용강동,문화·취미·반려,20254,8090791196,140693,12.67,56660000,16.67,Y,운전자금대출,23200000,11440590_문화·취미·반려
SUB04_002122,C04_1174,ISA,17310000,2022-12-09,11410620,홍제1동,문화·취미·반려,20254,28146035,846,43.44,1000000,41.69,Y,운전자금대출,600000,11410620_문화·취미·반려
SUB04_002123,C04_0319,펀드,13250000,2023-04-12,11290620,정릉1동,미용·뷰티,20254,149234311,4362,-8.69,1150000,3.42,Y,소상공인신용대출,500000,11290620_미용·뷰티
SUB04_002124,C04_1750,적금,4580000,2025-09-26,11305535,미아동,자동차·운송서비스,20254,452779044,1809,4.96,3250000,15.38,N,없음,0,11305535_자동차·운송서비스
SUB04_002125,C04_1095,예금,46460000,2024-04-15,11470510,목1동,여가·오락,20254,1328907983,111397,4.97,23090000,17.73,N,없음,0,11470510_여가·오락
SUB04_002126,C04_1651,ISA,19240000,2025-07-15,11740700,둔촌2동,생활서비스,20254,128286911,6068,19.85,1440000,7.82,N,없음,0,11740700_생활서비스
SUB04_002127,C04_1098,적금,2980000,2024-12-19,11545630,독산3동,생활서비스,20254,14950525,432,85.08,1000000,87.26,N,없음,0,11545630_생활서비스
SUB04_002128,C04_0245,예금,83180000,2022-08-31,11215860,구의2동,식료품·편의소매,20254,6205027646,468956,0.51,31950000,-0.23,Y,운전자금대출,10900000,11215860_식료품·편의소매
SUB04_002129,C04_0481,적금,14150000,2025-03-05,11470670,신정6동,미용·뷰티,20254,83357207,1320,8.04,1290000,19.78,Y,소상공인신용대출,200000,11470670_미용·뷰티
SUB04_002130,C04_0169,펀드,4920000,2024-08-21,11350665,상계3·4동,미용·뷰티,20254,185604473,4697,-9.42,2540000,-22.92,N,없음,0,11350665_미용·뷰티
SUB04_002131,C04_1950,적금,2440000,2023-12-01,11740600,천호1동,여가·오락,20254,288504601,9874,12.19,4620000,-8.56,N,없음,0,11740600_여가·오락
SUB04_002132,C04_0951,예금,36740000,2024-11-17,11380600,응암3동,미용·뷰티,20254,1330906280,35153,-13.23,15760000,-21.05,Y,운전자금대출,7800000,11380600_미용·뷰티
SUB04_002133,C04_0506,예금,31940000,2022-06-13,11590630,사당2동,자동차·운송서비스,20254,153805873,787,14.83,1030000,27.98,Y,소상공인신용대출,500000,11590630_자동차·운송서비스
SUB04_002134,C04_0741,예금,50900000,2025-06-30,11530720,고척1동,패션·잡화,20254,1102265180,10219,103.96,8570000,100.0,N,없음,0,11530720_패션·잡화
SUB04_002135,C04_0433,펀드,12570000,2023-03-01,11305615,수유1동,숙박,20254,305292083,14631,-33.97,1000000,-39.9,Y,운전자금대출,800000,11305615_숙박
SUB04_002136,C04_1897,적금,5740000,2025-06-09,11200620,금호4가동,미용·뷰티,20254,240504165,4275,-10.17,8720000,-4.07,Y,시설자금대출,4600000,11200620_미용·뷰티
SUB04_002137,C04_0610,적금,5250000,2025-09-22,11560700,대림1동,문화·취미·반려,20254,6448417,272,-16.97,1000000,-12.89,N,없음,0,11560700_문화·취미·반려
SUB04_002138,C04_1943,펀드,10710000,2022-01-06,11560670,신길5동,자동차·운송서비스,20254,1448550006,6560,12.74,13160000,11.6,Y,운전자금대출,4500000,11560670_자동차·운송서비스
SUB04_002139,C04_0898,예금,15170000,2024-09-02,11710710,잠실6동,여가·오락,20254,24903497,185,-50.02,1000000,-70.0,Y,운전자금대출,900000,11710710_여가·오락
SUB04_002140,C04_0002,ISA,11590000,2025-10-10,11305625,수유2동,생활서비스,20254,18089645,675,68.09,1000000,92.47,Y,운전자금대출,400000,11305625_생활서비스
SUB04_002141,C04_1492,예금,28760000,2023-04-29,11230710,회기동,패션·잡화,20254,909103133,12011,28.94,2220000,22.03,N,없음,0,11230710_패션·잡화
SUB04_002142,C04_1870,ISA,43630000,2025-02-06,11305625,수유2동,여가·오락,20254,625509736,65158,14.08,5720000,-10.1,N,없음,0,11305625_여가·오락
SUB04_002143,C04_1810,ISA,4970000,2023-04-01,11545710,시흥5동,미용·뷰티,20254,385256953,11026,-25.49,3520000,-35.69,Y,운전자금대출,2400000,11545710_미용·뷰티
SUB04_002144,C04_1691,펀드,23030000,2023-11-04,11530530,구로2동,문화·취미·반려,20254,2421925929,75190,0.24,9670000,1.09,Y,소상공인신용대출,5000000,11530530_문화·취미·반려
SUB04_002145,C04_1395,펀드,13800000,2022-08-15,11410720,북가좌2동,가구·인테리어,20254,3779909743,71911,-14.2,14710000,-10.13,N,없음,0,11410720_가구·인테리어
SUB04_002146,C04_1212,펀드,10080000,2022-04-28,11710646,장지동,미용·뷰티,20254,922779870,10033,23.0,8660000,-2.2,N,없음,0,11710646_미용·뷰티
SUB04_002147,C04_1710,예금,43290000,2022-11-01,11410720,북가좌2동,음식·음료,20254,11114289899,457741,3.96,177180000,8.54,Y,시설자금대출,53700000,11410720_음식·음료
SUB04_002148,C04_0697,펀드,11500000,2025-08-22,11530760,개봉3동,여가·오락,20254,467600679,52635,1.68,8470000,5.46,Y,운전자금대출,3500000,11530760_여가·오락
SUB04_002149,C04_0429,예금,45400000,2024-02-23,11320515,창5동,여가·오락,20254,1267620408,165897,1.18,23790000,8.39,Y,소상공인신용대출,14100000,11320515_여가·오락
SUB04_002150,C04_1588,펀드,15410000,2024-07-09,11500570,화곡4동,음식·음료,20254,7530947294,312010,-2.32,62850000,19.05,Y,시설자금대출,27500000,11500570_음식·음료
SUB04_002151,C04_1791,예금,34600000,2023-12-19,11200590,금호1가동,식료품·편의소매,20254,405188423,52183,6.13,3280000,16.38,N,없음,0,11200590_식료품·편의소매
SUB04_002152,C04_1571,적금,12130000,2024-05-16,11500570,화곡4동,자동차·운송서비스,20254,547036321,3487,3.44,1510000,7.05,N,없음,0,11500570_자동차·운송서비스
SUB04_002153,C04_0692,ISA,21330000,2024-12-10,11530510,신도림동,문화·취미·반려,20254,771657823,1949,209.4,7860000,100.0,Y,시설자금대출,4400000,11530510_문화·취미·반려
SUB04_002154,C04_0646,예금,19750000,2023-01-21,11110640,이화동,문화·취미·반려,20254,131001712,2728,90.44,1000000,83.49,N,없음,0,11110640_문화·취미·반려
SUB04_002155,C04_0825,적금,5630000,2024-03-21,11215847,자양4동,생활서비스,20254,247722136,11646,22.36,1660000,40.94,N,없음,0,11215847_생활서비스
SUB04_002156,C04_0957,적금,5900000,2023-04-23,11680690,개포4동,여가·오락,20254,341627523,4701,6.02,4280000,14.01,N,없음,0,11680690_여가·오락
SUB04_002157,C04_1922,예금,28440000,2024-05-22,11200720,송정동,여가·오락,20254,123412608,753,97.68,1000000,95.62,N,없음,0,11200720_여가·오락
SUB04_002158,C04_1586,펀드,19710000,2024-12-17,11440740,상암동,식료품·편의소매,20254,11049398340,1233695,-9.59,58650000,-17.85,Y,운전자금대출,35200000,11440740_식료품·편의소매
SUB04_002159,C04_0914,펀드,9890000,2025-05-03,11545680,시흥2동,음식·음료,20254,272671805,17737,-11.44,2740000,-17.3,Y,소상공인신용대출,1600000,11545680_음식·음료
SUB04_002160,C04_0592,적금,6970000,2023-12-08,11170570,원효로2동,음식·음료,20254,2764234807,140636,17.05,29070000,24.02,Y,소상공인신용대출,10300000,11170570_음식·음료
SUB04_002161,C04_0980,적금,4430000,2023-10-18,11200615,금호2·3가동,음식·음료,20254,6927224019,288598,-3.37,30860000,12.32,Y,운전자금대출,19400000,11200615_음식·음료
SUB04_002162,C04_0419,ISA,25600000,2023-06-02,11470680,신정7동,식료품·편의소매,20254,4390377226,486454,-4.08,31150000,1.03,Y,소상공인신용대출,13600000,11470680_식료품·편의소매
SUB04_002163,C04_1854,펀드,6820000,2025-01-03,11380632,신사2동,식료품·편의소매,20254,6793679831,196337,7.02,19620000,1.37,N,없음,0,11380632_식료품·편의소매
SUB04_002164,C04_1856,예금,37480000,2023-09-29,11260620,묵1동,패션·잡화,20254,13302502306,33532,23.32,129990000,40.96,N,없음,0,11260620_패션·잡화
SUB04_002165,C04_0913,펀드,17280000,2024-04-11,11680670,개포2동,문화·취미·반려,20254,102908922,3684,-25.16,1000000,-21.6,Y,시설자금대출,600000,11680670_문화·취미·반려
SUB04_002166,C04_1148,예금,39580000,2024-11-30,11530510,신도림동,음식·음료,20254,9745726627,312880,-2.27,85950000,-11.97,Y,운전자금대출,27700000,11530510_음식·음료
SUB04_002167,C04_1790,적금,3550000,2025-08-19,11545630,독산3동,가구·인테리어,20254,532185233,11060,12.86,5100000,14.88,Y,시설자금대출,2000000,11545630_가구·인테리어
SUB04_002168,C04_1386,ISA,14060000,2024-07-27,11350621,중계1동,자동차·운송서비스,20254,1012095862,7403,-0.54,6680000,0.53,N,없음,0,11350621_자동차·운송서비스
SUB04_002169,C04_0380,예금,17310000,2023-12-27,11740540,명일2동,미용·뷰티,20254,652894156,15035,-17.97,5270000,-14.89,Y,운전자금대출,2700000,11740540_미용·뷰티
SUB04_002170,C04_1189,예금,22920000,2025-07-31,11200650,성수1가1동,음식·음료,20254,9792073838,406780,6.51,91820000,-0.21,Y,운전자금대출,48000000,11200650_음식·음료
SUB04_002171,C04_0415,ISA,12280000,2023-09-25,11500590,화곡본동,숙박,20254,761603511,21252,-1.82,1060000,2.08,Y,운전자금대출,500000,11500590_숙박
SUB04_002172,C04_0337,ISA,3540000,2024-07-06,11290555,삼선동,음식·음료,20254,16670973186,594863,2.53,170040000,14.24,N,없음,0,11290555_음식·음료
SUB04_002173,C04_1935,펀드,11480000,2022-07-16,11110615,종로1·2·3·4가동,가구·인테리어,20254,38672878470,176986,-6.48,120220000,-5.63,Y,소상공인신용대출,78800000,11110615_가구·인테리어
SUB04_002174,C04_1609,적금,5050000,2023-01-11,11110700,숭인1동,미용·뷰티,20254,241896414,5005,8.04,2010000,12.39,Y,운전자금대출,800000,11110700_미용·뷰티
SUB04_002175,C04_0744,펀드,9170000,2022-05-10,11740530,명일1동,문화·취미·반려,20254,727035494,20775,13.02,3560000,18.67,Y,시설자금대출,900000,11740530_문화·취미·반려
SUB04_002176,C04_1884,ISA,33040000,2024-06-22,11560690,신길7동,문화·취미·반려,20254,786513,43,-39.91,1000000,-43.77,Y,운전자금대출,800000,11560690_문화·취미·반려
SUB04_002177,C04_1568,펀드,17020000,2025-06-17,11200560,행당1동,미용·뷰티,20254,1348220120,19255,1.33,8250000,1.24,Y,운전자금대출,2300000,11200560_미용·뷰티
SUB04_002178,C04_1712,적금,14120000,2022-12-23,11590560,상도4동,전자기기·수리,20254,85231273,2778,20.93,1000000,9.66,Y,운전자금대출,600000,11590560_전자기기·수리
SUB04_002179,C04_0738,펀드,14150000,2024-03-29,11350665,상계3·4동,문화·취미·반려,20254,101987,7,-84.74,1000000,-70.0,Y,운전자금대출,500000,11350665_문화·취미·반려
SUB04_002180,C04_0193,ISA,18740000,2024-07-08,11215840,자양3동,문화·취미·반려,20254,249588460,6071,111.91,1000000,100.0,N,없음,0,11215840_문화·취미·반려
SUB04_002181,C04_1129,ISA,18820000,2025-11-22,11650600,방배1동,미용·뷰티,20254,4374083428,44970,-31.19,45380000,-52.37,Y,소상공인신용대출,32000000,11650600_미용·뷰티
SUB04_002182,C04_1592,펀드,19300000,2025-09-13,11350640,상계2동,음식·음료,20254,41036934962,1641337,6.25,608790000,15.75,N,없음,0,11350640_음식·음료
SUB04_002183,C04_0915,적금,2760000,2025-09-09,11200690,성수2가3동,자동차·운송서비스,20254,4210300180,13126,-15.66,62020000,1.22,N,없음,0,11200690_자동차·운송서비스
SUB04_002184,C04_0575,ISA,49850000,2025-08-02,11500615,우장산동,미용·뷰티,20254,639203648,11026,19.09,6840000,23.31,N,없음,0,11500615_미용·뷰티
SUB04_002185,C04_0052,예금,33610000,2025-05-25,11740650,성내2동,전자기기·수리,20254,21334825,158,4.37,1000000,8.91,N,없음,0,11740650_전자기기·수리
SUB04_002186,C04_0949,예금,37710000,2022-09-12,11710580,송파1동,생활서비스,20254,101358585,6147,50.4,1000000,47.47,N,없음,0,11710580_생활서비스
SUB04_002187,C04_1070,ISA,4610000,2024-10-07,11500535,등촌3동,여가·오락,20254,839719421,64288,-3.92,4390000,22.47,Y,운전자금대출,2400000,11500535_여가·오락
SUB04_002188,C04_1999,예금,39180000,2022-10-30,11470670,신정6동,문화·취미·반려,20254,431172432,20858,-28.11,1210000,-26.6,N,없음,0,11470670_문화·취미·반려
SUB04_002189,C04_0349,펀드,6040000,2023-01-01,11110515,청운효자동,문화·취미·반려,20254,4490011882,14155,0.58,83060000,10.94,N,없음,0,11110515_문화·취미·반려
SUB04_002190,C04_0492,적금,7690000,2023-07-31,11260690,신내2동,여가·오락,20254,21725156,1637,13.78,1000000,11.05,N,없음,0,11260690_여가·오락
SUB04_002191,C04_0002,ISA,10970000,2022-03-24,11305625,수유2동,생활서비스,20254,18089645,675,68.09,1000000,92.47,Y,운전자금대출,400000,11305625_생활서비스
SUB04_002192,C04_0455,ISA,22700000,2025-01-29,11680510,신사동,가구·인테리어,20254,159355862,4991,-40.97,1000000,-42.35,Y,시설자금대출,500000,11680510_가구·인테리어
SUB04_002193,C04_0119,ISA,21880000,2024-06-10,11470640,신정3동,패션·잡화,20254,499721977,3476,-7.58,2690000,1.29,Y,운전자금대출,1200000,11470640_패션·잡화
SUB04_002194,C04_0393,예금,66530000,2023-03-26,11620615,중앙동,음식·음료,20254,12882922817,578829,2.13,75490000,4.12,Y,운전자금대출,47800000,11620615_음식·음료
SUB04_002195,C04_1145,펀드,6770000,2025-04-30,11470510,목1동,자동차·운송서비스,20254,2153002256,22496,-48.12,19060000,-41.42,N,없음,0,11470510_자동차·운송서비스
SUB04_002196,C04_1624,펀드,5730000,2025-03-02,11500611,발산1동,가구·인테리어,20254,443531809,12935,-20.04,1890000,-9.86,N,없음,0,11500611_가구·인테리어
SUB04_002197,C04_0911,펀드,16420000,2025-11-12,11305645,우이동,문화·취미·반려,20254,18757447,906,-71.47,1000000,-67.64,N,없음,0,11305645_문화·취미·반려
SUB04_002198,C04_1817,ISA,16270000,2025-12-21,11740550,고덕1동,문화·취미·반려,20254,17785879,4536,-5.07,1000000,-1.31,N,없음,0,11740550_문화·취미·반려
SUB04_002199,C04_1639,적금,4680000,2024-07-25,11410620,홍제1동,자동차·운송서비스,20254,295698864,2280,20.49,1220000,22.77,Y,소상공인신용대출,600000,11410620_자동차·운송서비스
SUB04_002200,C04_1297,적금,3960000,2025-11-24,11350611,하계1동,여가·오락,20254,130061735,2999,7.81,1000000,18.22,Y,운전자금대출,500000,11350611_여가·오락
SUB04_002201,C04_1643,ISA,23360000,2024-06-05,11260540,면목4동,전자기기·수리,20254,33110022,1343,330.55,1000000,100.0,N,없음,0,11260540_전자기기·수리
SUB04_002202,C04_1165,ISA,21900000,2023-01-04,11230730,휘경2동,여가·오락,20254,24196039,763,2.37,1000000,-6.83,Y,시설자금대출,600000,11230730_여가·오락
SUB04_002203,C04_0695,ISA,10400000,2023-06-16,11500590,화곡본동,음식·음료,20254,10442653039,365989,2.39,38420000,7.22,N,없음,0,11500590_음식·음료
SUB04_002204,C04_0187,적금,3130000,2025-06-22,11110515,청운효자동,패션·잡화,20254,1061716716,10492,-9.54,5250000,-11.15,Y,시설자금대출,2600000,11110515_패션·잡화
SUB04_002205,C04_0165,펀드,8580000,2024-07-29,11620725,조원동,가구·인테리어,20254,326764114,5846,4.81,1910000,-3.23,Y,소상공인신용대출,1000000,11620725_가구·인테리어
SUB04_002206,C04_1274,ISA,7030000,2023-06-11,11650540,잠원동,식료품·편의소매,20254,7748805651,705489,-9.47,102660000,-9.1,N,없음,0,11650540_식료품·편의소매
SUB04_002207,C04_0044,예금,55780000,2022-08-21,11350700,상계8동,가구·인테리어,20254,10946139,542,33.32,1000000,61.64,Y,시설자금대출,500000,11350700_가구·인테리어
SUB04_002208,C04_1481,ISA,9620000,2023-07-07,11440690,망원1동,생활서비스,20254,62469614,6733,1.86,1000000,2.09,N,없음,0,11440690_생활서비스
SUB04_002209,C04_0482,예금,13150000,2023-05-10,11530540,구로3동,패션·잡화,20254,6737227683,68924,45.78,38350000,39.32,N,없음,0,11530540_패션·잡화
SUB04_002210,C04_0083,예금,34250000,2022-07-04,11410690,남가좌1동,여가·오락,20254,123263890,4981,-5.63,1060000,11.45,N,없음,0,11410690_여가·오락
SUB04_002211,C04_1983,예금,11980000,2024-11-11,11500611,발산1동,식료품·편의소매,20254,133345290238,2378048,33.48,1709230000,43.61,N,없음,0,11500611_식료품·편의소매
SUB04_002212,C04_1619,펀드,18500000,2022-02-02,11440610,염리동,자동차·운송서비스,20254,462036112,1908,-20.96,5380000,-15.35,Y,운전자금대출,3800000,11440610_자동차·운송서비스
SUB04_002213,C04_1709,ISA,6120000,2024-07-19,11470630,신정2동,패션·잡화,20254,295168003,2792,-26.5,2430000,-10.65,N,없음,0,11470630_패션·잡화
SUB04_002214,C04_1979,예금,15450000,2024-11-19,11710670,잠실2동,음식·음료,20254,8971126316,947351,-13.86,68490000,8.81,N,없음,0,11710670_음식·음료
SUB04_002215,C04_1546,적금,3690000,2024-02-06,11650651,양재1동,가구·인테리어,20254,13889894879,52578,-6.02,105410000,9.25,N,없음,0,11650651_가구·인테리어
SUB04_002216,C04_1345,ISA,15510000,2025-07-01,11410685,홍은2동,가구·인테리어,20254,3063424,190,572.72,1000000,100.0,Y,소상공인신용대출,300000,11410685_가구·인테리어
SUB04_002217,C04_1013,펀드,12140000,2025-02-07,11470620,신정1동,미용·뷰티,20254,423306768,10015,-4.37,3730000,4.93,N,없음,0,11470620_미용·뷰티
SUB04_002218,C04_0171,펀드,10230000,2023-02-11,11380590,응암2동,음식·음료,20254,1673586912,45235,-15.8,11510000,-3.01,Y,시설자금대출,4100000,11380590_음식·음료
SUB04_002219,C04_0325,적금,8620000,2025-01-02,11560620,양평2동,여가·오락,20254,303509122,5905,6.53,1610000,9.86,Y,운전자금대출,400000,11560620_여가·오락
SUB04_002220,C04_0401,예금,83270000,2025-11-16,11710562,방이2동,가구·인테리어,20254,1195202770,10116,185.23,16720000,100.0,Y,운전자금대출,10500000,11710562_가구·인테리어
SUB04_002221,C04_1911,예금,18160000,2024-08-30,11320670,쌍문2동,여가·오락,20254,1308463095,190005,0.57,6560000,7.51,N,없음,0,11320670_여가·오락
SUB04_002222,C04_1220,예금,79340000,2025-07-22,11620665,서림동,문화·취미·반려,20254,67794967,1312,-34.87,1000000,-30.08,N,없음,0,11620665_문화·취미·반려
SUB04_002223,C04_0206,적금,4880000,2024-01-22,11500510,염창동,패션·잡화,20254,573346902,4830,27.54,3620000,39.26,N,없음,0,11500510_패션·잡화
SUB04_002224,C04_0359,펀드,14570000,2025-11-03,11500550,화곡2동,여가·오락,20254,52811513,1820,3.08,1000000,6.49,N,없음,0,11500550_여가·오락
SUB04_002225,C04_0751,ISA,12620000,2022-06-28,11290555,삼선동,패션·잡화,20254,2544104955,17909,31.45,12820000,36.79,N,없음,0,11290555_패션·잡화
SUB04_002226,C04_1555,펀드,22000000,2025-10-23,11680730,일원1동,패션·잡화,20254,601765144,3964,-40.3,10810000,-36.48,Y,운전자금대출,7400000,11680730_패션·잡화
SUB04_002227,C04_1857,예금,31090000,2023-07-07,11170685,한남동,숙박,20254,101844110,1142,12.62,1000000,5.59,Y,소상공인신용대출,600000,11170685_숙박
SUB04_002228,C04_0491,적금,2910000,2024-08-08,11560540,여의동,자동차·운송서비스,20254,184854217,918,43.13,1310000,31.81,N,없음,0,11560540_자동차·운송서비스
SUB04_002229,C04_0343,적금,3840000,2022-08-05,11680640,역삼1동,문화·취미·반려,20254,10818934582,427621,21.54,60210000,16.21,Y,소상공인신용대출,24000000,11680640_문화·취미·반려
SUB04_002230,C04_0900,펀드,8810000,2022-02-25,11215820,자양1동,전자기기·수리,20254,335713349,2145,325.87,2020000,100.0,Y,소상공인신용대출,1100000,11215820_전자기기·수리
SUB04_002231,C04_1726,펀드,26820000,2023-08-12,11140590,광희동,패션·잡화,20254,13708615296,176737,17.96,89210000,21.14,Y,소상공인신용대출,44700000,11140590_패션·잡화
SUB04_002232,C04_1951,예금,32580000,2024-03-01,11590510,노량진1동,자동차·운송서비스,20254,54692097,309,-21.51,1010000,-22.13,N,없음,0,11590510_자동차·운송서비스
SUB04_002233,C04_0455,예금,87220000,2025-03-30,11680510,신사동,가구·인테리어,20254,159355862,4991,-40.97,1000000,-42.35,Y,시설자금대출,500000,11680510_가구·인테리어
SUB04_002234,C04_1156,펀드,14340000,2025-12-19,11650652,양재2동,가구·인테리어,20254,1397199916,25007,19.62,6030000,7.62,N,없음,0,11650652_가구·인테리어
SUB04_002235,C04_1352,예금,39500000,2023-02-21,11620585,낙성대동,문화·취미·반려,20254,64313011,169,-8.34,1480000,-19.71,N,없음,0,11620585_문화·취미·반려
SUB04_002236,C04_0977,ISA,12200000,2025-04-01,11440655,서강동,생활서비스,20254,113119170,6212,80.01,1000000,88.45,Y,소상공인신용대출,400000,11440655_생활서비스
SUB04_002237,C04_1067,펀드,12790000,2025-07-12,11560535,영등포동,가구·인테리어,20254,2537664216,33587,38.68,13750000,45.82,Y,시설자금대출,4500000,11560535_가구·인테리어
SUB04_002238,C04_0314,ISA,15930000,2022-06-24,11350600,공릉2동,음식·음료,20254,15578718850,855102,-2.79,202380000,18.13,Y,운전자금대출,97400000,11350600_음식·음료
SUB04_002239,C04_0826,펀드,8290000,2025-03-19,11500611,발산1동,생활서비스,20254,41738751,2322,50.87,1000000,46.37,Y,소상공인신용대출,300000,11500611_생활서비스
SUB04_002240,C04_1502,예금,33710000,2023-04-18,11470611,신월7동,미용·뷰티,20254,230898157,6849,-13.31,2240000,15.81,N,없음,0,11470611_미용·뷰티
SUB04_002241,C04_1912,예금,38610000,2024-04-27,11260590,상봉2동,여가·오락,20254,2562637964,329062,3.81,10930000,10.09,N,없음,0,11260590_여가·오락
SUB04_002242,C04_0987,펀드,11450000,2022-02-15,11650520,서초2동,음식·음료,20254,56055114280,2169270,-1.49,263590000,-6.38,N,없음,0,11650520_음식·음료
SUB04_002243,C04_0232,적금,1080000,2024-07-25,11710532,거여2동,생활서비스,20254,77926433,4639,66.77,1190000,79.07,Y,운전자금대출,200000,11710532_생활서비스
SUB04_002244,C04_1629,ISA,26530000,2024-08-25,11170660,이태원2동,미용·뷰티,20254,233628297,3868,-13.48,1000000,-3.06,N,없음,0,11170660_미용·뷰티
SUB04_002245,C04_1232,적금,5720000,2025-06-17,11140680,중림동,가구·인테리어,20254,838774920,895,-20.84,5020000,-45.33,Y,운전자금대출,2700000,11140680_가구·인테리어
SUB04_002246,C04_1377,예금,40180000,2023-06-18,11290555,삼선동,자동차·운송서비스,20254,59608588,414,-56.21,1000000,-62.03,Y,시설자금대출,500000,11290555_자동차·운송서비스
SUB04_002247,C04_0864,ISA,17980000,2024-05-17,11530530,구로2동,문화·취미·반려,20254,2421925929,75190,0.24,24610000,-11.37,Y,시설자금대출,17000000,11530530_문화·취미·반려
SUB04_002248,C04_0324,펀드,15660000,2025-02-14,11260610,중화2동,가구·인테리어,20254,279747032,7467,-21.76,2070000,-24.37,N,없음,0,11260610_가구·인테리어
SUB04_002249,C04_1023,ISA,9210000,2024-05-19,11260690,신내2동,식료품·편의소매,20254,6239668872,629939,-1.46,19900000,-12.36,Y,운전자금대출,7700000,11260690_식료품·편의소매
SUB04_002250,C04_1575,펀드,13840000,2023-06-23,11440680,합정동,식료품·편의소매,20254,5522334893,655160,-5.35,46560000,-2.08,Y,소상공인신용대출,30500000,11440680_식료품·편의소매
SUB04_002251,C04_1970,펀드,20030000,2023-07-09,11740610,천호2동,여가·오락,20254,1216721801,141811,-0.87,3100000,2.21,Y,소상공인신용대출,900000,11740610_여가·오락
SUB04_002252,C04_0752,펀드,7070000,2024-03-05,11740620,천호3동,미용·뷰티,20254,721120737,15127,-3.92,6780000,1.54,Y,운전자금대출,4300000,11740620_미용·뷰티
SUB04_002253,C04_0541,펀드,14360000,2023-03-14,11530740,개봉1동,음식·음료,20254,6965528984,322532,-2.1,45830000,3.27,Y,운전자금대출,28600000,11530740_음식·음료
SUB04_002254,C04_0666,ISA,17760000,2024-08-06,11710610,삼전동,문화·취미·반려,20254,244195891,9852,15.97,1780000,8.14,N,없음,0,11710610_문화·취미·반려
SUB04_002255,C04_1402,펀드,6310000,2025-08-17,11350612,하계2동,음식·음료,20254,24513964,1597,32.81,1000000,31.16,N,없음,0,11350612_음식·음료
SUB04_002256,C04_1382,ISA,7460000,2025-02-27,11470650,신정4동,식료품·편의소매,20254,11677916807,987540,-3.71,179750000,1.18,N,없음,0,11470650_식료품·편의소매
SUB04_002257,C04_1353,ISA,25910000,2023-02-02,11230705,청량리동,전자기기·수리,20254,1516237302,4614,-19.02,8800000,17.27,N,없음,0,11230705_전자기기·수리
SUB04_002258,C04_1259,펀드,14280000,2025-02-13,11680580,삼성1동,음식·음료,20254,119064183827,3225951,8.0,912590000,13.03,N,없음,0,11680580_음식·음료
SUB04_002259,C04_1508,적금,5060000,2023-01-28,11260565,면목본동,식료품·편의소매,20254,28057683525,1982315,6.2,114760000,-1.94,Y,소상공인신용대출,44200000,11260565_식료품·편의소매
SUB04_002260,C04_1858,적금,10180000,2023-10-19,11680565,청담동,전자기기·수리,20254,204784749,1350,19.13,1390000,28.23,N,없음,0,11680565_전자기기·수리
SUB04_002261,C04_1659,ISA,12040000,2025-09-09,11530560,구로5동,미용·뷰티,20254,2093727017,37541,-9.96,12950000,-5.3,N,없음,0,11530560_미용·뷰티
SUB04_002262,C04_1070,펀드,10740000,2024-02-05,11500535,등촌3동,여가·오락,20254,839719421,64288,-3.92,4390000,22.47,Y,운전자금대출,2400000,11500535_여가·오락
SUB04_002263,C04_0640,예금,40080000,2022-03-29,11290660,길음1동,음식·음료,20254,2251783079,137859,-6.25,20060000,-26.02,Y,운전자금대출,7600000,11290660_음식·음료
SUB04_002264,C04_0580,예금,14060000,2025-08-14,11440660,서교동,전자기기·수리,20254,2732191964,28536,-15.26,6910000,4.01,N,없음,0,11440660_전자기기·수리
SUB04_002265,C04_0794,예금,97720000,2025-01-20,11305608,번3동,패션·잡화,20254,40007958,1380,16.67,1000000,11.34,Y,운전자금대출,200000,11305608_패션·잡화
SUB04_002266,C04_0267,ISA,14190000,2022-10-05,11680750,수서동,가구·인테리어,20254,64611223,1205,-88.08,1000000,-70.0,N,없음,0,11680750_가구·인테리어
SUB04_002267,C04_1435,적금,2600000,2022-06-09,11380530,불광2동,식료품·편의소매,20254,14041709479,1024679,13.02,162210000,7.43,Y,소상공인신용대출,25900000,11380530_식료품·편의소매
SUB04_002268,C04_0723,적금,4320000,2024-06-17,11260630,묵2동,전자기기·수리,20254,759479601,3422,-28.23,8270000,-12.03,Y,운전자금대출,2900000,11260630_전자기기·수리
SUB04_002269,C04_0787,예금,32660000,2024-03-20,11320512,창2동,식료품·편의소매,20254,11015761380,757070,11.16,54380000,20.25,Y,운전자금대출,13700000,11320512_식료품·편의소매
SUB04_002270,C04_0093,펀드,23390000,2025-12-24,11140680,중림동,미용·뷰티,20254,95823248,2268,-22.17,1000000,-25.96,N,없음,0,11140680_미용·뷰티
SUB04_002271,C04_0485,적금,9810000,2024-12-12,11260540,면목4동,가구·인테리어,20254,2712308819,38125,6.56,24190000,15.01,N,없음,0,11260540_가구·인테리어
SUB04_002272,C04_0476,적금,4190000,2023-03-15,11500640,방화2동,숙박,20254,124355368,1764,0.24,1000000,1.01,Y,운전자금대출,500000,11500640_숙박
SUB04_002273,C04_1651,적금,3930000,2025-11-19,11740700,둔촌2동,생활서비스,20254,128286911,6068,19.85,1440000,7.82,N,없음,0,11740700_생활서비스
SUB04_002274,C04_1958,펀드,13050000,2024-05-16,11215710,화양동,식료품·편의소매,20254,9473499827,1112981,-8.35,44010000,-25.33,N,없음,0,11215710_식료품·편의소매
SUB04_002275,C04_1998,펀드,22530000,2023-09-06,11710561,방이1동,음식·음료,20254,14495196173,381833,3.5,99200000,-4.3,N,없음,0,11710561_음식·음료
SUB04_002276,C04_1932,적금,4180000,2023-12-25,11260565,면목본동,자동차·운송서비스,20254,163977673,973,31.05,1000000,34.75,N,없음,0,11260565_자동차·운송서비스
SUB04_002277,C04_1795,ISA,30340000,2025-08-06,11260565,면목본동,가구·인테리어,20254,542859760,15764,5.15,1500000,39.44,Y,시설자금대출,800000,11260565_가구·인테리어
SUB04_002278,C04_0449,펀드,9780000,2023-03-24,11170640,이촌2동,생활서비스,20254,20332462,2009,21.06,1000000,21.85,Y,운전자금대출,600000,11170640_생활서비스
SUB04_002279,C04_0223,예금,32360000,2024-08-03,11530750,개봉2동,생활서비스,20254,44298908,2245,78.52,1000000,62.18,Y,운전자금대출,300000,11530750_생활서비스
SUB04_002280,C04_0146,펀드,21110000,2025-03-31,11560710,대림2동,가구·인테리어,20254,74127785,2350,-36.49,1000000,-17.1,Y,운전자금대출,700000,11560710_가구·인테리어
SUB04_002281,C04_1617,예금,26760000,2023-09-11,11305645,우이동,자동차·운송서비스,20254,1039339927,4345,35.31,8440000,50.77,N,없음,0,11305645_자동차·운송서비스
SUB04_002282,C04_1056,예금,47900000,2022-04-15,11560560,당산2동,식료품·편의소매,20254,5817459643,686769,-10.96,42100000,-27.24,N,없음,0,11560560_식료품·편의소매
SUB04_002283,C04_1231,펀드,12180000,2024-11-03,11545680,시흥2동,식료품·편의소매,20254,738097518,85373,1.44,5010000,-18.23,Y,운전자금대출,3600000,11545680_식료품·편의소매
SUB04_002284,C04_1635,예금,25110000,2023-10-03,11170700,보광동,생활서비스,20254,7932973,233,-38.26,1000000,-37.73,Y,시설자금대출,300000,11170700_생활서비스
SUB04_002285,C04_1793,ISA,14990000,2024-10-24,11470590,신월4동,패션·잡화,20254,317669333,3894,-7.76,3460000,-14.32,Y,시설자금대출,900000,11470590_패션·잡화
SUB04_002286,C04_0749,펀드,10390000,2025-08-02,11350720,상계10동,문화·취미·반려,20254,228697488,15134,-11.35,1650000,-21.68,N,없음,0,11350720_문화·취미·반려
SUB04_002287,C04_1290,펀드,8400000,2025-02-07,11680640,역삼1동,문화·취미·반려,20254,10818934582,427621,21.54,87500000,0.69,N,없음,0,11680640_문화·취미·반려
SUB04_002288,C04_1433,ISA,8740000,2025-12-04,11410565,충현동,문화·취미·반려,20254,1063034367,11403,8.93,9900000,-6.27,N,없음,0,11410565_문화·취미·반려
SUB04_002289,C04_1380,ISA,19590000,2024-02-26,11650620,방배3동,식료품·편의소매,20254,1499912746,179189,-6.25,9170000,-16.98,N,없음,0,11650620_식료품·편의소매
SUB04_002290,C04_0646,펀드,36840000,2022-06-23,11110640,이화동,문화·취미·반려,20254,131001712,2728,90.44,1000000,83.49,N,없음,0,11110640_문화·취미·반려
SUB04_002291,C04_1120,예금,31400000,2024-05-04,11620525,보라매동,자동차·운송서비스,20254,27601219,179,2.67,1000000,-7.15,Y,운전자금대출,300000,11620525_자동차·운송서비스
SUB04_002292,C04_0935,펀드,15730000,2025-08-14,11230545,제기동,전자기기·수리,20254,3454146571,5006,233.89,41950000,100.0,Y,소상공인신용대출,12800000,11230545_전자기기·수리
SUB04_002293,C04_1359,예금,27870000,2025-01-26,11440660,서교동,음식·음료,20254,188785945650,8071129,6.6,1690120000,1.29,N,없음,0,11440660_음식·음료
SUB04_002294,C04_0956,적금,2080000,2023-05-15,11680640,역삼1동,음식·음료,20254,233333284115,9283434,-1.76,546420000,-14.98,N,없음,0,11680640_음식·음료
SUB04_002295,C04_0157,적금,7630000,2022-04-23,11440720,성산1동,가구·인테리어,20254,6221387408,82055,2.25,36820000,8.8,N,없음,0,11440720_가구·인테리어
SUB04_002296,C04_1782,ISA,14070000,2023-12-06,11740560,고덕2동,전자기기·수리,20254,1096552,42,6.0,1000000,-6.61,N,없음,0,11740560_전자기기·수리
SUB04_002297,C04_0708,예금,42890000,2024-09-18,11680545,압구정동,전자기기·수리,20254,66273002,822,1331.67,1000000,100.0,N,없음,0,11680545_전자기기·수리
SUB04_002298,C04_0907,적금,3380000,2023-10-07,11620685,신사동,문화·취미·반려,20254,11972019,302,0.54,1000000,-14.0,N,없음,0,11620685_문화·취미·반려
SUB04_002299,C04_1890,펀드,15280000,2025-02-02,11590640,사당3동,음식·음료,20254,4789645071,190992,2.07,31210000,-15.52,Y,소상공인신용대출,10100000,11590640_음식·음료
SUB04_002300,C04_0018,예금,36410000,2024-08-10,11440710,연남동,음식·음료,20254,28838630045,962602,6.98,238740000,-8.88,Y,운전자금대출,131300000,11440710_음식·음료
SUB04_002301,C04_0091,ISA,42860000,2025-06-14,11680656,도곡2동,여가·오락,20254,668399523,12290,-45.95,5650000,-51.64,Y,소상공인신용대출,4200000,11680656_여가·오락
SUB04_002302,C04_0200,예금,17220000,2022-08-16,11290555,삼선동,전자기기·수리,20254,1071442991,3786,-34.77,27890000,-45.28,Y,운전자금대출,17100000,11290555_전자기기·수리
SUB04_002303,C04_1267,펀드,11380000,2022-01-19,11710720,잠실7동,음식·음료,20254,85449529,4812,-7.83,1380000,9.06,Y,운전자금대출,500000,11710720_음식·음료
SUB04_002304,C04_1768,ISA,24850000,2024-05-01,11260570,면목7동,생활서비스,20254,129446402,6089,69.29,1000000,64.63,Y,운전자금대출,300000,11260570_생활서비스
SUB04_002305,C04_1789,예금,20820000,2022-09-14,11260570,면목7동,패션·잡화,20254,1839510336,27974,27.57,6410000,20.26,Y,소상공인신용대출,1700000,11260570_패션·잡화
SUB04_002306,C04_0342,펀드,22730000,2025-12-31,11470680,신정7동,자동차·운송서비스,20254,286475696,2425,-47.02,1000000,-59.13,Y,소상공인신용대출,800000,11470680_자동차·운송서비스
SUB04_002307,C04_1544,적금,4780000,2025-09-29,11200660,성수1가2동,여가·오락,20254,208053472,12522,33.09,1010000,29.94,Y,운전자금대출,300000,11200660_여가·오락
SUB04_002308,C04_0220,ISA,3340000,2024-02-14,11170570,원효로2동,음식·음료,20254,2764234807,140636,17.05,15650000,5.28,Y,소상공인신용대출,9600000,11170570_음식·음료
SUB04_002309,C04_0764,예금,13050000,2023-09-23,11290620,정릉1동,음식·음료,20254,2524589326,82696,-2.17,16180000,-11.0,N,없음,0,11290620_음식·음료
SUB04_002310,C04_0356,펀드,9510000,2023-05-05,11560585,도림동,자동차·운송서비스,20254,1781297329,9236,-5.23,11860000,-3.24,N,없음,0,11560585_자동차·운송서비스
SUB04_002311,C04_1949,예금,24210000,2023-08-04,11320515,창5동,음식·음료,20254,11147569618,588394,-6.1,218880000,-4.87,Y,소상공인신용대출,93800000,11320515_음식·음료
SUB04_002312,C04_1716,예금,59880000,2023-09-20,11260620,묵1동,식료품·편의소매,20254,5539428900,500071,-2.59,64540000,-10.07,Y,운전자금대출,14300000,11260620_식료품·편의소매
SUB04_002313,C04_1216,펀드,10690000,2023-10-29,11380631,신사1동,패션·잡화,20254,687161224,4941,-6.96,1660000,-23.96,Y,운전자금대출,900000,11380631_패션·잡화
SUB04_002314,C04_0414,예금,32650000,2022-12-12,11740610,천호2동,숙박,20254,1066990481,23658,6.45,14110000,9.16,N,없음,0,11740610_숙박
SUB04_002315,C04_1068,예금,49820000,2024-05-09,11215850,구의1동,가구·인테리어,20254,18154391151,124850,88.6,130220000,79.91,Y,소상공인신용대출,41700000,11215850_가구·인테리어
SUB04_002316,C04_1852,예금,56690000,2025-05-10,11470600,신월5동,여가·오락,20254,317512712,7378,12.09,3240000,19.06,Y,소상공인신용대출,2000000,11470600_여가·오락
SUB04_002317,C04_1765,펀드,16200000,2023-08-14,11680531,논현2동,여가·오락,20254,656569207,53121,8.45,2160000,4.95,N,없음,0,11680531_여가·오락
SUB04_002318,C04_0792,펀드,26340000,2024-06-19,11170625,한강로동,음식·음료,20254,66860765888,1801821,6.96,255560000,11.72,Y,소상공인신용대출,83500000,11170625_음식·음료
SUB04_002319,C04_0542,예금,61260000,2025-01-26,11500604,가양2동,식료품·편의소매,20254,4334074952,453655,-4.41,87610000,2.14,Y,소상공인신용대출,42100000,11500604_식료품·편의소매
SUB04_002320,C04_1792,ISA,12160000,2023-10-15,11710531,거여1동,패션·잡화,20254,140851368,1036,8.18,1430000,-3.66,Y,운전자금대출,800000,11710531_패션·잡화
SUB04_002321,C04_0535,적금,9860000,2022-10-26,11200620,금호4가동,패션·잡화,20254,375872296,6116,-2.08,1800000,13.79,N,없음,0,11200620_패션·잡화
SUB04_002322,C04_0946,예금,64240000,2022-09-11,11380625,역촌동,미용·뷰티,20254,1229430026,36591,-7.73,11220000,-13.44,Y,운전자금대출,2900000,11380625_미용·뷰티
SUB04_002323,C04_0907,ISA,20860000,2024-12-22,11620685,신사동,문화·취미·반려,20254,11972019,302,0.54,1000000,-14.0,N,없음,0,11620685_문화·취미·반려
SUB04_002324,C04_1209,ISA,11290000,2024-10-13,11740530,명일1동,패션·잡화,20254,2424328461,23204,54.56,16810000,48.43,N,없음,0,11740530_패션·잡화
SUB04_002325,C04_0427,적금,3150000,2022-09-04,11560650,신길3동,식료품·편의소매,20254,6049019933,315308,-17.41,52560000,-29.98,Y,시설자금대출,18800000,11560650_식료품·편의소매
SUB04_002326,C04_1948,예금,25080000,2023-04-15,11260600,중화1동,패션·잡화,20254,377081222,3011,4.42,3090000,18.78,N,없음,0,11260600_패션·잡화
SUB04_002327,C04_1284,펀드,14290000,2024-07-14,11500641,방화3동,생활서비스,20254,24740613,749,78.51,1000000,75.3,Y,운전자금대출,200000,11500641_생활서비스
SUB04_002328,C04_0598,예금,49180000,2022-12-18,11305635,수유3동,가구·인테리어,20254,1275263822,22365,3.83,5120000,20.41,Y,소상공인신용대출,800000,11305635_가구·인테리어
SUB04_002329,C04_1134,펀드,20370000,2025-05-03,11140605,을지로동,전자기기·수리,20254,1038832262,10809,-51.49,8060000,-44.71,Y,소상공인신용대출,5500000,11140605_전자기기·수리
SUB04_002330,C04_0349,적금,3960000,2024-01-09,11110515,청운효자동,문화·취미·반려,20254,4490011882,14155,0.58,83060000,10.94,N,없음,0,11110515_문화·취미·반려
SUB04_002331,C04_1311,적금,3340000,2024-05-13,11215860,구의2동,여가·오락,20254,474181434,26049,-32.24,9020000,-35.11,Y,소상공인신용대출,6700000,11215860_여가·오락
SUB04_002332,C04_0363,펀드,6310000,2025-12-28,11440555,아현동,음식·음료,20254,4524019769,227668,-10.77,45850000,-13.91,Y,운전자금대출,31000000,11440555_음식·음료
SUB04_002333,C04_1457,ISA,14470000,2023-06-10,11560550,당산1동,자동차·운송서비스,20254,247963056,1587,-16.79,1310000,-25.14,Y,운전자금대출,500000,11560550_자동차·운송서비스
SUB04_002334,C04_1017,적금,1980000,2023-04-19,11620625,인헌동,음식·음료,20254,9429300454,545985,8.83,55310000,-7.58,Y,시설자금대출,28000000,11620625_음식·음료
SUB04_002335,C04_0322,ISA,20360000,2025-02-02,11440660,서교동,가구·인테리어,20254,3176563134,76382,0.15,64420000,-4.72,N,없음,0,11440660_가구·인테리어
SUB04_002336,C04_0116,ISA,20200000,2025-03-04,11680510,신사동,패션·잡화,20254,36381422943,165776,23.02,310980000,25.77,N,없음,0,11680510_패션·잡화
SUB04_002337,C04_1461,적금,3440000,2025-08-30,11710647,위례동,식료품·편의소매,20254,557220291,65111,1.99,2730000,-14.7,N,없음,0,11710647_식료품·편의소매
SUB04_002338,C04_1049,펀드,11110000,2024-11-01,11650520,서초2동,패션·잡화,20254,2078047880,26765,36.31,15280000,34.95,N,없음,0,11650520_패션·잡화
SUB04_002339,C04_1119,펀드,18030000,2024-10-02,11290715,월곡1동,미용·뷰티,20254,380492358,7842,-5.9,3930000,-6.14,Y,운전자금대출,1700000,11290715_미용·뷰티
SUB04_002340,C04_0533,펀드,5510000,2025-10-17,11440690,망원1동,패션·잡화,20254,1298281522,21491,-16.17,4570000,-9.03,Y,운전자금대출,1200000,11440690_패션·잡화
SUB04_002341,C04_0121,펀드,13180000,2024-01-08,11230545,제기동,식료품·편의소매,20254,923851786755,35721166,-0.94,2663280000,-11.8,Y,운전자금대출,852200000,11230545_식료품·편의소매
SUB04_002342,C04_1472,적금,3280000,2022-08-31,11290810,석관동,식료품·편의소매,20254,7333218517,653463,4.77,85430000,-12.0,Y,소상공인신용대출,52900000,11290810_식료품·편의소매
SUB04_002343,C04_1480,예금,21340000,2024-01-31,11215870,구의3동,가구·인테리어,20254,1511832083,19119,13.8,8280000,18.89,N,없음,0,11215870_가구·인테리어
SUB04_002344,C04_1082,펀드,8540000,2025-06-01,11290600,안암동,자동차·운송서비스,20254,1468272135,7405,-24.71,10470000,-26.83,N,없음,0,11290600_자동차·운송서비스
SUB04_002345,C04_0476,ISA,23840000,2022-05-06,11500640,방화2동,숙박,20254,124355368,1764,0.24,1000000,1.01,Y,운전자금대출,500000,11500640_숙박
SUB04_002346,C04_1587,ISA,24060000,2024-03-29,11140615,신당동,패션·잡화,20254,76457179005,1233130,1.26,163650000,5.56,N,없음,0,11140615_패션·잡화
SUB04_002347,C04_0116,ISA,27730000,2025-03-30,11680510,신사동,패션·잡화,20254,36381422943,165776,23.02,310980000,25.77,N,없음,0,11680510_패션·잡화
SUB04_002348,C04_0791,ISA,58930000,2022-02-02,11740640,성내1동,가구·인테리어,20254,168442294,4945,59.0,3950000,43.74,N,없음,0,11740640_가구·인테리어
SUB04_002349,C04_1106,예금,22190000,2024-09-24,11410620,홍제1동,여가·오락,20254,317404725,2845,-12.07,1000000,-13.99,Y,소상공인신용대출,400000,11410620_여가·오락
SUB04_002350,C04_1299,펀드,18700000,2022-03-08,11650600,방배1동,전자기기·수리,20254,1095223438,80255,15.25,11390000,9.52,Y,소상공인신용대출,5300000,11650600_전자기기·수리
SUB04_002351,C04_0891,ISA,11620000,2023-02-22,11440655,서강동,패션·잡화,20254,1020527535,12546,-22.81,12210000,-22.69,Y,소상공인신용대출,3600000,11440655_패션·잡화
SUB04_002352,C04_0599,펀드,24390000,2025-11-05,11620745,삼성동,미용·뷰티,20254,207977012,6132,10.12,1000000,30.24,Y,운전자금대출,600000,11620745_미용·뷰티
SUB04_002353,C04_1859,적금,2260000,2025-06-27,11620725,조원동,생활서비스,20254,6366510,379,36.23,1000000,28.42,N,없음,0,11620725_생활서비스
SUB04_002354,C04_1514,적금,2170000,2025-11-24,11380520,불광1동,음식·음료,20254,12665001747,518214,-0.34,231760000,2.25,Y,운전자금대출,122900000,11380520_음식·음료
SUB04_002355,C04_1888,ISA,18710000,2022-05-01,11230536,용신동,여가·오락,20254,1199939779,21709,-6.41,5140000,-9.23,Y,운전자금대출,1700000,11230536_여가·오락
SUB04_002356,C04_1637,예금,31570000,2022-03-11,11740685,길동,패션·잡화,20254,2018551479,37505,-7.34,15220000,-0.65,Y,운전자금대출,9800000,11740685_패션·잡화
SUB04_002357,C04_1318,ISA,21380000,2022-12-28,11650651,양재1동,가구·인테리어,20254,13889894879,52578,-6.02,120440000,-10.94,N,없음,0,11650651_가구·인테리어
SUB04_002358,C04_0910,적금,5840000,2025-05-18,11350560,월계1동,미용·뷰티,20254,429468446,13649,0.23,4320000,-13.25,N,없음,0,11350560_미용·뷰티
SUB04_002359,C04_1094,예금,34290000,2022-03-21,11230705,청량리동,미용·뷰티,20254,341008510,7161,10.54,1040000,13.48,N,없음,0,11230705_미용·뷰티
SUB04_002360,C04_0528,펀드,20250000,2024-09-26,11380570,대조동,전자기기·수리,20254,579514,58,-60.0,1000000,-42.71,Y,소상공인신용대출,500000,11380570_전자기기·수리
SUB04_002361,C04_1982,예금,43600000,2023-01-10,11215830,자양2동,미용·뷰티,20254,418439849,11660,-11.13,4200000,-11.43,N,없음,0,11215830_미용·뷰티
SUB04_002362,C04_0127,ISA,16260000,2023-07-31,11320680,쌍문3동,여가·오락,20254,247489169,4418,-10.25,1840000,-19.66,Y,소상공인신용대출,400000,11320680_여가·오락
SUB04_002363,C04_0358,펀드,23440000,2022-06-21,11260575,면목3·8동,자동차·운송서비스,20254,123046266,561,6.55,1000000,17.47,Y,시설자금대출,300000,11260575_자동차·운송서비스
SUB04_002364,C04_0667,펀드,18210000,2024-07-09,11680700,세곡동,식료품·편의소매,20254,14019209199,668260,0.93,93580000,-0.6,Y,운전자금대출,42500000,11680700_식료품·편의소매
SUB04_002365,C04_0036,적금,2510000,2023-10-25,11710650,잠실본동,전자기기·수리,20254,618595709,13182,-8.11,3320000,15.48,N,없음,0,11710650_전자기기·수리
SUB04_002366,C04_1080,펀드,27490000,2025-11-02,11305603,번2동,전자기기·수리,20254,116578570,240,-73.29,1130000,-70.0,Y,소상공인신용대출,1000000,11305603_전자기기·수리
SUB04_002367,C04_0841,ISA,29830000,2024-12-02,11500510,염창동,가구·인테리어,20254,231820023,8746,-39.75,1560000,-37.84,N,없음,0,11500510_가구·인테리어
SUB04_002368,C04_1738,예금,23090000,2025-03-08,11110570,무악동,음식·음료,20254,1188302130,71090,-4.97,8990000,3.73,N,없음,0,11110570_음식·음료
SUB04_002369,C04_1480,펀드,18750000,2025-03-02,11215870,구의3동,가구·인테리어,20254,1511832083,19119,13.8,8280000,18.89,N,없음,0,11215870_가구·인테리어
SUB04_002370,C04_0134,ISA,14850000,2024-12-27,11200560,행당1동,자동차·운송서비스,20254,439566849,1585,-46.02,5510000,-58.21,Y,운전자금대출,3000000,11200560_자동차·운송서비스
SUB04_002371,C04_1072,적금,3400000,2022-02-03,11440585,도화동,전자기기·수리,20254,533288342,3122,-70.44,2080000,-70.0,N,없음,0,11440585_전자기기·수리
SUB04_002372,C04_0926,예금,51410000,2025-05-05,11545680,시흥2동,자동차·운송서비스,20254,189135273,870,-19.96,1000000,-48.04,Y,운전자금대출,400000,11545680_자동차·운송서비스
SUB04_002373,C04_0722,펀드,22070000,2023-03-04,11560540,여의동,식료품·편의소매,20254,30004022247,3005665,-7.21,187040000,24.31,N,없음,0,11560540_식료품·편의소매
SUB04_002374,C04_0539,ISA,43100000,2025-12-20,11680580,삼성1동,음식·음료,20254,119064183827,3225951,8.0,1055440000,27.78,N,없음,0,11680580_음식·음료
SUB04_002375,C04_1360,예금,35660000,2022-10-20,11350670,상계5동,여가·오락,20254,545382117,12321,-11.12,1080000,1.42,N,없음,0,11350670_여가·오락
SUB04_002376,C04_1629,적금,5350000,2023-04-04,11170660,이태원2동,미용·뷰티,20254,233628297,3868,-13.48,1000000,-3.06,N,없음,0,11170660_미용·뷰티
SUB04_002377,C04_1453,적금,3880000,2023-12-02,11320522,도봉2동,가구·인테리어,20254,175827524,6789,-27.43,1000000,-11.13,N,없음,0,11320522_가구·인테리어
SUB04_002378,C04_1743,예금,70760000,2023-10-10,11680740,일원2동,문화·취미·반려,20254,66364821,4012,36.65,1000000,43.27,N,없음,0,11680740_문화·취미·반려
SUB04_002379,C04_0572,적금,8850000,2025-08-11,11620715,난향동,식료품·편의소매,20254,423498148,37815,-31.65,1710000,-21.29,N,없음,0,11620715_식료품·편의소매
SUB04_002380,C04_1391,펀드,19060000,2024-04-20,11740580,암사2동,패션·잡화,20254,128332823,1134,-15.76,1030000,-20.11,Y,운전자금대출,300000,11740580_패션·잡화
SUB04_002381,C04_1194,적금,2930000,2024-09-01,11305545,송중동,식료품·편의소매,20254,15638758733,683085,8.75,79100000,-7.23,Y,시설자금대출,47500000,11305545_식료품·편의소매
SUB04_002382,C04_1464,적금,3690000,2022-09-14,11500570,화곡4동,전자기기·수리,20254,157464235,1819,3.51,1000000,2.87,Y,시설자금대출,300000,11500570_전자기기·수리
SUB04_002383,C04_1660,펀드,4620000,2025-10-20,11470610,신월6동,자동차·운송서비스,20254,31266034,233,24.36,1000000,17.88,N,없음,0,11470610_자동차·운송서비스
SUB04_002384,C04_1391,ISA,15720000,2024-04-05,11740580,암사2동,패션·잡화,20254,128332823,1134,-15.76,1030000,-20.11,Y,운전자금대출,300000,11740580_패션·잡화
SUB04_002385,C04_1945,예금,29020000,2023-11-05,11230600,답십리1동,문화·취미·반려,20254,97372115,1541,11.87,1850000,17.88,Y,운전자금대출,1200000,11230600_문화·취미·반려
SUB04_002386,C04_1738,적금,4960000,2025-04-07,11110570,무악동,음식·음료,20254,1188302130,71090,-4.97,8990000,3.73,N,없음,0,11110570_음식·음료
SUB04_002387,C04_1434,ISA,11670000,2025-02-17,11650590,방배본동,음식·음료,20254,15761245935,815897,-4.07,83090000,-4.65,Y,운전자금대출,45100000,11650590_음식·음료
SUB04_002388,C04_1385,적금,6810000,2024-07-06,11170660,이태원2동,문화·취미·반려,20254,43207730,711,-17.86,1000000,-31.63,N,없음,0,11170660_문화·취미·반려
SUB04_002389,C04_1208,펀드,22430000,2022-02-19,11305535,미아동,여가·오락,20254,574779339,44139,-14.6,4660000,-27.45,N,없음,0,11305535_여가·오락
SUB04_002390,C04_0691,예금,28420000,2022-06-18,11560560,당산2동,음식·음료,20254,27908262381,1164045,6.0,71430000,28.99,N,없음,0,11560560_음식·음료
SUB04_002391,C04_0271,ISA,10570000,2024-07-01,11740530,명일1동,여가·오락,20254,531564768,21513,12.63,4900000,21.53,Y,운전자금대출,2200000,11740530_여가·오락
SUB04_002392,C04_0381,ISA,26080000,2024-09-14,11320700,방학2동,식료품·편의소매,20254,18157748651,997098,20.51,81790000,22.64,N,없음,0,11320700_식료품·편의소매
SUB04_002393,C04_1026,예금,32220000,2024-05-27,11500604,가양2동,식료품·편의소매,20254,4334074952,453655,-4.41,33170000,-8.07,N,없음,0,11500604_식료품·편의소매
SUB04_002394,C04_1894,ISA,20990000,2023-05-26,11710631,가락1동,식료품·편의소매,20254,439417757480,5884634,1.12,1320090000,-18.03,N,없음,0,11710631_식료품·편의소매
SUB04_002395,C04_0288,예금,39290000,2023-02-08,11200615,금호2·3가동,식료품·편의소매,20254,2834713298,180121,0.98,12820000,-3.46,N,없음,0,11200615_식료품·편의소매
SUB04_002396,C04_0822,적금,4030000,2022-05-23,11200540,마장동,식료품·편의소매,20254,4599927363,450376,3.62,36590000,24.99,Y,운전자금대출,21200000,11200540_식료품·편의소매
SUB04_002397,C04_0389,ISA,22700000,2023-07-17,11710510,풍납1동,패션·잡화,20254,98567965,2029,-55.78,1000000,-70.0,Y,운전자금대출,700000,11710510_패션·잡화
SUB04_002398,C04_1316,펀드,10930000,2024-07-25,11110650,혜화동,가구·인테리어,20254,218677832,6819,-18.45,2710000,-8.88,N,없음,0,11110650_가구·인테리어
SUB04_002399,C04_1545,ISA,18720000,2022-07-18,11740540,명일2동,패션·잡화,20254,1080003841,11056,-22.66,18610000,-24.69,N,없음,0,11740540_패션·잡화
SUB04_002400,C04_1576,펀드,16630000,2025-07-07,11440740,상암동,생활서비스,20254,157214130,8037,40.91,1000000,18.68,N,없음,0,11440740_생활서비스
SUB04_002401,C04_1420,ISA,46410000,2023-05-29,11590620,사당1동,자동차·운송서비스,20254,169036427,953,-14.27,1000000,-17.67,Y,운전자금대출,300000,11590620_자동차·운송서비스
SUB04_002402,C04_1935,적금,9490000,2023-01-25,11110615,종로1·2·3·4가동,가구·인테리어,20254,38672878470,176986,-6.48,120220000,-5.63,Y,소상공인신용대출,78800000,11110615_가구·인테리어
SUB04_002403,C04_0525,적금,8570000,2022-03-20,11380530,불광2동,숙박,20254,115673488,2663,17.31,1000000,5.85,Y,시설자금대출,500000,11380530_숙박
SUB04_002404,C04_0550,펀드,11490000,2023-12-29,11215780,능동,전자기기·수리,20254,5540851,156,-61.19,1000000,-55.83,Y,소상공인신용대출,800000,11215780_전자기기·수리
SUB04_002405,C04_0224,예금,71440000,2024-05-15,11380650,수색동,패션·잡화,20254,285062724,3020,32.77,4460000,15.71,Y,운전자금대출,1900000,11380650_패션·잡화
SUB04_002406,C04_1052,예금,23350000,2024-10-07,11350695,상계6·7동,문화·취미·반려,20254,703204332,36258,-1.86,6530000,-5.71,Y,운전자금대출,1300000,11350695_문화·취미·반려
SUB04_002407,C04_1873,적금,2190000,2024-05-20,11200560,행당1동,미용·뷰티,20254,1348220120,19255,1.33,9470000,6.17,Y,운전자금대출,2500000,11200560_미용·뷰티
SUB04_002408,C04_1557,펀드,35570000,2022-11-29,11710520,풍납2동,미용·뷰티,20254,358185834,6763,-9.84,1000000,-8.94,N,없음,0,11710520_미용·뷰티
SUB04_002409,C04_1718,펀드,4320000,2023-03-16,11620630,남현동,여가·오락,20254,189386631,9842,43.33,1000000,35.54,N,없음,0,11620630_여가·오락
SUB04_002410,C04_1014,펀드,7230000,2024-05-02,11380510,녹번동,음식·음료,20254,17102234332,495581,-4.49,126570000,-0.56,Y,운전자금대출,68100000,11380510_음식·음료
SUB04_002411,C04_0976,펀드,21890000,2024-11-14,11440555,아현동,미용·뷰티,20254,1000978570,16444,2.18,3430000,-7.87,Y,소상공인신용대출,700000,11440555_미용·뷰티
SUB04_002412,C04_0381,예금,15420000,2025-02-28,11320700,방학2동,식료품·편의소매,20254,18157748651,997098,20.51,81790000,22.64,N,없음,0,11320700_식료품·편의소매
SUB04_002413,C04_1463,ISA,13000000,2024-06-22,11500550,화곡2동,음식·음료,20254,953137200,46880,-11.27,17490000,-29.2,N,없음,0,11500550_음식·음료
SUB04_002414,C04_0404,펀드,22560000,2024-10-01,11560620,양평2동,패션·잡화,20254,2754192262,5073,73.49,8070000,70.43,N,없음,0,11560620_패션·잡화
SUB04_002415,C04_1571,펀드,5930000,2024-10-20,11500570,화곡4동,자동차·운송서비스,20254,547036321,3487,3.44,1510000,7.05,N,없음,0,11500570_자동차·운송서비스
SUB04_002416,C04_1259,예금,53570000,2024-12-31,11680580,삼성1동,음식·음료,20254,119064183827,3225951,8.0,912590000,13.03,N,없음,0,11680580_음식·음료
SUB04_002417,C04_0422,적금,6290000,2024-06-08,11290780,장위3동,음식·음료,20254,1280536674,54415,-1.68,10380000,-20.27,N,없음,0,11290780_음식·음료
SUB04_002418,C04_1243,예금,44770000,2025-08-10,11290555,삼선동,음식·음료,20254,16670973186,594863,2.53,88470000,-1.59,Y,운전자금대출,31000000,11290555_음식·음료
SUB04_002419,C04_1690,펀드,36020000,2025-02-06,11440655,서강동,여가·오락,20254,144469979,10350,1.47,1130000,-8.94,N,없음,0,11440655_여가·오락
SUB04_002420,C04_0074,예금,9850000,2022-07-14,11440710,연남동,생활서비스,20254,168151208,22519,5.69,1000000,20.81,N,없음,0,11440710_생활서비스
SUB04_002421,C04_0841,적금,4200000,2025-12-27,11500510,염창동,가구·인테리어,20254,231820023,8746,-39.75,1560000,-37.84,N,없음,0,11500510_가구·인테리어
SUB04_002422,C04_0161,예금,37780000,2024-07-20,11170520,용산2가동,음식·음료,20254,8483363933,272106,11.74,54150000,16.69,Y,소상공인신용대출,25000000,11170520_음식·음료
SUB04_002423,C04_1866,적금,5220000,2023-09-29,11230650,장안1동,자동차·운송서비스,20254,6754014389,20933,-27.94,77610000,-40.99,Y,소상공인신용대출,53700000,11230650_자동차·운송서비스
SUB04_002424,C04_0863,펀드,6300000,2025-05-11,11440630,신수동,가구·인테리어,20254,72939921,326,76.79,1000000,63.29,Y,시설자금대출,200000,11440630_가구·인테리어
SUB04_002425,C04_0544,적금,6570000,2025-09-03,11110530,사직동,숙박,20254,76450722,1430,3.16,1000000,9.29,Y,시설자금대출,600000,11110530_숙박
SUB04_002426,C04_0603,펀드,15130000,2022-10-10,11545670,시흥1동,생활서비스,20254,56760356,2157,344.02,1000000,100.0,N,없음,0,11545670_생활서비스
SUB04_002427,C04_1536,펀드,10470000,2024-04-19,11500603,가양1동,전자기기·수리,20254,3905546454,104294,8.98,45830000,-6.71,Y,시설자금대출,21400000,11500603_전자기기·수리
SUB04_002428,C04_0018,펀드,11230000,2022-11-04,11440710,연남동,음식·음료,20254,28838630045,962602,6.98,238740000,-8.88,Y,운전자금대출,131300000,11440710_음식·음료
SUB04_002429,C04_1755,적금,6230000,2025-09-10,11215850,구의1동,여가·오락,20254,988213375,50756,9.72,13540000,-1.16,N,없음,0,11215850_여가·오락
SUB04_002430,C04_0245,예금,24570000,2024-01-16,11215860,구의2동,식료품·편의소매,20254,6205027646,468956,0.51,31950000,-0.23,Y,운전자금대출,10900000,11215860_식료품·편의소매
SUB04_002431,C04_0649,적금,11510000,2022-08-18,11170520,용산2가동,문화·취미·반려,20254,39450368,2085,-1.64,1000000,8.7,N,없음,0,11170520_문화·취미·반려
SUB04_002432,C04_0004,펀드,8550000,2025-05-01,11230545,제기동,가구·인테리어,20254,1241162843,33526,55.38,7160000,67.72,N,없음,0,11230545_가구·인테리어
SUB04_002433,C04_0385,펀드,7860000,2025-11-07,11500535,등촌3동,음식·음료,20254,16895518747,751379,3.82,155100000,8.86,N,없음,0,11500535_음식·음료
SUB04_002434,C04_1303,적금,4860000,2024-07-08,11290810,석관동,생활서비스,20254,67632012,10439,-40.56,1000000,-42.77,Y,시설자금대출,700000,11290810_생활서비스
SUB04_002435,C04_1662,적금,2620000,2025-03-04,11200535,왕십리도선동,숙박,20254,431091386,10325,52.9,1850000,44.52,N,없음,0,11200535_숙박
SUB04_002436,C04_0445,적금,3310000,2023-09-04,11590670,신대방1동,생활서비스,20254,71970959,4679,43.11,1650000,18.84,N,없음,0,11590670_생활서비스
SUB04_002437,C04_0685,펀드,12380000,2024-03-14,11410710,북가좌1동,문화·취미·반려,20254,3356201,590,-12.77,1000000,-9.69,Y,운전자금대출,500000,11410710_문화·취미·반려
SUB04_002438,C04_1840,적금,7270000,2025-05-03,11680600,대치1동,문화·취미·반려,20254,145622330,7026,-40.18,2540000,-16.46,N,없음,0,11680600_문화·취미·반려
SUB04_002439,C04_1197,펀드,13540000,2025-02-15,11530760,개봉3동,전자기기·수리,20254,46745871,2355,-85.49,1000000,-70.0,N,없음,0,11530760_전자기기·수리
SUB04_002440,C04_1776,적금,2930000,2024-06-04,11440710,연남동,미용·뷰티,20254,1276088184,21059,0.42,5440000,-0.84,Y,시설자금대출,1400000,11440710_미용·뷰티
SUB04_002441,C04_1338,예금,28240000,2022-11-06,11740530,명일1동,음식·음료,20254,15884260277,634535,0.21,131140000,0.33,Y,시설자금대출,51500000,11740530_음식·음료
SUB04_002442,C04_1113,예금,41330000,2022-05-03,11410615,연희동,전자기기·수리,20254,27315767,624,-56.69,1000000,-62.81,Y,운전자금대출,700000,11410615_전자기기·수리
SUB04_002443,C04_1034,펀드,7880000,2025-03-28,11470520,목2동,여가·오락,20254,289739980,9435,1.5,1520000,4.54,Y,시설자금대출,400000,11470520_여가·오락
SUB04_002444,C04_1364,ISA,13170000,2022-12-04,11440565,공덕동,숙박,20254,698368,16,-65.65,1000000,-43.61,Y,운전자금대출,800000,11440565_숙박
SUB04_002445,C04_1672,ISA,4750000,2022-10-28,11200650,성수1가1동,여가·오락,20254,173074431,3122,16.0,1680000,10.34,Y,운전자금대출,1000000,11200650_여가·오락
SUB04_002446,C04_1582,예금,25940000,2024-10-10,11410555,북아현동,미용·뷰티,20254,109477874,2969,-7.32,1000000,-5.68,N,없음,0,11410555_미용·뷰티
SUB04_002447,C04_0015,적금,4260000,2024-07-22,11305535,미아동,숙박,20254,74916087,1432,-37.95,1000000,-19.41,Y,시설자금대출,500000,11305535_숙박
SUB04_002448,C04_0367,ISA,7080000,2024-04-21,11590605,흑석동,여가·오락,20254,320218225,62492,-8.11,2500000,-12.88,N,없음,0,11590605_여가·오락
SUB04_002449,C04_0584,ISA,12320000,2025-02-20,11500604,가양2동,생활서비스,20254,31477256,1664,76.71,1000000,67.8,N,없음,0,11500604_생활서비스
SUB04_002450,C04_1939,예금,40860000,2022-11-02,11545710,시흥5동,가구·인테리어,20254,74141623,627,-39.76,1000000,-24.87,N,없음,0,11545710_가구·인테리어
SUB04_002451,C04_1750,ISA,21420000,2024-04-22,11305535,미아동,자동차·운송서비스,20254,452779044,1809,4.96,3250000,15.38,N,없음,0,11305535_자동차·운송서비스
SUB04_002452,C04_1773,예금,19400000,2022-12-17,11470570,신월2동,문화·취미·반려,20254,477992206,19647,43.43,6930000,42.86,Y,운전자금대출,2400000,11470570_문화·취미·반려
SUB04_002453,C04_0528,예금,77230000,2023-05-30,11380570,대조동,전자기기·수리,20254,579514,58,-60.0,1000000,-42.71,Y,소상공인신용대출,500000,11380570_전자기기·수리
SUB04_002454,C04_0679,펀드,7840000,2025-03-12,11680730,일원1동,가구·인테리어,20254,111898853,5608,-18.09,1000000,-35.82,Y,시설자금대출,400000,11680730_가구·인테리어
SUB04_002455,C04_0896,펀드,7000000,2025-08-11,11215840,자양3동,전자기기·수리,20254,68773639,180,-74.36,1010000,-70.0,Y,소상공인신용대출,700000,11215840_전자기기·수리
SUB04_002456,C04_0012,예금,31310000,2025-07-28,11170530,남영동,전자기기·수리,20254,93865987,2520,1246.01,1000000,100.0,N,없음,0,11170530_전자기기·수리
SUB04_002457,C04_1624,펀드,4880000,2025-12-29,11500611,발산1동,가구·인테리어,20254,443531809,12935,-20.04,1890000,-9.86,N,없음,0,11500611_가구·인테리어
SUB04_002458,C04_1401,ISA,11300000,2025-09-06,11560710,대림2동,미용·뷰티,20254,982747131,25311,-0.63,5350000,-2.78,Y,소상공인신용대출,3500000,11560710_미용·뷰티
SUB04_002459,C04_0455,ISA,29810000,2025-11-15,11680510,신사동,가구·인테리어,20254,159355862,4991,-40.97,1000000,-42.35,Y,시설자금대출,500000,11680510_가구·인테리어
SUB04_002460,C04_1964,펀드,20780000,2025-06-10,11140635,약수동,문화·취미·반려,20254,1830292493,82483,2.2,8180000,10.4,Y,시설자금대출,2700000,11140635_문화·취미·반려
SUB04_002461,C04_0853,ISA,17220000,2024-08-19,11290555,삼선동,음식·음료,20254,16670973186,594863,2.53,97320000,-1.07,N,없음,0,11290555_음식·음료
SUB04_002462,C04_0058,펀드,14880000,2025-07-27,11740610,천호2동,음식·음료,20254,36231393320,1317004,1.74,76580000,-0.3,N,없음,0,11740610_음식·음료
SUB04_002463,C04_0910,펀드,21740000,2024-02-22,11350560,월계1동,미용·뷰티,20254,429468446,13649,0.23,4320000,-13.25,N,없음,0,11350560_미용·뷰티
SUB04_002464,C04_1867,적금,3970000,2022-01-14,11440600,대흥동,음식·음료,20254,9569046955,617947,5.05,37290000,-4.69,N,없음,0,11440600_음식·음료
SUB04_002465,C04_0375,예금,11650000,2023-08-21,11260590,상봉2동,생활서비스,20254,204809498,29040,23.3,1750000,32.47,Y,운전자금대출,500000,11260590_생활서비스
SUB04_002466,C04_0059,적금,3000000,2024-12-03,11545610,독산1동,생활서비스,20254,228014942,29189,21.43,1260000,21.59,N,없음,0,11545610_생활서비스
SUB04_002467,C04_1938,ISA,9110000,2024-10-04,11215730,군자동,생활서비스,20254,151671151,11673,6.49,1000000,31.76,N,없음,0,11215730_생활서비스
SUB04_002468,C04_0409,적금,1720000,2025-09-23,11290610,보문동,숙박,20254,102856050,2532,-17.22,1000000,-24.52,N,없음,0,11290610_숙박
SUB04_002469,C04_1849,펀드,16670000,2025-03-25,11170640,이촌2동,생활서비스,20254,20332462,2009,21.06,1000000,-7.23,N,없음,0,11170640_생활서비스
SUB04_002470,C04_1243,ISA,22250000,2022-10-14,11290555,삼선동,음식·음료,20254,16670973186,594863,2.53,88470000,-1.59,Y,운전자금대출,31000000,11290555_음식·음료
SUB04_002471,C04_1356,펀드,11790000,2022-07-01,11230705,청량리동,자동차·운송서비스,20254,679066522,3657,-6.76,8570000,-24.71,N,없음,0,11230705_자동차·운송서비스
SUB04_002472,C04_0920,ISA,15460000,2025-09-05,11200535,왕십리도선동,미용·뷰티,20254,493839710,8764,4.45,1850000,-7.32,N,없음,0,11200535_미용·뷰티
SUB04_002473,C04_1300,예금,32920000,2024-12-21,11320670,쌍문2동,패션·잡화,20254,673548390,5482,4.7,6340000,-4.89,Y,시설자금대출,3000000,11320670_패션·잡화
SUB04_002474,C04_0685,펀드,6730000,2024-08-03,11410710,북가좌1동,문화·취미·반려,20254,3356201,590,-12.77,1000000,-9.69,Y,운전자금대출,500000,11410710_문화·취미·반려
SUB04_002475,C04_1011,적금,4930000,2024-07-14,11740530,명일1동,가구·인테리어,20254,49497898,3411,-12.51,1000000,-15.56,N,없음,0,11740530_가구·인테리어
SUB04_002476,C04_1413,예금,25700000,2022-08-06,11470600,신월5동,패션·잡화,20254,97791379,588,132.03,1000000,100.0,N,없음,0,11470600_패션·잡화
SUB04_002477,C04_0734,적금,6930000,2022-04-19,11530540,구로3동,미용·뷰티,20254,5298667919,50715,-14.87,19200000,-15.48,N,없음,0,11530540_미용·뷰티
SUB04_002478,C04_0447,예금,27490000,2023-09-12,11110650,혜화동,문화·취미·반려,20254,707469045,21046,38.68,9540000,34.38,N,없음,0,11110650_문화·취미·반려
SUB04_002479,C04_1295,펀드,26160000,2023-07-04,11290640,정릉3동,음식·음료,20254,4585094367,272885,12.86,20060000,26.29,N,없음,0,11290640_음식·음료
SUB04_002480,C04_1135,펀드,8060000,2025-01-08,11650520,서초2동,미용·뷰티,20254,8657733026,62419,-15.94,22720000,-13.89,N,없음,0,11650520_미용·뷰티
SUB04_002481,C04_0505,펀드,14660000,2024-10-04,11350560,월계1동,여가·오락,20254,1069534364,107365,-11.7,13380000,-15.34,N,없음,0,11350560_여가·오락
SUB04_002482,C04_0316,펀드,15090000,2025-04-28,11680610,대치2동,가구·인테리어,20254,1138499601,918,16.21,2530000,9.52,Y,운전자금대출,1000000,11680610_가구·인테리어
SUB04_002483,C04_0402,적금,10490000,2022-01-16,11710642,문정2동,음식·음료,20254,41494598269,2095778,-0.14,554690000,3.5,N,없음,0,11710642_음식·음료
SUB04_002484,C04_0041,ISA,22880000,2025-06-21,11410685,홍은2동,음식·음료,20254,7000985254,311732,4.92,38380000,17.64,N,없음,0,11410685_음식·음료
SUB04_002485,C04_0271,펀드,11690000,2025-07-02,11740530,명일1동,여가·오락,20254,531564768,21513,12.63,4900000,21.53,Y,운전자금대출,2200000,11740530_여가·오락
SUB04_002486,C04_0281,ISA,28640000,2025-12-12,11500530,등촌2동,가구·인테리어,20254,3750634,172,49.47,1000000,33.27,N,없음,0,11500530_가구·인테리어
SUB04_002487,C04_0044,예금,18900000,2023-01-23,11350700,상계8동,가구·인테리어,20254,10946139,542,33.32,1000000,61.64,Y,시설자금대출,500000,11350700_가구·인테리어
SUB04_002488,C04_0415,적금,2380000,2023-08-05,11500590,화곡본동,숙박,20254,761603511,21252,-1.82,1060000,2.08,Y,운전자금대출,500000,11500590_숙박
SUB04_002489,C04_1760,적금,7320000,2024-11-14,11680521,논현1동,패션·잡화,20254,4511969480,26834,14.07,18480000,10.21,Y,시설자금대출,3300000,11680521_패션·잡화
SUB04_002490,C04_1816,ISA,8250000,2024-04-11,11380631,신사1동,생활서비스,20254,98286503,5147,48.57,1000000,38.37,Y,운전자금대출,400000,11380631_생활서비스
SUB04_002491,C04_0244,ISA,6750000,2025-02-28,11215770,중곡4동,여가·오락,20254,390290676,11701,14.4,4280000,14.89,N,없음,0,11215770_여가·오락
SUB04_002492,C04_1678,적금,1650000,2025-01-16,11200520,왕십리2동,미용·뷰티,20254,529885456,10848,3.94,7910000,3.43,N,없음,0,11200520_미용·뷰티
SUB04_002493,C04_0427,예금,51770000,2025-04-10,11560650,신길3동,식료품·편의소매,20254,6049019933,315308,-17.41,52560000,-29.98,Y,시설자금대출,18800000,11560650_식료품·편의소매
SUB04_002494,C04_1244,예금,34040000,2023-12-15,11680720,일원본동,문화·취미·반려,20254,533737897,10938,-30.46,5550000,-30.05,N,없음,0,11680720_문화·취미·반려
SUB04_002495,C04_0859,적금,6360000,2025-08-10,11650530,서초3동,가구·인테리어,20254,878972164,29073,28.86,8580000,25.79,Y,소상공인신용대출,4800000,11650530_가구·인테리어
SUB04_002496,C04_1478,펀드,34790000,2024-04-27,11230705,청량리동,가구·인테리어,20254,84289902,4382,-73.01,1000000,-70.0,Y,운전자금대출,600000,11230705_가구·인테리어
SUB04_002497,C04_0368,예금,39420000,2025-08-02,11740600,천호1동,미용·뷰티,20254,429115463,14528,3.62,3630000,4.29,N,없음,0,11740600_미용·뷰티
SUB04_002498,C04_0018,펀드,24360000,2025-12-17,11440710,연남동,음식·음료,20254,28838630045,962602,6.98,238740000,-8.88,Y,운전자금대출,131300000,11440710_음식·음료
SUB04_002499,C04_0803,예금,18520000,2023-12-12,11230740,이문1동,가구·인테리어,20254,11178528,118,672.36,1000000,100.0,N,없음,0,11230740_가구·인테리어
SUB04_002500,C04_0623,예금,24150000,2023-09-08,11410685,홍은2동,음식·음료,20254,7000985254,311732,4.92,36720000,-1.64,N,없음,0,11410685_음식·음료
SUB04_002501,C04_1362,예금,32860000,2022-11-20,11710710,잠실6동,음식·음료,20254,33053871461,1876957,0.58,244470000,7.4,N,없음,0,11710710_음식·음료
SUB04_002502,C04_1940,펀드,13330000,2023-10-02,11440590,용강동,가구·인테리어,20254,936210448,20204,17.14,11830000,26.56,Y,소상공인신용대출,6700000,11440590_가구·인테리어
SUB04_002503,C04_1712,펀드,10710000,2024-08-26,11590560,상도4동,전자기기·수리,20254,85231273,2778,20.93,1000000,9.66,Y,운전자금대출,600000,11590560_전자기기·수리
SUB04_002504,C04_0878,ISA,9260000,2023-08-29,11545610,독산1동,여가·오락,20254,818633684,13956,-4.33,2680000,-3.3,Y,소상공인신용대출,500000,11545610_여가·오락
SUB04_002505,C04_1658,적금,3330000,2024-06-14,11260660,망우3동,문화·취미·반려,20254,72516746,8769,-20.3,1000000,1.77,Y,운전자금대출,400000,11260660_문화·취미·반려
SUB04_002506,C04_1896,적금,3350000,2025-10-02,11560690,신길7동,전자기기·수리,20254,3950954,565,-36.36,1000000,-28.36,N,없음,0,11560690_전자기기·수리
SUB04_002507,C04_0978,적금,6240000,2025-08-02,11680545,압구정동,전자기기·수리,20254,66273002,822,1331.67,1000000,100.0,N,없음,0,11680545_전자기기·수리
SUB04_002508,C04_0941,예금,68140000,2025-04-06,11305534,삼양동,숙박,20254,9131232,233,-20.93,1000000,-33.5,N,없음,0,11305534_숙박
SUB04_002509,C04_0362,ISA,20660000,2025-04-16,11590520,노량진2동,패션·잡화,20254,56429092,515,16.18,1000000,8.09,Y,운전자금대출,300000,11590520_패션·잡화
SUB04_002510,C04_0486,펀드,16710000,2022-03-06,11350621,중계1동,생활서비스,20254,37735027,1667,55.95,1000000,79.24,N,없음,0,11350621_생활서비스
SUB04_002511,C04_1979,펀드,12270000,2025-09-08,11710670,잠실2동,음식·음료,20254,8971126316,947351,-13.86,68490000,8.81,N,없음,0,11710670_음식·음료
SUB04_002512,C04_1495,적금,9380000,2025-10-31,11620695,신림동,숙박,20254,991508249,21858,4.89,3240000,4.25,N,없음,0,11620695_숙박
SUB04_002513,C04_0631,펀드,63200000,2024-11-26,11290705,종암동,자동차·운송서비스,20254,195358355,1174,62.82,1500000,55.97,Y,소상공인신용대출,900000,11290705_자동차·운송서비스
SUB04_002514,C04_0100,적금,3150000,2024-10-27,11380551,갈현1동,음식·음료,20254,19831088376,655873,13.18,74100000,16.26,N,없음,0,11380551_음식·음료
SUB04_002515,C04_1430,예금,39550000,2022-01-13,11500630,방화1동,생활서비스,20254,326573343,17314,71.78,1730000,72.57,N,없음,0,11500630_생활서비스
SUB04_002516,C04_1894,ISA,19480000,2022-09-26,11710631,가락1동,식료품·편의소매,20254,439417757480,5884634,1.12,1320090000,-18.03,N,없음,0,11710631_식료품·편의소매
SUB04_002517,C04_1141,적금,5500000,2022-11-25,11710531,거여1동,패션·잡화,20254,140851368,1036,8.18,1000000,23.5,N,없음,0,11710531_패션·잡화
SUB04_002518,C04_1320,ISA,14620000,2022-12-10,11230650,장안1동,식료품·편의소매,20254,36280343838,1475671,1.03,358760000,-7.54,Y,시설자금대출,185200000,11230650_식료품·편의소매
SUB04_002519,C04_0160,예금,36270000,2025-10-25,11710647,위례동,미용·뷰티,20254,560088104,6705,0.16,10000000,-0.35,Y,운전자금대출,3300000,11710647_미용·뷰티
SUB04_002520,C04_0360,펀드,7890000,2025-07-12,11545510,가산동,음식·음료,20254,84966462878,4968645,-1.65,672580000,5.37,Y,운전자금대출,278000000,11545510_음식·음료
SUB04_002521,C04_0728,펀드,22200000,2025-06-17,11320710,방학3동,미용·뷰티,20254,101305447,2939,-9.4,1000000,5.99,N,없음,0,11320710_미용·뷰티
SUB04_002522,C04_0828,예금,19410000,2023-03-30,11260580,상봉1동,생활서비스,20254,294983953,17011,52.38,1000000,34.65,N,없음,0,11260580_생활서비스
SUB04_002523,C04_0991,예금,26690000,2023-05-08,11110680,창신2동,가구·인테리어,20254,1788436,253,-60.0,1000000,-48.2,Y,소상공인신용대출,700000,11110680_가구·인테리어
SUB04_002524,C04_0125,ISA,7610000,2024-03-06,11260620,묵1동,여가·오락,20254,358890762,4683,-8.93,2430000,-16.91,N,없음,0,11260620_여가·오락
SUB04_002525,C04_1216,ISA,27670000,2022-10-20,11380631,신사1동,패션·잡화,20254,687161224,4941,-6.96,1660000,-23.96,Y,운전자금대출,900000,11380631_패션·잡화
SUB04_002526,C04_0778,적금,6570000,2024-05-13,11110570,무악동,식료품·편의소매,20254,1828929551,292973,-8.47,17830000,25.13,Y,운전자금대출,6500000,11110570_식료품·편의소매
SUB04_002527,C04_0054,예금,26150000,2024-11-06,11170590,용문동,패션·잡화,20254,547130294,13425,25.84,4440000,11.14,N,없음,0,11170590_패션·잡화
SUB04_002528,C04_0287,ISA,14240000,2022-09-21,11410585,신촌동,가구·인테리어,20254,288719509,5868,142.52,2300000,100.0,N,없음,0,11410585_가구·인테리어
SUB04_002529,C04_0622,적금,2180000,2023-08-12,11590620,사당1동,패션·잡화,20254,1540460336,17207,-0.3,6040000,-9.9,N,없음,0,11590620_패션·잡화
SUB04_002530,C04_0454,ISA,18240000,2025-11-15,11320521,도봉1동,숙박,20254,59091211,1115,-3.33,1000000,-3.23,N,없음,0,11320521_숙박
SUB04_002531,C04_1293,적금,3880000,2024-01-12,11680656,도곡2동,생활서비스,20254,203279509,6438,88.94,1850000,84.51,N,없음,0,11680656_생활서비스
SUB04_002532,C04_1910,적금,4120000,2022-07-05,11290640,정릉3동,미용·뷰티,20254,195221276,5872,-7.12,1000000,4.12,Y,운전자금대출,500000,11290640_미용·뷰티
SUB04_002533,C04_1477,펀드,6420000,2023-05-11,11230730,휘경2동,문화·취미·반려,20254,704220482,3811,357.09,7130000,100.0,Y,운전자금대출,3300000,11230730_문화·취미·반려
SUB04_002534,C04_1547,적금,7800000,2023-11-11,11140650,신당5동,여가·오락,20254,236802901,20199,2.82,2480000,-6.16,N,없음,0,11140650_여가·오락
SUB04_002535,C04_1079,예금,35600000,2023-06-20,11680650,역삼2동,패션·잡화,20254,8365480420,51389,34.83,32620000,33.04,N,없음,0,11680650_패션·잡화
SUB04_002536,C04_1461,펀드,11130000,2024-12-18,11710647,위례동,식료품·편의소매,20254,557220291,65111,1.99,2730000,-14.7,N,없음,0,11710647_식료품·편의소매
SUB04_002537,C04_1803,ISA,23040000,2025-08-14,11590630,사당2동,미용·뷰티,20254,2055394402,38085,1.21,21150000,20.42,N,없음,0,11590630_미용·뷰티
SUB04_002538,C04_1949,예금,40170000,2024-10-26,11320515,창5동,음식·음료,20254,11147569618,588394,-6.1,218880000,-4.87,Y,소상공인신용대출,93800000,11320515_음식·음료
SUB04_002539,C04_0368,적금,5990000,2024-06-10,11740600,천호1동,미용·뷰티,20254,429115463,14528,3.62,3630000,4.29,N,없음,0,11740600_미용·뷰티
SUB04_002540,C04_0699,펀드,24280000,2024-04-28,11500611,발산1동,숙박,20254,328289544,6374,39.15,1510000,20.17,N,없음,0,11500611_숙박
SUB04_002541,C04_0695,예금,18360000,2024-09-26,11500590,화곡본동,음식·음료,20254,10442653039,365989,2.39,38420000,7.22,N,없음,0,11500590_음식·음료
SUB04_002542,C04_0330,펀드,6080000,2023-12-22,11200570,행당2동,가구·인테리어,20254,30790244,908,57.0,1000000,62.31,N,없음,0,11200570_가구·인테리어
SUB04_002543,C04_0658,펀드,9720000,2025-10-04,11680650,역삼2동,생활서비스,20254,336976059,12316,19.01,2520000,18.24,Y,시설자금대출,1400000,11680650_생활서비스
SUB04_002544,C04_0645,적금,4050000,2024-12-01,11305645,우이동,문화·취미·반려,20254,18757447,906,-71.47,1000000,-70.0,Y,운전자금대출,900000,11305645_문화·취미·반려
SUB04_002545,C04_0998,펀드,30190000,2025-09-20,11350670,상계5동,식료품·편의소매,20254,8794616009,578509,10.46,39570000,7.59,N,없음,0,11350670_식료품·편의소매
SUB04_002546,C04_1129,ISA,38600000,2024-08-28,11650600,방배1동,미용·뷰티,20254,4374083428,44970,-31.19,45380000,-52.37,Y,소상공인신용대출,32000000,11650600_미용·뷰티
SUB04_002547,C04_1652,ISA,23510000,2024-11-10,11140580,장충동,생활서비스,20254,7938735,239,17.56,1000000,50.34,Y,시설자금대출,300000,11140580_생활서비스
SUB04_002548,C04_0099,적금,3330000,2023-02-12,11680640,역삼1동,전자기기·수리,20254,7664022120,115152,-31.07,49960000,-31.02,Y,운전자금대출,32300000,11680640_전자기기·수리
SUB04_002549,C04_0537,ISA,28320000,2025-04-04,11680740,일원2동,문화·취미·반려,20254,66364821,4012,36.65,1000000,22.36,Y,운전자금대출,500000,11680740_문화·취미·반려
SUB04_002550,C04_1142,ISA,13500000,2024-05-08,11470580,신월3동,문화·취미·반려,20254,62759156,2580,38.09,1000000,55.72,Y,시설자금대출,300000,11470580_문화·취미·반려
SUB04_002551,C04_0323,예금,53410000,2023-01-27,11215830,자양2동,가구·인테리어,20254,1275322865,30705,96.6,13520000,84.26,Y,소상공인신용대출,4300000,11215830_가구·인테리어
SUB04_002552,C04_1437,펀드,16640000,2025-04-18,11230560,전농1동,식료품·편의소매,20254,23591219748,1530519,-1.24,108310000,17.33,Y,운전자금대출,64800000,11230560_식료품·편의소매
SUB04_002553,C04_1053,적금,2480000,2022-04-07,11620565,성현동,전자기기·수리,20254,108643316,1131,165.95,1000000,100.0,Y,운전자금대출,200000,11620565_전자기기·수리
SUB04_002554,C04_0546,예금,113340000,2025-05-20,11320514,창4동,여가·오락,20254,1159131091,161748,6.68,12780000,-0.83,Y,시설자금대출,4000000,11320514_여가·오락
SUB04_002555,C04_1706,ISA,13530000,2024-02-19,11710532,거여2동,식료품·편의소매,20254,1776547109,191650,-0.42,9270000,6.28,N,없음,0,11710532_식료품·편의소매
SUB04_002556,C04_1482,펀드,11970000,2024-11-13,11320515,창5동,음식·음료,20254,11147569618,588394,-6.1,114650000,10.7,N,없음,0,11320515_음식·음료
SUB04_002557,C04_1354,ISA,10050000,2022-03-30,11260600,중화1동,식료품·편의소매,20254,11063482713,625113,-29.55,93890000,-38.14,N,없음,0,11260600_식료품·편의소매
SUB04_002558,C04_0725,적금,4550000,2023-08-07,11500640,방화2동,식료품·편의소매,20254,6525687631,518384,-3.71,18520000,-4.74,N,없음,0,11500640_식료품·편의소매
SUB04_002559,C04_0135,펀드,14050000,2024-12-25,11305645,우이동,음식·음료,20254,15545949392,496478,-16.94,146840000,-23.21,Y,운전자금대출,60200000,11305645_음식·음료
SUB04_002560,C04_1301,펀드,22890000,2024-06-28,11290760,장위1동,문화·취미·반려,20254,10447605,1662,-27.78,1000000,-23.67,N,없음,0,11290760_문화·취미·반려
SUB04_002561,C04_0679,ISA,22270000,2025-01-21,11680730,일원1동,가구·인테리어,20254,111898853,5608,-18.09,1000000,-35.82,Y,시설자금대출,400000,11680730_가구·인테리어
SUB04_002562,C04_1493,펀드,14020000,2023-08-13,11320680,쌍문3동,패션·잡화,20254,907019007,7586,76.72,2130000,79.27,N,없음,0,11320680_패션·잡화
SUB04_002563,C04_0058,ISA,12130000,2024-10-17,11740610,천호2동,음식·음료,20254,36231393320,1317004,1.74,76580000,-0.3,N,없음,0,11740610_음식·음료
SUB04_002564,C04_1893,펀드,13910000,2025-12-07,11560660,신길4동,자동차·운송서비스,20254,19965451,174,-46.2,1000000,-48.88,N,없음,0,11560660_자동차·운송서비스
SUB04_002565,C04_1232,펀드,10170000,2024-02-10,11140680,중림동,가구·인테리어,20254,838774920,895,-20.84,5020000,-45.33,Y,운전자금대출,2700000,11140680_가구·인테리어
SUB04_002566,C04_0291,예금,62870000,2025-05-15,11140625,다산동,음식·음료,20254,12783532234,417064,-3.79,84330000,15.94,Y,운전자금대출,26800000,11140625_음식·음료
SUB04_002567,C04_0238,예금,30940000,2024-02-09,11230570,전농2동,문화·취미·반려,20254,401391229,29414,-50.07,1890000,-44.92,Y,운전자금대출,1100000,11230570_문화·취미·반려
SUB04_002568,C04_0161,적금,6450000,2025-12-24,11170520,용산2가동,음식·음료,20254,8483363933,272106,11.74,54150000,16.69,Y,소상공인신용대출,25000000,11170520_음식·음료
SUB04_002569,C04_0196,펀드,20070000,2023-06-28,11320710,방학3동,미용·뷰티,20254,101305447,2939,-9.4,1000000,-2.74,Y,운전자금대출,200000,11320710_미용·뷰티
SUB04_002570,C04_1472,ISA,8260000,2025-12-21,11290810,석관동,식료품·편의소매,20254,7333218517,653463,4.77,85430000,-12.0,Y,소상공인신용대출,52900000,11290810_식료품·편의소매
SUB04_002571,C04_0864,적금,6880000,2025-08-13,11530530,구로2동,문화·취미·반려,20254,2421925929,75190,0.24,24610000,-11.37,Y,시설자금대출,17000000,11530530_문화·취미·반려
SUB04_002572,C04_0048,펀드,14050000,2023-10-26,11590550,상도3동,생활서비스,20254,76887390,4737,38.18,1000000,50.03,N,없음,0,11590550_생활서비스
SUB04_002573,C04_1308,적금,5380000,2025-04-04,11350611,하계1동,음식·음료,20254,6705097971,317772,1.96,48440000,6.68,N,없음,0,11350611_음식·음료
SUB04_002574,C04_1130,예금,35060000,2023-07-19,11650540,잠원동,패션·잡화,20254,1173187987,3903,46.9,12760000,53.5,N,없음,0,11650540_패션·잡화
SUB04_002575,C04_0375,펀드,18850000,2024-01-21,11260590,상봉2동,생활서비스,20254,204809498,29040,23.3,1750000,32.47,Y,운전자금대출,500000,11260590_생활서비스
SUB04_002576,C04_1897,적금,5770000,2022-09-03,11200620,금호4가동,미용·뷰티,20254,240504165,4275,-10.17,8720000,-4.07,Y,시설자금대출,4600000,11200620_미용·뷰티
SUB04_002577,C04_0721,적금,8360000,2025-06-21,11110630,종로5·6가동,문화·취미·반려,20254,13015522131,110138,47.01,100510000,52.14,Y,소상공인신용대출,37200000,11110630_문화·취미·반려
SUB04_002578,C04_0068,펀드,19890000,2022-10-29,11230610,답십리2동,식료품·편의소매,20254,5053741794,303669,2.55,25470000,15.65,Y,시설자금대출,15500000,11230610_식료품·편의소매
SUB04_002579,C04_0925,예금,50080000,2022-10-12,11470610,신월6동,미용·뷰티,20254,498758640,11793,0.91,2180000,-16.05,Y,시설자금대출,500000,11470610_미용·뷰티
SUB04_002580,C04_1103,ISA,8470000,2024-11-05,11260600,중화1동,음식·음료,20254,1418808781,43753,-9.22,8580000,-35.8,N,없음,0,11260600_음식·음료
SUB04_002581,C04_1870,펀드,28230000,2025-03-10,11305625,수유2동,여가·오락,20254,625509736,65158,14.08,5720000,-10.1,N,없음,0,11305625_여가·오락
SUB04_002582,C04_1081,적금,3440000,2024-03-16,11710550,마천2동,식료품·편의소매,20254,12888395931,702719,25.6,114200000,18.81,Y,운전자금대출,68100000,11710550_식료품·편의소매
SUB04_002583,C04_0585,펀드,6550000,2025-07-27,11170660,이태원2동,음식·음료,20254,13326534080,295874,8.48,60290000,-5.74,Y,소상공인신용대출,38400000,11170660_음식·음료
SUB04_002584,C04_1590,적금,12440000,2024-05-18,11710690,잠실4동,미용·뷰티,20254,869506947,6586,9.57,1850000,13.89,N,없음,0,11710690_미용·뷰티
SUB04_002585,C04_0112,ISA,12750000,2022-11-17,11305625,수유2동,자동차·운송서비스,20254,807852902,6287,10.71,3940000,-4.4,N,없음,0,11305625_자동차·운송서비스
SUB04_002586,C04_0904,펀드,12750000,2022-09-07,11170590,용문동,가구·인테리어,20254,1445837118,10702,261.12,15740000,100.0,N,없음,0,11170590_가구·인테리어
SUB04_002587,C04_0943,ISA,29810000,2025-08-31,11260600,중화1동,가구·인테리어,20254,30563796,1289,146.03,1000000,100.0,Y,시설자금대출,400000,11260600_가구·인테리어
SUB04_002588,C04_0204,예금,56430000,2022-07-18,11290810,석관동,생활서비스,20254,67632012,10439,-40.56,1000000,-27.79,Y,운전자금대출,700000,11290810_생활서비스
SUB04_002589,C04_0411,펀드,14750000,2023-06-11,11410565,충현동,여가·오락,20254,262668227,27373,-13.73,1950000,-17.08,Y,시설자금대출,1400000,11410565_여가·오락
SUB04_002590,C04_0276,펀드,7560000,2025-06-16,11590620,사당1동,미용·뷰티,20254,1129745995,20061,-3.36,19220000,-0.25,N,없음,0,11590620_미용·뷰티
SUB04_002591,C04_1005,예금,7640000,2024-04-26,11440710,연남동,음식·음료,20254,28838630045,962602,6.98,164150000,9.61,N,없음,0,11440710_음식·음료
SUB04_002592,C04_1768,펀드,24690000,2024-10-13,11260570,면목7동,생활서비스,20254,129446402,6089,69.29,1000000,64.63,Y,운전자금대출,300000,11260570_생활서비스
SUB04_002593,C04_0248,적금,3170000,2024-09-04,11680655,도곡1동,가구·인테리어,20254,22748184,269,-94.38,1000000,-70.0,Y,소상공인신용대출,800000,11680655_가구·인테리어
SUB04_002594,C04_1594,예금,13440000,2025-10-09,11140550,명동,생활서비스,20254,61538606,748,50.55,1000000,58.28,N,없음,0,11140550_생활서비스
SUB04_002595,C04_1609,펀드,10650000,2024-07-13,11110700,숭인1동,미용·뷰티,20254,241896414,5005,8.04,2010000,12.39,Y,운전자금대출,800000,11110700_미용·뷰티
SUB04_002596,C04_1728,예금,32120000,2023-12-25,11680510,신사동,숙박,20254,429727907,8386,0.33,6250000,-1.12,Y,운전자금대출,1200000,11680510_숙박
SUB04_002597,C04_0857,적금,2480000,2025-08-22,11110710,숭인2동,가구·인테리어,20254,197204215,4713,-36.82,1890000,-39.35,Y,시설자금대출,900000,11110710_가구·인테리어
SUB04_002598,C04_1324,펀드,11620000,2025-06-07,11260590,상봉2동,자동차·운송서비스,20254,1117653054,5128,-12.12,9630000,-17.42,N,없음,0,11260590_자동차·운송서비스
SUB04_002599,C04_0289,예금,34070000,2025-05-18,11680580,삼성1동,여가·오락,20254,2155734900,64618,-2.0,10280000,2.1,Y,운전자금대출,6700000,11680580_여가·오락
SUB04_002600,C04_0560,ISA,43970000,2025-01-28,11260655,망우본동,전자기기·수리,20254,4489999618,39306,-18.46,58490000,-13.84,Y,운전자금대출,26700000,11260655_전자기기·수리
SUB04_002601,C04_1256,ISA,17850000,2022-09-16,11140540,회현동,패션·잡화,20254,87830033453,1159739,30.32,620460000,69.57,N,없음,0,11140540_패션·잡화
SUB04_002602,C04_1210,예금,32970000,2022-08-23,11290555,삼선동,음식·음료,20254,16670973186,594863,2.53,146350000,7.45,N,없음,0,11290555_음식·음료
SUB04_002603,C04_0004,펀드,5670000,2023-12-01,11230545,제기동,가구·인테리어,20254,1241162843,33526,55.38,7160000,67.72,N,없음,0,11230545_가구·인테리어
SUB04_002604,C04_0623,ISA,5360000,2024-02-27,11410685,홍은2동,음식·음료,20254,7000985254,311732,4.92,36720000,-1.64,N,없음,0,11410685_음식·음료
SUB04_002605,C04_1541,ISA,16910000,2024-07-30,11260565,면목본동,생활서비스,20254,40060333,2683,56.95,1000000,44.85,Y,운전자금대출,600000,11260565_생활서비스
SUB04_002606,C04_0026,ISA,15160000,2023-01-26,11215770,중곡4동,문화·취미·반려,20254,53325196,2564,-40.84,1000000,-41.55,N,없음,0,11215770_문화·취미·반려
SUB04_002607,C04_0122,펀드,18910000,2023-06-15,11650520,서초2동,패션·잡화,20254,2078047880,26765,36.31,20050000,38.16,Y,시설자금대출,10500000,11650520_패션·잡화
SUB04_002608,C04_1118,ISA,25680000,2025-10-23,11650651,양재1동,패션·잡화,20254,771683206,3911,-12.08,9120000,0.23,N,없음,0,11650651_패션·잡화
SUB04_002609,C04_1219,ISA,14320000,2024-04-01,11530595,가리봉동,자동차·운송서비스,20254,131986975,1151,5.44,1000000,10.05,N,없음,0,11530595_자동차·운송서비스
SUB04_002610,C04_1860,펀드,18650000,2023-09-03,11545680,시흥2동,미용·뷰티,20254,234468487,6676,-53.62,4350000,-59.05,Y,시설자금대출,3500000,11545680_미용·뷰티
SUB04_002611,C04_1805,펀드,12330000,2024-10-16,11380552,갈현2동,여가·오락,20254,854907087,146994,-11.03,7910000,-42.83,Y,소상공인신용대출,6000000,11380552_여가·오락
SUB04_002612,C04_1619,예금,34270000,2024-05-30,11440610,염리동,자동차·운송서비스,20254,462036112,1908,-20.96,5380000,-15.35,Y,운전자금대출,3800000,11440610_자동차·운송서비스
SUB04_002613,C04_1349,적금,2350000,2025-01-21,11545680,시흥2동,문화·취미·반려,20254,130179526,8498,-3.68,1070000,-4.31,N,없음,0,11545680_문화·취미·반려
SUB04_002614,C04_1524,펀드,15970000,2023-03-17,11440680,합정동,미용·뷰티,20254,1677063027,16059,-4.82,17690000,16.29,Y,시설자금대출,4400000,11440680_미용·뷰티
SUB04_002615,C04_0584,펀드,6770000,2024-10-24,11500604,가양2동,생활서비스,20254,31477256,1664,76.71,1000000,67.8,N,없음,0,11500604_생활서비스
SUB04_002616,C04_1313,적금,4190000,2025-08-30,11530530,구로2동,여가·오락,20254,457502707,11947,19.53,1040000,8.03,Y,운전자금대출,600000,11530530_여가·오락
SUB04_002617,C04_0397,ISA,15590000,2025-03-05,11500540,화곡1동,생활서비스,20254,160770263,8086,110.73,1740000,99.59,N,없음,0,11500540_생활서비스
SUB04_002618,C04_1423,예금,52680000,2022-11-30,11200720,송정동,미용·뷰티,20254,115348974,4278,-7.02,1000000,12.14,N,없음,0,11200720_미용·뷰티
SUB04_002619,C04_0166,펀드,7550000,2022-05-01,11530740,개봉1동,가구·인테리어,20254,2095677556,33560,-28.06,9680000,-27.44,N,없음,0,11530740_가구·인테리어
SUB04_002620,C04_1961,예금,52670000,2025-07-22,11140625,다산동,미용·뷰티,20254,330880553,5599,5.11,2600000,8.98,N,없음,0,11140625_미용·뷰티
SUB04_002621,C04_0280,적금,4570000,2023-07-20,11140590,광희동,문화·취미·반려,20254,28577068055,302911,-28.35,153500000,-38.48,N,없음,0,11140590_문화·취미·반려
SUB04_002622,C04_0932,예금,38390000,2023-06-15,11290810,석관동,생활서비스,20254,67632012,10439,-40.56,1000000,-48.2,N,없음,0,11290810_생활서비스
SUB04_002623,C04_1329,펀드,14460000,2022-04-18,11650540,잠원동,숙박,20254,280236540,2888,-5.31,3150000,0.1,Y,소상공인신용대출,1200000,11650540_숙박
SUB04_002624,C04_1536,ISA,6930000,2023-02-02,11500603,가양1동,전자기기·수리,20254,3905546454,104294,8.98,45830000,-6.71,Y,시설자금대출,21400000,11500603_전자기기·수리
SUB04_002625,C04_0364,예금,34090000,2024-03-05,11590550,상도3동,식료품·편의소매,20254,15499323966,1008375,3.95,37180000,4.18,N,없음,0,11590550_식료품·편의소매
SUB04_002626,C04_1526,ISA,28870000,2024-04-22,11500550,화곡2동,음식·음료,20254,953137200,46880,-11.27,9790000,-20.09,Y,운전자금대출,2900000,11500550_음식·음료
SUB04_002627,C04_1423,예금,31190000,2022-01-01,11200720,송정동,미용·뷰티,20254,115348974,4278,-7.02,1000000,12.14,N,없음,0,11200720_미용·뷰티
SUB04_002628,C04_0197,ISA,21370000,2025-02-02,11110680,창신2동,가구·인테리어,20254,1788436,253,-60.0,1000000,-51.88,Y,소상공인신용대출,600000,11110680_가구·인테리어
SUB04_002629,C04_0820,적금,3330000,2025-08-11,11290580,돈암1동,패션·잡화,20254,18508390,72,6.71,1000000,2.76,N,없음,0,11290580_패션·잡화
SUB04_002630,C04_0394,ISA,11700000,2024-05-04,11680565,청담동,여가·오락,20254,324138266,35546,-15.52,1770000,-16.19,Y,소상공인신용대출,700000,11680565_여가·오락
SUB04_002631,C04_1848,예금,32820000,2022-03-29,11650620,방배3동,음식·음료,20254,4575110028,215403,-0.58,30950000,1.52,N,없음,0,11650620_음식·음료
SUB04_002632,C04_0418,ISA,11890000,2025-01-27,11740640,성내1동,음식·음료,20254,15057088192,606951,0.09,38700000,-0.79,Y,시설자금대출,18000000,11740640_음식·음료
SUB04_002633,C04_0188,예금,54930000,2022-10-06,11230600,답십리1동,미용·뷰티,20254,362179452,6839,-12.03,3580000,-19.33,N,없음,0,11230600_미용·뷰티
SUB04_002634,C04_1941,적금,2340000,2025-11-10,11410685,홍은2동,패션·잡화,20254,117523912,897,40.07,1000000,28.53,N,없음,0,11410685_패션·잡화
SUB04_002635,C04_1110,ISA,51640000,2025-04-03,11500550,화곡2동,패션·잡화,20254,39229819,286,-47.17,1000000,-70.0,Y,운전자금대출,800000,11500550_패션·잡화
SUB04_002636,C04_1165,ISA,32870000,2022-04-23,11230730,휘경2동,여가·오락,20254,24196039,763,2.37,1000000,-6.83,Y,시설자금대출,600000,11230730_여가·오락
SUB04_002637,C04_1909,펀드,24600000,2025-11-12,11500535,등촌3동,가구·인테리어,20254,60115476,1290,103.34,1000000,98.01,N,없음,0,11500535_가구·인테리어
SUB04_002638,C04_0706,적금,2840000,2025-05-10,11200650,성수1가1동,전자기기·수리,20254,156049154,1626,-47.0,1130000,-40.19,Y,운전자금대출,400000,11200650_전자기기·수리
SUB04_002639,C04_1156,예금,40350000,2022-08-07,11650652,양재2동,가구·인테리어,20254,1397199916,25007,19.62,6030000,7.62,N,없음,0,11650652_가구·인테리어
SUB04_002640,C04_1083,예금,21220000,2023-03-23,11290650,정릉4동,미용·뷰티,20254,324958033,8633,-0.57,1180000,0.16,N,없음,0,11290650_미용·뷰티
SUB04_002641,C04_1449,펀드,22840000,2022-08-04,11290705,종암동,식료품·편의소매,20254,7925681059,411786,18.93,112630000,8.53,Y,운전자금대출,55700000,11290705_식료품·편의소매
SUB04_002642,C04_0654,ISA,13630000,2024-06-28,11140625,다산동,패션·잡화,20254,10185723639,41638,111.77,94280000,100.0,N,없음,0,11140625_패션·잡화
SUB04_002643,C04_1048,적금,5600000,2024-10-25,11200615,금호2·3가동,가구·인테리어,20254,41981879,2442,-7.35,1000000,-5.3,Y,운전자금대출,300000,11200615_가구·인테리어
SUB04_002644,C04_1963,펀드,15890000,2024-10-09,11380560,구산동,생활서비스,20254,124128772,3575,19.56,1000000,32.24,N,없음,0,11380560_생활서비스
SUB04_002645,C04_0670,예금,38520000,2025-06-11,11380560,구산동,문화·취미·반려,20254,94559629,3739,20.95,1000000,17.79,N,없음,0,11380560_문화·취미·반려
SUB04_002646,C04_0508,적금,6450000,2024-05-25,11470610,신월6동,식료품·편의소매,20254,4724996737,297762,4.63,28670000,-11.08,N,없음,0,11470610_식료품·편의소매
SUB04_002647,C04_1799,ISA,33360000,2025-08-05,11170625,한강로동,식료품·편의소매,20254,7093125626,728895,-5.24,32630000,-0.82,Y,운전자금대출,13500000,11170625_식료품·편의소매
SUB04_002648,C04_1232,예금,18310000,2022-09-06,11140680,중림동,가구·인테리어,20254,838774920,895,-20.84,5020000,-45.33,Y,운전자금대출,2700000,11140680_가구·인테리어
SUB04_002649,C04_1323,적금,4590000,2022-02-08,11650580,반포3동,전자기기·수리,20254,125338163,3412,-20.66,1000000,-15.69,Y,시설자금대출,500000,11650580_전자기기·수리
SUB04_002650,C04_0095,펀드,5470000,2025-07-13,11710520,풍납2동,문화·취미·반려,20254,33635331,1249,59.69,1000000,62.08,Y,시설자금대출,400000,11710520_문화·취미·반려
SUB04_002651,C04_0070,예금,46250000,2025-01-28,11590605,흑석동,여가·오락,20254,320218225,62492,-8.11,3710000,-6.44,N,없음,0,11590605_여가·오락
SUB04_002652,C04_1234,예금,37880000,2024-12-11,11290770,장위2동,음식·음료,20254,4025569642,111954,-4.44,20160000,-14.15,Y,운전자금대출,9500000,11290770_음식·음료
SUB04_002653,C04_1842,펀드,4280000,2023-11-08,11440655,서강동,가구·인테리어,20254,615420628,22843,-15.34,4830000,-22.16,N,없음,0,11440655_가구·인테리어
SUB04_002654,C04_1093,예금,47940000,2025-08-02,11170560,원효로1동,식료품·편의소매,20254,2386669668,320890,-21.0,8820000,-22.18,Y,운전자금대출,6000000,11170560_식료품·편의소매
SUB04_002655,C04_0205,적금,3130000,2023-07-22,11590651,사당5동,미용·뷰티,20254,108705857,3729,0.04,1000000,8.3,N,없음,0,11590651_미용·뷰티
SUB04_002656,C04_1840,예금,73060000,2022-12-03,11680600,대치1동,문화·취미·반려,20254,145622330,7026,-40.18,2540000,-16.46,N,없음,0,11680600_문화·취미·반려
SUB04_002657,C04_1698,적금,1910000,2023-06-02,11380580,응암1동,식료품·편의소매,20254,6991436240,312131,1.75,37340000,32.0,N,없음,0,11380580_식료품·편의소매
SUB04_002658,C04_1038,예금,20400000,2023-04-28,11320660,쌍문1동,여가·오락,20254,41374467,3438,-34.93,1000000,-17.77,Y,운전자금대출,400000,11320660_여가·오락
SUB04_002659,C04_1316,ISA,20060000,2025-10-20,11110650,혜화동,가구·인테리어,20254,218677832,6819,-18.45,2710000,-8.88,N,없음,0,11110650_가구·인테리어
SUB04_002660,C04_0395,ISA,9400000,2023-08-09,11530760,개봉3동,미용·뷰티,20254,537154323,16567,-11.44,5990000,-38.55,Y,시설자금대출,4800000,11530760_미용·뷰티
SUB04_002661,C04_0928,ISA,14450000,2024-10-20,11380510,녹번동,문화·취미·반려,20254,3814114563,16263,7.72,22200000,15.25,Y,운전자금대출,4500000,11380510_문화·취미·반려
SUB04_002662,C04_1976,적금,4950000,2025-03-29,11500611,발산1동,숙박,20254,328289544,6374,39.15,2240000,35.98,Y,소상공인신용대출,700000,11500611_숙박
SUB04_002663,C04_0910,예금,18960000,2022-06-16,11350560,월계1동,미용·뷰티,20254,429468446,13649,0.23,4320000,-13.25,N,없음,0,11350560_미용·뷰티
SUB04_002664,C04_0836,펀드,16240000,2023-09-25,11530530,구로2동,전자기기·수리,20254,11340829409,214854,-14.01,64630000,-16.66,Y,시설자금대출,15300000,11530530_전자기기·수리
SUB04_002665,C04_0177,예금,17330000,2022-09-06,11530760,개봉3동,음식·음료,20254,4625663438,183507,-10.03,23120000,-6.97,Y,시설자금대출,5900000,11530760_음식·음료
SUB04_002666,C04_1408,적금,3280000,2025-08-01,11560670,신길5동,자동차·운송서비스,20254,1448550006,6560,12.74,8030000,23.25,Y,운전자금대출,4700000,11560670_자동차·운송서비스
SUB04_002667,C04_1966,ISA,17700000,2023-09-03,11545670,시흥1동,음식·음료,20254,22178185588,905524,4.16,285680000,24.94,Y,소상공인신용대출,102700000,11545670_음식·음료
SUB04_002668,C04_0464,적금,4760000,2024-01-22,11620725,조원동,미용·뷰티,20254,1362834585,21001,19.72,7910000,0.46,Y,시설자금대출,1600000,11620725_미용·뷰티
SUB04_002669,C04_0456,펀드,18190000,2025-08-11,11215730,군자동,미용·뷰티,20254,629161817,13207,-9.74,5260000,3.03,N,없음,0,11215730_미용·뷰티
SUB04_002670,C04_1521,예금,49140000,2022-05-28,11260680,신내1동,여가·오락,20254,1551797965,240017,-10.92,16670000,-23.53,Y,운전자금대출,12000000,11260680_여가·오락
SUB04_002671,C04_0673,펀드,17160000,2024-08-13,11215847,자양4동,숙박,20254,160811573,1303,-39.36,1000000,-55.51,Y,운전자금대출,800000,11215847_숙박
SUB04_002672,C04_0196,예금,33930000,2025-09-24,11320710,방학3동,미용·뷰티,20254,101305447,2939,-9.4,1000000,-2.74,Y,운전자금대출,200000,11320710_미용·뷰티
SUB04_002673,C04_0077,적금,1580000,2024-08-29,11470510,목1동,미용·뷰티,20254,2922391274,25329,-20.88,20830000,-26.79,N,없음,0,11470510_미용·뷰티
SUB04_002674,C04_0122,펀드,15000000,2022-10-20,11650520,서초2동,패션·잡화,20254,2078047880,26765,36.31,20050000,38.16,Y,시설자금대출,10500000,11650520_패션·잡화
SUB04_002675,C04_1886,펀드,7450000,2025-02-28,11410620,홍제1동,생활서비스,20254,48163442,3341,71.67,1000000,96.12,N,없음,0,11410620_생활서비스
SUB04_002676,C04_0700,ISA,25770000,2024-08-25,11380600,응암3동,숙박,20254,136990031,2566,-23.94,1040000,-23.83,N,없음,0,11380600_숙박
SUB04_002677,C04_1850,예금,56870000,2023-05-10,11410685,홍은2동,음식·음료,20254,7000985254,311732,4.92,21100000,27.49,N,없음,0,11410685_음식·음료
SUB04_002678,C04_0548,펀드,5910000,2025-05-22,11650651,양재1동,문화·취미·반려,20254,6438879819,74233,1.75,17200000,6.03,N,없음,0,11650651_문화·취미·반려
SUB04_002679,C04_1873,펀드,9140000,2022-06-28,11200560,행당1동,미용·뷰티,20254,1348220120,19255,1.33,9470000,6.17,Y,운전자금대출,2500000,11200560_미용·뷰티
SUB04_002680,C04_1681,ISA,28470000,2023-12-21,11545700,시흥4동,문화·취미·반려,20254,1475333,34,-31.46,1000000,-40.64,N,없음,0,11545700_문화·취미·반려
SUB04_002681,C04_0084,펀드,16800000,2022-05-05,11305603,번2동,음식·음료,20254,1695488636,52403,15.73,5770000,27.68,N,없음,0,11305603_음식·음료
SUB04_002682,C04_0735,적금,4600000,2025-04-21,11110550,부암동,패션·잡화,20254,674303954,6426,68.54,3460000,57.84,N,없음,0,11110550_패션·잡화
SUB04_002683,C04_0072,ISA,16180000,2024-07-27,11410660,홍은1동,식료품·편의소매,20254,12217636887,432912,-20.65,128220000,-30.67,Y,운전자금대출,61100000,11410660_식료품·편의소매
SUB04_002684,C04_0237,펀드,6220000,2025-12-29,11215770,중곡4동,전자기기·수리,20254,5737382096,12146,121.86,36540000,100.0,Y,시설자금대출,14100000,11215770_전자기기·수리
SUB04_002685,C04_1931,예금,28510000,2023-05-30,11710650,잠실본동,패션·잡화,20254,9314246467,102179,-38.29,65530000,-23.23,Y,시설자금대출,20400000,11710650_패션·잡화
SUB04_002686,C04_1186,적금,3140000,2024-08-02,11470540,목4동,전자기기·수리,20254,26012763,246,73.29,1000000,77.8,Y,시설자금대출,300000,11470540_전자기기·수리
SUB04_002687,C04_1914,ISA,42640000,2025-05-26,11710642,문정2동,음식·음료,20254,41494598269,2095778,-0.14,330760000,-6.64,N,없음,0,11710642_음식·음료
SUB04_002688,C04_1596,펀드,11210000,2024-01-31,11740685,길동,패션·잡화,20254,2018551479,37505,-7.34,28240000,-3.52,N,없음,0,11740685_패션·잡화
SUB04_002689,C04_0168,펀드,14000000,2024-04-05,11410585,신촌동,전자기기·수리,20254,79093890,2531,-68.13,1000000,-70.0,N,없음,0,11410585_전자기기·수리
SUB04_002690,C04_0991,예금,20730000,2023-10-19,11110680,창신2동,가구·인테리어,20254,1788436,253,-60.0,1000000,-48.2,Y,소상공인신용대출,700000,11110680_가구·인테리어
SUB04_002691,C04_0326,펀드,4710000,2025-01-01,11470630,신정2동,생활서비스,20254,9403608,592,-6.75,1000000,-12.69,Y,시설자금대출,700000,11470630_생활서비스
SUB04_002692,C04_1141,펀드,26590000,2023-09-07,11710531,거여1동,패션·잡화,20254,140851368,1036,8.18,1000000,23.5,N,없음,0,11710531_패션·잡화
SUB04_002693,C04_0931,예금,30390000,2025-09-08,11680580,삼성1동,미용·뷰티,20254,10487805823,98715,15.31,90660000,36.8,N,없음,0,11680580_미용·뷰티
SUB04_002694,C04_1241,펀드,9840000,2022-01-12,11590670,신대방1동,생활서비스,20254,71970959,4679,43.11,1000000,53.76,Y,소상공인신용대출,300000,11590670_생활서비스
SUB04_002695,C04_0221,적금,8770000,2024-03-07,11440710,연남동,자동차·운송서비스,20254,229002053,777,23.27,1890000,14.59,Y,운전자금대출,600000,11440710_자동차·운송서비스
SUB04_002696,C04_1249,적금,1460000,2023-07-14,11380520,불광1동,가구·인테리어,20254,354388453,4366,-16.83,2410000,-0.27,Y,소상공인신용대출,1100000,11380520_가구·인테리어
SUB04_002697,C04_1011,예금,47740000,2022-06-22,11740530,명일1동,가구·인테리어,20254,49497898,3411,-12.51,1000000,-15.56,N,없음,0,11740530_가구·인테리어
SUB04_002698,C04_1025,적금,9970000,2022-09-22,11530595,가리봉동,미용·뷰티,20254,186624560,5222,1.28,1700000,-11.13,Y,소상공인신용대출,600000,11530595_미용·뷰티
SUB04_002699,C04_0219,ISA,41950000,2025-06-10,11680750,수서동,가구·인테리어,20254,64611223,1205,-88.08,1000000,-70.0,N,없음,0,11680750_가구·인테리어
SUB04_002700,C04_1588,ISA,12830000,2025-07-10,11500570,화곡4동,음식·음료,20254,7530947294,312010,-2.32,62850000,19.05,Y,시설자금대출,27500000,11500570_음식·음료
SUB04_002701,C04_1525,예금,38500000,2025-06-17,11200560,행당1동,미용·뷰티,20254,1348220120,19255,1.33,6180000,-9.51,N,없음,0,11200560_미용·뷰티
SUB04_002702,C04_0266,펀드,12400000,2025-03-11,11680521,논현1동,패션·잡화,20254,4511969480,26834,14.07,15850000,1.17,N,없음,0,11680521_패션·잡화
SUB04_002703,C04_1458,펀드,17670000,2024-06-10,11170625,한강로동,패션·잡화,20254,1334861747,7951,47.12,9510000,35.07,N,없음,0,11170625_패션·잡화
SUB04_002704,C04_0039,펀드,8560000,2025-09-08,11740520,상일동,식료품·편의소매,20254,1882963092,217035,0.96,15300000,-4.59,Y,운전자금대출,4500000,11740520_식료품·편의소매
SUB04_002705,C04_1343,펀드,31580000,2025-12-09,11440630,신수동,문화·취미·반려,20254,2021039976,6355,299.2,15720000,100.0,Y,운전자금대출,2400000,11440630_문화·취미·반려
SUB04_002706,C04_0232,펀드,6720000,2024-04-18,11710532,거여2동,생활서비스,20254,77926433,4639,66.77,1190000,79.07,Y,운전자금대출,200000,11710532_생활서비스
SUB04_002707,C04_0355,예금,35860000,2022-05-09,11290575,동선동,문화·취미·반려,20254,438828144,22698,27.11,2170000,23.35,N,없음,0,11290575_문화·취미·반려
SUB04_002708,C04_0402,ISA,6560000,2025-08-15,11710642,문정2동,음식·음료,20254,41494598269,2095778,-0.14,554690000,3.5,N,없음,0,11710642_음식·음료
SUB04_002709,C04_0612,펀드,22540000,2025-02-09,11590650,사당4동,생활서비스,20254,101846921,8296,40.96,1000000,47.65,Y,시설자금대출,300000,11590650_생활서비스
SUB04_002710,C04_1600,적금,4290000,2022-12-07,11530740,개봉1동,식료품·편의소매,20254,11326087377,768413,-3.82,85250000,-40.7,N,없음,0,11530740_식료품·편의소매
SUB04_002711,C04_0342,적금,7440000,2022-10-10,11470680,신정7동,자동차·운송서비스,20254,286475696,2425,-47.02,1000000,-59.13,Y,소상공인신용대출,800000,11470680_자동차·운송서비스
SUB04_002712,C04_1110,펀드,17150000,2024-11-02,11500550,화곡2동,패션·잡화,20254,39229819,286,-47.17,1000000,-70.0,Y,운전자금대출,800000,11500550_패션·잡화
SUB04_002713,C04_1790,적금,5410000,2023-12-19,11545630,독산3동,가구·인테리어,20254,532185233,11060,12.86,5100000,14.88,Y,시설자금대출,2000000,11545630_가구·인테리어
SUB04_002714,C04_0357,ISA,25690000,2024-03-16,11440690,망원1동,생활서비스,20254,62469614,6733,1.86,1000000,11.21,N,없음,0,11440690_생활서비스
SUB04_002715,C04_1562,적금,2240000,2025-10-28,11350625,중계2·3동,식료품·편의소매,20254,10452572666,818932,2.29,127730000,-6.16,Y,시설자금대출,37100000,11350625_식료품·편의소매
SUB04_002716,C04_0902,적금,5790000,2025-07-19,11320670,쌍문2동,가구·인테리어,20254,334245733,1414,333.04,1840000,100.0,N,없음,0,11320670_가구·인테리어
SUB04_002717,C04_0858,예금,32170000,2022-07-07,11140570,필동,자동차·운송서비스,20254,148974565,1069,-25.27,1000000,-29.22,Y,운전자금대출,300000,11140570_자동차·운송서비스
SUB04_002718,C04_1373,ISA,13110000,2025-04-06,11590640,사당3동,음식·음료,20254,4789645071,190992,2.07,51340000,-0.93,Y,소상공인신용대출,32900000,11590640_음식·음료
SUB04_002719,C04_0859,적금,3230000,2024-06-04,11650530,서초3동,가구·인테리어,20254,878972164,29073,28.86,8580000,25.79,Y,소상공인신용대출,4800000,11650530_가구·인테리어
SUB04_002720,C04_1209,적금,3590000,2024-03-14,11740530,명일1동,패션·잡화,20254,2424328461,23204,54.56,16810000,48.43,N,없음,0,11740530_패션·잡화
SUB04_002721,C04_1672,펀드,9520000,2024-03-20,11200650,성수1가1동,여가·오락,20254,173074431,3122,16.0,1680000,10.34,Y,운전자금대출,1000000,11200650_여가·오락
SUB04_002722,C04_1365,적금,8490000,2025-08-09,11200570,행당2동,가구·인테리어,20254,30790244,908,57.0,1000000,42.7,N,없음,0,11200570_가구·인테리어
SUB04_002723,C04_0123,ISA,8570000,2024-03-19,11680600,대치1동,여가·오락,20254,1215739345,166463,-14.6,7040000,-2.97,Y,운전자금대출,4500000,11680600_여가·오락
SUB04_002724,C04_1848,ISA,15520000,2025-05-19,11650620,방배3동,음식·음료,20254,4575110028,215403,-0.58,30950000,1.52,N,없음,0,11650620_음식·음료
SUB04_002725,C04_1487,적금,3510000,2025-04-06,11410585,신촌동,미용·뷰티,20254,4624406715,67148,-7.04,19770000,-2.17,Y,소상공인신용대출,11200000,11410585_미용·뷰티
SUB04_002726,C04_0113,예금,73700000,2024-06-13,11650600,방배1동,문화·취미·반려,20254,6281699055,28416,-30.15,93210000,-17.57,Y,운전자금대출,28100000,11650600_문화·취미·반려
SUB04_002727,C04_1534,예금,21000000,2023-12-28,11410615,연희동,생활서비스,20254,260919051,15753,25.9,2380000,8.04,Y,시설자금대출,900000,11410615_생활서비스
SUB04_002728,C04_0733,ISA,10410000,2025-06-11,11560535,영등포동,문화·취미·반려,20254,7868720427,92136,23.62,59300000,8.9,N,없음,0,11560535_문화·취미·반려
SUB04_002729,C04_1432,예금,72620000,2023-12-15,11410655,홍제2동,식료품·편의소매,20254,913438324,71319,28.25,4320000,16.08,Y,운전자금대출,2700000,11410655_식료품·편의소매
SUB04_002730,C04_0712,펀드,11110000,2025-05-14,11590680,신대방2동,가구·인테리어,20254,14817344,667,61.06,1000000,52.82,Y,운전자금대출,400000,11590680_가구·인테리어
SUB04_002731,C04_1814,ISA,5840000,2024-02-09,11620575,행운동,생활서비스,20254,201251101,17616,62.92,3100000,58.74,N,없음,0,11620575_생활서비스
SUB04_002732,C04_0719,예금,33810000,2024-02-20,11470620,신정1동,식료품·편의소매,20254,7686033675,568699,6.93,73650000,10.14,N,없음,0,11470620_식료품·편의소매
SUB04_002733,C04_0992,ISA,30170000,2024-05-10,11215740,중곡1동,자동차·운송서비스,20254,956804004,5142,2.1,5510000,-5.45,N,없음,0,11215740_자동차·운송서비스
SUB04_002734,C04_1329,펀드,23800000,2024-01-02,11650540,잠원동,숙박,20254,280236540,2888,-5.31,3150000,0.1,Y,소상공인신용대출,1200000,11650540_숙박
SUB04_002735,C04_0014,펀드,9220000,2023-02-05,11545620,독산2동,여가·오락,20254,406335512,6062,29.57,3530000,28.49,Y,운전자금대출,1400000,11545620_여가·오락
SUB04_002736,C04_0486,예금,58550000,2023-05-05,11350621,중계1동,생활서비스,20254,37735027,1667,55.95,1000000,79.24,N,없음,0,11350621_생활서비스
SUB04_002737,C04_1638,펀드,3840000,2023-08-04,11680640,역삼1동,문화·취미·반려,20254,10818934582,427621,21.54,139420000,20.15,Y,소상공인신용대출,90500000,11680640_문화·취미·반려
SUB04_002738,C04_0678,ISA,22240000,2022-04-28,11320670,쌍문2동,식료품·편의소매,20254,3073181962,239237,-4.38,9110000,-7.67,Y,운전자금대출,4100000,11320670_식료품·편의소매
SUB04_002739,C04_1846,펀드,24710000,2024-08-01,11650520,서초2동,음식·음료,20254,56055114280,2169270,-1.49,299710000,-1.7,N,없음,0,11650520_음식·음료
SUB04_002740,C04_1721,예금,5750000,2023-03-17,11320660,쌍문1동,전자기기·수리,20254,3120654,998,337.32,1000000,100.0,Y,소상공인신용대출,300000,11320660_전자기기·수리
SUB04_002741,C04_1433,펀드,10370000,2023-04-26,11410565,충현동,문화·취미·반려,20254,1063034367,11403,8.93,9900000,-6.27,N,없음,0,11410565_문화·취미·반려
SUB04_002742,C04_1227,펀드,8080000,2025-08-03,11740620,천호3동,자동차·운송서비스,20254,613536836,3380,40.41,4220000,28.37,N,없음,0,11740620_자동차·운송서비스
SUB04_002743,C04_1115,펀드,6750000,2025-02-11,11410710,북가좌1동,생활서비스,20254,10609876,436,-2.49,1000000,7.84,N,없음,0,11410710_생활서비스
SUB04_002744,C04_1561,적금,5330000,2024-05-17,11740530,명일1동,숙박,20254,53089745,562,75.84,1000000,78.1,N,없음,0,11740530_숙박
SUB04_002745,C04_0950,펀드,23130000,2025-12-23,11500520,등촌1동,자동차·운송서비스,20254,8406660685,37420,4.39,40360000,0.59,Y,운전자금대출,18600000,11500520_자동차·운송서비스
SUB04_002746,C04_0526,펀드,10720000,2025-07-13,11740580,암사2동,음식·음료,20254,8133947127,268764,-6.55,38920000,-9.93,N,없음,0,11740580_음식·음료
SUB04_002747,C04_0056,ISA,22820000,2023-08-08,11500590,화곡본동,자동차·운송서비스,20254,1414467446,6562,-10.3,11940000,-5.48,N,없음,0,11500590_자동차·운송서비스
SUB04_002748,C04_1881,적금,2680000,2024-12-09,11620625,인헌동,패션·잡화,20254,1596102860,19991,13.08,7640000,20.65,N,없음,0,11620625_패션·잡화
SUB04_002749,C04_1225,적금,12100000,2025-09-28,11620715,난향동,패션·잡화,20254,98446092,3478,48.84,1000000,58.7,N,없음,0,11620715_패션·잡화
SUB04_002750,C04_1658,적금,4530000,2025-07-03,11260660,망우3동,문화·취미·반려,20254,72516746,8769,-20.3,1000000,1.77,Y,운전자금대출,400000,11260660_문화·취미·반려
SUB04_002751,C04_1034,ISA,13250000,2024-12-30,11470520,목2동,여가·오락,20254,289739980,9435,1.5,1520000,4.54,Y,시설자금대출,400000,11470520_여가·오락
SUB04_002752,C04_1183,ISA,5810000,2025-02-26,11530770,오류1동,패션·잡화,20254,1408897178,11971,17.01,10180000,-3.79,Y,운전자금대출,5200000,11530770_패션·잡화
SUB04_002753,C04_1021,적금,8540000,2024-05-11,11500590,화곡본동,패션·잡화,20254,557512160,5227,87.21,2460000,92.49,Y,시설자금대출,1400000,11500590_패션·잡화
SUB04_002754,C04_1469,적금,1880000,2023-04-15,11530530,구로2동,미용·뷰티,20254,425806751,11638,-15.36,1690000,-5.19,N,없음,0,11530530_미용·뷰티
SUB04_002755,C04_1455,적금,2630000,2023-03-31,11200660,성수1가2동,문화·취미·반려,20254,347177822,7386,-2.53,2000000,6.65,N,없음,0,11200660_문화·취미·반려
SUB04_002756,C04_1231,예금,31220000,2022-02-17,11545680,시흥2동,식료품·편의소매,20254,738097518,85373,1.44,5010000,-18.23,Y,운전자금대출,3600000,11545680_식료품·편의소매
SUB04_002757,C04_0469,펀드,8150000,2024-08-15,11740700,둔촌2동,자동차·운송서비스,20254,594997085,3346,47.69,3830000,54.0,Y,운전자금대출,1300000,11740700_자동차·운송서비스
SUB04_002758,C04_1250,예금,38400000,2024-11-14,11710550,마천2동,전자기기·수리,20254,277848405,8047,64.25,1880000,78.76,Y,운전자금대출,1200000,11710550_전자기기·수리
SUB04_002759,C04_1344,펀드,15130000,2024-08-12,11200645,옥수동,식료품·편의소매,20254,568961615,53820,-6.42,6040000,-2.5,Y,운전자금대출,2900000,11200645_식료품·편의소매
SUB04_002760,C04_1902,펀드,13110000,2023-05-04,11215710,화양동,여가·오락,20254,2558350108,433675,3.25,17860000,29.09,Y,운전자금대출,10700000,11215710_여가·오락
SUB04_002761,C04_0945,ISA,41690000,2024-06-03,11380552,갈현2동,음식·음료,20254,14459080519,617207,0.87,128960000,29.94,Y,시설자금대출,66200000,11380552_음식·음료
SUB04_002762,C04_1379,펀드,9920000,2025-12-28,11620575,행운동,가구·인테리어,20254,95915103,338,-28.03,1000000,-23.73,Y,운전자금대출,400000,11620575_가구·인테리어
SUB04_002763,C04_0091,펀드,9110000,2023-09-14,11680656,도곡2동,여가·오락,20254,668399523,12290,-45.95,5650000,-51.64,Y,소상공인신용대출,4200000,11680656_여가·오락
SUB04_002764,C04_0583,예금,41990000,2025-09-22,11380590,응암2동,자동차·운송서비스,20254,816859622,3401,-15.25,6840000,-8.43,N,없음,0,11380590_자동차·운송서비스
SUB04_002765,C04_1732,ISA,13690000,2023-10-10,11260610,중화2동,숙박,20254,70027867,3867,13.4,1000000,26.35,N,없음,0,11260610_숙박
SUB04_002766,C04_0918,펀드,11520000,2025-07-23,11500640,방화2동,미용·뷰티,20254,1058869542,15755,-14.86,2360000,-23.93,Y,시설자금대출,800000,11500640_미용·뷰티
SUB04_002767,C04_0868,펀드,12150000,2023-09-05,11530560,구로5동,문화·취미·반려,20254,10689985997,316934,164.41,99020000,100.0,N,없음,0,11530560_문화·취미·반려
SUB04_002768,C04_1487,ISA,10530000,2025-03-15,11410585,신촌동,미용·뷰티,20254,4624406715,67148,-7.04,19770000,-2.17,Y,소상공인신용대출,11200000,11410585_미용·뷰티
SUB04_002769,C04_0648,적금,5700000,2024-09-08,11650621,방배4동,미용·뷰티,20254,1633243405,24496,1.47,7580000,-20.76,N,없음,0,11650621_미용·뷰티
SUB04_002770,C04_0737,예금,97380000,2023-11-29,11545630,독산3동,패션·잡화,20254,908671675,21139,45.8,1700000,36.43,Y,소상공인신용대출,600000,11545630_패션·잡화
SUB04_002771,C04_1416,예금,12340000,2024-06-14,11710647,위례동,미용·뷰티,20254,560088104,6705,0.16,1620000,5.86,N,없음,0,11710647_미용·뷰티
SUB04_002772,C04_1697,적금,2940000,2024-11-12,11590605,흑석동,식료품·편의소매,20254,6877013698,752778,0.92,21120000,-7.42,N,없음,0,11590605_식료품·편의소매
SUB04_002773,C04_1960,펀드,17230000,2023-05-15,11410660,홍은1동,패션·잡화,20254,511507137,6531,-5.37,5350000,8.98,Y,운전자금대출,2000000,11410660_패션·잡화
SUB04_002774,C04_0189,예금,26700000,2022-10-29,11740540,명일2동,생활서비스,20254,41061152,6244,16.22,1000000,6.9,N,없음,0,11740540_생활서비스
SUB04_002775,C04_1133,예금,42520000,2023-08-13,11305645,우이동,자동차·운송서비스,20254,1039339927,4345,35.31,16370000,32.67,Y,운전자금대출,9000000,11305645_자동차·운송서비스
SUB04_002776,C04_0126,적금,1940000,2024-06-06,11680521,논현1동,문화·취미·반려,20254,10031136282,45344,105.81,104650000,100.0,N,없음,0,11680521_문화·취미·반려
SUB04_002777,C04_0009,펀드,33440000,2024-12-05,11440565,공덕동,식료품·편의소매,20254,8001200697,481501,30.21,30400000,34.03,N,없음,0,11440565_식료품·편의소매
SUB04_002778,C04_1737,예금,21210000,2022-01-17,11230710,회기동,미용·뷰티,20254,870725803,16106,-23.23,11270000,-20.01,N,없음,0,11230710_미용·뷰티
SUB04_002779,C04_1486,적금,3110000,2022-10-25,11560650,신길3동,생활서비스,20254,33213761,1501,18.03,1000000,1.9,N,없음,0,11560650_생활서비스
SUB04_002780,C04_1320,예금,42100000,2023-05-01,11230650,장안1동,식료품·편의소매,20254,36280343838,1475671,1.03,358760000,-7.54,Y,시설자금대출,185200000,11230650_식료품·편의소매
SUB04_002781,C04_0327,적금,3140000,2022-06-14,11110700,숭인1동,미용·뷰티,20254,241896414,5005,8.04,1000000,14.69,N,없음,0,11110700_미용·뷰티
SUB04_002782,C04_1523,적금,4720000,2023-03-17,11740700,둔촌2동,숙박,20254,42698514,466,-29.91,1000000,-33.75,N,없음,0,11740700_숙박
SUB04_002783,C04_1776,예금,26460000,2022-05-06,11440710,연남동,미용·뷰티,20254,1276088184,21059,0.42,5440000,-0.84,Y,시설자금대출,1400000,11440710_미용·뷰티
SUB04_002784,C04_0497,예금,36260000,2022-06-29,11440630,신수동,미용·뷰티,20254,153384087,3694,-9.93,1330000,-26.5,N,없음,0,11440630_미용·뷰티
SUB04_002785,C04_1200,예금,42040000,2024-05-10,11650510,서초1동,자동차·운송서비스,20254,3680177972,30612,2.33,116470000,-11.32,N,없음,0,11650510_자동차·운송서비스
SUB04_002786,C04_1293,적금,4070000,2023-03-11,11680656,도곡2동,생활서비스,20254,203279509,6438,88.94,1850000,84.51,N,없음,0,11680656_생활서비스
SUB04_002787,C04_1032,예금,38080000,2024-04-18,11410700,남가좌2동,여가·오락,20254,542546429,73798,-1.76,2730000,-9.56,Y,시설자금대출,900000,11410700_여가·오락
SUB04_002788,C04_1724,펀드,15950000,2022-06-02,11140670,황학동,식료품·편의소매,20254,25961579917,948298,4.97,86540000,18.26,Y,소상공인신용대출,38300000,11140670_식료품·편의소매
SUB04_002789,C04_0760,예금,20930000,2023-09-16,11710590,송파2동,음식·음료,20254,4791526052,360662,-6.32,19250000,-3.58,Y,운전자금대출,6900000,11710590_음식·음료
SUB04_002790,C04_1343,예금,28830000,2022-10-22,11440630,신수동,문화·취미·반려,20254,2021039976,6355,299.2,15720000,100.0,Y,운전자금대출,2400000,11440630_문화·취미·반려
SUB04_002791,C04_0924,적금,7130000,2025-07-07,11380570,대조동,패션·잡화,20254,4052857012,88531,2.94,47970000,-11.65,N,없음,0,11380570_패션·잡화
SUB04_002792,C04_0020,ISA,24300000,2024-11-20,11260550,면목5동,미용·뷰티,20254,215541342,5404,2.01,1000000,4.54,Y,시설자금대출,400000,11260550_미용·뷰티
SUB04_002793,C04_0120,펀드,23400000,2025-11-23,11440600,대흥동,미용·뷰티,20254,1578120704,17821,-3.99,4930000,-17.93,N,없음,0,11440600_미용·뷰티
SUB04_002794,C04_1805,펀드,11500000,2024-02-23,11380552,갈현2동,여가·오락,20254,854907087,146994,-11.03,7910000,-42.83,Y,소상공인신용대출,6000000,11380552_여가·오락
SUB04_002795,C04_1957,적금,5830000,2025-02-26,11650610,방배2동,식료품·편의소매,20254,4676677586,331179,2.76,22110000,-13.02,N,없음,0,11650610_식료품·편의소매
SUB04_002796,C04_1895,펀드,10840000,2024-04-23,11440720,성산1동,문화·취미·반려,20254,42482031,4349,-95.08,1000000,-70.0,Y,시설자금대출,500000,11440720_문화·취미·반려
SUB04_002797,C04_1512,적금,2270000,2025-10-28,11440730,성산2동,여가·오락,20254,79507666,3435,-4.16,1000000,4.94,Y,운전자금대출,600000,11440730_여가·오락
SUB04_002798,C04_1292,예금,47630000,2023-05-12,11260630,묵2동,식료품·편의소매,20254,8655089948,844266,2.13,105890000,20.26,N,없음,0,11260630_식료품·편의소매
SUB04_002799,C04_0910,예금,23290000,2024-09-23,11350560,월계1동,미용·뷰티,20254,429468446,13649,0.23,4320000,-13.25,N,없음,0,11350560_미용·뷰티
SUB04_002800,C04_0240,ISA,32900000,2022-12-29,11215850,구의1동,식료품·편의소매,20254,8153148352,899161,-4.1,37130000,1.66,N,없음,0,11215850_식료품·편의소매
SUB04_002801,C04_0930,펀드,27170000,2022-03-13,11200645,옥수동,여가·오락,20254,49629847,245,65.96,1000000,49.54,N,없음,0,11200645_여가·오락
SUB04_002802,C04_0995,펀드,15490000,2023-01-29,11215710,화양동,자동차·운송서비스,20254,65590270,2386,15.28,1000000,31.36,N,없음,0,11215710_자동차·운송서비스
SUB04_002803,C04_0590,ISA,31100000,2025-06-10,11710532,거여2동,자동차·운송서비스,20254,243199137,1126,-5.92,1100000,-8.46,N,없음,0,11710532_자동차·운송서비스
SUB04_002804,C04_1508,펀드,11120000,2024-08-17,11260565,면목본동,식료품·편의소매,20254,28057683525,1982315,6.2,114760000,-1.94,Y,소상공인신용대출,44200000,11260565_식료품·편의소매
SUB04_002805,C04_1473,예금,63310000,2024-05-03,11260540,면목4동,여가·오락,20254,246693585,7862,16.36,1550000,4.81,N,없음,0,11260540_여가·오락
SUB04_002806,C04_1103,적금,3430000,2022-05-19,11260600,중화1동,음식·음료,20254,1418808781,43753,-9.22,8580000,-35.8,N,없음,0,11260600_음식·음료
SUB04_002807,C04_2000,ISA,29720000,2025-10-07,11740530,명일1동,자동차·운송서비스,20254,285280436,1403,-1.37,4170000,-6.28,Y,소상공인신용대출,2000000,11740530_자동차·운송서비스
SUB04_002808,C04_1465,ISA,7540000,2024-09-07,11260620,묵1동,패션·잡화,20254,13302502306,33532,23.32,157730000,3.46,N,없음,0,11260620_패션·잡화
SUB04_002809,C04_0825,예금,24300000,2023-05-21,11215847,자양4동,생활서비스,20254,247722136,11646,22.36,1660000,40.94,N,없음,0,11215847_생활서비스
SUB04_002810,C04_0964,예금,71030000,2022-04-12,11410555,북아현동,식료품·편의소매,20254,2792549658,261083,-12.89,7310000,-25.57,Y,소상공인신용대출,1900000,11410555_식료품·편의소매
SUB04_002811,C04_0774,예금,39850000,2025-04-03,11530750,개봉2동,패션·잡화,20254,934546820,12827,-7.92,5090000,-26.97,Y,운전자금대출,2600000,11530750_패션·잡화
SUB04_002812,C04_1725,적금,1090000,2022-07-17,11680590,삼성2동,미용·뷰티,20254,4627891062,37284,-7.06,17680000,-3.54,Y,시설자금대출,5600000,11680590_미용·뷰티
SUB04_002813,C04_0874,적금,5600000,2025-09-29,11440610,염리동,미용·뷰티,20254,111253756,4165,3.52,1000000,-13.07,Y,운전자금대출,400000,11440610_미용·뷰티
SUB04_002814,C04_1298,적금,3830000,2022-02-22,11650540,잠원동,문화·취미·반려,20254,534734408,17036,-16.67,4690000,-24.72,N,없음,0,11650540_문화·취미·반려
SUB04_002815,C04_1196,적금,4540000,2022-07-13,11620765,미성동,미용·뷰티,20254,1164133587,22412,3.19,16040000,9.59,Y,운전자금대출,10100000,11620765_미용·뷰티
SUB04_002816,C04_1991,예금,36950000,2022-04-22,11650600,방배1동,패션·잡화,20254,1217916766,9925,-50.3,8740000,-70.0,Y,운전자금대출,4800000,11650600_패션·잡화
SUB04_002817,C04_1063,예금,22050000,2025-01-29,11380570,대조동,전자기기·수리,20254,579514,58,-60.0,1000000,-57.64,N,없음,0,11380570_전자기기·수리
SUB04_002818,C04_0113,ISA,33600000,2025-05-20,11650600,방배1동,문화·취미·반려,20254,6281699055,28416,-30.15,93210000,-17.57,Y,운전자금대출,28100000,11650600_문화·취미·반려
SUB04_002819,C04_1882,적금,2660000,2023-05-30,11500520,등촌1동,문화·취미·반려,20254,2767894313,36541,3.86,28740000,-4.99,N,없음,0,11500520_문화·취미·반려
SUB04_002820,C04_1739,펀드,8840000,2025-03-25,11320515,창5동,미용·뷰티,20254,923424256,22109,6.7,5650000,13.6,Y,시설자금대출,2800000,11320515_미용·뷰티
SUB04_002821,C04_0307,적금,1710000,2023-06-02,11740590,암사3동,생활서비스,20254,89585395,6017,42.22,1000000,37.69,Y,소상공인신용대출,500000,11740590_생활서비스
SUB04_002822,C04_1740,적금,10710000,2024-12-13,11380632,신사2동,자동차·운송서비스,20254,499456523,1722,7.48,4190000,12.55,N,없음,0,11380632_자동차·운송서비스
SUB04_002823,C04_0818,펀드,17180000,2022-01-11,11440660,서교동,미용·뷰티,20254,15645414883,371902,-7.12,153880000,14.78,N,없음,0,11440660_미용·뷰티
SUB04_002824,C04_1785,ISA,28890000,2025-11-26,11140670,황학동,자동차·운송서비스,20254,764151053,3345,14.99,4150000,17.99,Y,운전자금대출,2300000,11140670_자동차·운송서비스
SUB04_002825,C04_1670,예금,28160000,2022-07-23,11290705,종암동,패션·잡화,20254,1050626796,12967,15.98,5910000,-21.74,N,없음,0,11290705_패션·잡화
SUB04_002826,C04_1453,ISA,21100000,2025-05-11,11320522,도봉2동,가구·인테리어,20254,175827524,6789,-27.43,1000000,-11.13,N,없음,0,11320522_가구·인테리어
SUB04_002827,C04_0206,펀드,7790000,2022-06-13,11500510,염창동,패션·잡화,20254,573346902,4830,27.54,3620000,39.26,N,없음,0,11500510_패션·잡화
SUB04_002828,C04_1679,적금,5990000,2023-08-28,11290630,정릉2동,가구·인테리어,20254,14308041,1045,29.45,1000000,19.43,N,없음,0,11290630_가구·인테리어
SUB04_002829,C04_1710,펀드,22650000,2025-01-14,11410720,북가좌2동,음식·음료,20254,11114289899,457741,3.96,177180000,8.54,Y,시설자금대출,53700000,11410720_음식·음료
SUB04_002830,C04_1697,ISA,26760000,2023-06-09,11590605,흑석동,식료품·편의소매,20254,6877013698,752778,0.92,21120000,-7.42,N,없음,0,11590605_식료품·편의소매
SUB04_002831,C04_0863,ISA,11500000,2025-02-24,11440630,신수동,가구·인테리어,20254,72939921,326,76.79,1000000,63.29,Y,시설자금대출,200000,11440630_가구·인테리어
SUB04_002832,C04_1239,펀드,14760000,2025-04-22,11470530,목3동,자동차·운송서비스,20254,99799428,650,-1.28,1000000,-4.37,N,없음,0,11470530_자동차·운송서비스
SUB04_002833,C04_0454,ISA,16270000,2023-06-28,11320521,도봉1동,숙박,20254,59091211,1115,-3.33,1000000,-3.23,N,없음,0,11320521_숙박
SUB04_002834,C04_0483,펀드,12960000,2022-11-21,11470600,신월5동,패션·잡화,20254,97791379,588,132.03,1000000,100.0,Y,시설자금대출,200000,11470600_패션·잡화
SUB04_002835,C04_1602,예금,27080000,2022-11-06,11290705,종암동,여가·오락,20254,1270892524,44508,8.63,3170000,16.34,N,없음,0,11290705_여가·오락
SUB04_002836,C04_0617,펀드,2960000,2025-03-23,11470610,신월6동,가구·인테리어,20254,1440209800,76573,-11.65,6590000,-12.39,N,없음,0,11470610_가구·인테리어
SUB04_002837,C04_1010,펀드,16770000,2023-04-14,11230740,이문1동,음식·음료,20254,13060217362,992336,12.34,31070000,16.09,N,없음,0,11230740_음식·음료
SUB04_002838,C04_1163,적금,3950000,2025-06-13,11260655,망우본동,음식·음료,20254,21608984136,784724,3.11,262050000,-8.62,N,없음,0,11260655_음식·음료
SUB04_002839,C04_1691,펀드,22240000,2023-10-25,11530530,구로2동,문화·취미·반려,20254,2421925929,75190,0.24,9670000,1.09,Y,소상공인신용대출,5000000,11530530_문화·취미·반려
SUB04_002840,C04_1730,예금,47020000,2022-01-14,11440660,서교동,식료품·편의소매,20254,38119519216,3466863,4.34,337270000,12.93,Y,소상공인신용대출,173100000,11440660_식료품·편의소매
SUB04_002841,C04_1321,펀드,12250000,2025-01-26,11440600,대흥동,미용·뷰티,20254,1578120704,17821,-3.99,37210000,-12.15,N,없음,0,11440600_미용·뷰티
SUB04_002842,C04_0235,ISA,17820000,2025-03-19,11620525,보라매동,음식·음료,20254,9594296085,461881,-2.9,49480000,11.06,N,없음,0,11620525_음식·음료
SUB04_002843,C04_0384,펀드,14580000,2023-02-07,11110710,숭인2동,미용·뷰티,20254,128161579,2595,-6.33,1000000,-5.55,Y,소상공인신용대출,200000,11110710_미용·뷰티
SUB04_002844,C04_0531,적금,2070000,2023-06-04,11650652,양재2동,패션·잡화,20254,1647219447,6677,6.23,5900000,19.18,N,없음,0,11650652_패션·잡화
SUB04_002845,C04_1654,예금,27790000,2023-09-11,11200660,성수1가2동,패션·잡화,20254,7695181371,112598,-31.04,35580000,-44.31,Y,시설자금대출,25700000,11200660_패션·잡화
SUB04_002846,C04_0586,ISA,20250000,2025-11-14,11290620,정릉1동,패션·잡화,20254,32393454,305,-18.51,1000000,-6.1,N,없음,0,11290620_패션·잡화
SUB04_002847,C04_0516,적금,3570000,2025-10-07,11380590,응암2동,여가·오락,20254,191646295,3259,12.72,1380000,24.42,N,없음,0,11380590_여가·오락
SUB04_002848,C04_0997,ISA,19190000,2025-08-16,11650610,방배2동,자동차·운송서비스,20254,802244487,6140,-9.33,4750000,-14.79,Y,운전자금대출,2600000,11650610_자동차·운송서비스
SUB04_002849,C04_0351,적금,4800000,2025-10-26,11650610,방배2동,미용·뷰티,20254,1011033037,7923,-33.61,8380000,-41.65,N,없음,0,11650610_미용·뷰티
SUB04_002850,C04_1309,ISA,21290000,2024-04-09,11680655,도곡1동,자동차·운송서비스,20254,689015839,5281,10.45,1000000,5.81,N,없음,0,11680655_자동차·운송서비스
SUB04_002851,C04_1650,ISA,11560000,2025-06-04,11305603,번2동,전자기기·수리,20254,116578570,240,-73.29,1000000,-70.0,Y,운전자금대출,600000,11305603_전자기기·수리
SUB04_002852,C04_0185,ISA,8540000,2023-09-24,11620575,행운동,생활서비스,20254,201251101,17616,62.92,2300000,52.01,N,없음,0,11620575_생활서비스
SUB04_002853,C04_1226,적금,4080000,2023-12-06,11560610,양평1동,음식·음료,20254,10853442295,487615,-2.26,42210000,4.66,Y,운전자금대출,27400000,11560610_음식·음료
SUB04_002854,C04_0312,적금,2300000,2024-01-15,11650530,서초3동,식료품·편의소매,20254,21859873690,3012459,-7.66,179910000,-16.86,Y,소상공인신용대출,99200000,11650530_식료품·편의소매
SUB04_002855,C04_1925,예금,52290000,2022-06-10,11350700,상계8동,식료품·편의소매,20254,574376208,65189,2.31,4880000,-15.3,Y,소상공인신용대출,2700000,11350700_식료품·편의소매
SUB04_002856,C04_1634,펀드,10910000,2025-10-06,11710540,마천1동,음식·음료,20254,1695350462,116911,-4.86,8470000,4.05,Y,운전자금대출,2500000,11710540_음식·음료
SUB04_002857,C04_1120,예금,64200000,2022-01-21,11620525,보라매동,자동차·운송서비스,20254,27601219,179,2.67,1000000,-7.15,Y,운전자금대출,300000,11620525_자동차·운송서비스
SUB04_002858,C04_1287,예금,37280000,2023-02-05,11260620,묵1동,문화·취미·반려,20254,828239300,6526,150.04,1510000,100.0,Y,시설자금대출,800000,11260620_문화·취미·반려
SUB04_002859,C04_0032,ISA,22120000,2025-12-12,11410520,천연동,생활서비스,20254,304955261,13315,78.34,2210000,88.17,N,없음,0,11410520_생활서비스
SUB04_002860,C04_1146,ISA,38090000,2022-08-03,11260565,면목본동,음식·음료,20254,18199126770,728549,0.61,202410000,-7.1,Y,시설자금대출,64000000,11260565_음식·음료
SUB04_002861,C04_0235,펀드,25830000,2023-01-07,11620525,보라매동,음식·음료,20254,9594296085,461881,-2.9,49480000,11.06,N,없음,0,11620525_음식·음료
SUB04_002862,C04_1354,펀드,7920000,2022-03-23,11260600,중화1동,식료품·편의소매,20254,11063482713,625113,-29.55,93890000,-38.14,N,없음,0,11260600_식료품·편의소매
SUB04_002863,C04_1218,적금,4000000,2022-02-08,11710590,송파2동,문화·취미·반려,20254,1540793278,18454,12.81,3990000,12.46,Y,운전자금대출,1800000,11710590_문화·취미·반려
SUB04_002864,C04_1387,ISA,20140000,2023-05-26,11215730,군자동,자동차·운송서비스,20254,618216755,2988,-16.15,4640000,-33.72,Y,운전자금대출,2200000,11215730_자동차·운송서비스
SUB04_002865,C04_0362,ISA,15520000,2023-02-08,11590520,노량진2동,패션·잡화,20254,56429092,515,16.18,1000000,8.09,Y,운전자금대출,300000,11590520_패션·잡화
SUB04_002866,C04_0763,ISA,17320000,2025-01-12,11545690,시흥3동,여가·오락,20254,249089851,8417,27.37,1710000,30.33,N,없음,0,11545690_여가·오락
SUB04_002867,C04_0880,예금,79140000,2023-10-20,11200520,왕십리2동,생활서비스,20254,19090031,1123,76.07,1000000,74.94,Y,소상공인신용대출,500000,11200520_생활서비스
SUB04_002868,C04_0042,적금,2700000,2022-01-18,11290760,장위1동,생활서비스,20254,13895970,573,628.1,1000000,100.0,N,없음,0,11290760_생활서비스
SUB04_002869,C04_1514,펀드,3990000,2025-04-01,11380520,불광1동,음식·음료,20254,12665001747,518214,-0.34,231760000,2.25,Y,운전자금대출,122900000,11380520_음식·음료
SUB04_002870,C04_0790,ISA,15230000,2024-12-26,11320710,방학3동,음식·음료,20254,4871499346,146621,-10.36,84070000,-12.75,Y,소상공인신용대출,53100000,11320710_음식·음료
SUB04_002871,C04_1885,예금,28020000,2022-10-24,11680640,역삼1동,가구·인테리어,20254,1392832254,12051,167.9,20620000,100.0,Y,소상공인신용대출,12500000,11680640_가구·인테리어
SUB04_002872,C04_0891,적금,2970000,2025-08-28,11440655,서강동,패션·잡화,20254,1020527535,12546,-22.81,12210000,-22.69,Y,소상공인신용대출,3600000,11440655_패션·잡화
SUB04_002873,C04_0948,예금,69170000,2022-12-22,11440720,성산1동,문화·취미·반려,20254,42482031,4349,-95.08,1000000,-70.0,N,없음,0,11440720_문화·취미·반려
SUB04_002874,C04_0693,펀드,9490000,2025-02-05,11560540,여의동,식료품·편의소매,20254,30004022247,3005665,-7.21,216990000,-7.16,N,없음,0,11560540_식료품·편의소매
SUB04_002875,C04_0546,예금,40810000,2023-06-05,11320514,창4동,여가·오락,20254,1159131091,161748,6.68,12780000,-0.83,Y,시설자금대출,4000000,11320514_여가·오락
SUB04_002876,C04_1473,적금,7750000,2025-11-12,11260540,면목4동,여가·오락,20254,246693585,7862,16.36,1550000,4.81,N,없음,0,11260540_여가·오락
SUB04_002877,C04_0900,ISA,6340000,2023-03-09,11215820,자양1동,전자기기·수리,20254,335713349,2145,325.87,2020000,100.0,Y,소상공인신용대출,1100000,11215820_전자기기·수리
SUB04_002878,C04_0685,펀드,6400000,2022-10-18,11410710,북가좌1동,문화·취미·반려,20254,3356201,590,-12.77,1000000,-9.69,Y,운전자금대출,500000,11410710_문화·취미·반려
SUB04_002879,C04_0201,펀드,9920000,2022-02-07,11500630,방화1동,미용·뷰티,20254,1815772360,49642,-6.35,32960000,-13.79,Y,시설자금대출,13400000,11500630_미용·뷰티
SUB04_002880,C04_1753,ISA,28050000,2024-02-26,11215860,구의2동,식료품·편의소매,20254,6205027646,468956,0.51,23010000,2.37,N,없음,0,11215860_식료품·편의소매
SUB04_002881,C04_1086,펀드,21670000,2025-12-21,11530560,구로5동,생활서비스,20254,136328095,10526,36.45,1740000,41.24,Y,운전자금대출,400000,11530560_생활서비스
SUB04_002882,C04_0244,펀드,4490000,2022-06-11,11215770,중곡4동,여가·오락,20254,390290676,11701,14.4,4280000,14.89,N,없음,0,11215770_여가·오락
SUB04_002883,C04_0417,예금,29810000,2023-11-20,11290575,동선동,문화·취미·반려,20254,438828144,22698,27.11,2700000,19.08,N,없음,0,11290575_문화·취미·반려
SUB04_002884,C04_1392,적금,6040000,2022-01-17,11650610,방배2동,생활서비스,20254,62320923,2890,74.38,1000000,69.01,Y,소상공인신용대출,600000,11650610_생활서비스
SUB04_002885,C04_1777,ISA,17600000,2024-03-19,11350640,상계2동,패션·잡화,20254,10707438945,315600,32.03,27160000,31.09,N,없음,0,11350640_패션·잡화
SUB04_002886,C04_0944,적금,8190000,2025-11-22,11170590,용문동,전자기기·수리,20254,1238477633,3767,0.49,5430000,16.72,N,없음,0,11170590_전자기기·수리
SUB04_002887,C04_0301,펀드,11470000,2024-08-19,11350670,상계5동,전자기기·수리,20254,52988182,429,-4.65,1000000,-5.12,Y,운전자금대출,300000,11350670_전자기기·수리
SUB04_002888,C04_1096,예금,44720000,2024-02-24,11320700,방학2동,패션·잡화,20254,681560805,13245,38.71,5340000,30.89,N,없음,0,11320700_패션·잡화
SUB04_002889,C04_1185,ISA,3590000,2025-07-22,11200520,왕십리2동,가구·인테리어,20254,12171197,46,20.02,1000000,37.47,N,없음,0,11200520_가구·인테리어
SUB04_002890,C04_1671,펀드,15300000,2023-10-22,11530520,구로1동,식료품·편의소매,20254,3862685525,288165,-4.29,23140000,-16.82,Y,운전자금대출,15800000,11530520_식료품·편의소매
SUB04_002891,C04_0648,적금,3550000,2025-03-21,11650621,방배4동,미용·뷰티,20254,1633243405,24496,1.47,7580000,-20.76,N,없음,0,11650621_미용·뷰티
SUB04_002892,C04_0152,예금,46700000,2023-08-15,11470650,신정4동,패션·잡화,20254,3273661869,22177,25.35,26770000,15.46,N,없음,0,11470650_패션·잡화
SUB04_002893,C04_0965,ISA,50930000,2022-10-02,11545690,시흥3동,여가·오락,20254,249089851,8417,27.37,1340000,36.43,N,없음,0,11545690_여가·오락
SUB04_002894,C04_0744,펀드,6680000,2025-01-05,11740530,명일1동,문화·취미·반려,20254,727035494,20775,13.02,3560000,18.67,Y,시설자금대출,900000,11740530_문화·취미·반려
SUB04_002895,C04_0146,ISA,14930000,2025-06-15,11560710,대림2동,가구·인테리어,20254,74127785,2350,-36.49,1000000,-17.1,Y,운전자금대출,700000,11560710_가구·인테리어
SUB04_002896,C04_1344,예금,32290000,2024-03-13,11200645,옥수동,식료품·편의소매,20254,568961615,53820,-6.42,6040000,-2.5,Y,운전자금대출,2900000,11200645_식료품·편의소매
SUB04_002897,C04_1574,예금,19810000,2024-08-12,11530730,고척2동,전자기기·수리,20254,41633594,2073,-18.2,1000000,-5.51,N,없음,0,11530730_전자기기·수리
SUB04_002898,C04_0382,펀드,9150000,2023-12-18,11710566,오륜동,음식·음료,20254,1682191321,80398,33.21,18760000,39.68,Y,시설자금대출,4900000,11710566_음식·음료
SUB04_002899,C04_0556,ISA,24490000,2023-07-09,11620525,보라매동,문화·취미·반려,20254,187765113,2838,108.47,1110000,100.0,Y,시설자금대출,200000,11620525_문화·취미·반려
SUB04_002900,C04_1308,ISA,34500000,2025-08-19,11350611,하계1동,음식·음료,20254,6705097971,317772,1.96,48440000,6.68,N,없음,0,11350611_음식·음료
SUB04_002901,C04_0138,예금,44000000,2024-11-27,11500615,우장산동,문화·취미·반려,20254,485851491,20433,-39.41,1790000,-40.26,Y,운전자금대출,1300000,11500615_문화·취미·반려
SUB04_002902,C04_0137,ISA,5220000,2025-07-23,11200615,금호2·3가동,문화·취미·반려,20254,29911166,2794,13.83,1000000,26.46,N,없음,0,11200615_문화·취미·반려
SUB04_002903,C04_1731,펀드,10800000,2025-07-20,11140615,신당동,문화·취미·반려,20254,1434799933,3243,172.54,10470000,100.0,Y,소상공인신용대출,3000000,11140615_문화·취미·반려
SUB04_002904,C04_0885,예금,32380000,2022-05-23,11530730,고척2동,패션·잡화,20254,984325393,16588,69.32,7530000,60.42,N,없음,0,11530730_패션·잡화
SUB04_002905,C04_1218,적금,1970000,2022-04-03,11710590,송파2동,문화·취미·반려,20254,1540793278,18454,12.81,3990000,12.46,Y,운전자금대출,1800000,11710590_문화·취미·반려
SUB04_002906,C04_1738,적금,6370000,2024-11-09,11110570,무악동,음식·음료,20254,1188302130,71090,-4.97,8990000,3.73,N,없음,0,11110570_음식·음료
SUB04_002907,C04_1320,예금,50060000,2022-01-16,11230650,장안1동,식료품·편의소매,20254,36280343838,1475671,1.03,358760000,-7.54,Y,시설자금대출,185200000,11230650_식료품·편의소매
SUB04_002908,C04_1959,펀드,12480000,2022-09-09,11650570,반포2동,문화·취미·반려,20254,82586029,10928,8.95,1000000,22.42,Y,운전자금대출,600000,11650570_문화·취미·반려
SUB04_002909,C04_1764,ISA,19440000,2024-05-03,11650652,양재2동,자동차·운송서비스,20254,9479701620,40063,1.28,33570000,-0.59,Y,운전자금대출,12200000,11650652_자동차·운송서비스
SUB04_002910,C04_0626,예금,27680000,2022-03-04,11740550,고덕1동,가구·인테리어,20254,7027929,446,-5.3,1000000,16.31,N,없음,0,11740550_가구·인테리어
SUB04_002911,C04_1717,펀드,15330000,2022-09-04,11680610,대치2동,미용·뷰티,20254,4609328999,17181,4.7,21250000,-2.76,N,없음,0,11680610_미용·뷰티
SUB04_002912,C04_0822,예금,48940000,2022-02-17,11200540,마장동,식료품·편의소매,20254,4599927363,450376,3.62,36590000,24.99,Y,운전자금대출,21200000,11200540_식료품·편의소매
SUB04_002913,C04_1586,예금,34560000,2024-08-25,11440740,상암동,식료품·편의소매,20254,11049398340,1233695,-9.59,58650000,-17.85,Y,운전자금대출,35200000,11440740_식료품·편의소매
SUB04_002914,C04_0849,ISA,11920000,2025-03-06,11140635,약수동,미용·뷰티,20254,747899408,10883,7.6,3910000,-1.18,Y,운전자금대출,1200000,11140635_미용·뷰티
SUB04_002915,C04_0497,예금,38390000,2025-07-16,11440630,신수동,미용·뷰티,20254,153384087,3694,-9.93,1330000,-26.5,N,없음,0,11440630_미용·뷰티
SUB04_002916,C04_0327,예금,34160000,2024-08-09,11110700,숭인1동,미용·뷰티,20254,241896414,5005,8.04,1000000,14.69,N,없음,0,11110700_미용·뷰티
SUB04_002917,C04_0258,ISA,32370000,2024-03-26,11380590,응암2동,생활서비스,20254,10306759,510,-30.03,1000000,-26.97,Y,운전자금대출,500000,11380590_생활서비스
SUB04_002918,C04_0957,ISA,17590000,2025-04-22,11680690,개포4동,여가·오락,20254,341627523,4701,6.02,4280000,14.01,N,없음,0,11680690_여가·오락
SUB04_002919,C04_1573,펀드,6900000,2025-10-25,11290685,길음2동,패션·잡화,20254,3828452696,29911,31.77,36500000,40.06,Y,운전자금대출,7900000,11290685_패션·잡화
SUB04_002920,C04_1186,예금,29510000,2024-03-20,11470540,목4동,전자기기·수리,20254,26012763,246,73.29,1000000,77.8,Y,시설자금대출,300000,11470540_전자기기·수리
SUB04_002921,C04_0398,ISA,11350000,2024-01-15,11380650,수색동,미용·뷰티,20254,59158294,1508,-54.4,1000000,-48.57,N,없음,0,11380650_미용·뷰티
SUB04_002922,C04_0537,펀드,7720000,2025-07-09,11680740,일원2동,문화·취미·반려,20254,66364821,4012,36.65,1000000,22.36,Y,운전자금대출,500000,11680740_문화·취미·반려
SUB04_002923,C04_1779,펀드,6710000,2023-12-26,11350700,상계8동,패션·잡화,20254,895955887,8530,24.18,11430000,27.21,N,없음,0,11350700_패션·잡화
SUB04_002924,C04_0799,예금,13510000,2023-10-27,11440740,상암동,패션·잡화,20254,925585603,11425,3.59,5760000,17.63,Y,운전자금대출,3000000,11440740_패션·잡화
SUB04_002925,C04_0159,펀드,16950000,2023-06-25,11590660,대방동,음식·음료,20254,17988963710,611602,-1.86,104470000,4.82,N,없음,0,11590660_음식·음료
SUB04_002926,C04_1680,적금,6940000,2023-03-25,11230740,이문1동,자동차·운송서비스,20254,786996198,3693,-11.22,13070000,-11.93,Y,소상공인신용대출,5400000,11230740_자동차·운송서비스
SUB04_002927,C04_0048,적금,10080000,2022-03-08,11590550,상도3동,생활서비스,20254,76887390,4737,38.18,1000000,50.03,N,없음,0,11590550_생활서비스
SUB04_002928,C04_1677,적금,6950000,2023-07-03,11740620,천호3동,생활서비스,20254,31535857,2117,4.54,1000000,4.31,Y,운전자금대출,500000,11740620_생활서비스
SUB04_002929,C04_0349,펀드,7530000,2025-11-05,11110515,청운효자동,문화·취미·반려,20254,4490011882,14155,0.58,83060000,10.94,N,없음,0,11110515_문화·취미·반려
SUB04_002930,C04_0254,펀드,12210000,2025-03-27,11740600,천호1동,가구·인테리어,20254,270272556,6654,-10.91,1780000,6.21,Y,운전자금대출,300000,11740600_가구·인테리어
SUB04_002931,C04_0446,ISA,20830000,2025-05-27,11590560,상도4동,가구·인테리어,20254,30998005,1606,1.84,1000000,3.39,Y,운전자금대출,400000,11590560_가구·인테리어
SUB04_002932,C04_1046,ISA,17130000,2025-08-12,11110615,종로1·2·3·4가동,식료품·편의소매,20254,32365641793,3338169,-0.98,313310000,7.26,Y,소상공인신용대출,179300000,11110615_식료품·편의소매
SUB04_002933,C04_1041,펀드,10340000,2023-11-19,11305545,송중동,문화·취미·반려,20254,145778660,3309,17.95,1000000,23.59,N,없음,0,11305545_문화·취미·반려
SUB04_002934,C04_0008,적금,4400000,2024-08-27,11710610,삼전동,식료품·편의소매,20254,9904934185,889984,2.88,38510000,4.31,N,없음,0,11710610_식료품·편의소매
SUB04_002935,C04_1762,ISA,29390000,2024-08-30,11620695,신림동,생활서비스,20254,371520230,53675,33.13,6890000,37.03,N,없음,0,11620695_생활서비스
SUB04_002936,C04_1649,펀드,10280000,2024-11-07,11560620,양평2동,문화·취미·반려,20254,579792911,15802,-19.24,2690000,0.67,Y,운전자금대출,900000,11560620_문화·취미·반려
SUB04_002937,C04_1307,적금,3210000,2022-01-04,11740550,고덕1동,생활서비스,20254,17809283,1230,59.5,1000000,81.63,N,없음,0,11740550_생활서비스
SUB04_002938,C04_0325,예금,33430000,2022-04-02,11560620,양평2동,여가·오락,20254,303509122,5905,6.53,1610000,9.86,Y,운전자금대출,400000,11560620_여가·오락
SUB04_002939,C04_1472,ISA,15040000,2024-11-20,11290810,석관동,식료품·편의소매,20254,7333218517,653463,4.77,85430000,-12.0,Y,소상공인신용대출,52900000,11290810_식료품·편의소매
SUB04_002940,C04_1887,펀드,12310000,2022-11-12,11650550,반포본동,미용·뷰티,20254,40905967,286,0.85,1000000,-20.29,Y,운전자금대출,500000,11650550_미용·뷰티
SUB04_002941,C04_0717,펀드,16260000,2025-07-31,11590680,신대방2동,패션·잡화,20254,1599363614,2964,162.9,21180000,100.0,N,없음,0,11590680_패션·잡화
SUB04_002942,C04_0193,ISA,10480000,2025-04-29,11215840,자양3동,문화·취미·반려,20254,249588460,6071,111.91,1000000,100.0,N,없음,0,11215840_문화·취미·반려
SUB04_002943,C04_0018,ISA,17900000,2023-05-20,11440710,연남동,음식·음료,20254,28838630045,962602,6.98,238740000,-8.88,Y,운전자금대출,131300000,11440710_음식·음료
SUB04_002944,C04_0694,예금,22630000,2023-07-24,11545680,시흥2동,자동차·운송서비스,20254,189135273,870,-19.96,4740000,-19.78,N,없음,0,11545680_자동차·운송서비스
SUB04_002945,C04_0429,펀드,11160000,2025-09-15,11320515,창5동,여가·오락,20254,1267620408,165897,1.18,23790000,8.39,Y,소상공인신용대출,14100000,11320515_여가·오락
SUB04_002946,C04_0799,예금,20330000,2022-09-24,11440740,상암동,패션·잡화,20254,925585603,11425,3.59,5760000,17.63,Y,운전자금대출,3000000,11440740_패션·잡화
SUB04_002947,C04_1548,적금,5100000,2025-05-24,11260655,망우본동,식료품·편의소매,20254,17456437406,1342602,8.18,125900000,9.28,Y,운전자금대출,23400000,11260655_식료품·편의소매
SUB04_002948,C04_1221,펀드,5090000,2024-07-30,11650550,반포본동,문화·취미·반려,20254,251973518,10024,45.94,1310000,41.53,Y,운전자금대출,700000,11650550_문화·취미·반려
SUB04_002949,C04_1896,펀드,2570000,2022-04-18,11560690,신길7동,전자기기·수리,20254,3950954,565,-36.36,1000000,-28.36,N,없음,0,11560690_전자기기·수리
SUB04_002950,C04_0269,ISA,33240000,2025-03-04,11200535,왕십리도선동,식료품·편의소매,20254,19038214470,522301,60.84,82960000,67.39,N,없음,0,11200535_식료품·편의소매
SUB04_002951,C04_1175,예금,28990000,2022-07-03,11320660,쌍문1동,음식·음료,20254,2552230094,217952,-0.83,14330000,40.62,Y,소상공인신용대출,2600000,11320660_음식·음료
SUB04_002952,C04_0597,ISA,12040000,2025-06-09,11200620,금호4가동,가구·인테리어,20254,16000393,198,-81.44,1000000,-70.0,Y,운전자금대출,500000,11200620_가구·인테리어
SUB04_002953,C04_0134,적금,4370000,2022-03-21,11200560,행당1동,자동차·운송서비스,20254,439566849,1585,-46.02,5510000,-58.21,Y,운전자금대출,3000000,11200560_자동차·운송서비스
SUB04_002954,C04_1106,펀드,15740000,2025-02-06,11410620,홍제1동,여가·오락,20254,317404725,2845,-12.07,1000000,-13.99,Y,소상공인신용대출,400000,11410620_여가·오락
SUB04_002955,C04_1353,예금,54870000,2023-04-21,11230705,청량리동,전자기기·수리,20254,1516237302,4614,-19.02,8800000,17.27,N,없음,0,11230705_전자기기·수리
SUB04_002956,C04_0472,펀드,6850000,2023-04-13,11140625,다산동,패션·잡화,20254,10185723639,41638,111.77,34560000,100.0,Y,소상공인신용대출,16800000,11140625_패션·잡화
SUB04_002957,C04_1163,ISA,8330000,2025-08-18,11260655,망우본동,음식·음료,20254,21608984136,784724,3.11,262050000,-8.62,N,없음,0,11260655_음식·음료
SUB04_002958,C04_0575,적금,6350000,2022-07-06,11500615,우장산동,미용·뷰티,20254,639203648,11026,19.09,6840000,23.31,N,없음,0,11500615_미용·뷰티
SUB04_002959,C04_1822,ISA,12750000,2024-04-29,11305635,수유3동,여가·오락,20254,3315162074,386738,-0.81,16270000,22.96,Y,운전자금대출,10000000,11305635_여가·오락
SUB04_002960,C04_1984,ISA,17160000,2025-08-18,11290770,장위2동,여가·오락,20254,100794204,5284,-5.45,1000000,8.11,Y,운전자금대출,200000,11290770_여가·오락
SUB04_002961,C04_0516,예금,46610000,2025-12-31,11380590,응암2동,여가·오락,20254,191646295,3259,12.72,1380000,24.42,N,없음,0,11380590_여가·오락
SUB04_002962,C04_0862,ISA,12650000,2024-02-01,11290630,정릉2동,패션·잡화,20254,298658069,6816,18.56,1240000,21.38,N,없음,0,11290630_패션·잡화
SUB04_002963,C04_0813,ISA,8910000,2022-04-03,11290810,석관동,패션·잡화,20254,1129730109,20905,1.79,17010000,-20.84,N,없음,0,11290810_패션·잡화
SUB04_002964,C04_0436,ISA,14300000,2023-03-31,11380625,역촌동,전자기기·수리,20254,1401409,216,-74.21,1000000,-70.0,Y,운전자금대출,700000,11380625_전자기기·수리
SUB04_002965,C04_1099,펀드,32900000,2025-12-07,11320670,쌍문2동,자동차·운송서비스,20254,1049936672,6724,-6.63,6430000,-1.65,N,없음,0,11320670_자동차·운송서비스
SUB04_002966,C04_0643,ISA,16670000,2024-08-16,11260620,묵1동,음식·음료,20254,12140474777,521139,2.38,66240000,1.91,Y,시설자금대출,19800000,11260620_음식·음료
SUB04_002967,C04_0093,ISA,18530000,2024-07-16,11140680,중림동,미용·뷰티,20254,95823248,2268,-22.17,1000000,-25.96,N,없음,0,11140680_미용·뷰티
SUB04_002968,C04_0837,펀드,10350000,2024-12-11,11305595,번1동,음식·음료,20254,15253508011,658323,2.44,82040000,6.05,N,없음,0,11305595_음식·음료
SUB04_002969,C04_0611,펀드,11010000,2023-08-19,11710641,문정1동,문화·취미·반려,20254,3289861772,53426,-16.12,39030000,-13.89,N,없음,0,11710641_문화·취미·반려
SUB04_002970,C04_1304,펀드,10430000,2024-12-27,11170590,용문동,문화·취미·반려,20254,67746212,2651,-86.54,1000000,-70.0,Y,운전자금대출,900000,11170590_문화·취미·반려
SUB04_002971,C04_0849,적금,2780000,2024-10-04,11140635,약수동,미용·뷰티,20254,747899408,10883,7.6,3910000,-1.18,Y,운전자금대출,1200000,11140635_미용·뷰티
SUB04_002972,C04_1889,펀드,15400000,2024-07-09,11320514,창4동,자동차·운송서비스,20254,140649568,810,48.02,2250000,62.56,N,없음,0,11320514_자동차·운송서비스
SUB04_002973,C04_1035,적금,2510000,2022-10-22,11320513,창3동,미용·뷰티,20254,277624145,9592,-6.5,1300000,4.24,N,없음,0,11320513_미용·뷰티
SUB04_002974,C04_0431,예금,112080000,2022-02-08,11320670,쌍문2동,식료품·편의소매,20254,3073181962,239237,-4.38,18730000,-7.5,Y,운전자금대출,6200000,11320670_식료품·편의소매
SUB04_002975,C04_0541,예금,57990000,2022-01-29,11530740,개봉1동,음식·음료,20254,6965528984,322532,-2.1,45830000,3.27,Y,운전자금대출,28600000,11530740_음식·음료
SUB04_002976,C04_0339,ISA,9690000,2024-03-18,11380640,증산동,패션·잡화,20254,413801449,2306,-3.63,1000000,2.56,N,없음,0,11380640_패션·잡화
SUB04_002977,C04_1659,ISA,23420000,2024-10-26,11530560,구로5동,미용·뷰티,20254,2093727017,37541,-9.96,12950000,-5.3,N,없음,0,11530560_미용·뷰티
SUB04_002978,C04_0713,펀드,14440000,2024-04-21,11290715,월곡1동,여가·오락,20254,135578952,3826,16.77,1000000,17.73,Y,운전자금대출,200000,11290715_여가·오락
SUB04_002979,C04_0695,적금,5330000,2023-04-02,11500590,화곡본동,음식·음료,20254,10442653039,365989,2.39,38420000,7.22,N,없음,0,11500590_음식·음료
SUB04_002980,C04_0881,ISA,29590000,2025-03-09,11710670,잠실2동,식료품·편의소매,20254,13062133745,892860,-17.64,47580000,15.23,N,없음,0,11710670_식료품·편의소매
SUB04_002981,C04_0247,적금,6960000,2022-07-03,11290760,장위1동,식료품·편의소매,20254,3739845073,395649,-3.3,17020000,-15.6,Y,운전자금대출,9200000,11290760_식료품·편의소매
SUB04_002982,C04_0296,ISA,10410000,2025-10-03,11230740,이문1동,여가·오락,20254,304065468,63745,-24.59,3170000,-20.62,Y,운전자금대출,2200000,11230740_여가·오락
SUB04_002983,C04_1638,펀드,5800000,2023-04-14,11680640,역삼1동,문화·취미·반려,20254,10818934582,427621,21.54,139420000,20.15,Y,소상공인신용대출,90500000,11680640_문화·취미·반려
SUB04_002984,C04_0635,펀드,12120000,2024-01-25,11410640,홍제3동,여가·오락,20254,129500145,5213,-0.11,1630000,28.9,Y,운전자금대출,600000,11410640_여가·오락
SUB04_002985,C04_1668,펀드,10970000,2023-05-22,11215780,능동,여가·오락,20254,542098145,14054,-8.53,6840000,-4.77,Y,운전자금대출,2800000,11215780_여가·오락
SUB04_002986,C04_0834,펀드,12440000,2024-12-04,11110615,종로1·2·3·4가동,여가·오락,20254,2522135871,136590,2.39,16630000,-1.44,Y,운전자금대출,7000000,11110615_여가·오락
SUB04_002987,C04_0833,예금,30960000,2023-07-04,11680750,수서동,미용·뷰티,20254,2660603017,21604,-19.96,14050000,-20.56,Y,시설자금대출,4700000,11680750_미용·뷰티
SUB04_002988,C04_1508,예금,51840000,2023-06-09,11260565,면목본동,식료품·편의소매,20254,28057683525,1982315,6.2,114760000,-1.94,Y,소상공인신용대출,44200000,11260565_식료품·편의소매
SUB04_002989,C04_0475,펀드,26340000,2024-05-28,11200535,왕십리도선동,문화·취미·반려,20254,447107713,15215,83.61,3670000,84.17,Y,운전자금대출,700000,11200535_문화·취미·반려
SUB04_002990,C04_1727,펀드,8600000,2024-09-22,11545690,시흥3동,음식·음료,20254,3158897241,128618,-0.31,17410000,-9.23,N,없음,0,11545690_음식·음료
SUB04_002991,C04_1344,펀드,21500000,2025-11-03,11200645,옥수동,식료품·편의소매,20254,568961615,53820,-6.42,6040000,-2.5,Y,운전자금대출,2900000,11200645_식료품·편의소매
SUB04_002992,C04_1817,ISA,15400000,2025-07-16,11740550,고덕1동,문화·취미·반려,20254,17785879,4536,-5.07,1000000,-1.31,N,없음,0,11740550_문화·취미·반려
SUB04_002993,C04_0739,ISA,24040000,2022-08-23,11545670,시흥1동,미용·뷰티,20254,1748736392,47166,7.55,33560000,4.76,N,없음,0,11545670_미용·뷰티
SUB04_002994,C04_1955,적금,7800000,2023-07-28,11560620,양평2동,자동차·운송서비스,20254,3354431618,18779,3.03,25570000,12.97,Y,운전자금대출,13300000,11560620_자동차·운송서비스
SUB04_002995,C04_0337,ISA,7120000,2024-09-13,11290555,삼선동,음식·음료,20254,16670973186,594863,2.53,170040000,14.24,N,없음,0,11290555_음식·음료
SUB04_002996,C04_0221,펀드,9700000,2025-07-01,11440710,연남동,자동차·운송서비스,20254,229002053,777,23.27,1890000,14.59,Y,운전자금대출,600000,11440710_자동차·운송서비스
SUB04_002997,C04_0304,펀드,10450000,2023-10-31,11590540,상도2동,패션·잡화,20254,1460484656,24991,81.71,22920000,94.69,Y,운전자금대출,13100000,11590540_패션·잡화
SUB04_002998,C04_0668,펀드,10890000,2024-02-09,11560700,대림1동,여가·오락,20254,158734323,1058,-3.65,1250000,-5.71,N,없음,0,11560700_여가·오락
SUB04_002999,C04_1677,예금,47180000,2025-08-09,11740620,천호3동,생활서비스,20254,31535857,2117,4.54,1000000,4.31,Y,운전자금대출,500000,11740620_생활서비스
SUB04_003000,C04_1121,적금,1590000,2022-12-13,11320700,방학2동,가구·인테리어,20254,271260079,8524,8.78,1410000,-11.81,Y,시설자금대출,500000,11320700_가구·인테리어
SUB04_003001,C04_1960,예금,42080000,2024-03-25,11410660,홍은1동,패션·잡화,20254,511507137,6531,-5.37,5350000,8.98,Y,운전자금대출,2000000,11410660_패션·잡화
SUB04_003002,C04_1386,펀드,9470000,2025-10-14,11350621,중계1동,자동차·운송서비스,20254,1012095862,7403,-0.54,6680000,0.53,N,없음,0,11350621_자동차·운송서비스
SUB04_003003,C04_1870,ISA,20520000,2025-06-04,11305625,수유2동,여가·오락,20254,625509736,65158,14.08,5720000,-10.1,N,없음,0,11305625_여가·오락
SUB04_003004,C04_0715,펀드,17690000,2025-11-16,11710531,거여1동,미용·뷰티,20254,453996635,9856,6.59,1740000,13.33,N,없음,0,11710531_미용·뷰티
SUB04_003005,C04_0191,예금,44100000,2024-10-17,11305534,삼양동,문화·취미·반려,20254,36052427,2079,9.12,1000000,5.96,Y,시설자금대출,300000,11305534_문화·취미·반려
SUB04_003006,C04_0743,펀드,11450000,2023-01-26,11620765,미성동,생활서비스,20254,89246650,3687,77.21,1000000,73.87,N,없음,0,11620765_생활서비스
SUB04_003007,C04_0499,펀드,15550000,2025-06-09,11290640,정릉3동,문화·취미·반려,20254,180974369,1627,-29.94,1250000,-5.17,N,없음,0,11290640_문화·취미·반려
SUB04_003008,C04_0554,펀드,9850000,2022-12-23,11380530,불광2동,생활서비스,20254,76290354,4709,78.2,1000000,69.47,N,없음,0,11380530_생활서비스
SUB04_003009,C04_1685,펀드,11990000,2022-03-25,11350670,상계5동,미용·뷰티,20254,483942054,12549,-7.95,1150000,3.95,N,없음,0,11350670_미용·뷰티
SUB04_003010,C04_0520,예금,43330000,2025-09-14,11200615,금호2·3가동,미용·뷰티,20254,619629600,21316,-1.92,6770000,6.87,N,없음,0,11200615_미용·뷰티
SUB04_003011,C04_0090,예금,39680000,2025-04-03,11710641,문정1동,미용·뷰티,20254,857665448,8710,52.56,6280000,47.26,Y,소상공인신용대출,2500000,11710641_미용·뷰티
SUB04_003012,C04_0582,펀드,12710000,2025-10-20,11140625,다산동,식료품·편의소매,20254,3244243925,375203,-12.15,29600000,-21.28,N,없음,0,11140625_식료품·편의소매
SUB04_003013,C04_1564,ISA,32540000,2025-03-19,11260600,중화1동,음식·음료,20254,1418808781,43753,-9.22,17980000,1.68,N,없음,0,11260600_음식·음료
SUB04_003014,C04_1067,펀드,15640000,2025-10-07,11560535,영등포동,가구·인테리어,20254,2537664216,33587,38.68,13750000,45.82,Y,시설자금대출,4500000,11560535_가구·인테리어
SUB04_003015,C04_1820,예금,20590000,2022-03-30,11740530,명일1동,여가·오락,20254,531564768,21513,12.63,3600000,-3.2,N,없음,0,11740530_여가·오락
SUB04_003016,C04_1029,펀드,5180000,2022-07-24,11680521,논현1동,문화·취미·반려,20254,10031136282,45344,105.81,83850000,97.66,Y,시설자금대출,52100000,11680521_문화·취미·반려
SUB04_003017,C04_0700,펀드,8010000,2023-10-27,11380600,응암3동,숙박,20254,136990031,2566,-23.94,1040000,-23.83,N,없음,0,11380600_숙박
SUB04_003018,C04_1306,펀드,29330000,2023-06-27,11200540,마장동,생활서비스,20254,116274110,12009,63.72,1110000,68.46,Y,시설자금대출,500000,11200540_생활서비스
SUB04_003019,C04_1450,펀드,34190000,2025-10-14,11440660,서교동,음식·음료,20254,188785945650,8071129,6.6,844400000,21.43,N,없음,0,11440660_음식·음료
SUB04_003020,C04_0796,펀드,8980000,2025-12-16,11350600,공릉2동,미용·뷰티,20254,909356682,21972,-2.9,4330000,0.74,N,없음,0,11350600_미용·뷰티
SUB04_003021,C04_0747,예금,45040000,2024-11-15,11200570,행당2동,생활서비스,20254,17086861,875,107.62,1000000,100.0,N,없음,0,11200570_생활서비스
SUB04_003022,C04_1702,적금,9600000,2024-08-03,11410620,홍제1동,미용·뷰티,20254,485984603,8731,8.77,3240000,31.0,N,없음,0,11410620_미용·뷰티
SUB04_003023,C04_1288,적금,3010000,2025-09-13,11350621,중계1동,음식·음료,20254,1430740774,148866,-10.89,17020000,-20.38,Y,시설자금대출,10500000,11350621_음식·음료
SUB04_003024,C04_0736,적금,6420000,2024-02-16,11215820,자양1동,문화·취미·반려,20254,837848274,5390,184.14,6100000,100.0,Y,운전자금대출,2300000,11215820_문화·취미·반려
SUB04_003025,C04_0622,적금,2860000,2025-09-27,11590620,사당1동,패션·잡화,20254,1540460336,17207,-0.3,6040000,-9.9,N,없음,0,11590620_패션·잡화
SUB04_003026,C04_1989,펀드,17320000,2025-08-28,11440585,도화동,여가·오락,20254,466713605,16576,22.17,1800000,46.95,Y,소상공인신용대출,300000,11440585_여가·오락
SUB04_003027,C04_1010,예금,17250000,2024-03-28,11230740,이문1동,음식·음료,20254,13060217362,992336,12.34,31070000,16.09,N,없음,0,11230740_음식·음료
SUB04_003028,C04_0026,ISA,42870000,2023-02-23,11215770,중곡4동,문화·취미·반려,20254,53325196,2564,-40.84,1000000,-41.55,N,없음,0,11215770_문화·취미·반려
SUB04_003029,C04_1042,ISA,18140000,2023-01-04,11710532,거여2동,생활서비스,20254,77926433,4639,66.77,1010000,56.71,Y,운전자금대출,300000,11710532_생활서비스
SUB04_003030,C04_0987,펀드,6020000,2024-02-16,11650520,서초2동,음식·음료,20254,56055114280,2169270,-1.49,263590000,-6.38,N,없음,0,11650520_음식·음료
SUB04_003031,C04_0382,예금,20400000,2022-02-12,11710566,오륜동,음식·음료,20254,1682191321,80398,33.21,18760000,39.68,Y,시설자금대출,4900000,11710566_음식·음료
SUB04_003032,C04_1172,펀드,28000000,2025-03-16,11620725,조원동,자동차·운송서비스,20254,1846502419,10735,-14.29,14830000,-26.4,Y,시설자금대출,10600000,11620725_자동차·운송서비스
SUB04_003033,C04_0514,적금,5930000,2024-10-21,11530730,고척2동,여가·오락,20254,277014762,6827,33.83,2390000,27.84,Y,소상공인신용대출,600000,11530730_여가·오락
SUB04_003034,C04_0938,적금,2530000,2024-09-09,11440680,합정동,식료품·편의소매,20254,5522334893,655160,-5.35,52300000,-24.77,N,없음,0,11440680_식료품·편의소매
SUB04_003035,C04_0273,적금,3130000,2023-03-09,11440690,망원1동,생활서비스,20254,62469614,6733,1.86,1000000,-11.96,N,없음,0,11440690_생활서비스
SUB04_003036,C04_1065,펀드,23810000,2022-09-18,11545620,독산2동,패션·잡화,20254,425336239,3713,-22.09,2180000,-27.63,Y,시설자금대출,600000,11545620_패션·잡화
SUB04_003037,C04_0799,예금,21870000,2022-04-20,11440740,상암동,패션·잡화,20254,925585603,11425,3.59,5760000,17.63,Y,운전자금대출,3000000,11440740_패션·잡화
SUB04_003038,C04_0060,ISA,20920000,2022-08-31,11710510,풍납1동,자동차·운송서비스,20254,85178111,749,-18.18,1000000,-9.35,Y,소상공인신용대출,400000,11710510_자동차·운송서비스
SUB04_003039,C04_1817,펀드,6550000,2024-09-28,11740550,고덕1동,문화·취미·반려,20254,17785879,4536,-5.07,1000000,-1.31,N,없음,0,11740550_문화·취미·반려
SUB04_003040,C04_0687,적금,3910000,2023-12-22,11620685,신사동,패션·잡화,20254,486561652,11501,26.1,2650000,34.73,Y,시설자금대출,1400000,11620685_패션·잡화
SUB04_003041,C04_1033,적금,4920000,2023-09-22,11290715,월곡1동,음식·음료,20254,4104005272,182664,3.42,93460000,-11.62,Y,운전자금대출,21800000,11290715_음식·음료
SUB04_003042,C04_1496,펀드,10760000,2025-05-24,11620645,서원동,가구·인테리어,20254,132268680,2071,-25.68,1000000,-12.64,Y,운전자금대출,400000,11620645_가구·인테리어
SUB04_003043,C04_0913,ISA,9930000,2024-04-14,11680670,개포2동,문화·취미·반려,20254,102908922,3684,-25.16,1000000,-21.6,Y,시설자금대출,600000,11680670_문화·취미·반려
SUB04_003044,C04_0093,펀드,15760000,2023-02-05,11140680,중림동,미용·뷰티,20254,95823248,2268,-22.17,1000000,-25.96,N,없음,0,11140680_미용·뷰티
SUB04_003045,C04_1990,적금,9120000,2022-07-18,11560535,영등포동,숙박,20254,2680192086,41520,25.1,24190000,26.06,N,없음,0,11560535_숙박
SUB04_003046,C04_0313,펀드,12910000,2023-09-24,11440630,신수동,미용·뷰티,20254,153384087,3694,-9.93,1000000,-14.73,N,없음,0,11440630_미용·뷰티
SUB04_003047,C04_0133,ISA,4970000,2025-09-22,11500540,화곡1동,가구·인테리어,20254,5910546995,180681,-25.62,78850000,-18.52,Y,운전자금대출,56200000,11500540_가구·인테리어
SUB04_003048,C04_0724,적금,3280000,2025-09-16,11740640,성내1동,여가·오락,20254,120866486,2115,-30.07,1000000,-21.45,Y,시설자금대출,400000,11740640_여가·오락
SUB04_003049,C04_1981,펀드,4610000,2023-09-21,11680600,대치1동,음식·음료,20254,13661891748,831907,-5.13,116130000,-0.88,Y,시설자금대출,42100000,11680600_음식·음료
SUB04_003050,C04_1227,펀드,52280000,2024-10-21,11740620,천호3동,자동차·운송서비스,20254,613536836,3380,40.41,4220000,28.37,N,없음,0,11740620_자동차·운송서비스
SUB04_003051,C04_0680,펀드,19580000,2023-01-17,11560535,영등포동,자동차·운송서비스,20254,2928282952,15875,8.98,18480000,26.06,N,없음,0,11560535_자동차·운송서비스
SUB04_003052,C04_1257,펀드,14360000,2023-12-18,11380690,진관동,식료품·편의소매,20254,1484840248,195096,-17.51,6460000,-31.82,Y,소상공인신용대출,3100000,11380690_식료품·편의소매
SUB04_003053,C04_0149,ISA,13720000,2022-03-16,11530595,가리봉동,숙박,20254,356510188,8107,47.17,2510000,56.16,Y,운전자금대출,800000,11530595_숙박
SUB04_003054,C04_1452,ISA,6720000,2023-01-29,11710680,잠실3동,음식·음료,20254,20516506279,1998665,15.99,194010000,20.39,N,없음,0,11710680_음식·음료
SUB04_003055,C04_1277,적금,5100000,2023-02-22,11650580,반포3동,음식·음료,20254,11757811101,401702,-1.12,133050000,-10.14,N,없음,0,11650580_음식·음료
SUB04_003056,C04_0041,펀드,18660000,2024-02-22,11410685,홍은2동,음식·음료,20254,7000985254,311732,4.92,38380000,17.64,N,없음,0,11410685_음식·음료
SUB04_003057,C04_0465,펀드,9970000,2022-02-03,11320710,방학3동,여가·오락,20254,154805784,4228,-4.11,1000000,12.73,Y,운전자금대출,500000,11320710_여가·오락
SUB04_003058,C04_1460,ISA,11670000,2025-06-09,11230730,휘경2동,음식·음료,20254,2307456357,113192,-3.71,49540000,-1.66,N,없음,0,11230730_음식·음료
SUB04_003059,C04_0637,예금,89300000,2023-03-04,11470620,신정1동,여가·오락,20254,546745819,12891,2.71,1690000,20.21,N,없음,0,11470620_여가·오락
SUB04_003060,C04_0493,적금,6390000,2022-09-23,11290725,월곡2동,음식·음료,20254,11872028186,636343,2.51,97360000,11.78,N,없음,0,11290725_음식·음료
SUB04_003061,C04_0567,적금,2900000,2025-03-02,11740660,성내3동,여가·오락,20254,814116874,73439,1.8,2890000,6.02,Y,운전자금대출,1700000,11740660_여가·오락
SUB04_003062,C04_1231,예금,34330000,2025-11-05,11545680,시흥2동,식료품·편의소매,20254,738097518,85373,1.44,5010000,-18.23,Y,운전자금대출,3600000,11545680_식료품·편의소매
SUB04_003063,C04_0980,적금,3890000,2022-11-20,11200615,금호2·3가동,음식·음료,20254,6927224019,288598,-3.37,30860000,12.32,Y,운전자금대출,19400000,11200615_음식·음료
SUB04_003064,C04_0799,ISA,17280000,2024-04-04,11440740,상암동,패션·잡화,20254,925585603,11425,3.59,5760000,17.63,Y,운전자금대출,3000000,11440740_패션·잡화
SUB04_003065,C04_1378,펀드,7860000,2023-06-30,11710600,석촌동,식료품·편의소매,20254,25849615013,1163179,20.24,272190000,13.52,N,없음,0,11710600_식료품·편의소매
SUB04_003066,C04_1509,예금,12720000,2022-03-05,11260680,신내1동,음식·음료,20254,13464005103,456619,-0.93,92560000,5.22,Y,시설자금대출,24400000,11260680_음식·음료
SUB04_003067,C04_0602,예금,70990000,2024-01-12,11710642,문정2동,여가·오락,20254,616896458,102570,17.11,6210000,23.0,N,없음,0,11710642_여가·오락
SUB04_003068,C04_0413,적금,5990000,2025-05-01,11140520,소공동,음식·음료,20254,110690323005,4027894,1.06,1677360000,-2.28,Y,운전자금대출,846300000,11140520_음식·음료
SUB04_003069,C04_0766,펀드,20660000,2023-08-22,11530530,구로2동,음식·음료,20254,16766484288,634293,-0.86,100410000,33.28,Y,운전자금대출,23000000,11530530_음식·음료
SUB04_003070,C04_1939,예금,39040000,2024-01-04,11545710,시흥5동,가구·인테리어,20254,74141623,627,-39.76,1000000,-24.87,N,없음,0,11545710_가구·인테리어
SUB04_003071,C04_1843,ISA,43260000,2025-01-21,11305555,송천동,자동차·운송서비스,20254,2622833984,14370,-8.18,8290000,-8.97,Y,시설자금대출,2600000,11305555_자동차·운송서비스
SUB04_003072,C04_1406,ISA,20410000,2023-05-17,11380632,신사2동,미용·뷰티,20254,316036802,9260,2.0,2000000,-11.64,Y,소상공인신용대출,800000,11380632_미용·뷰티
SUB04_003073,C04_1276,적금,12970000,2022-07-12,11305535,미아동,생활서비스,20254,56582976,5451,105.98,1000000,93.4,Y,운전자금대출,500000,11305535_생활서비스
SUB04_003074,C04_1708,예금,18480000,2022-05-29,11260600,중화1동,문화·취미·반려,20254,169274212,2120,-51.27,1000000,-47.96,Y,시설자금대출,600000,11260600_문화·취미·반려
SUB04_003075,C04_0513,펀드,10210000,2023-05-10,11305608,번3동,미용·뷰티,20254,497104380,11763,-15.9,8560000,-15.68,Y,소상공인신용대출,4100000,11305608_미용·뷰티
SUB04_003076,C04_1036,펀드,17350000,2023-05-29,11545610,독산1동,미용·뷰티,20254,1326931010,19991,8.63,11350000,11.91,Y,운전자금대출,2400000,11545610_미용·뷰티
SUB04_003077,C04_1417,ISA,7910000,2023-05-19,11215847,자양4동,여가·오락,20254,1737193196,100692,3.25,8810000,-5.05,N,없음,0,11215847_여가·오락
SUB04_003078,C04_0070,적금,2800000,2023-04-16,11590605,흑석동,여가·오락,20254,320218225,62492,-8.11,3710000,-6.44,N,없음,0,11590605_여가·오락
SUB04_003079,C04_0706,ISA,14050000,2025-03-07,11200650,성수1가1동,전자기기·수리,20254,156049154,1626,-47.0,1130000,-40.19,Y,운전자금대출,400000,11200650_전자기기·수리
SUB04_003080,C04_0196,예금,26350000,2023-05-12,11320710,방학3동,미용·뷰티,20254,101305447,2939,-9.4,1000000,-2.74,Y,운전자금대출,200000,11320710_미용·뷰티
SUB04_003081,C04_1101,적금,4180000,2025-03-23,11260565,면목본동,식료품·편의소매,20254,28057683525,1982315,6.2,185720000,5.3,N,없음,0,11260565_식료품·편의소매
SUB04_003082,C04_1545,펀드,18490000,2022-06-14,11740540,명일2동,패션·잡화,20254,1080003841,11056,-22.66,18610000,-24.69,N,없음,0,11740540_패션·잡화
SUB04_003083,C04_1704,예금,48960000,2022-11-13,11380650,수색동,음식·음료,20254,2778723809,84826,14.22,27380000,-16.51,Y,소상공인신용대출,17100000,11380650_음식·음료
SUB04_003084,C04_0318,적금,5230000,2024-12-02,11545640,독산4동,미용·뷰티,20254,578705348,14305,10.95,4030000,2.06,N,없음,0,11545640_미용·뷰티
SUB04_003085,C04_0471,적금,3150000,2023-07-25,11545670,시흥1동,미용·뷰티,20254,1748736392,47166,7.55,2320000,8.75,N,없음,0,11545670_미용·뷰티
SUB04_003086,C04_1044,펀드,30570000,2023-06-24,11230610,답십리2동,패션·잡화,20254,293008745,6383,-32.87,1000000,-28.53,N,없음,0,11230610_패션·잡화
SUB04_003087,C04_1636,펀드,18580000,2025-11-29,11650621,방배4동,생활서비스,20254,266624485,8665,20.87,1710000,20.22,Y,소상공인신용대출,400000,11650621_생활서비스
SUB04_003088,C04_0606,예금,64180000,2022-04-12,11200720,송정동,음식·음료,20254,1509946746,65862,0.09,12280000,4.45,N,없음,0,11200720_음식·음료
SUB04_003089,C04_1943,적금,2850000,2024-12-30,11560670,신길5동,자동차·운송서비스,20254,1448550006,6560,12.74,13160000,11.6,Y,운전자금대출,4500000,11560670_자동차·운송서비스
SUB04_003090,C04_0723,ISA,13380000,2024-02-21,11260630,묵2동,전자기기·수리,20254,759479601,3422,-28.23,8270000,-12.03,Y,운전자금대출,2900000,11260630_전자기기·수리
SUB04_003091,C04_0179,펀드,23470000,2023-08-01,11260590,상봉2동,전자기기·수리,20254,510821,130,-91.75,1000000,-70.0,Y,운전자금대출,700000,11260590_전자기기·수리
SUB04_003092,C04_1227,예금,67630000,2023-07-25,11740620,천호3동,자동차·운송서비스,20254,613536836,3380,40.41,4220000,28.37,N,없음,0,11740620_자동차·운송서비스
SUB04_003093,C04_0424,예금,40600000,2025-03-28,11200645,옥수동,패션·잡화,20254,57879418,400,62.66,1000000,49.78,N,없음,0,11200645_패션·잡화
SUB04_003094,C04_0743,펀드,19220000,2024-03-27,11620765,미성동,생활서비스,20254,89246650,3687,77.21,1000000,73.87,N,없음,0,11620765_생활서비스
SUB04_003095,C04_1683,예금,81150000,2025-02-10,11320710,방학3동,전자기기·수리,20254,927944,35,-50.0,1000000,-52.83,Y,운전자금대출,400000,11320710_전자기기·수리
SUB04_003096,C04_1038,예금,34460000,2025-02-25,11320660,쌍문1동,여가·오락,20254,41374467,3438,-34.93,1000000,-17.77,Y,운전자금대출,400000,11320660_여가·오락
SUB04_003097,C04_1976,ISA,15330000,2025-08-31,11500611,발산1동,숙박,20254,328289544,6374,39.15,2240000,35.98,Y,소상공인신용대출,700000,11500611_숙박
SUB04_003098,C04_0842,적금,2250000,2025-01-08,11215750,중곡2동,식료품·편의소매,20254,6005866496,505131,1.53,41360000,0.34,Y,시설자금대출,16700000,11215750_식료품·편의소매
SUB04_003099,C04_0596,적금,3210000,2025-12-22,11305615,수유1동,패션·잡화,20254,6451853543,70650,78.44,27740000,63.37,N,없음,0,11305615_패션·잡화
SUB04_003100,C04_1900,펀드,18430000,2022-11-22,11470580,신월3동,가구·인테리어,20254,140588878,3124,4.82,1250000,-5.97,Y,소상공인신용대출,800000,11470580_가구·인테리어
SUB04_003101,C04_0394,적금,3000000,2023-08-21,11680565,청담동,여가·오락,20254,324138266,35546,-15.52,1770000,-16.19,Y,소상공인신용대출,700000,11680565_여가·오락
SUB04_003102,C04_0788,예금,53340000,2022-06-23,11710610,삼전동,여가·오락,20254,532716901,5435,-12.59,6570000,-15.32,Y,운전자금대출,2600000,11710610_여가·오락
SUB04_003103,C04_1949,예금,38250000,2022-12-10,11320515,창5동,음식·음료,20254,11147569618,588394,-6.1,218880000,-4.87,Y,소상공인신용대출,93800000,11320515_음식·음료
SUB04_003104,C04_1412,예금,62180000,2024-08-16,11650590,방배본동,여가·오락,20254,209015127,7137,8.15,1440000,2.48,N,없음,0,11650590_여가·오락
SUB04_003105,C04_1117,예금,20270000,2022-08-09,11290590,돈암2동,식료품·편의소매,20254,1347706991,125088,-5.5,9910000,-9.95,Y,운전자금대출,5400000,11290590_식료품·편의소매
SUB04_003106,C04_1957,적금,6350000,2025-04-19,11650610,방배2동,식료품·편의소매,20254,4676677586,331179,2.76,22110000,-13.02,N,없음,0,11650610_식료품·편의소매
SUB04_003107,C04_1858,ISA,11970000,2025-12-26,11680565,청담동,전자기기·수리,20254,204784749,1350,19.13,1390000,28.23,N,없음,0,11680565_전자기기·수리
SUB04_003108,C04_0297,예금,69930000,2023-05-05,11170560,원효로1동,숙박,20254,806538,21,-71.36,1000000,-52.02,Y,운전자금대출,600000,11170560_숙박
SUB04_003109,C04_1141,ISA,25980000,2024-04-06,11710531,거여1동,패션·잡화,20254,140851368,1036,8.18,1000000,23.5,N,없음,0,11710531_패션·잡화
SUB04_003110,C04_0198,ISA,17940000,2025-10-29,11440630,신수동,생활서비스,20254,23102100,4960,7.85,1000000,0.11,Y,소상공인신용대출,200000,11440630_생활서비스
SUB04_003111,C04_0374,적금,4080000,2022-06-18,11680670,개포2동,전자기기·수리,20254,64541594,2655,-6.04,1000000,-10.22,Y,시설자금대출,200000,11680670_전자기기·수리
SUB04_003112,C04_1337,펀드,18580000,2023-03-17,11620765,미성동,가구·인테리어,20254,1843099231,22793,18.3,9780000,11.16,Y,운전자금대출,4500000,11620765_가구·인테리어
SUB04_003113,C04_0639,예금,77420000,2023-09-21,11305660,인수동,가구·인테리어,20254,465047610,2230,107.02,6610000,100.0,N,없음,0,11305660_가구·인테리어
SUB04_003114,C04_1650,펀드,7730000,2025-12-28,11305603,번2동,전자기기·수리,20254,116578570,240,-73.29,1000000,-70.0,Y,운전자금대출,600000,11305603_전자기기·수리
SUB04_003115,C04_0925,펀드,21390000,2025-05-16,11470610,신월6동,미용·뷰티,20254,498758640,11793,0.91,2180000,-16.05,Y,시설자금대출,500000,11470610_미용·뷰티
SUB04_003116,C04_1582,ISA,13640000,2024-05-12,11410555,북아현동,미용·뷰티,20254,109477874,2969,-7.32,1000000,-5.68,N,없음,0,11410555_미용·뷰티
SUB04_003117,C04_0701,펀드,12810000,2022-03-20,11590670,신대방1동,음식·음료,20254,5094705197,226341,-4.71,34370000,-17.92,N,없음,0,11590670_음식·음료
SUB04_003118,C04_1503,ISA,34010000,2024-11-24,11470630,신정2동,여가·오락,20254,94642941,2226,-6.56,1000000,-16.36,Y,운전자금대출,200000,11470630_여가·오락
SUB04_003119,C04_0806,적금,3060000,2022-04-24,11305625,수유2동,음식·음료,20254,7016865413,199562,3.92,23190000,8.96,N,없음,0,11305625_음식·음료
SUB04_003120,C04_1217,적금,1980000,2022-03-08,11170640,이촌2동,가구·인테리어,20254,43386481,256,-2.93,1000000,25.34,N,없음,0,11170640_가구·인테리어
SUB04_003121,C04_1477,ISA,10940000,2025-12-28,11230730,휘경2동,문화·취미·반려,20254,704220482,3811,357.09,7130000,100.0,Y,운전자금대출,3300000,11230730_문화·취미·반려
SUB04_003122,C04_0051,펀드,9880000,2024-08-25,11140670,황학동,가구·인테리어,20254,6152389304,22334,-11.66,35660000,1.03,Y,시설자금대출,11000000,11140670_가구·인테리어
SUB04_003123,C04_0588,펀드,22450000,2023-10-10,11740640,성내1동,미용·뷰티,20254,213510099,4776,-40.42,1000000,-29.3,N,없음,0,11740640_미용·뷰티
SUB04_003124,C04_0856,적금,4420000,2025-01-15,11560680,신길6동,자동차·운송서비스,20254,951733504,6888,13.76,12560000,12.99,N,없음,0,11560680_자동차·운송서비스
SUB04_003125,C04_0840,적금,920000,2024-03-05,11590510,노량진1동,가구·인테리어,20254,865105529,24752,2.18,7580000,-7.8,N,없음,0,11590510_가구·인테리어
SUB04_003126,C04_1638,적금,5140000,2023-05-01,11680640,역삼1동,문화·취미·반려,20254,10818934582,427621,21.54,139420000,20.15,Y,소상공인신용대출,90500000,11680640_문화·취미·반려
SUB04_003127,C04_1403,ISA,8680000,2025-03-02,11350720,상계10동,패션·잡화,20254,171207988,4319,-6.02,1780000,2.81,Y,운전자금대출,500000,11350720_패션·잡화
SUB04_003128,C04_1236,적금,2440000,2025-07-13,11350640,상계2동,음식·음료,20254,41036934962,1641337,6.25,290660000,12.74,Y,소상공인신용대출,128000000,11350640_음식·음료
SUB04_003129,C04_1014,ISA,10660000,2024-12-22,11380510,녹번동,음식·음료,20254,17102234332,495581,-4.49,126570000,-0.56,Y,운전자금대출,68100000,11380510_음식·음료
SUB04_003130,C04_0222,적금,10000000,2022-09-03,11680740,일원2동,문화·취미·반려,20254,66364821,4012,36.65,1000000,32.36,Y,운전자금대출,500000,11680740_문화·취미·반려
SUB04_003131,C04_1932,적금,3340000,2023-03-10,11260565,면목본동,자동차·운송서비스,20254,163977673,973,31.05,1000000,34.75,N,없음,0,11260565_자동차·운송서비스
SUB04_003132,C04_1613,ISA,26110000,2024-09-06,11650530,서초3동,미용·뷰티,20254,13898850095,41990,162.49,199210000,100.0,Y,운전자금대출,106000000,11650530_미용·뷰티
SUB04_003133,C04_1311,적금,1930000,2024-07-04,11215860,구의2동,여가·오락,20254,474181434,26049,-32.24,9020000,-35.11,Y,소상공인신용대출,6700000,11215860_여가·오락
SUB04_003134,C04_0579,예금,48410000,2025-12-15,11590550,상도3동,식료품·편의소매,20254,15499323966,1008375,3.95,91690000,-3.84,Y,소상공인신용대출,59400000,11590550_식료품·편의소매
SUB04_003135,C04_0641,예금,15170000,2023-05-15,11215820,자양1동,미용·뷰티,20254,1070407506,26189,-1.19,8030000,16.43,N,없음,0,11215820_미용·뷰티
SUB04_003136,C04_0461,예금,9610000,2022-12-17,11290715,월곡1동,미용·뷰티,20254,380492358,7842,-5.9,4260000,0.4,N,없음,0,11290715_미용·뷰티
SUB04_003137,C04_0095,예금,21270000,2023-06-05,11710520,풍납2동,문화·취미·반려,20254,33635331,1249,59.69,1000000,62.08,Y,시설자금대출,400000,11710520_문화·취미·반려
SUB04_003138,C04_1274,예금,12840000,2024-02-19,11650540,잠원동,식료품·편의소매,20254,7748805651,705489,-9.47,102660000,-9.1,N,없음,0,11650540_식료품·편의소매
SUB04_003139,C04_1175,예금,60350000,2024-04-17,11320660,쌍문1동,음식·음료,20254,2552230094,217952,-0.83,14330000,40.62,Y,소상공인신용대출,2600000,11320660_음식·음료
SUB04_003140,C04_1676,적금,4910000,2025-04-28,11290600,안암동,미용·뷰티,20254,724000485,26630,13.26,2860000,23.83,N,없음,0,11290600_미용·뷰티
SUB04_003141,C04_0394,적금,2490000,2022-12-20,11680565,청담동,여가·오락,20254,324138266,35546,-15.52,1770000,-16.19,Y,소상공인신용대출,700000,11680565_여가·오락
SUB04_003142,C04_0404,예금,33540000,2024-10-13,11560620,양평2동,패션·잡화,20254,2754192262,5073,73.49,8070000,70.43,N,없음,0,11560620_패션·잡화
SUB04_003143,C04_0386,ISA,22040000,2024-08-21,11440610,염리동,여가·오락,20254,226181601,3222,25.51,1000000,35.42,Y,운전자금대출,200000,11440610_여가·오락
SUB04_003144,C04_1825,예금,23530000,2024-06-14,11140615,신당동,숙박,20254,52029398,1074,-15.9,1000000,-53.23,Y,시설자금대출,700000,11140615_숙박
SUB04_003145,C04_1371,예금,21320000,2024-04-23,11560660,신길4동,음식·음료,20254,1572648715,81651,0.14,16770000,-5.51,N,없음,0,11560660_음식·음료
SUB04_003146,C04_1077,펀드,22160000,2025-02-23,11305545,송중동,음식·음료,20254,22018159025,783249,4.2,97490000,-13.12,N,없음,0,11305545_음식·음료
SUB04_003147,C04_1766,적금,4670000,2024-08-08,11710566,오륜동,문화·취미·반려,20254,1895105336,28420,35.09,33020000,61.99,Y,시설자금대출,16900000,11710566_문화·취미·반려
SUB04_003148,C04_0985,펀드,9450000,2023-05-28,11650652,양재2동,가구·인테리어,20254,1397199916,25007,19.62,10770000,48.23,Y,운전자금대출,3300000,11650652_가구·인테리어
SUB04_003149,C04_1104,펀드,6330000,2024-01-25,11380570,대조동,음식·음료,20254,20784199992,1196782,3.98,116020000,1.34,Y,소상공인신용대출,24300000,11380570_음식·음료
SUB04_003150,C04_0625,ISA,7990000,2025-10-30,11620775,난곡동,전자기기·수리,20254,190946370,15657,-9.89,1000000,6.28,N,없음,0,11620775_전자기기·수리
SUB04_003151,C04_1851,펀드,12240000,2025-02-09,11500620,공항동,문화·취미·반려,20254,206061352,9978,7.13,2130000,5.36,Y,운전자금대출,700000,11500620_문화·취미·반려
SUB04_003152,C04_0438,ISA,20840000,2025-02-01,11290630,정릉2동,패션·잡화,20254,298658069,6816,18.56,1460000,0.37,N,없음,0,11290630_패션·잡화
SUB04_003153,C04_1081,ISA,18400000,2024-04-17,11710550,마천2동,식료품·편의소매,20254,12888395931,702719,25.6,114200000,18.81,Y,운전자금대출,68100000,11710550_식료품·편의소매
SUB04_003154,C04_1443,펀드,4830000,2024-07-07,11560540,여의동,패션·잡화,20254,10856853291,112574,2.54,54480000,-17.83,Y,시설자금대출,31000000,11560540_패션·잡화
SUB04_003155,C04_1805,적금,3980000,2024-04-27,11380552,갈현2동,여가·오락,20254,854907087,146994,-11.03,7910000,-42.83,Y,소상공인신용대출,6000000,11380552_여가·오락
SUB04_003156,C04_0481,적금,4120000,2025-10-20,11470670,신정6동,미용·뷰티,20254,83357207,1320,8.04,1290000,19.78,Y,소상공인신용대출,200000,11470670_미용·뷰티
SUB04_003157,C04_0217,적금,4250000,2025-05-27,11320680,쌍문3동,여가·오락,20254,247489169,4418,-10.25,2360000,-3.47,Y,운전자금대출,400000,11320680_여가·오락
SUB04_003158,C04_1156,펀드,38810000,2025-03-19,11650652,양재2동,가구·인테리어,20254,1397199916,25007,19.62,6030000,7.62,N,없음,0,11650652_가구·인테리어
SUB04_003159,C04_0632,ISA,12200000,2025-11-09,11380520,불광1동,생활서비스,20254,74566525,3379,41.07,1200000,19.77,Y,운전자금대출,200000,11380520_생활서비스
SUB04_003160,C04_0520,적금,6730000,2024-02-21,11200615,금호2·3가동,미용·뷰티,20254,619629600,21316,-1.92,6770000,6.87,N,없음,0,11200615_미용·뷰티
SUB04_003161,C04_1928,펀드,16480000,2025-02-26,11380580,응암1동,음식·음료,20254,13729937287,517905,-1.22,64270000,-11.48,N,없음,0,11380580_음식·음료
SUB04_003162,C04_1817,적금,3580000,2024-05-09,11740550,고덕1동,문화·취미·반려,20254,17785879,4536,-5.07,1000000,-1.31,N,없음,0,11740550_문화·취미·반려
SUB04_003163,C04_0866,적금,3760000,2022-12-30,11290810,석관동,식료품·편의소매,20254,7333218517,653463,4.77,26730000,2.64,Y,운전자금대출,10500000,11290810_식료품·편의소매
SUB04_003164,C04_0578,펀드,15420000,2024-03-10,11230740,이문1동,식료품·편의소매,20254,7525245424,924100,7.72,107350000,4.52,N,없음,0,11230740_식료품·편의소매
SUB04_003165,C04_1748,예금,79640000,2023-12-15,11620630,남현동,생활서비스,20254,90065659,4547,41.0,1000000,34.0,Y,운전자금대출,200000,11620630_생활서비스
SUB04_003166,C04_0192,펀드,6320000,2025-12-26,11215860,구의2동,생활서비스,20254,2860973057,17767,-3.09,5010000,-20.57,N,없음,0,11215860_생활서비스
SUB04_003167,C04_1865,ISA,11560000,2023-01-23,11140625,다산동,여가·오락,20254,573815142,19242,36.86,6630000,13.49,Y,운전자금대출,2200000,11140625_여가·오락
SUB04_003168,C04_1580,ISA,12280000,2025-03-12,11650621,방배4동,자동차·운송서비스,20254,1936857926,14928,7.25,10990000,-25.08,Y,시설자금대출,2900000,11650621_자동차·운송서비스
SUB04_003169,C04_1068,펀드,9740000,2023-05-02,11215850,구의1동,가구·인테리어,20254,18154391151,124850,88.6,130220000,79.91,Y,소상공인신용대출,41700000,11215850_가구·인테리어
SUB04_003170,C04_0707,펀드,33950000,2023-06-25,11500604,가양2동,패션·잡화,20254,202771911,2096,28.17,1750000,4.98,N,없음,0,11500604_패션·잡화
SUB04_003171,C04_0246,펀드,28250000,2025-07-13,11320670,쌍문2동,식료품·편의소매,20254,3073181962,239237,-4.38,18690000,4.07,Y,시설자금대출,8500000,11320670_식료품·편의소매
SUB04_003172,C04_1352,예금,58420000,2024-08-12,11620585,낙성대동,문화·취미·반려,20254,64313011,169,-8.34,1480000,-19.71,N,없음,0,11620585_문화·취미·반려
SUB04_003173,C04_1729,펀드,12110000,2023-02-12,11620665,서림동,가구·인테리어,20254,66262124,2184,-13.13,1000000,-8.8,N,없음,0,11620665_가구·인테리어
SUB04_003174,C04_0121,ISA,23020000,2024-02-09,11230545,제기동,식료품·편의소매,20254,923851786755,35721166,-0.94,2663280000,-11.8,Y,운전자금대출,852200000,11230545_식료품·편의소매
SUB04_003175,C04_0245,예금,68520000,2022-03-17,11215860,구의2동,식료품·편의소매,20254,6205027646,468956,0.51,31950000,-0.23,Y,운전자금대출,10900000,11215860_식료품·편의소매
SUB04_003176,C04_1193,예금,34920000,2022-04-16,11410565,충현동,가구·인테리어,20254,134244606,7983,-0.82,1000000,4.65,N,없음,0,11410565_가구·인테리어
SUB04_003177,C04_0527,예금,30070000,2025-12-29,11170510,후암동,식료품·편의소매,20254,8077629287,635828,3.98,30190000,6.88,N,없음,0,11170510_식료품·편의소매
SUB04_003178,C04_1890,펀드,21820000,2022-11-05,11590640,사당3동,음식·음료,20254,4789645071,190992,2.07,31210000,-15.52,Y,소상공인신용대출,10100000,11590640_음식·음료
SUB04_003179,C04_0687,예금,45280000,2025-06-01,11620685,신사동,패션·잡화,20254,486561652,11501,26.1,2650000,34.73,Y,시설자금대출,1400000,11620685_패션·잡화
SUB04_003180,C04_0362,적금,2250000,2024-11-01,11590520,노량진2동,패션·잡화,20254,56429092,515,16.18,1000000,8.09,Y,운전자금대출,300000,11590520_패션·잡화
SUB04_003181,C04_1618,ISA,7720000,2025-06-08,11170640,이촌2동,가구·인테리어,20254,43386481,256,-2.93,1000000,-6.47,N,없음,0,11170640_가구·인테리어
SUB04_003182,C04_0828,적금,2950000,2022-04-13,11260580,상봉1동,생활서비스,20254,294983953,17011,52.38,1000000,34.65,N,없음,0,11260580_생활서비스
SUB04_003183,C04_0639,펀드,26670000,2023-01-23,11305660,인수동,가구·인테리어,20254,465047610,2230,107.02,6610000,100.0,N,없음,0,11305660_가구·인테리어
SUB04_003184,C04_1294,예금,37650000,2024-07-10,11710670,잠실2동,전자기기·수리,20254,1986405168,20752,-32.96,3620000,-29.46,N,없음,0,11710670_전자기기·수리
SUB04_003185,C04_1437,예금,38290000,2024-02-15,11230560,전농1동,식료품·편의소매,20254,23591219748,1530519,-1.24,108310000,17.33,Y,운전자금대출,64800000,11230560_식료품·편의소매
SUB04_003186,C04_0376,예금,68540000,2023-09-05,11440655,서강동,식료품·편의소매,20254,5696058392,1078503,2.18,48860000,22.43,N,없음,0,11440655_식료품·편의소매
SUB04_003187,C04_0659,예금,40160000,2024-07-17,11740515,강일동,음식·음료,20254,5110290808,330887,-6.34,64180000,17.93,Y,운전자금대출,31000000,11740515_음식·음료
SUB04_003188,C04_0698,ISA,33310000,2025-03-02,11200580,응봉동,패션·잡화,20254,7810290,96,35.28,1000000,33.25,N,없음,0,11200580_패션·잡화
SUB04_003189,C04_0395,ISA,15480000,2025-09-23,11530760,개봉3동,미용·뷰티,20254,537154323,16567,-11.44,5990000,-38.55,Y,시설자금대출,4800000,11530760_미용·뷰티
SUB04_003190,C04_0520,펀드,30160000,2025-08-16,11200615,금호2·3가동,미용·뷰티,20254,619629600,21316,-1.92,6770000,6.87,N,없음,0,11200615_미용·뷰티
SUB04_003191,C04_1720,펀드,10460000,2025-02-07,11230730,휘경2동,여가·오락,20254,24196039,763,2.37,1000000,-13.03,N,없음,0,11230730_여가·오락
SUB04_003192,C04_0168,펀드,8870000,2022-05-09,11410585,신촌동,전자기기·수리,20254,79093890,2531,-68.13,1000000,-70.0,N,없음,0,11410585_전자기기·수리
SUB04_003193,C04_1236,적금,2850000,2024-02-11,11350640,상계2동,음식·음료,20254,41036934962,1641337,6.25,290660000,12.74,Y,소상공인신용대출,128000000,11350640_음식·음료
SUB04_003194,C04_1199,ISA,12780000,2024-02-23,11530720,고척1동,미용·뷰티,20254,544893438,12508,-23.95,7290000,-20.3,Y,운전자금대출,4900000,11530720_미용·뷰티
SUB04_003195,C04_0083,펀드,14420000,2024-12-22,11410690,남가좌1동,여가·오락,20254,123263890,4981,-5.63,1060000,11.45,N,없음,0,11410690_여가·오락
SUB04_003196,C04_0511,예금,35740000,2024-02-27,11560585,도림동,미용·뷰티,20254,723635955,10276,-20.18,2190000,-22.85,Y,운전자금대출,1300000,11560585_미용·뷰티
SUB04_003197,C04_0480,ISA,6140000,2024-11-19,11440600,대흥동,패션·잡화,20254,189296778,2320,44.21,4580000,39.15,Y,시설자금대출,2500000,11440600_패션·잡화
SUB04_003198,C04_1476,ISA,11260000,2025-06-15,11740590,암사3동,생활서비스,20254,89585395,6017,42.22,1000000,41.77,N,없음,0,11740590_생활서비스
SUB04_003199,C04_0944,ISA,13860000,2025-09-30,11170590,용문동,전자기기·수리,20254,1238477633,3767,0.49,5430000,16.72,N,없음,0,11170590_전자기기·수리
SUB04_003200,C04_1583,적금,5920000,2023-10-04,11230740,이문1동,가구·인테리어,20254,11178528,118,672.36,1000000,100.0,Y,운전자금대출,200000,11230740_가구·인테리어
SUB04_003201,C04_0953,예금,32150000,2024-12-18,11215830,자양2동,가구·인테리어,20254,1275322865,30705,96.6,3840000,100.0,N,없음,0,11215830_가구·인테리어
SUB04_003202,C04_1423,예금,36650000,2024-08-31,11200720,송정동,미용·뷰티,20254,115348974,4278,-7.02,1000000,12.14,N,없음,0,11200720_미용·뷰티
SUB04_003203,C04_1833,펀드,8050000,2023-09-26,11200690,성수2가3동,여가·오락,20254,848373053,60004,-11.06,4010000,-16.17,N,없음,0,11200690_여가·오락
SUB04_003204,C04_1710,펀드,31940000,2025-01-14,11410720,북가좌2동,음식·음료,20254,11114289899,457741,3.96,177180000,8.54,Y,시설자금대출,53700000,11410720_음식·음료
SUB04_003205,C04_0574,적금,6440000,2023-01-23,11740515,강일동,여가·오락,20254,188122755,28347,-0.6,1100000,1.52,Y,소상공인신용대출,600000,11740515_여가·오락
SUB04_003206,C04_0601,예금,72250000,2023-05-11,11650520,서초2동,여가·오락,20254,502991830,6782,14.62,3710000,0.34,N,없음,0,11650520_여가·오락
SUB04_003207,C04_0403,적금,4610000,2024-01-16,11440730,성산2동,패션·잡화,20254,15820178672,326517,67.02,180700000,68.52,Y,소상공인신용대출,62900000,11440730_패션·잡화
SUB04_003208,C04_1974,ISA,30830000,2023-06-08,11350630,상계1동,패션·잡화,20254,894234041,11262,-5.42,14870000,-0.97,Y,소상공인신용대출,6600000,11350630_패션·잡화
SUB04_003209,C04_1306,펀드,22710000,2022-05-22,11200540,마장동,생활서비스,20254,116274110,12009,63.72,1110000,68.46,Y,시설자금대출,500000,11200540_생활서비스
SUB04_003210,C04_1807,적금,5350000,2025-04-01,11320660,쌍문1동,음식·음료,20254,2552230094,217952,-0.83,15720000,7.02,Y,운전자금대출,7700000,11320660_음식·음료
SUB04_003211,C04_1783,ISA,35090000,2025-06-27,11140590,광희동,가구·인테리어,20254,3556499897,19264,-42.67,36190000,-63.65,Y,운전자금대출,22900000,11140590_가구·인테리어
SUB04_003212,C04_1642,ISA,21120000,2022-07-10,11500615,우장산동,식료품·편의소매,20254,5134331313,598618,-1.27,54520000,-14.95,N,없음,0,11500615_식료품·편의소매
SUB04_003213,C04_1761,예금,40260000,2025-09-26,11680670,개포2동,미용·뷰티,20254,1047995699,27488,-7.86,6430000,-20.55,Y,소상공인신용대출,4100000,11680670_미용·뷰티
SUB04_003214,C04_0588,펀드,9830000,2022-01-13,11740640,성내1동,미용·뷰티,20254,213510099,4776,-40.42,1000000,-29.3,N,없음,0,11740640_미용·뷰티
SUB04_003215,C04_1541,펀드,43490000,2022-03-16,11260565,면목본동,생활서비스,20254,40060333,2683,56.95,1000000,44.85,Y,운전자금대출,600000,11260565_생활서비스
SUB04_003216,C04_1794,ISA,15110000,2025-09-25,11500520,등촌1동,자동차·운송서비스,20254,8406660685,37420,4.39,38660000,6.54,N,없음,0,11500520_자동차·운송서비스
SUB04_003217,C04_0820,예금,20480000,2024-07-23,11290580,돈암1동,패션·잡화,20254,18508390,72,6.71,1000000,2.76,N,없음,0,11290580_패션·잡화
SUB04_003218,C04_0831,펀드,12280000,2025-01-05,11470620,신정1동,미용·뷰티,20254,423306768,10015,-4.37,2630000,-17.04,N,없음,0,11470620_미용·뷰티
SUB04_003219,C04_1760,펀드,11760000,2025-01-01,11680521,논현1동,패션·잡화,20254,4511969480,26834,14.07,18480000,10.21,Y,시설자금대출,3300000,11680521_패션·잡화
SUB04_003220,C04_0529,예금,27680000,2022-06-30,11260600,중화1동,식료품·편의소매,20254,11063482713,625113,-29.55,40620000,-30.05,Y,운전자금대출,11200000,11260600_식료품·편의소매
SUB04_003221,C04_0809,펀드,7750000,2023-04-20,11620585,낙성대동,식료품·편의소매,20254,2973178509,391279,1.69,23590000,-9.55,Y,시설자금대출,12200000,11620585_식료품·편의소매
SUB04_003222,C04_0136,예금,20940000,2024-10-29,11740590,암사3동,식료품·편의소매,20254,1952659967,176007,-0.58,18280000,8.79,Y,운전자금대출,9000000,11740590_식료품·편의소매
SUB04_003223,C04_0191,펀드,17930000,2025-03-19,11305534,삼양동,문화·취미·반려,20254,36052427,2079,9.12,1000000,5.96,Y,시설자금대출,300000,11305534_문화·취미·반려
SUB04_003224,C04_0716,예금,28930000,2022-11-22,11500641,방화3동,문화·취미·반려,20254,40456323,2096,-7.54,1000000,-5.9,N,없음,0,11500641_문화·취미·반려
SUB04_003225,C04_1176,적금,3850000,2024-08-28,11740570,암사1동,미용·뷰티,20254,1376956109,31103,-8.92,41050000,-5.5,N,없음,0,11740570_미용·뷰티
SUB04_003226,C04_0120,펀드,17320000,2024-04-02,11440600,대흥동,미용·뷰티,20254,1578120704,17821,-3.99,4930000,-17.93,N,없음,0,11440600_미용·뷰티
SUB04_003227,C04_0853,ISA,45540000,2023-03-09,11290555,삼선동,음식·음료,20254,16670973186,594863,2.53,97320000,-1.07,N,없음,0,11290555_음식·음료
SUB04_003228,C04_1254,적금,2930000,2024-02-02,11140605,을지로동,숙박,20254,172925314,1764,25.5,1230000,44.98,N,없음,0,11140605_숙박
SUB04_003229,C04_1713,ISA,15820000,2024-04-17,11260660,망우3동,음식·음료,20254,6060254073,211898,4.32,52420000,-8.82,Y,운전자금대출,12400000,11260660_음식·음료
SUB04_003230,C04_1550,ISA,19050000,2023-04-07,11320512,창2동,여가·오락,20254,170771988,6422,29.58,1160000,39.29,N,없음,0,11320512_여가·오락
SUB04_003231,C04_1877,ISA,20370000,2023-01-19,11470620,신정1동,패션·잡화,20254,1072329068,10998,13.41,10810000,-0.26,Y,운전자금대출,4500000,11470620_패션·잡화
SUB04_003232,C04_0214,적금,2250000,2024-03-10,11260540,면목4동,여가·오락,20254,246693585,7862,16.36,1000000,4.52,N,없음,0,11260540_여가·오락
SUB04_003233,C04_0358,적금,7770000,2023-08-03,11260575,면목3·8동,자동차·운송서비스,20254,123046266,561,6.55,1000000,17.47,Y,시설자금대출,300000,11260575_자동차·운송서비스
SUB04_003234,C04_1875,ISA,27840000,2024-06-22,11620695,신림동,미용·뷰티,20254,1492932688,26888,-15.74,18380000,-27.77,Y,시설자금대출,13700000,11620695_미용·뷰티
SUB04_003235,C04_1408,ISA,13370000,2022-03-08,11560670,신길5동,자동차·운송서비스,20254,1448550006,6560,12.74,8030000,23.25,Y,운전자금대출,4700000,11560670_자동차·운송서비스
SUB04_003236,C04_1723,적금,6060000,2022-06-29,11680610,대치2동,문화·취미·반려,20254,1618775172,55455,-7.42,3820000,-14.54,Y,소상공인신용대출,1500000,11680610_문화·취미·반려
SUB04_003237,C04_0470,예금,31260000,2022-12-03,11560540,여의동,자동차·운송서비스,20254,184854217,918,43.13,1000000,35.31,Y,운전자금대출,500000,11560540_자동차·운송서비스
SUB04_003238,C04_1526,적금,4190000,2025-11-10,11500550,화곡2동,음식·음료,20254,953137200,46880,-11.27,9790000,-20.09,Y,운전자금대출,2900000,11500550_음식·음료
SUB04_003239,C04_0650,적금,1930000,2024-04-17,11560680,신길6동,여가·오락,20254,336342038,5571,33.6,11260000,47.9,N,없음,0,11560680_여가·오락
SUB04_003240,C04_0290,예금,40840000,2023-02-26,11260570,면목7동,전자기기·수리,20254,20343430,204,-79.43,1000000,-70.0,Y,소상공인신용대출,500000,11260570_전자기기·수리
SUB04_003241,C04_0300,ISA,12120000,2024-11-19,11320522,도봉2동,자동차·운송서비스,20254,641227613,4527,-14.58,2730000,-47.57,Y,운전자금대출,2000000,11320522_자동차·운송서비스
SUB04_003242,C04_0963,예금,26950000,2022-02-12,11710641,문정1동,생활서비스,20254,75049155,3240,55.6,1000000,46.53,Y,운전자금대출,200000,11710641_생활서비스
SUB04_003243,C04_1652,펀드,10620000,2025-08-21,11140580,장충동,생활서비스,20254,7938735,239,17.56,1000000,50.34,Y,시설자금대출,300000,11140580_생활서비스
SUB04_003244,C04_0850,적금,3680000,2025-05-12,11650510,서초1동,가구·인테리어,20254,653091844,7172,-52.76,6340000,-53.51,Y,운전자금대출,3200000,11650510_가구·인테리어
SUB04_003245,C04_0795,적금,3430000,2022-09-14,11680660,개포1동,미용·뷰티,20254,35071302,1245,14.97,1000000,24.08,N,없음,0,11680660_미용·뷰티
SUB04_003246,C04_1127,예금,69350000,2022-09-06,11260620,묵1동,음식·음료,20254,12140474777,521139,2.38,128330000,-11.84,Y,운전자금대출,70500000,11260620_음식·음료
SUB04_003247,C04_1615,적금,4640000,2022-06-20,11140550,명동,여가·오락,20254,356786825,16887,-6.22,4090000,3.39,N,없음,0,11140550_여가·오락
SUB04_003248,C04_0392,ISA,15660000,2025-03-25,11410655,홍제2동,가구·인테리어,20254,20295518,1413,-21.97,1000000,-34.21,N,없음,0,11410655_가구·인테리어
SUB04_003249,C04_0383,예금,17040000,2025-01-09,11140680,중림동,생활서비스,20254,55714956,4799,37.07,1000000,26.07,N,없음,0,11140680_생활서비스
SUB04_003250,C04_1220,펀드,15110000,2025-02-15,11620665,서림동,문화·취미·반려,20254,67794967,1312,-34.87,1000000,-30.08,N,없음,0,11620665_문화·취미·반려
SUB04_003251,C04_0225,펀드,14290000,2025-08-21,11530760,개봉3동,여가·오락,20254,467600679,52635,1.68,5480000,-8.18,Y,운전자금대출,1700000,11530760_여가·오락
SUB04_003252,C04_0835,적금,2090000,2025-04-25,11710532,거여2동,문화·취미·반려,20254,116017537,3581,-56.99,1000000,-65.97,Y,소상공인신용대출,700000,11710532_문화·취미·반려
SUB04_003253,C04_0907,펀드,8310000,2025-07-20,11620685,신사동,문화·취미·반려,20254,11972019,302,0.54,1000000,-14.0,N,없음,0,11620685_문화·취미·반려
SUB04_003254,C04_0620,펀드,8750000,2024-07-16,11380551,갈현1동,음식·음료,20254,19831088376,655873,13.18,36800000,0.9,N,없음,0,11380551_음식·음료
SUB04_003255,C04_0665,ISA,5630000,2025-03-14,11680510,신사동,문화·취미·반려,20254,12252894698,54533,254.39,52280000,100.0,N,없음,0,11680510_문화·취미·반려
SUB04_003256,C04_0120,펀드,9840000,2025-02-11,11440600,대흥동,미용·뷰티,20254,1578120704,17821,-3.99,4930000,-17.93,N,없음,0,11440600_미용·뷰티
SUB04_003257,C04_1925,펀드,13050000,2024-12-31,11350700,상계8동,식료품·편의소매,20254,574376208,65189,2.31,4880000,-15.3,Y,소상공인신용대출,2700000,11350700_식료품·편의소매
SUB04_003258,C04_1732,예금,24110000,2023-07-11,11260610,중화2동,숙박,20254,70027867,3867,13.4,1000000,26.35,N,없음,0,11260610_숙박
SUB04_003259,C04_0375,예금,33490000,2022-06-27,11260590,상봉2동,생활서비스,20254,204809498,29040,23.3,1750000,32.47,Y,운전자금대출,500000,11260590_생활서비스
SUB04_003260,C04_0630,ISA,39670000,2024-05-26,11620615,중앙동,여가·오락,20254,323293328,4365,22.36,2600000,17.23,N,없음,0,11620615_여가·오락
SUB04_003261,C04_1887,예금,24280000,2025-12-18,11650550,반포본동,미용·뷰티,20254,40905967,286,0.85,1000000,-20.29,Y,운전자금대출,500000,11650550_미용·뷰티
SUB04_003262,C04_1845,예금,54490000,2024-09-25,11290770,장위2동,미용·뷰티,20254,197182686,6273,-18.64,1090000,-23.28,Y,운전자금대출,700000,11290770_미용·뷰티
SUB04_003263,C04_0727,펀드,15170000,2023-01-21,11530760,개봉3동,식료품·편의소매,20254,3798242727,242882,-18.8,19100000,-34.67,Y,시설자금대출,14700000,11530760_식료품·편의소매
SUB04_003264,C04_1531,ISA,33580000,2024-06-03,11500603,가양1동,가구·인테리어,20254,177108796,3688,1.81,1000000,-24.02,Y,운전자금대출,700000,11500603_가구·인테리어
SUB04_003265,C04_1949,펀드,13560000,2025-09-29,11320515,창5동,음식·음료,20254,11147569618,588394,-6.1,218880000,-4.87,Y,소상공인신용대출,93800000,11320515_음식·음료
SUB04_003266,C04_0183,예금,30040000,2024-02-08,11620575,행운동,여가·오락,20254,916073348,128372,-10.09,10880000,-7.22,N,없음,0,11620575_여가·오락
SUB04_003267,C04_1427,적금,4300000,2022-12-30,11200540,마장동,생활서비스,20254,116274110,12009,63.72,1000000,52.64,Y,운전자금대출,600000,11200540_생활서비스
SUB04_003268,C04_0078,예금,25390000,2024-03-22,11440555,아현동,가구·인테리어,20254,78403776,3960,-3.47,1000000,-1.06,N,없음,0,11440555_가구·인테리어
SUB04_003269,C04_0619,ISA,18330000,2024-01-26,11320670,쌍문2동,생활서비스,20254,15828794,700,-18.71,1000000,5.68,N,없음,0,11320670_생활서비스
SUB04_003270,C04_0222,펀드,12050000,2024-01-17,11680740,일원2동,문화·취미·반려,20254,66364821,4012,36.65,1000000,32.36,Y,운전자금대출,500000,11680740_문화·취미·반려
SUB04_003271,C04_0342,펀드,14710000,2022-04-26,11470680,신정7동,자동차·운송서비스,20254,286475696,2425,-47.02,1000000,-59.13,Y,소상공인신용대출,800000,11470680_자동차·운송서비스
SUB04_003272,C04_0909,펀드,11950000,2024-07-14,11620615,중앙동,생활서비스,20254,53410571,6942,31.38,1000000,36.2,N,없음,0,11620615_생활서비스
SUB04_003273,C04_0214,펀드,3090000,2022-07-24,11260540,면목4동,여가·오락,20254,246693585,7862,16.36,1000000,4.52,N,없음,0,11260540_여가·오락
SUB04_003274,C04_0213,ISA,23090000,2024-08-25,11500630,방화1동,여가·오락,20254,296985342,5406,1.38,2520000,5.94,N,없음,0,11500630_여가·오락
SUB04_003275,C04_1962,예금,92960000,2022-04-20,11290600,안암동,전자기기·수리,20254,202485906,2125,21.4,1000000,39.35,Y,운전자금대출,300000,11290600_전자기기·수리
SUB04_003276,C04_1425,ISA,22690000,2025-07-13,11470620,신정1동,가구·인테리어,20254,290070229,8218,-21.66,2880000,-6.29,Y,운전자금대출,700000,11470620_가구·인테리어
SUB04_003277,C04_0527,예금,11970000,2025-06-27,11170510,후암동,식료품·편의소매,20254,8077629287,635828,3.98,30190000,6.88,N,없음,0,11170510_식료품·편의소매
SUB04_003278,C04_0484,예금,18180000,2023-09-22,11305660,인수동,미용·뷰티,20254,303814408,9965,-4.17,1710000,-23.15,Y,소상공인신용대출,1000000,11305660_미용·뷰티
SUB04_003279,C04_0176,예금,53370000,2022-12-03,11170630,이촌1동,문화·취미·반려,20254,64111445,2934,-5.52,1000000,-8.25,N,없음,0,11170630_문화·취미·반려
SUB04_003280,C04_0352,적금,6930000,2025-03-04,11500540,화곡1동,생활서비스,20254,160770263,8086,110.73,1000000,100.0,Y,소상공인신용대출,200000,11500540_생활서비스
SUB04_003281,C04_0034,예금,30140000,2024-12-17,11650600,방배1동,가구·인테리어,20254,200538325,5425,-17.5,1310000,-2.51,Y,운전자금대출,800000,11650600_가구·인테리어
SUB04_003282,C04_0353,적금,4660000,2025-04-09,11470530,목3동,여가·오락,20254,445907413,13234,12.08,5780000,21.37,Y,소상공인신용대출,2500000,11470530_여가·오락
SUB04_003283,C04_1174,ISA,20440000,2024-07-16,11410620,홍제1동,문화·취미·반려,20254,28146035,846,43.44,1000000,41.69,Y,운전자금대출,600000,11410620_문화·취미·반려
SUB04_003284,C04_0688,ISA,11780000,2025-11-21,11200590,금호1가동,패션·잡화,20254,674492201,9627,54.06,3990000,61.54,Y,운전자금대출,800000,11200590_패션·잡화
SUB04_003285,C04_0941,펀드,27090000,2023-05-21,11305534,삼양동,숙박,20254,9131232,233,-20.93,1000000,-33.5,N,없음,0,11305534_숙박
SUB04_003286,C04_0476,적금,4450000,2022-12-08,11500640,방화2동,숙박,20254,124355368,1764,0.24,1000000,1.01,Y,운전자금대출,500000,11500640_숙박
SUB04_003287,C04_0436,적금,2040000,2023-08-23,11380625,역촌동,전자기기·수리,20254,1401409,216,-74.21,1000000,-70.0,Y,운전자금대출,700000,11380625_전자기기·수리
SUB04_003288,C04_0761,예금,15770000,2025-10-19,11410700,남가좌2동,가구·인테리어,20254,166677703,9383,0.09,1000000,7.68,Y,운전자금대출,300000,11410700_가구·인테리어
SUB04_003289,C04_1778,적금,3980000,2024-11-02,11410690,남가좌1동,미용·뷰티,20254,76774461,2194,-7.29,1000000,-9.55,Y,운전자금대출,300000,11410690_미용·뷰티
SUB04_003290,C04_1625,예금,40900000,2022-06-17,11650581,반포4동,숙박,20254,31195756,484,-54.13,1000000,-35.58,Y,소상공인신용대출,500000,11650581_숙박
SUB04_003291,C04_1533,적금,3120000,2024-08-13,11560540,여의동,음식·음료,20254,214182407349,6343600,2.03,2841580000,-3.97,N,없음,0,11560540_음식·음료
SUB04_003292,C04_0906,ISA,20520000,2025-03-02,11140635,약수동,전자기기·수리,20254,281029565,8881,-74.23,1350000,-70.0,N,없음,0,11140635_전자기기·수리
SUB04_003293,C04_0024,펀드,9850000,2025-05-19,11560515,영등포본동,숙박,20254,13779556,266,12.5,1000000,20.19,N,없음,0,11560515_숙박
SUB04_003294,C04_1987,펀드,5770000,2025-06-20,11530540,구로3동,음식·음료,20254,66241757504,3715110,-1.22,111860000,-23.08,N,없음,0,11530540_음식·음료
SUB04_003295,C04_1425,적금,2780000,2022-11-08,11470620,신정1동,가구·인테리어,20254,290070229,8218,-21.66,2880000,-6.29,Y,운전자금대출,700000,11470620_가구·인테리어
SUB04_003296,C04_1098,펀드,6690000,2022-12-25,11545630,독산3동,생활서비스,20254,14950525,432,85.08,1000000,87.26,N,없음,0,11545630_생활서비스
SUB04_003297,C04_0720,예금,12850000,2022-11-06,11650652,양재2동,식료품·편의소매,20254,32376878504,2658555,-0.08,162250000,-14.63,N,없음,0,11650652_식료품·편의소매
SUB04_003298,C04_1996,예금,24530000,2022-01-20,11140570,필동,미용·뷰티,20254,248816680,7246,-11.42,1980000,-8.37,Y,운전자금대출,1100000,11140570_미용·뷰티
SUB04_003299,C04_1795,적금,3260000,2022-01-12,11260565,면목본동,가구·인테리어,20254,542859760,15764,5.15,1500000,39.44,Y,시설자금대출,800000,11260565_가구·인테리어
SUB04_003300,C04_1235,예금,49870000,2023-08-22,11620765,미성동,자동차·운송서비스,20254,1226998011,4772,0.7,7500000,-23.17,N,없음,0,11620765_자동차·운송서비스
SUB04_003301,C04_1221,ISA,15680000,2025-12-19,11650550,반포본동,문화·취미·반려,20254,251973518,10024,45.94,1310000,41.53,Y,운전자금대출,700000,11650550_문화·취미·반려
SUB04_003302,C04_1282,적금,1950000,2024-03-15,11290705,종암동,식료품·편의소매,20254,7925681059,411786,18.93,51820000,11.4,N,없음,0,11290705_식료품·편의소매
SUB04_003303,C04_0492,펀드,7640000,2025-04-15,11260690,신내2동,여가·오락,20254,21725156,1637,13.78,1000000,11.05,N,없음,0,11260690_여가·오락
SUB04_003304,C04_1959,예금,70260000,2024-01-11,11650570,반포2동,문화·취미·반려,20254,82586029,10928,8.95,1000000,22.42,Y,운전자금대출,600000,11650570_문화·취미·반려
SUB04_003305,C04_1706,펀드,9780000,2022-06-25,11710532,거여2동,식료품·편의소매,20254,1776547109,191650,-0.42,9270000,6.28,N,없음,0,11710532_식료품·편의소매
SUB04_003306,C04_0220,적금,4980000,2024-03-25,11170570,원효로2동,음식·음료,20254,2764234807,140636,17.05,15650000,5.28,Y,소상공인신용대출,9600000,11170570_음식·음료
SUB04_003307,C04_0472,예금,32360000,2023-12-14,11140625,다산동,패션·잡화,20254,10185723639,41638,111.77,34560000,100.0,Y,소상공인신용대출,16800000,11140625_패션·잡화
SUB04_003308,C04_1865,적금,2700000,2022-12-01,11140625,다산동,여가·오락,20254,573815142,19242,36.86,6630000,13.49,Y,운전자금대출,2200000,11140625_여가·오락
SUB04_003309,C04_1305,펀드,11330000,2022-10-16,11200535,왕십리도선동,숙박,20254,431091386,10325,52.9,1590000,39.91,Y,운전자금대출,700000,11200535_숙박
SUB04_003310,C04_0732,ISA,17520000,2022-07-10,11620725,조원동,문화·취미·반려,20254,463458128,2032,1285.12,1200000,100.0,Y,운전자금대출,700000,11620725_문화·취미·반려
SUB04_003311,C04_0969,예금,50690000,2025-12-17,11710550,마천2동,식료품·편의소매,20254,12888395931,702719,25.6,209850000,28.1,Y,시설자금대출,32900000,11710550_식료품·편의소매
SUB04_003312,C04_1202,예금,27150000,2023-01-25,11680750,수서동,여가·오락,20254,155029262,10203,13.47,1000000,12.34,N,없음,0,11680750_여가·오락
SUB04_003313,C04_0281,적금,6880000,2022-12-27,11500530,등촌2동,가구·인테리어,20254,3750634,172,49.47,1000000,33.27,N,없음,0,11500530_가구·인테리어
SUB04_003314,C04_0504,ISA,6140000,2025-04-02,11560630,신길1동,여가·오락,20254,623685782,78041,-20.63,4460000,-39.17,N,없음,0,11560630_여가·오락
SUB04_003315,C04_1653,ISA,10670000,2025-07-22,11500604,가양2동,생활서비스,20254,31477256,1664,76.71,1000000,83.8,N,없음,0,11500604_생활서비스
SUB04_003316,C04_0722,펀드,13540000,2024-03-01,11560540,여의동,식료품·편의소매,20254,30004022247,3005665,-7.21,187040000,24.31,N,없음,0,11560540_식료품·편의소매
SUB04_003317,C04_1016,펀드,14900000,2022-03-30,11305608,번3동,음식·음료,20254,3252122880,149994,-1.75,22290000,-6.04,N,없음,0,11305608_음식·음료
SUB04_003318,C04_1159,적금,2170000,2024-04-17,11620625,인헌동,자동차·운송서비스,20254,14627361,236,14.88,1000000,13.82,N,없음,0,11620625_자동차·운송서비스
SUB04_003319,C04_0092,적금,1840000,2024-03-16,11305575,삼각산동,패션·잡화,20254,186234728,2035,8.75,1340000,0.69,N,없음,0,11305575_패션·잡화
SUB04_003320,C04_1866,예금,19910000,2023-10-24,11230650,장안1동,자동차·운송서비스,20254,6754014389,20933,-27.94,77610000,-40.99,Y,소상공인신용대출,53700000,11230650_자동차·운송서비스
SUB04_003321,C04_1298,예금,46350000,2023-06-06,11650540,잠원동,문화·취미·반려,20254,534734408,17036,-16.67,4690000,-24.72,N,없음,0,11650540_문화·취미·반려
SUB04_003322,C04_0575,예금,36720000,2024-12-09,11500615,우장산동,미용·뷰티,20254,639203648,11026,19.09,6840000,23.31,N,없음,0,11500615_미용·뷰티
SUB04_003323,C04_0820,펀드,9070000,2023-05-03,11290580,돈암1동,패션·잡화,20254,18508390,72,6.71,1000000,2.76,N,없음,0,11290580_패션·잡화
SUB04_003324,C04_1592,ISA,33820000,2024-09-22,11350640,상계2동,음식·음료,20254,41036934962,1641337,6.25,608790000,15.75,N,없음,0,11350640_음식·음료
SUB04_003325,C04_0564,적금,5050000,2024-10-11,11740700,둔촌2동,자동차·운송서비스,20254,594997085,3346,47.69,5440000,66.42,Y,운전자금대출,3000000,11740700_자동차·운송서비스
SUB04_003326,C04_0294,예금,29570000,2022-03-21,11470550,목5동,미용·뷰티,20254,705440050,9755,-0.77,8240000,0.52,N,없음,0,11470550_미용·뷰티
SUB04_003327,C04_0612,예금,36980000,2023-06-26,11590650,사당4동,생활서비스,20254,101846921,8296,40.96,1000000,47.65,Y,시설자금대출,300000,11590650_생활서비스
SUB04_003328,C04_1705,예금,38160000,2022-06-15,11710531,거여1동,문화·취미·반려,20254,15000000,41,0.0,1000000,-5.35,N,없음,0,11710531_문화·취미·반려
SUB04_003329,C04_0501,예금,26180000,2022-10-24,11440600,대흥동,생활서비스,20254,38743072,1393,46.62,1000000,23.87,N,없음,0,11440600_생활서비스
SUB04_003330,C04_0905,펀드,13440000,2024-02-01,11170630,이촌1동,식료품·편의소매,20254,8957555618,474449,-4.02,44310000,-16.34,N,없음,0,11170630_식료품·편의소매
SUB04_003331,C04_1448,펀드,14790000,2023-09-20,11545710,시흥5동,가구·인테리어,20254,74141623,627,-39.76,1000000,-41.74,Y,운전자금대출,500000,11545710_가구·인테리어
SUB04_003332,C04_1903,적금,4330000,2024-08-16,11530760,개봉3동,미용·뷰티,20254,537154323,16567,-11.44,4960000,-10.29,Y,소상공인신용대출,2500000,11530760_미용·뷰티
SUB04_003333,C04_1941,ISA,8830000,2023-01-23,11410685,홍은2동,패션·잡화,20254,117523912,897,40.07,1000000,28.53,N,없음,0,11410685_패션·잡화
SUB04_003334,C04_0432,예금,54110000,2023-11-16,11545670,시흥1동,생활서비스,20254,56760356,2157,344.02,1000000,100.0,N,없음,0,11545670_생활서비스
SUB04_003335,C04_0333,예금,49860000,2025-01-02,11350710,상계9동,생활서비스,20254,162990570,8145,80.28,1000000,82.1,Y,운전자금대출,200000,11350710_생활서비스
SUB04_003336,C04_1829,펀드,3920000,2022-03-20,11650520,서초2동,미용·뷰티,20254,8657733026,62419,-15.94,84590000,-26.51,Y,운전자금대출,39700000,11650520_미용·뷰티
SUB04_003337,C04_0446,예금,43060000,2022-04-21,11590560,상도4동,가구·인테리어,20254,30998005,1606,1.84,1000000,3.39,Y,운전자금대출,400000,11590560_가구·인테리어
SUB04_003338,C04_1162,펀드,10430000,2025-01-31,11620575,행운동,자동차·운송서비스,20254,119253044,388,-9.9,1010000,-12.47,Y,운전자금대출,700000,11620575_자동차·운송서비스
SUB04_003339,C04_0951,예금,22700000,2024-05-03,11380600,응암3동,미용·뷰티,20254,1330906280,35153,-13.23,15760000,-21.05,Y,운전자금대출,7800000,11380600_미용·뷰티
SUB04_003340,C04_0874,적금,2110000,2025-08-13,11440610,염리동,미용·뷰티,20254,111253756,4165,3.52,1000000,-13.07,Y,운전자금대출,400000,11440610_미용·뷰티
SUB04_003341,C04_1557,예금,60800000,2022-10-23,11710520,풍납2동,미용·뷰티,20254,358185834,6763,-9.84,1000000,-8.94,N,없음,0,11710520_미용·뷰티
SUB04_003342,C04_0284,펀드,18010000,2022-05-27,11680720,일원본동,생활서비스,20254,19796734,814,32.14,1000000,45.93,N,없음,0,11680720_생활서비스
SUB04_003343,C04_1045,ISA,5110000,2022-08-19,11530740,개봉1동,음식·음료,20254,6965528984,322532,-2.1,124730000,0.98,N,없음,0,11530740_음식·음료
SUB04_003344,C04_1742,예금,27340000,2024-08-09,11290770,장위2동,가구·인테리어,20254,654743315,6797,74.52,5210000,64.84,N,없음,0,11290770_가구·인테리어
SUB04_003345,C04_0054,예금,94600000,2022-02-15,11170590,용문동,패션·잡화,20254,547130294,13425,25.84,4440000,11.14,N,없음,0,11170590_패션·잡화
SUB04_003346,C04_0983,예금,37690000,2024-06-02,11215740,중곡1동,생활서비스,20254,51098406,2165,44.59,1030000,44.11,N,없음,0,11215740_생활서비스
SUB04_003347,C04_1998,펀드,24820000,2023-09-16,11710561,방이1동,음식·음료,20254,14495196173,381833,3.5,99200000,-4.3,N,없음,0,11710561_음식·음료
SUB04_003348,C04_0936,ISA,32280000,2025-01-14,11170510,후암동,가구·인테리어,20254,346761613,18186,104.99,3260000,86.72,N,없음,0,11170510_가구·인테리어
SUB04_003349,C04_1167,펀드,11710000,2022-01-24,11140540,회현동,미용·뷰티,20254,15360978576,124492,-0.01,123700000,-0.87,N,없음,0,11140540_미용·뷰티
SUB04_003350,C04_1150,예금,50880000,2025-07-14,11560700,대림1동,자동차·운송서비스,20254,261628655,1541,13.26,1820000,26.78,N,없음,0,11560700_자동차·운송서비스
SUB04_003351,C04_0972,펀드,14430000,2025-08-07,11620725,조원동,문화·취미·반려,20254,463458128,2032,1285.12,2150000,100.0,N,없음,0,11620725_문화·취미·반려
SUB04_003352,C04_0494,펀드,11920000,2023-04-03,11650580,반포3동,자동차·운송서비스,20254,174655518,971,60.6,2000000,61.82,Y,소상공인신용대출,400000,11650580_자동차·운송서비스
SUB04_003353,C04_1119,예금,32110000,2025-05-27,11290715,월곡1동,미용·뷰티,20254,380492358,7842,-5.9,3930000,-6.14,Y,운전자금대출,1700000,11290715_미용·뷰티
SUB04_003354,C04_0582,예금,43770000,2024-11-25,11140625,다산동,식료품·편의소매,20254,3244243925,375203,-12.15,29600000,-21.28,N,없음,0,11140625_식료품·편의소매
SUB04_003355,C04_1542,펀드,16700000,2025-11-27,11470640,신정3동,생활서비스,20254,121649930,7463,65.73,1350000,54.73,N,없음,0,11470640_생활서비스
SUB04_003356,C04_1598,적금,2910000,2022-10-04,11140670,황학동,음식·음료,20254,16276796450,681809,2.09,204580000,8.1,Y,운전자금대출,85000000,11140670_음식·음료
SUB04_003357,C04_1346,예금,72920000,2025-02-08,11560560,당산2동,자동차·운송서비스,20254,339677888,871,48.78,4860000,49.3,N,없음,0,11560560_자동차·운송서비스
SUB04_003358,C04_1869,ISA,13620000,2025-06-12,11140590,광희동,여가·오락,20254,1022850976,101374,5.63,6500000,-3.18,Y,시설자금대출,4100000,11140590_여가·오락
SUB04_003359,C04_0474,펀드,13210000,2022-05-16,11590605,흑석동,미용·뷰티,20254,693076123,12811,3.68,3240000,27.47,Y,운전자금대출,700000,11590605_미용·뷰티
SUB04_003360,C04_1191,펀드,24360000,2022-04-20,11215870,구의3동,자동차·운송서비스,20254,405600013,1840,19.43,1750000,35.49,N,없음,0,11215870_자동차·운송서비스
SUB04_003361,C04_1199,예금,18860000,2023-11-27,11530720,고척1동,미용·뷰티,20254,544893438,12508,-23.95,7290000,-20.3,Y,운전자금대출,4900000,11530720_미용·뷰티
SUB04_003362,C04_0807,예금,25410000,2022-04-03,11680590,삼성2동,패션·잡화,20254,1493248539,5882,-5.41,25710000,1.14,Y,운전자금대출,10800000,11680590_패션·잡화
SUB04_003363,C04_0799,ISA,15310000,2025-11-17,11440740,상암동,패션·잡화,20254,925585603,11425,3.59,5760000,17.63,Y,운전자금대출,3000000,11440740_패션·잡화
SUB04_003364,C04_1900,예금,71660000,2025-09-08,11470580,신월3동,가구·인테리어,20254,140588878,3124,4.82,1250000,-5.97,Y,소상공인신용대출,800000,11470580_가구·인테리어
SUB04_003365,C04_1341,ISA,61050000,2025-09-08,11200790,용답동,음식·음료,20254,10936593625,497823,-1.15,74230000,23.95,N,없음,0,11200790_음식·음료
SUB04_003366,C04_0894,예금,33940000,2024-06-13,11290575,동선동,여가·오락,20254,1441077494,213835,-5.88,13930000,-20.46,Y,소상공인신용대출,3300000,11290575_여가·오락
SUB04_003367,C04_0734,예금,66740000,2025-12-08,11530540,구로3동,미용·뷰티,20254,5298667919,50715,-14.87,19200000,-15.48,N,없음,0,11530540_미용·뷰티
SUB04_003368,C04_0071,ISA,18290000,2024-08-11,11305645,우이동,여가·오락,20254,232062382,8863,4.7,1150000,3.55,N,없음,0,11305645_여가·오락
SUB04_003369,C04_0569,ISA,10100000,2023-02-09,11215850,구의1동,문화·취미·반려,20254,740966987,10335,-27.39,2950000,-43.42,N,없음,0,11215850_문화·취미·반려
SUB04_003370,C04_0046,펀드,8710000,2022-02-02,11290525,성북동,음식·음료,20254,13127023974,460976,3.03,67160000,-2.02,N,없음,0,11290525_음식·음료
SUB04_003371,C04_1726,ISA,17030000,2025-04-16,11140590,광희동,패션·잡화,20254,13708615296,176737,17.96,89210000,21.14,Y,소상공인신용대출,44700000,11140590_패션·잡화
SUB04_003372,C04_1253,펀드,7310000,2025-07-19,11320710,방학3동,식료품·편의소매,20254,2326774704,199172,-8.53,6930000,-13.17,N,없음,0,11320710_식료품·편의소매
SUB04_003373,C04_0673,ISA,26120000,2024-09-11,11215847,자양4동,숙박,20254,160811573,1303,-39.36,1000000,-55.51,Y,운전자금대출,800000,11215847_숙박
SUB04_003374,C04_1213,적금,3210000,2023-09-07,11590640,사당3동,패션·잡화,20254,252827588,3375,0.25,1390000,-9.18,Y,시설자금대출,400000,11590640_패션·잡화
SUB04_003375,C04_0932,적금,9860000,2025-10-05,11290810,석관동,생활서비스,20254,67632012,10439,-40.56,1000000,-48.2,N,없음,0,11290810_생활서비스
SUB04_003376,C04_1708,ISA,22820000,2025-08-23,11260600,중화1동,문화·취미·반려,20254,169274212,2120,-51.27,1000000,-47.96,Y,시설자금대출,600000,11260600_문화·취미·반려
SUB04_003377,C04_1929,적금,6290000,2024-04-15,11110515,청운효자동,가구·인테리어,20254,206700645,9042,56.43,1000000,55.35,Y,시설자금대출,400000,11110515_가구·인테리어
SUB04_003378,C04_1590,펀드,21210000,2025-06-25,11710690,잠실4동,미용·뷰티,20254,869506947,6586,9.57,1850000,13.89,N,없음,0,11710690_미용·뷰티
SUB04_003379,C04_0693,ISA,16260000,2025-09-18,11560540,여의동,식료품·편의소매,20254,30004022247,3005665,-7.21,216990000,-7.16,N,없음,0,11560540_식료품·편의소매
SUB04_003380,C04_0760,ISA,13290000,2025-01-25,11710590,송파2동,음식·음료,20254,4791526052,360662,-6.32,19250000,-3.58,Y,운전자금대출,6900000,11710590_음식·음료
SUB04_003381,C04_0955,예금,12030000,2022-03-26,11710646,장지동,패션·잡화,20254,50211923,480,-26.63,1000000,-30.42,N,없음,0,11710646_패션·잡화
SUB04_003382,C04_1562,적금,3100000,2023-01-23,11350625,중계2·3동,식료품·편의소매,20254,10452572666,818932,2.29,127730000,-6.16,Y,시설자금대출,37100000,11350625_식료품·편의소매
SUB04_003383,C04_0175,펀드,11530000,2024-04-09,11290780,장위3동,미용·뷰티,20254,83708453,1782,-2.23,1000000,34.15,Y,운전자금대출,500000,11290780_미용·뷰티
SUB04_003384,C04_1609,ISA,6600000,2025-11-15,11110700,숭인1동,미용·뷰티,20254,241896414,5005,8.04,2010000,12.39,Y,운전자금대출,800000,11110700_미용·뷰티
SUB04_003385,C04_0307,ISA,15320000,2024-08-21,11740590,암사3동,생활서비스,20254,89585395,6017,42.22,1000000,37.69,Y,소상공인신용대출,500000,11740590_생활서비스
SUB04_003386,C04_0244,예금,31240000,2023-05-24,11215770,중곡4동,여가·오락,20254,390290676,11701,14.4,4280000,14.89,N,없음,0,11215770_여가·오락
SUB04_003387,C04_0913,ISA,41790000,2025-04-03,11680670,개포2동,문화·취미·반려,20254,102908922,3684,-25.16,1000000,-21.6,Y,시설자금대출,600000,11680670_문화·취미·반려
SUB04_003388,C04_1370,적금,4900000,2023-03-19,11620765,미성동,생활서비스,20254,89246650,3687,77.21,2760000,79.03,N,없음,0,11620765_생활서비스
SUB04_003389,C04_1789,펀드,11780000,2022-07-23,11260570,면목7동,패션·잡화,20254,1839510336,27974,27.57,6410000,20.26,Y,소상공인신용대출,1700000,11260570_패션·잡화
SUB04_003390,C04_1200,펀드,5260000,2025-06-23,11650510,서초1동,자동차·운송서비스,20254,3680177972,30612,2.33,116470000,-11.32,N,없음,0,11650510_자동차·운송서비스
SUB04_003391,C04_0508,예금,25200000,2024-12-13,11470610,신월6동,식료품·편의소매,20254,4724996737,297762,4.63,28670000,-11.08,N,없음,0,11470610_식료품·편의소매
SUB04_003392,C04_0142,예금,33550000,2024-06-09,11410555,북아현동,가구·인테리어,20254,2717676198,4647,65.31,37510000,49.79,Y,소상공인신용대출,12900000,11410555_가구·인테리어
SUB04_003393,C04_0774,예금,21220000,2022-03-10,11530750,개봉2동,패션·잡화,20254,934546820,12827,-7.92,5090000,-26.97,Y,운전자금대출,2600000,11530750_패션·잡화
SUB04_003394,C04_1119,펀드,8710000,2022-08-12,11290715,월곡1동,미용·뷰티,20254,380492358,7842,-5.9,3930000,-6.14,Y,운전자금대출,1700000,11290715_미용·뷰티
SUB04_003395,C04_1467,펀드,7730000,2025-12-07,11215847,자양4동,식료품·편의소매,20254,9387119931,787006,0.17,66920000,4.71,Y,소상공인신용대출,35800000,11215847_식료품·편의소매
SUB04_003396,C04_1397,적금,1510000,2023-06-20,11215830,자양2동,음식·음료,20254,6213640806,299769,1.54,54530000,-5.62,N,없음,0,11215830_음식·음료
SUB04_003397,C04_0907,적금,6980000,2024-06-20,11620685,신사동,문화·취미·반려,20254,11972019,302,0.54,1000000,-14.0,N,없음,0,11620685_문화·취미·반려
SUB04_003398,C04_0048,적금,7130000,2025-05-11,11590550,상도3동,생활서비스,20254,76887390,4737,38.18,1000000,50.03,N,없음,0,11590550_생활서비스
SUB04_003399,C04_0116,예금,69700000,2024-09-19,11680510,신사동,패션·잡화,20254,36381422943,165776,23.02,310980000,25.77,N,없음,0,11680510_패션·잡화
SUB04_003400,C04_1304,펀드,6350000,2022-08-15,11170590,용문동,문화·취미·반려,20254,67746212,2651,-86.54,1000000,-70.0,Y,운전자금대출,900000,11170590_문화·취미·반려
SUB04_003401,C04_1468,예금,70000000,2025-07-16,11680670,개포2동,미용·뷰티,20254,1047995699,27488,-7.86,6180000,15.04,Y,운전자금대출,3800000,11680670_미용·뷰티
SUB04_003402,C04_0808,예금,44490000,2023-01-29,11380631,신사1동,생활서비스,20254,98286503,5147,48.57,1230000,61.66,N,없음,0,11380631_생활서비스
SUB04_003403,C04_0533,예금,29170000,2023-12-08,11440690,망원1동,패션·잡화,20254,1298281522,21491,-16.17,4570000,-9.03,Y,운전자금대출,1200000,11440690_패션·잡화
SUB04_003404,C04_1197,예금,53180000,2025-11-10,11530760,개봉3동,전자기기·수리,20254,46745871,2355,-85.49,1000000,-70.0,N,없음,0,11530760_전자기기·수리
SUB04_003405,C04_1384,적금,5060000,2024-04-18,11590540,상도2동,식료품·편의소매,20254,3105854810,327216,-9.59,29950000,-11.99,N,없음,0,11590540_식료품·편의소매
SUB04_003406,C04_1895,펀드,15280000,2023-06-15,11440720,성산1동,문화·취미·반려,20254,42482031,4349,-95.08,1000000,-70.0,Y,시설자금대출,500000,11440720_문화·취미·반려
SUB04_003407,C04_1766,예금,24370000,2022-08-30,11710566,오륜동,문화·취미·반려,20254,1895105336,28420,35.09,33020000,61.99,Y,시설자금대출,16900000,11710566_문화·취미·반려
SUB04_003408,C04_0157,ISA,8090000,2025-09-09,11440720,성산1동,가구·인테리어,20254,6221387408,82055,2.25,36820000,8.8,N,없음,0,11440720_가구·인테리어
SUB04_003409,C04_1827,ISA,19070000,2023-07-21,11380590,응암2동,여가·오락,20254,191646295,3259,12.72,1000000,11.57,N,없음,0,11380590_여가·오락
SUB04_003410,C04_0060,ISA,10570000,2023-07-13,11710510,풍납1동,자동차·운송서비스,20254,85178111,749,-18.18,1000000,-9.35,Y,소상공인신용대출,400000,11710510_자동차·운송서비스
SUB04_003411,C04_0310,예금,16950000,2023-07-22,11380600,응암3동,패션·잡화,20254,3215876289,39077,19.97,15580000,31.5,Y,운전자금대출,9100000,11380600_패션·잡화
SUB04_003412,C04_1668,ISA,19510000,2025-03-12,11215780,능동,여가·오락,20254,542098145,14054,-8.53,6840000,-4.77,Y,운전자금대출,2800000,11215780_여가·오락
SUB04_003413,C04_0870,적금,5250000,2022-02-20,11500535,등촌3동,문화·취미·반려,20254,6187000697,195054,-1.71,47040000,5.23,Y,운전자금대출,10200000,11500535_문화·취미·반려
SUB04_003414,C04_0420,ISA,21280000,2023-08-28,11680730,일원1동,식료품·편의소매,20254,2197605627,241313,-3.66,29430000,-3.94,Y,소상공인신용대출,7600000,11680730_식료품·편의소매
SUB04_003415,C04_1427,적금,6220000,2022-02-22,11200540,마장동,생활서비스,20254,116274110,12009,63.72,1000000,52.64,Y,운전자금대출,600000,11200540_생활서비스
SUB04_003416,C04_1300,예금,51580000,2023-09-03,11320670,쌍문2동,패션·잡화,20254,673548390,5482,4.7,6340000,-4.89,Y,시설자금대출,3000000,11320670_패션·잡화
SUB04_003417,C04_1305,예금,57700000,2022-08-31,11200535,왕십리도선동,숙박,20254,431091386,10325,52.9,1590000,39.91,Y,운전자금대출,700000,11200535_숙박
SUB04_003418,C04_1230,예금,36570000,2023-06-21,11110710,숭인2동,전자기기·수리,20254,61306802,1361,-27.62,1000000,-24.22,N,없음,0,11110710_전자기기·수리
SUB04_003419,C04_0730,ISA,13840000,2023-07-06,11200560,행당1동,가구·인테리어,20254,176630984,9292,-20.32,1000000,-28.71,Y,시설자금대출,300000,11200560_가구·인테리어
SUB04_003420,C04_1936,펀드,13020000,2023-06-25,11740685,길동,전자기기·수리,20254,400315634,1399,294.74,4730000,100.0,N,없음,0,11740685_전자기기·수리
SUB04_003421,C04_0525,예금,37180000,2022-05-11,11380530,불광2동,숙박,20254,115673488,2663,17.31,1000000,5.85,Y,시설자금대출,500000,11380530_숙박
SUB04_003422,C04_1610,ISA,24580000,2023-10-10,11380552,갈현2동,미용·뷰티,20254,1251743221,26751,5.55,5380000,-5.23,Y,운전자금대출,2500000,11380552_미용·뷰티
SUB04_003423,C04_1398,예금,56460000,2022-05-29,11650570,반포2동,패션·잡화,20254,162448278,309,9.7,4410000,-16.54,N,없음,0,11650570_패션·잡화
SUB04_003424,C04_1188,예금,13470000,2024-01-09,11650652,양재2동,패션·잡화,20254,1647219447,6677,6.23,12560000,-1.99,N,없음,0,11650652_패션·잡화
SUB04_003425,C04_1429,예금,16250000,2023-03-31,11740520,상일동,패션·잡화,20254,100630344,925,-34.65,1000000,-31.65,N,없음,0,11740520_패션·잡화
SUB04_003426,C04_1581,ISA,9220000,2022-02-18,11740530,명일1동,음식·음료,20254,15884260277,634535,0.21,325200000,15.12,Y,시설자금대출,78000000,11740530_음식·음료
SUB04_003427,C04_0227,펀드,16600000,2025-08-03,11530595,가리봉동,음식·음료,20254,2911507092,87125,-4.64,29640000,-18.81,Y,운전자금대출,9200000,11530595_음식·음료
SUB04_003428,C04_1842,ISA,26040000,2022-06-02,11440655,서강동,가구·인테리어,20254,615420628,22843,-15.34,4830000,-22.16,N,없음,0,11440655_가구·인테리어
SUB04_003429,C04_1869,ISA,20870000,2023-12-03,11140590,광희동,여가·오락,20254,1022850976,101374,5.63,6500000,-3.18,Y,시설자금대출,4100000,11140590_여가·오락
SUB04_003430,C04_1516,ISA,9340000,2025-03-08,11710570,오금동,생활서비스,20254,152927944,7422,68.46,1160000,73.63,Y,소상공인신용대출,600000,11710570_생활서비스
SUB04_003431,C04_1786,적금,3790000,2024-01-25,11350619,중계본동,미용·뷰티,20254,386534765,8583,0.53,1070000,6.59,Y,소상공인신용대출,300000,11350619_미용·뷰티
SUB04_003432,C04_0537,예금,27100000,2024-02-01,11680740,일원2동,문화·취미·반려,20254,66364821,4012,36.65,1000000,22.36,Y,운전자금대출,500000,11680740_문화·취미·반려
SUB04_003433,C04_0947,펀드,5890000,2022-06-23,11560630,신길1동,문화·취미·반려,20254,180076428,5131,9.13,1000000,-6.72,N,없음,0,11560630_문화·취미·반려
SUB04_003434,C04_1076,펀드,11630000,2025-12-01,11740685,길동,전자기기·수리,20254,400315634,1399,294.74,7740000,100.0,N,없음,0,11740685_전자기기·수리
SUB04_003435,C04_0310,예금,36380000,2024-01-10,11380600,응암3동,패션·잡화,20254,3215876289,39077,19.97,15580000,31.5,Y,운전자금대출,9100000,11380600_패션·잡화
SUB04_003436,C04_0854,펀드,26540000,2022-08-27,11740540,명일2동,생활서비스,20254,41061152,6244,16.22,1000000,27.73,N,없음,0,11740540_생활서비스
SUB04_003437,C04_1816,예금,12110000,2025-06-19,11380631,신사1동,생활서비스,20254,98286503,5147,48.57,1000000,38.37,Y,운전자금대출,400000,11380631_생활서비스
SUB04_003438,C04_1479,예금,56560000,2022-12-13,11740540,명일2동,패션·잡화,20254,1080003841,11056,-22.66,30470000,-35.59,Y,소상공인신용대출,11600000,11740540_패션·잡화
SUB04_003439,C04_0966,ISA,13410000,2024-08-30,11650652,양재2동,문화·취미·반려,20254,27337509828,265342,21.27,114580000,25.49,Y,시설자금대출,40800000,11650652_문화·취미·반려
SUB04_003440,C04_1209,ISA,11310000,2024-12-17,11740530,명일1동,패션·잡화,20254,2424328461,23204,54.56,16810000,48.43,N,없음,0,11740530_패션·잡화
SUB04_003441,C04_1899,예금,34990000,2023-09-20,11545610,독산1동,문화·취미·반려,20254,925844381,44840,-19.0,3120000,-17.96,N,없음,0,11545610_문화·취미·반려
SUB04_003442,C04_0565,펀드,13770000,2022-10-19,11260590,상봉2동,숙박,20254,515976343,13930,-1.07,4120000,-3.31,N,없음,0,11260590_숙박
SUB04_003443,C04_0831,적금,2270000,2023-02-18,11470620,신정1동,미용·뷰티,20254,423306768,10015,-4.37,2630000,-17.04,N,없음,0,11470620_미용·뷰티
SUB04_003444,C04_1928,펀드,18570000,2023-03-26,11380580,응암1동,음식·음료,20254,13729937287,517905,-1.22,64270000,-11.48,N,없음,0,11380580_음식·음료
SUB04_003445,C04_1747,펀드,11210000,2025-08-30,11560550,당산1동,식료품·편의소매,20254,75447815291,1778499,-31.33,271530000,-41.92,Y,운전자금대출,131000000,11560550_식료품·편의소매
SUB04_003446,C04_1520,예금,65310000,2022-05-26,11590640,사당3동,패션·잡화,20254,252827588,3375,0.25,1810000,20.58,Y,시설자금대출,1100000,11590640_패션·잡화
SUB04_003447,C04_1089,적금,3810000,2022-11-08,11215770,중곡4동,식료품·편의소매,20254,5594949626,426736,6.03,51950000,10.54,N,없음,0,11215770_식료품·편의소매
SUB04_003448,C04_0735,펀드,19820000,2024-04-25,11110550,부암동,패션·잡화,20254,674303954,6426,68.54,3460000,57.84,N,없음,0,11110550_패션·잡화
SUB04_003449,C04_1665,펀드,5780000,2022-12-26,11650610,방배2동,여가·오락,20254,870303240,36615,30.01,3410000,11.23,N,없음,0,11650610_여가·오락
SUB04_003450,C04_0729,펀드,20410000,2023-02-23,11680700,세곡동,전자기기·수리,20254,67651234,2340,-63.16,1000000,-70.0,Y,시설자금대출,400000,11680700_전자기기·수리
SUB04_003451,C04_0228,적금,3340000,2024-12-19,11200650,성수1가1동,미용·뷰티,20254,1122750123,8676,52.56,21910000,51.17,Y,운전자금대출,13600000,11200650_미용·뷰티
SUB04_003452,C04_0753,ISA,16980000,2024-11-28,11140550,명동,문화·취미·반려,20254,3721002618,56381,5.21,12010000,8.58,Y,소상공인신용대출,5400000,11140550_문화·취미·반려
SUB04_003453,C04_0964,ISA,30220000,2022-07-20,11410555,북아현동,식료품·편의소매,20254,2792549658,261083,-12.89,7310000,-25.57,Y,소상공인신용대출,1900000,11410555_식료품·편의소매
SUB04_003454,C04_1635,적금,9420000,2025-10-11,11170700,보광동,생활서비스,20254,7932973,233,-38.26,1000000,-37.73,Y,시설자금대출,300000,11170700_생활서비스
SUB04_003455,C04_0922,예금,23790000,2025-01-06,11680545,압구정동,전자기기·수리,20254,66273002,822,1331.67,1000000,100.0,N,없음,0,11680545_전자기기·수리
SUB04_003456,C04_0761,펀드,20590000,2025-10-19,11410700,남가좌2동,가구·인테리어,20254,166677703,9383,0.09,1000000,7.68,Y,운전자금대출,300000,11410700_가구·인테리어
SUB04_003457,C04_1547,적금,1390000,2023-04-11,11140650,신당5동,여가·오락,20254,236802901,20199,2.82,2480000,-6.16,N,없음,0,11140650_여가·오락
SUB04_003458,C04_1091,펀드,9110000,2022-05-05,11230710,회기동,미용·뷰티,20254,870725803,16106,-23.23,2170000,-14.67,Y,운전자금대출,700000,11230710_미용·뷰티
SUB04_003459,C04_1533,적금,5760000,2024-07-09,11560540,여의동,음식·음료,20254,214182407349,6343600,2.03,2841580000,-3.97,N,없음,0,11560540_음식·음료
SUB04_003460,C04_0111,적금,2880000,2022-03-25,11500520,등촌1동,전자기기·수리,20254,144914527,1806,-49.66,4580000,-70.0,Y,시설자금대출,2600000,11500520_전자기기·수리
SUB04_003461,C04_0312,펀드,7050000,2025-12-11,11650530,서초3동,식료품·편의소매,20254,21859873690,3012459,-7.66,179910000,-16.86,Y,소상공인신용대출,99200000,11650530_식료품·편의소매
SUB04_003462,C04_0021,ISA,20800000,2025-10-06,11620565,성현동,여가·오락,20254,463005,31,-73.68,1000000,-54.65,Y,운전자금대출,800000,11620565_여가·오락
SUB04_003463,C04_1975,적금,1980000,2023-02-24,11200560,행당1동,자동차·운송서비스,20254,439566849,1585,-46.02,5940000,-52.28,Y,운전자금대출,2800000,11200560_자동차·운송서비스
SUB04_003464,C04_1179,예금,44180000,2023-11-29,11470611,신월7동,여가·오락,20254,567505195,7920,-29.16,2610000,-51.25,Y,소상공인신용대출,1500000,11470611_여가·오락
SUB04_003465,C04_1560,적금,4760000,2024-12-22,11560710,대림2동,숙박,20254,82675075,1915,-8.36,1000000,-11.19,Y,운전자금대출,600000,11560710_숙박
SUB04_003466,C04_0189,적금,3400000,2023-01-28,11740540,명일2동,생활서비스,20254,41061152,6244,16.22,1000000,6.9,N,없음,0,11740540_생활서비스
SUB04_003467,C04_1347,예금,16550000,2024-06-07,11560700,대림1동,음식·음료,20254,6600583214,329323,-0.9,45860000,2.05,N,없음,0,11560700_음식·음료
SUB04_003468,C04_0683,펀드,8220000,2024-11-15,11560550,당산1동,가구·인테리어,20254,638091923,6867,69.58,2930000,70.2,N,없음,0,11560550_가구·인테리어
SUB04_003469,C04_1050,예금,14440000,2022-12-20,11740640,성내1동,여가·오락,20254,120866486,2115,-30.07,1000000,-11.97,Y,운전자금대출,500000,11740640_여가·오락
SUB04_003470,C04_0927,예금,57800000,2024-08-28,11200790,용답동,생활서비스,20254,24985931,679,-19.12,1000000,-31.8,Y,운전자금대출,700000,11200790_생활서비스
SUB04_003471,C04_0949,펀드,8710000,2025-07-11,11710580,송파1동,생활서비스,20254,101358585,6147,50.4,1000000,47.47,N,없음,0,11710580_생활서비스
SUB04_003472,C04_0442,적금,1820000,2024-10-17,11470530,목3동,미용·뷰티,20254,804140410,16695,-2.81,5390000,3.11,N,없음,0,11470530_미용·뷰티
SUB04_003473,C04_0627,ISA,11440000,2023-11-08,11350665,상계3·4동,전자기기·수리,20254,310368233,2077,256.41,1400000,100.0,Y,운전자금대출,200000,11350665_전자기기·수리
SUB04_003474,C04_0569,ISA,51600000,2023-05-14,11215850,구의1동,문화·취미·반려,20254,740966987,10335,-27.39,2950000,-43.42,N,없음,0,11215850_문화·취미·반려
SUB04_003475,C04_1468,적금,4030000,2022-08-22,11680670,개포2동,미용·뷰티,20254,1047995699,27488,-7.86,6180000,15.04,Y,운전자금대출,3800000,11680670_미용·뷰티
SUB04_003476,C04_1954,ISA,12340000,2025-05-20,11680750,수서동,식료품·편의소매,20254,25463554565,3081242,0.06,115340000,-3.99,Y,운전자금대출,38100000,11680750_식료품·편의소매
SUB04_003477,C04_0651,펀드,13410000,2025-08-11,11620545,청림동,미용·뷰티,20254,243061846,5549,16.11,1000000,7.69,N,없음,0,11620545_미용·뷰티
SUB04_003478,C04_1444,ISA,46060000,2024-08-21,11680656,도곡2동,패션·잡화,20254,2452236925,19802,15.43,10070000,32.57,N,없음,0,11680656_패션·잡화
SUB04_003479,C04_1168,펀드,11050000,2022-01-26,11170685,한남동,가구·인테리어,20254,86058247,2950,-25.96,1000000,-38.59,N,없음,0,11170685_가구·인테리어
SUB04_003480,C04_1752,펀드,12550000,2025-06-18,11710520,풍납2동,자동차·운송서비스,20254,753482118,5005,-24.48,8990000,-21.03,N,없음,0,11710520_자동차·운송서비스
SUB04_003481,C04_0037,예금,24390000,2024-04-24,11170560,원효로1동,자동차·운송서비스,20254,496453549,2490,-3.47,4740000,-22.04,Y,운전자금대출,3200000,11170560_자동차·운송서비스
SUB04_003482,C04_0365,예금,19050000,2024-01-04,11380632,신사2동,문화·취미·반려,20254,167837347,6717,47.08,1000000,46.66,N,없음,0,11380632_문화·취미·반려
SUB04_003483,C04_0135,펀드,12960000,2025-04-27,11305645,우이동,음식·음료,20254,15545949392,496478,-16.94,146840000,-23.21,Y,운전자금대출,60200000,11305645_음식·음료
SUB04_003484,C04_1009,적금,1260000,2022-09-08,11290705,종암동,가구·인테리어,20254,1108144364,20109,221.83,11400000,100.0,Y,운전자금대출,1900000,11290705_가구·인테리어
SUB04_003485,C04_1767,적금,5130000,2024-07-21,11620525,보라매동,문화·취미·반려,20254,187765113,2838,108.47,1000000,81.58,Y,운전자금대출,600000,11620525_문화·취미·반려
SUB04_003486,C04_0700,펀드,12660000,2022-12-12,11380600,응암3동,숙박,20254,136990031,2566,-23.94,1040000,-23.83,N,없음,0,11380600_숙박
SUB04_003487,C04_0862,ISA,28340000,2024-12-22,11290630,정릉2동,패션·잡화,20254,298658069,6816,18.56,1240000,21.38,N,없음,0,11290630_패션·잡화
SUB04_003488,C04_1565,ISA,13170000,2025-07-03,11200570,행당2동,문화·취미·반려,20254,74962559,5762,-18.52,1000000,-15.04,N,없음,0,11200570_문화·취미·반려
SUB04_003489,C04_1596,ISA,13740000,2024-03-18,11740685,길동,패션·잡화,20254,2018551479,37505,-7.34,28240000,-3.52,N,없음,0,11740685_패션·잡화
SUB04_003490,C04_0435,예금,25700000,2022-01-15,11230560,전농1동,패션·잡화,20254,1263784473,13011,23.9,7130000,33.8,Y,운전자금대출,1200000,11230560_패션·잡화
SUB04_003491,C04_0455,펀드,17450000,2023-10-27,11680510,신사동,가구·인테리어,20254,159355862,4991,-40.97,1000000,-42.35,Y,시설자금대출,500000,11680510_가구·인테리어
SUB04_003492,C04_0915,적금,4210000,2024-07-28,11200690,성수2가3동,자동차·운송서비스,20254,4210300180,13126,-15.66,62020000,1.22,N,없음,0,11200690_자동차·운송서비스
SUB04_003493,C04_0006,펀드,9460000,2023-05-04,11560700,대림1동,생활서비스,20254,36054840,1318,73.66,1000000,73.29,Y,소상공인신용대출,300000,11560700_생활서비스
SUB04_003494,C04_0190,ISA,26600000,2025-11-07,11470530,목3동,문화·취미·반려,20254,268174828,9291,20.0,1810000,52.06,N,없음,0,11470530_문화·취미·반려
SUB04_003495,C04_0080,펀드,22270000,2022-06-19,11200540,마장동,미용·뷰티,20254,198098389,6827,-6.45,1000000,-0.63,N,없음,0,11200540_미용·뷰티
SUB04_003496,C04_1332,예금,19280000,2022-01-01,11305535,미아동,숙박,20254,74916087,1432,-37.95,1000000,-17.82,N,없음,0,11305535_숙박
SUB04_003497,C04_0272,적금,8060000,2023-01-08,11500630,방화1동,가구·인테리어,20254,520909697,12712,-37.73,4930000,-26.82,N,없음,0,11500630_가구·인테리어
SUB04_003498,C04_0712,적금,2410000,2023-07-21,11590680,신대방2동,가구·인테리어,20254,14817344,667,61.06,1000000,52.82,Y,운전자금대출,400000,11590680_가구·인테리어
SUB04_003499,C04_0064,적금,2240000,2023-07-31,11560605,문래동,여가·오락,20254,556966555,12336,20.34,7210000,19.14,Y,시설자금대출,2300000,11560605_여가·오락
SUB04_003500,C04_1645,예금,57180000,2023-06-13,11380560,구산동,문화·취미·반려,20254,94559629,3739,20.95,1000000,44.84,N,없음,0,11380560_문화·취미·반려
SUB04_003501,C04_1572,펀드,19270000,2025-11-12,11740570,암사1동,식료품·편의소매,20254,16339042411,1048479,9.4,154350000,-3.88,Y,운전자금대출,62400000,11740570_식료품·편의소매
SUB04_003502,C04_1655,적금,2990000,2025-11-17,11740610,천호2동,자동차·운송서비스,20254,3288701702,18686,-4.11,15220000,-4.61,Y,운전자금대출,2800000,11740610_자동차·운송서비스
SUB04_003503,C04_0303,적금,3340000,2023-03-02,11320521,도봉1동,여가·오락,20254,672408554,10393,-10.65,6280000,-20.47,Y,운전자금대출,3400000,11320521_여가·오락
SUB04_003504,C04_1515,적금,1600000,2022-05-08,11110680,창신2동,음식·음료,20254,6272601364,172765,10.2,26030000,9.7,Y,운전자금대출,15300000,11110680_음식·음료
SUB04_003505,C04_0353,펀드,15040000,2024-02-27,11470530,목3동,여가·오락,20254,445907413,13234,12.08,5780000,21.37,Y,소상공인신용대출,2500000,11470530_여가·오락
SUB04_003506,C04_0414,예금,17860000,2025-04-18,11740610,천호2동,숙박,20254,1066990481,23658,6.45,14110000,9.16,N,없음,0,11740610_숙박
SUB04_003507,C04_0619,펀드,8310000,2023-05-18,11320670,쌍문2동,생활서비스,20254,15828794,700,-18.71,1000000,5.68,N,없음,0,11320670_생활서비스
SUB04_003508,C04_0009,펀드,11320000,2023-08-11,11440565,공덕동,식료품·편의소매,20254,8001200697,481501,30.21,30400000,34.03,N,없음,0,11440565_식료품·편의소매
SUB04_003509,C04_1854,펀드,8930000,2024-11-28,11380632,신사2동,식료품·편의소매,20254,6793679831,196337,7.02,19620000,1.37,N,없음,0,11380632_식료품·편의소매
SUB04_003510,C04_0967,ISA,9430000,2025-02-01,11650652,양재2동,자동차·운송서비스,20254,9479701620,40063,1.28,130100000,14.47,Y,소상공인신용대출,74100000,11650652_자동차·운송서비스
SUB04_003511,C04_1097,적금,12560000,2023-08-10,11710641,문정1동,가구·인테리어,20254,41935381,2522,28.98,1000000,21.44,Y,운전자금대출,200000,11710641_가구·인테리어
SUB04_003512,C04_0483,펀드,28950000,2023-09-11,11470600,신월5동,패션·잡화,20254,97791379,588,132.03,1000000,100.0,Y,시설자금대출,200000,11470600_패션·잡화
SUB04_003513,C04_1648,ISA,33900000,2024-06-18,11215810,광장동,자동차·운송서비스,20254,788431750,5088,-1.77,1910000,-8.38,N,없음,0,11215810_자동차·운송서비스
SUB04_003514,C04_0549,예금,17030000,2022-02-10,11230730,휘경2동,음식·음료,20254,2307456357,113192,-3.71,17450000,-7.36,Y,운전자금대출,8100000,11230730_음식·음료
SUB04_003515,C04_0298,ISA,14020000,2025-12-18,11230545,제기동,가구·인테리어,20254,1241162843,33526,55.38,8140000,49.49,N,없음,0,11230545_가구·인테리어
SUB04_003516,C04_0580,적금,2200000,2025-08-25,11440660,서교동,전자기기·수리,20254,2732191964,28536,-15.26,6910000,4.01,N,없음,0,11440660_전자기기·수리
SUB04_003517,C04_0662,ISA,8890000,2025-09-04,11290685,길음2동,자동차·운송서비스,20254,148108802,1556,-0.73,1230000,13.99,N,없음,0,11290685_자동차·운송서비스
SUB04_003518,C04_1735,예금,23970000,2022-03-13,11710540,마천1동,미용·뷰티,20254,360527966,6073,28.62,1320000,22.74,N,없음,0,11710540_미용·뷰티
SUB04_003519,C04_1985,펀드,9200000,2024-08-11,11680650,역삼2동,가구·인테리어,20254,1428110623,29403,37.05,14570000,27.09,Y,시설자금대출,8500000,11680650_가구·인테리어
SUB04_003520,C04_0658,펀드,8290000,2023-12-07,11680650,역삼2동,생활서비스,20254,336976059,12316,19.01,2520000,18.24,Y,시설자금대출,1400000,11680650_생활서비스
SUB04_003521,C04_1015,적금,1970000,2024-02-05,11590680,신대방2동,미용·뷰티,20254,677596017,14994,-4.24,3350000,-7.31,N,없음,0,11590680_미용·뷰티
SUB04_003522,C04_0415,ISA,13350000,2023-11-26,11500590,화곡본동,숙박,20254,761603511,21252,-1.82,1060000,2.08,Y,운전자금대출,500000,11500590_숙박
SUB04_003523,C04_1947,적금,1780000,2024-05-29,11440690,망원1동,자동차·운송서비스,20254,191013695,1327,-14.87,1000000,-27.93,Y,운전자금대출,700000,11440690_자동차·운송서비스
SUB04_003524,C04_0663,펀드,5240000,2023-11-03,11320710,방학3동,전자기기·수리,20254,927944,35,-50.0,1000000,-42.43,Y,소상공인신용대출,800000,11320710_전자기기·수리
SUB04_003525,C04_1372,ISA,21220000,2025-05-05,11350640,상계2동,문화·취미·반려,20254,799836036,35532,11.8,9600000,12.15,N,없음,0,11350640_문화·취미·반려
SUB04_003526,C04_0963,펀드,14660000,2023-01-11,11710641,문정1동,생활서비스,20254,75049155,3240,55.6,1000000,46.53,Y,운전자금대출,200000,11710641_생활서비스
SUB04_003527,C04_0865,펀드,29400000,2024-01-07,11260630,묵2동,자동차·운송서비스,20254,668210893,4148,-31.23,4650000,-5.51,Y,소상공인신용대출,2700000,11260630_자동차·운송서비스
SUB04_003528,C04_1993,예금,26020000,2022-06-03,11110710,숭인2동,숙박,20254,290401408,3615,40.58,5720000,29.73,N,없음,0,11110710_숙박
SUB04_003529,C04_1684,펀드,16180000,2022-03-26,11305660,인수동,문화·취미·반려,20254,191206437,796,33.36,1000000,22.02,N,없음,0,11305660_문화·취미·반려
SUB04_003530,C04_0410,예금,38630000,2022-08-18,11320700,방학2동,가구·인테리어,20254,271260079,8524,8.78,2480000,16.28,Y,운전자금대출,500000,11320700_가구·인테리어
SUB04_003531,C04_0335,예금,29370000,2023-09-01,11260520,면목2동,전자기기·수리,20254,440055373,1156,-17.51,1000000,7.23,N,없음,0,11260520_전자기기·수리
SUB04_003532,C04_0935,예금,22610000,2025-10-08,11230545,제기동,전자기기·수리,20254,3454146571,5006,233.89,41950000,100.0,Y,소상공인신용대출,12800000,11230545_전자기기·수리
SUB04_003533,C04_0186,ISA,13520000,2025-04-06,11260540,면목4동,패션·잡화,20254,55714249,560,-54.46,1000000,-49.44,N,없음,0,11260540_패션·잡화
SUB04_003534,C04_0652,예금,21930000,2023-01-06,11680610,대치2동,문화·취미·반려,20254,1618775172,55455,-7.42,13030000,-3.24,Y,운전자금대출,6400000,11680610_문화·취미·반려
SUB04_003535,C04_0284,적금,9810000,2022-03-24,11680720,일원본동,생활서비스,20254,19796734,814,32.14,1000000,45.93,N,없음,0,11680720_생활서비스
SUB04_003536,C04_1688,예금,35510000,2022-12-15,11620695,신림동,문화·취미·반려,20254,76595782,1734,41.6,1000000,43.35,Y,운전자금대출,300000,11620695_문화·취미·반려
SUB04_003537,C04_0251,펀드,7120000,2024-02-19,11410620,홍제1동,생활서비스,20254,48163442,3341,71.67,1000000,86.17,N,없음,0,11410620_생활서비스
SUB04_003538,C04_1459,펀드,16600000,2023-06-19,11350580,월계3동,문화·취미·반려,20254,128492993,53,11.69,1620000,20.42,Y,시설자금대출,700000,11350580_문화·취미·반려
SUB04_003539,C04_1471,적금,4350000,2024-05-09,11260580,상봉1동,미용·뷰티,20254,549512982,8947,17.02,4310000,26.84,N,없음,0,11260580_미용·뷰티
SUB04_003540,C04_0690,ISA,28580000,2025-06-20,11500640,방화2동,가구·인테리어,20254,441411581,11455,-0.44,3680000,-3.23,N,없음,0,11500640_가구·인테리어
SUB04_003541,C04_0535,적금,4270000,2023-12-02,11200620,금호4가동,패션·잡화,20254,375872296,6116,-2.08,1800000,13.79,N,없음,0,11200620_패션·잡화
SUB04_003542,C04_1787,펀드,14620000,2025-09-28,11380650,수색동,식료품·편의소매,20254,1483594639,84209,-8.65,10640000,-25.8,Y,운전자금대출,8000000,11380650_식료품·편의소매
SUB04_003543,C04_1454,ISA,60830000,2024-01-09,11350625,중계2·3동,음식·음료,20254,6204547819,495905,-1.91,15020000,11.97,Y,운전자금대출,5800000,11350625_음식·음료
SUB04_003544,C04_0684,적금,1790000,2024-07-31,11290650,정릉4동,문화·취미·반려,20254,167755143,3924,-31.12,1000000,-13.97,N,없음,0,11290650_문화·취미·반려
SUB04_003545,C04_1245,ISA,46280000,2024-11-14,11560680,신길6동,문화·취미·반려,20254,90089778,1634,92.51,1040000,96.12,N,없음,0,11560680_문화·취미·반려
SUB04_003546,C04_1321,ISA,29550000,2024-11-26,11440600,대흥동,미용·뷰티,20254,1578120704,17821,-3.99,37210000,-12.15,N,없음,0,11440600_미용·뷰티
SUB04_003547,C04_0714,ISA,21440000,2022-05-17,11530520,구로1동,음식·음료,20254,1727571626,70535,21.97,5100000,14.37,N,없음,0,11530520_음식·음료
SUB04_003548,C04_1748,펀드,12870000,2022-01-18,11620630,남현동,생활서비스,20254,90065659,4547,41.0,1000000,34.0,Y,운전자금대출,200000,11620630_생활서비스
SUB04_003549,C04_0241,펀드,22010000,2024-07-08,11740600,천호1동,패션·잡화,20254,3425912551,39881,87.52,14230000,91.37,Y,운전자금대출,2500000,11740600_패션·잡화
SUB04_003550,C04_1454,예금,20340000,2022-04-21,11350625,중계2·3동,음식·음료,20254,6204547819,495905,-1.91,15020000,11.97,Y,운전자금대출,5800000,11350625_음식·음료
SUB04_003551,C04_0348,예금,74210000,2023-08-10,11560535,영등포동,자동차·운송서비스,20254,2928282952,15875,8.98,26930000,22.03,Y,운전자금대출,11500000,11560535_자동차·운송서비스
SUB04_003552,C04_1142,예금,25200000,2023-09-23,11470580,신월3동,문화·취미·반려,20254,62759156,2580,38.09,1000000,55.72,Y,시설자금대출,300000,11470580_문화·취미·반려
SUB04_003553,C04_0724,ISA,23990000,2025-11-09,11740640,성내1동,여가·오락,20254,120866486,2115,-30.07,1000000,-21.45,Y,시설자금대출,400000,11740640_여가·오락
SUB04_003554,C04_0818,적금,7480000,2024-09-21,11440660,서교동,미용·뷰티,20254,15645414883,371902,-7.12,153880000,14.78,N,없음,0,11440660_미용·뷰티
SUB04_003555,C04_0344,ISA,8610000,2025-04-08,11680720,일원본동,패션·잡화,20254,173695685,884,-44.23,1000000,-50.3,Y,시설자금대출,500000,11680720_패션·잡화
SUB04_003556,C04_0766,적금,4900000,2025-01-07,11530530,구로2동,음식·음료,20254,16766484288,634293,-0.86,100410000,33.28,Y,운전자금대출,23000000,11530530_음식·음료
SUB04_003557,C04_0642,펀드,7090000,2023-07-18,11710531,거여1동,생활서비스,20254,72000000,4167,21.35,1000000,30.79,Y,운전자금대출,600000,11710531_생활서비스
SUB04_003558,C04_0760,펀드,22520000,2023-02-06,11710590,송파2동,음식·음료,20254,4791526052,360662,-6.32,19250000,-3.58,Y,운전자금대출,6900000,11710590_음식·음료
SUB04_003559,C04_1362,예금,42840000,2025-08-22,11710710,잠실6동,음식·음료,20254,33053871461,1876957,0.58,244470000,7.4,N,없음,0,11710710_음식·음료
SUB04_003560,C04_1049,ISA,18660000,2024-03-22,11650520,서초2동,패션·잡화,20254,2078047880,26765,36.31,15280000,34.95,N,없음,0,11650520_패션·잡화
SUB04_003561,C04_1605,펀드,13170000,2022-05-07,11440610,염리동,생활서비스,20254,147053057,8596,16.21,1410000,35.92,N,없음,0,11440610_생활서비스
SUB04_003562,C04_0898,ISA,18600000,2022-11-16,11710710,잠실6동,여가·오락,20254,24903497,185,-50.02,1000000,-70.0,Y,운전자금대출,900000,11710710_여가·오락
SUB04_003563,C04_0986,예금,38950000,2025-07-19,11215770,중곡4동,미용·뷰티,20254,789874013,18267,15.19,2000000,14.4,Y,운전자금대출,1100000,11215770_미용·뷰티
SUB04_003564,C04_0501,예금,37340000,2025-10-19,11440600,대흥동,생활서비스,20254,38743072,1393,46.62,1000000,23.87,N,없음,0,11440600_생활서비스
SUB04_003565,C04_1371,예금,29500000,2022-03-02,11560660,신길4동,음식·음료,20254,1572648715,81651,0.14,16770000,-5.51,N,없음,0,11560660_음식·음료
SUB04_003566,C04_0781,예금,29020000,2025-11-30,11560660,신길4동,식료품·편의소매,20254,1457552888,153342,15.2,11670000,26.0,Y,시설자금대출,2700000,11560660_식료품·편의소매
SUB04_003567,C04_0150,ISA,24540000,2025-03-12,11320514,창4동,음식·음료,20254,12144657960,521891,6.34,152650000,-1.66,Y,시설자금대출,76100000,11320514_음식·음료
SUB04_003568,C04_1561,펀드,13630000,2024-03-07,11740530,명일1동,숙박,20254,53089745,562,75.84,1000000,78.1,N,없음,0,11740530_숙박
SUB04_003569,C04_0277,적금,4530000,2024-09-10,11590605,흑석동,문화·취미·반려,20254,769072791,30547,96.93,3870000,100.0,N,없음,0,11590605_문화·취미·반려
SUB04_003570,C04_0857,예금,15510000,2025-04-28,11110710,숭인2동,가구·인테리어,20254,197204215,4713,-36.82,1890000,-39.35,Y,시설자금대출,900000,11110710_가구·인테리어
SUB04_003571,C04_1719,펀드,10420000,2023-01-17,11680655,도곡1동,전자기기·수리,20254,109626266,2911,-92.55,1000000,-70.0,Y,운전자금대출,600000,11680655_전자기기·수리
SUB04_003572,C04_0625,ISA,11120000,2025-07-26,11620775,난곡동,전자기기·수리,20254,190946370,15657,-9.89,1000000,6.28,N,없음,0,11620775_전자기기·수리
SUB04_003573,C04_0064,적금,7690000,2024-05-03,11560605,문래동,여가·오락,20254,556966555,12336,20.34,7210000,19.14,Y,시설자금대출,2300000,11560605_여가·오락
SUB04_003574,C04_0094,펀드,21770000,2023-10-01,11680690,개포4동,자동차·운송서비스,20254,2883368505,15130,-18.7,17850000,-4.56,Y,운전자금대출,3900000,11680690_자동차·운송서비스
SUB04_003575,C04_1570,예금,68360000,2024-05-29,11560550,당산1동,자동차·운송서비스,20254,247963056,1587,-16.79,1040000,-27.76,N,없음,0,11560550_자동차·운송서비스
SUB04_003576,C04_1793,ISA,12580000,2025-02-07,11470590,신월4동,패션·잡화,20254,317669333,3894,-7.76,3460000,-14.32,Y,시설자금대출,900000,11470590_패션·잡화
SUB04_003577,C04_1343,펀드,7240000,2024-03-02,11440630,신수동,문화·취미·반려,20254,2021039976,6355,299.2,15720000,100.0,Y,운전자금대출,2400000,11440630_문화·취미·반려
SUB04_003578,C04_0775,적금,5180000,2022-05-20,11560690,신길7동,문화·취미·반려,20254,786513,43,-39.91,1000000,-49.0,Y,운전자금대출,400000,11560690_문화·취미·반려
SUB04_003579,C04_0057,예금,29150000,2024-01-29,11680590,삼성2동,전자기기·수리,20254,301080179,4564,12.06,2850000,2.91,Y,소상공인신용대출,500000,11680590_전자기기·수리
SUB04_003580,C04_0012,펀드,25830000,2024-05-30,11170530,남영동,전자기기·수리,20254,93865987,2520,1246.01,1000000,100.0,N,없음,0,11170530_전자기기·수리
SUB04_003581,C04_1280,ISA,19180000,2025-02-11,11710540,마천1동,패션·잡화,20254,258485970,2144,23.77,1000000,26.35,Y,소상공인신용대출,400000,11710540_패션·잡화
SUB04_003582,C04_0055,적금,2180000,2024-01-26,11230705,청량리동,음식·음료,20254,15767729201,675624,3.27,126410000,21.28,Y,소상공인신용대출,33400000,11230705_음식·음료
SUB04_003583,C04_1022,예금,22280000,2024-06-27,11320522,도봉2동,미용·뷰티,20254,323820611,9044,-10.76,1400000,3.6,N,없음,0,11320522_미용·뷰티
SUB04_003584,C04_1131,적금,3090000,2023-12-16,11170700,보광동,음식·음료,20254,4025813414,100217,-3.54,17430000,6.27,Y,운전자금대출,3100000,11170700_음식·음료
SUB04_003585,C04_1701,ISA,17550000,2025-04-17,11140520,소공동,여가·오락,20254,112449259,2893,-15.4,1000000,-5.86,N,없음,0,11140520_여가·오락
SUB04_003586,C04_0082,예금,24330000,2023-06-18,11680656,도곡2동,문화·취미·반려,20254,5992470963,27889,-3.48,23870000,7.19,Y,운전자금대출,7200000,11680656_문화·취미·반려
SUB04_003587,C04_0526,펀드,21590000,2024-12-17,11740580,암사2동,음식·음료,20254,8133947127,268764,-6.55,38920000,-9.93,N,없음,0,11740580_음식·음료
SUB04_003588,C04_1020,적금,2920000,2024-01-23,11110560,평창동,생활서비스,20254,93650078,3543,35.27,1000000,21.78,Y,소상공인신용대출,600000,11110560_생활서비스
SUB04_003589,C04_0656,ISA,14650000,2022-05-21,11215710,화양동,숙박,20254,549467948,12572,7.25,5630000,-3.35,N,없음,0,11215710_숙박
SUB04_003590,C04_0079,펀드,21610000,2024-07-23,11680545,압구정동,자동차·운송서비스,20254,457201306,1557,-7.6,1920000,-12.08,Y,시설자금대출,1000000,11680545_자동차·운송서비스
SUB04_003591,C04_0875,적금,5180000,2023-10-11,11710610,삼전동,식료품·편의소매,20254,9904934185,889984,2.88,67140000,1.82,N,없음,0,11710610_식료품·편의소매
SUB04_003592,C04_0471,적금,4190000,2022-10-07,11545670,시흥1동,미용·뷰티,20254,1748736392,47166,7.55,2320000,8.75,N,없음,0,11545670_미용·뷰티
SUB04_003593,C04_0153,펀드,15120000,2025-09-06,11260600,중화1동,전자기기·수리,20254,359207525,1909,266.75,1410000,100.0,Y,시설자금대출,400000,11260600_전자기기·수리
SUB04_003594,C04_1628,펀드,24390000,2025-01-04,11650651,양재1동,음식·음료,20254,43569217476,1548811,5.52,121220000,14.61,N,없음,0,11650651_음식·음료
SUB04_003595,C04_0755,예금,40130000,2025-05-11,11215730,군자동,미용·뷰티,20254,629161817,13207,-9.74,1970000,-1.38,Y,운전자금대출,500000,11215730_미용·뷰티
SUB04_003596,C04_1054,예금,23710000,2024-03-18,11710570,오금동,자동차·운송서비스,20254,2895951009,12827,-5.71,19670000,-3.37,Y,운전자금대출,11300000,11710570_자동차·운송서비스
SUB04_003597,C04_0479,예금,18950000,2023-02-17,11215810,광장동,자동차·운송서비스,20254,788431750,5088,-1.77,6230000,-5.72,N,없음,0,11215810_자동차·운송서비스
SUB04_003598,C04_0204,예금,54780000,2025-01-15,11290810,석관동,생활서비스,20254,67632012,10439,-40.56,1000000,-27.79,Y,운전자금대출,700000,11290810_생활서비스
SUB04_003599,C04_0112,ISA,21340000,2024-04-20,11305625,수유2동,자동차·운송서비스,20254,807852902,6287,10.71,3940000,-4.4,N,없음,0,11305625_자동차·운송서비스
SUB04_003600,C04_1509,펀드,11170000,2023-12-19,11260680,신내1동,음식·음료,20254,13464005103,456619,-0.93,92560000,5.22,Y,시설자금대출,24400000,11260680_음식·음료
SUB04_003601,C04_1143,펀드,22710000,2023-08-05,11560540,여의동,식료품·편의소매,20254,30004022247,3005665,-7.21,227090000,-6.85,N,없음,0,11560540_식료품·편의소매
SUB04_003602,C04_1675,펀드,9510000,2022-02-12,11305535,미아동,숙박,20254,74916087,1432,-37.95,1000000,-45.31,N,없음,0,11305535_숙박
SUB04_003603,C04_0338,ISA,21910000,2024-04-28,11110630,종로5·6가동,음식·음료,20254,29618710512,1155671,7.47,173830000,44.53,N,없음,0,11110630_음식·음료
SUB04_003604,C04_1195,예금,20980000,2024-01-20,11650610,방배2동,음식·음료,20254,34058557078,699435,13.53,136550000,-2.41,Y,운전자금대출,51700000,11650610_음식·음료
SUB04_003605,C04_0657,ISA,41140000,2024-08-07,11305635,수유3동,숙박,20254,337982433,11171,7.24,4350000,19.86,N,없음,0,11305635_숙박
SUB04_003606,C04_1114,적금,1870000,2023-03-06,11140520,소공동,문화·취미·반려,20254,505700217,26702,-7.63,4260000,5.66,N,없음,0,11140520_문화·취미·반려
SUB04_003607,C04_1104,예금,32590000,2024-03-31,11380570,대조동,음식·음료,20254,20784199992,1196782,3.98,116020000,1.34,Y,소상공인신용대출,24300000,11380570_음식·음료
SUB04_003608,C04_0009,적금,3070000,2024-01-29,11440565,공덕동,식료품·편의소매,20254,8001200697,481501,30.21,30400000,34.03,N,없음,0,11440565_식료품·편의소매
SUB04_003609,C04_0025,예금,17050000,2024-12-25,11305645,우이동,식료품·편의소매,20254,4565637233,397520,4.79,69400000,24.32,N,없음,0,11305645_식료품·편의소매
SUB04_003610,C04_1756,ISA,49790000,2025-01-31,11440740,상암동,미용·뷰티,20254,2300199969,27864,-0.96,5970000,-1.57,Y,시설자금대출,3300000,11440740_미용·뷰티
SUB04_003611,C04_0223,펀드,24060000,2025-10-09,11530750,개봉2동,생활서비스,20254,44298908,2245,78.52,1000000,62.18,Y,운전자금대출,300000,11530750_생활서비스
SUB04_003612,C04_1177,예금,21990000,2023-08-30,11380530,불광2동,문화·취미·반려,20254,43942263,1760,-15.73,1000000,-20.3,Y,시설자금대출,400000,11380530_문화·취미·반려
SUB04_003613,C04_1577,예금,72380000,2022-03-10,11650590,방배본동,문화·취미·반려,20254,846164152,11704,119.49,8790000,100.0,Y,운전자금대출,2300000,11650590_문화·취미·반려
SUB04_003614,C04_0475,펀드,22380000,2025-10-27,11200535,왕십리도선동,문화·취미·반려,20254,447107713,15215,83.61,3670000,84.17,Y,운전자금대출,700000,11200535_문화·취미·반려
SUB04_003615,C04_1110,예금,62620000,2023-07-16,11500550,화곡2동,패션·잡화,20254,39229819,286,-47.17,1000000,-70.0,Y,운전자금대출,800000,11500550_패션·잡화
SUB04_003616,C04_1090,펀드,7980000,2023-11-01,11380552,갈현2동,가구·인테리어,20254,96256743,2786,8.6,1000000,18.99,Y,시설자금대출,500000,11380552_가구·인테리어
SUB04_003617,C04_0003,예금,21520000,2022-07-06,11680600,대치1동,여가·오락,20254,1215739345,166463,-14.6,8350000,-14.99,Y,운전자금대출,4500000,11680600_여가·오락
SUB04_003618,C04_1078,적금,5060000,2024-02-20,11410685,홍은2동,여가·오락,20254,321652788,41788,-2.05,1020000,-13.6,N,없음,0,11410685_여가·오락
SUB04_003619,C04_0403,ISA,28180000,2023-08-02,11440730,성산2동,패션·잡화,20254,15820178672,326517,67.02,180700000,68.52,Y,소상공인신용대출,62900000,11440730_패션·잡화
SUB04_003620,C04_1047,펀드,6190000,2023-07-06,11470640,신정3동,음식·음료,20254,7586591030,472562,0.38,50830000,21.05,Y,운전자금대출,21800000,11470640_음식·음료
SUB04_003621,C04_1061,예금,28090000,2022-10-10,11530510,신도림동,패션·잡화,20254,511500057,7884,-3.48,1000000,4.14,N,없음,0,11530510_패션·잡화
SUB04_003622,C04_1557,펀드,26920000,2025-08-13,11710520,풍납2동,미용·뷰티,20254,358185834,6763,-9.84,1000000,-8.94,N,없음,0,11710520_미용·뷰티
SUB04_003623,C04_1891,펀드,16730000,2023-05-13,11410655,홍제2동,식료품·편의소매,20254,913438324,71319,28.25,6600000,20.53,N,없음,0,11410655_식료품·편의소매
SUB04_003624,C04_0333,적금,2350000,2023-08-16,11350710,상계9동,생활서비스,20254,162990570,8145,80.28,1000000,82.1,Y,운전자금대출,200000,11350710_생활서비스
SUB04_003625,C04_0219,예금,46220000,2023-11-06,11680750,수서동,가구·인테리어,20254,64611223,1205,-88.08,1000000,-70.0,N,없음,0,11680750_가구·인테리어
SUB04_003626,C04_0890,예금,38840000,2022-11-15,11350570,월계2동,음식·음료,20254,1139758109,109373,27.09,7000000,13.3,Y,소상공인신용대출,4000000,11350570_음식·음료
SUB04_003627,C04_0166,펀드,14410000,2025-12-25,11530740,개봉1동,가구·인테리어,20254,2095677556,33560,-28.06,9680000,-27.44,N,없음,0,11530740_가구·인테리어
SUB04_003628,C04_1099,ISA,16850000,2024-11-26,11320670,쌍문2동,자동차·운송서비스,20254,1049936672,6724,-6.63,6430000,-1.65,N,없음,0,11320670_자동차·운송서비스
SUB04_003629,C04_1582,적금,4870000,2025-10-21,11410555,북아현동,미용·뷰티,20254,109477874,2969,-7.32,1000000,-5.68,N,없음,0,11410555_미용·뷰티
SUB04_003630,C04_0965,펀드,11340000,2025-03-02,11545690,시흥3동,여가·오락,20254,249089851,8417,27.37,1340000,36.43,N,없음,0,11545690_여가·오락
SUB04_003631,C04_1245,ISA,62700000,2025-12-26,11560680,신길6동,문화·취미·반려,20254,90089778,1634,92.51,1040000,96.12,N,없음,0,11560680_문화·취미·반려
SUB04_003632,C04_0224,ISA,21800000,2025-12-01,11380650,수색동,패션·잡화,20254,285062724,3020,32.77,4460000,15.71,Y,운전자금대출,1900000,11380650_패션·잡화
SUB04_003633,C04_0686,펀드,12980000,2024-01-10,11500641,방화3동,생활서비스,20254,24740613,749,78.51,1000000,88.75,N,없음,0,11500641_생활서비스
SUB04_003634,C04_0404,예금,67130000,2024-06-30,11560620,양평2동,패션·잡화,20254,2754192262,5073,73.49,8070000,70.43,N,없음,0,11560620_패션·잡화
SUB04_003635,C04_1069,ISA,32620000,2025-09-01,11350665,상계3·4동,문화·취미·반려,20254,101987,7,-84.74,1000000,-70.0,Y,소상공인신용대출,700000,11350665_문화·취미·반려
SUB04_003636,C04_1806,ISA,20310000,2025-07-18,11140580,장충동,음식·음료,20254,12579102558,335403,4.69,74100000,0.6,Y,운전자금대출,28300000,11140580_음식·음료
SUB04_003637,C04_1567,펀드,16230000,2023-05-05,11290575,동선동,미용·뷰티,20254,3240034849,46138,-13.14,23650000,-31.13,Y,운전자금대출,10500000,11290575_미용·뷰티
SUB04_003638,C04_1888,펀드,10410000,2025-08-20,11230536,용신동,여가·오락,20254,1199939779,21709,-6.41,5140000,-9.23,Y,운전자금대출,1700000,11230536_여가·오락
SUB04_003639,C04_1078,ISA,9940000,2022-12-29,11410685,홍은2동,여가·오락,20254,321652788,41788,-2.05,1020000,-13.6,N,없음,0,11410685_여가·오락
SUB04_003640,C04_0617,예금,10740000,2023-11-17,11470610,신월6동,가구·인테리어,20254,1440209800,76573,-11.65,6590000,-12.39,N,없음,0,11470610_가구·인테리어
SUB04_003641,C04_1278,펀드,16810000,2025-10-27,11530540,구로3동,문화·취미·반려,20254,3430213331,70291,-26.18,30300000,-23.51,Y,소상공인신용대출,10700000,11530540_문화·취미·반려
SUB04_003642,C04_0214,적금,2110000,2024-09-20,11260540,면목4동,여가·오락,20254,246693585,7862,16.36,1000000,4.52,N,없음,0,11260540_여가·오락
SUB04_003643,C04_0608,적금,5510000,2024-05-16,11590670,신대방1동,식료품·편의소매,20254,5583083077,527051,1.3,16910000,-6.0,Y,시설자금대출,6200000,11590670_식료품·편의소매
SUB04_003644,C04_0305,펀드,15160000,2025-10-15,11650620,방배3동,자동차·운송서비스,20254,86475909,1185,-3.07,1290000,-6.98,N,없음,0,11650620_자동차·운송서비스
SUB04_003645,C04_0810,ISA,20190000,2025-12-28,11290590,돈암2동,생활서비스,20254,132746002,7101,24.02,1000000,13.14,N,없음,0,11290590_생활서비스
SUB04_003646,C04_1172,펀드,14620000,2025-12-29,11620725,조원동,자동차·운송서비스,20254,1846502419,10735,-14.29,14830000,-26.4,Y,시설자금대출,10600000,11620725_자동차·운송서비스
SUB04_003647,C04_0209,예금,44510000,2025-10-26,11740520,상일동,음식·음료,20254,9427145435,334689,-4.13,26340000,-25.27,N,없음,0,11740520_음식·음료
SUB04_003648,C04_0487,예금,15370000,2024-10-14,11110670,창신1동,여가·오락,20254,193097598,17661,7.56,1050000,16.21,Y,운전자금대출,200000,11110670_여가·오락
SUB04_003649,C04_1513,펀드,18580000,2025-03-09,11545610,독산1동,숙박,20254,214597050,4824,20.61,1240000,25.28,Y,운전자금대출,600000,11545610_숙박
SUB04_003650,C04_0114,ISA,17180000,2024-01-02,11170630,이촌1동,식료품·편의소매,20254,8957555618,474449,-4.02,69010000,-9.62,Y,운전자금대출,46200000,11170630_식료품·편의소매
SUB04_003651,C04_0742,ISA,16700000,2022-09-20,11530520,구로1동,생활서비스,20254,33031006,2545,10.64,1000000,8.94,N,없음,0,11530520_생활서비스
SUB04_003652,C04_1093,예금,16800000,2025-01-22,11170560,원효로1동,식료품·편의소매,20254,2386669668,320890,-21.0,8820000,-22.18,Y,운전자금대출,6000000,11170560_식료품·편의소매
SUB04_003653,C04_1908,적금,1900000,2025-05-07,11410690,남가좌1동,식료품·편의소매,20254,15035433731,915248,-3.63,108040000,-16.12,N,없음,0,11410690_식료품·편의소매
SUB04_003654,C04_1692,펀드,18090000,2025-09-17,11590530,상도1동,숙박,20254,11341447,74,288.99,1000000,100.0,N,없음,0,11590530_숙박
SUB04_003655,C04_1394,펀드,13930000,2023-02-12,11290725,월곡2동,미용·뷰티,20254,672935825,15112,23.01,10750000,27.24,N,없음,0,11290725_미용·뷰티
SUB04_003656,C04_0726,ISA,20150000,2024-06-18,11440610,염리동,문화·취미·반려,20254,87771663,5991,73.24,1000000,49.97,N,없음,0,11440610_문화·취미·반려
SUB04_003657,C04_0686,적금,2050000,2025-11-21,11500641,방화3동,생활서비스,20254,24740613,749,78.51,1000000,88.75,N,없음,0,11500641_생활서비스
SUB04_003658,C04_0303,펀드,12080000,2025-11-27,11320521,도봉1동,여가·오락,20254,672408554,10393,-10.65,6280000,-20.47,Y,운전자금대출,3400000,11320521_여가·오락
SUB04_003659,C04_1764,예금,33430000,2022-08-05,11650652,양재2동,자동차·운송서비스,20254,9479701620,40063,1.28,33570000,-0.59,Y,운전자금대출,12200000,11650652_자동차·운송서비스
SUB04_003660,C04_1379,적금,3250000,2023-04-13,11620575,행운동,가구·인테리어,20254,95915103,338,-28.03,1000000,-23.73,Y,운전자금대출,400000,11620575_가구·인테리어
SUB04_003661,C04_0963,ISA,20660000,2025-11-29,11710641,문정1동,생활서비스,20254,75049155,3240,55.6,1000000,46.53,Y,운전자금대출,200000,11710641_생활서비스
SUB04_003662,C04_0318,펀드,8770000,2025-10-13,11545640,독산4동,미용·뷰티,20254,578705348,14305,10.95,4030000,2.06,N,없음,0,11545640_미용·뷰티
SUB04_003663,C04_1545,적금,2870000,2022-08-02,11740540,명일2동,패션·잡화,20254,1080003841,11056,-22.66,18610000,-24.69,N,없음,0,11740540_패션·잡화
SUB04_003664,C04_2000,펀드,4570000,2025-02-02,11740530,명일1동,자동차·운송서비스,20254,285280436,1403,-1.37,4170000,-6.28,Y,소상공인신용대출,2000000,11740530_자동차·운송서비스
SUB04_003665,C04_1176,예금,28190000,2025-05-17,11740570,암사1동,미용·뷰티,20254,1376956109,31103,-8.92,41050000,-5.5,N,없음,0,11740570_미용·뷰티
SUB04_003666,C04_1917,예금,66570000,2025-07-20,11470650,신정4동,전자기기·수리,20254,19957173,900,-81.39,1000000,-70.0,N,없음,0,11470650_전자기기·수리
SUB04_003667,C04_0216,펀드,30560000,2022-06-03,11350560,월계1동,생활서비스,20254,40460230,2559,68.71,1000000,60.17,Y,운전자금대출,400000,11350560_생활서비스
SUB04_003668,C04_0345,예금,45130000,2023-04-23,11560720,대림3동,패션·잡화,20254,1350358132,23689,3.68,14160000,11.45,N,없음,0,11560720_패션·잡화
SUB04_003669,C04_0861,예금,37410000,2023-05-04,11290575,동선동,미용·뷰티,20254,3240034849,46138,-13.14,51450000,-10.37,Y,운전자금대출,26100000,11290575_미용·뷰티
SUB04_003670,C04_0262,ISA,26080000,2024-04-24,11110530,사직동,여가·오락,20254,335686434,11378,4.35,3080000,11.74,Y,운전자금대출,500000,11110530_여가·오락
SUB04_003671,C04_0066,적금,4170000,2025-02-21,11380520,불광1동,문화·취미·반려,20254,145968906,1499,84.26,1000000,69.51,Y,시설자금대출,600000,11380520_문화·취미·반려
SUB04_003672,C04_1285,예금,20150000,2025-06-01,11170685,한남동,음식·음료,20254,52102024726,1118801,2.37,335110000,-2.83,N,없음,0,11170685_음식·음료
SUB04_003673,C04_0765,펀드,21790000,2025-12-14,11470570,신월2동,숙박,20254,12993916,858,-11.36,1000000,-2.94,Y,시설자금대출,300000,11470570_숙박
SUB04_003674,C04_1053,펀드,2550000,2025-11-26,11620565,성현동,전자기기·수리,20254,108643316,1131,165.95,1000000,100.0,Y,운전자금대출,200000,11620565_전자기기·수리
SUB04_003675,C04_0390,적금,6490000,2022-09-03,11440700,망원2동,생활서비스,20254,73047538,4340,24.59,1000000,17.13,N,없음,0,11440700_생활서비스
SUB04_003676,C04_0103,펀드,24190000,2025-04-15,11305575,삼각산동,패션·잡화,20254,186234728,2035,8.75,1200000,-1.39,N,없음,0,11305575_패션·잡화
SUB04_003677,C04_0606,예금,62280000,2023-08-25,11200720,송정동,음식·음료,20254,1509946746,65862,0.09,12280000,4.45,N,없음,0,11200720_음식·음료
SUB04_003678,C04_0380,펀드,5440000,2023-09-17,11740540,명일2동,미용·뷰티,20254,652894156,15035,-17.97,5270000,-14.89,Y,운전자금대출,2700000,11740540_미용·뷰티
SUB04_003679,C04_0689,적금,6540000,2022-05-19,11620575,행운동,전자기기·수리,20254,37993870,868,14.29,1000000,18.47,N,없음,0,11620575_전자기기·수리
SUB04_003680,C04_1792,ISA,17260000,2025-01-21,11710531,거여1동,패션·잡화,20254,140851368,1036,8.18,1430000,-3.66,Y,운전자금대출,800000,11710531_패션·잡화
SUB04_003681,C04_0311,ISA,48470000,2024-03-27,11680630,대치4동,숙박,20254,293053086,10124,-12.16,4810000,-37.48,N,없음,0,11680630_숙박
SUB04_003682,C04_0439,ISA,16730000,2024-05-22,11140570,필동,가구·인테리어,20254,23997790,1455,-50.0,1000000,-64.97,Y,소상공인신용대출,700000,11140570_가구·인테리어
SUB04_003683,C04_0164,펀드,25210000,2024-02-03,11230536,용신동,미용·뷰티,20254,1295054878,12144,-38.06,5340000,-30.04,Y,운전자금대출,2400000,11230536_미용·뷰티
SUB04_003684,C04_0849,펀드,14410000,2024-11-30,11140635,약수동,미용·뷰티,20254,747899408,10883,7.6,3910000,-1.18,Y,운전자금대출,1200000,11140635_미용·뷰티
SUB04_003685,C04_1569,펀드,15830000,2024-09-20,11710531,거여1동,자동차·운송서비스,20254,274515325,1502,-44.23,3290000,-39.83,Y,운전자금대출,2200000,11710531_자동차·운송서비스
SUB04_003686,C04_0092,적금,1440000,2024-06-06,11305575,삼각산동,패션·잡화,20254,186234728,2035,8.75,1340000,0.69,N,없음,0,11305575_패션·잡화
SUB04_003687,C04_1083,적금,1690000,2022-06-12,11290650,정릉4동,미용·뷰티,20254,324958033,8633,-0.57,1180000,0.16,N,없음,0,11290650_미용·뷰티
SUB04_003688,C04_1434,펀드,14980000,2022-04-17,11650590,방배본동,음식·음료,20254,15761245935,815897,-4.07,83090000,-4.65,Y,운전자금대출,45100000,11650590_음식·음료
SUB04_003689,C04_1353,예금,35190000,2023-12-06,11230705,청량리동,전자기기·수리,20254,1516237302,4614,-19.02,8800000,17.27,N,없음,0,11230705_전자기기·수리
SUB04_003690,C04_0866,ISA,17850000,2025-05-19,11290810,석관동,식료품·편의소매,20254,7333218517,653463,4.77,26730000,2.64,Y,운전자금대출,10500000,11290810_식료품·편의소매
SUB04_003691,C04_0086,적금,3730000,2024-11-30,11290810,석관동,미용·뷰티,20254,2034426244,30760,-4.17,14560000,-15.01,Y,시설자금대출,4200000,11290810_미용·뷰티
SUB04_003692,C04_1996,적금,5890000,2024-11-04,11140570,필동,미용·뷰티,20254,248816680,7246,-11.42,1980000,-8.37,Y,운전자금대출,1100000,11140570_미용·뷰티
SUB04_003693,C04_1107,펀드,6620000,2025-05-18,11740540,명일2동,음식·음료,20254,19363004857,1414969,-2.32,112990000,14.67,Y,소상공인신용대출,17000000,11740540_음식·음료
SUB04_003694,C04_1930,적금,9710000,2023-03-08,11545710,시흥5동,자동차·운송서비스,20254,356220518,1336,-0.82,4110000,6.56,Y,운전자금대출,1400000,11545710_자동차·운송서비스
SUB04_003695,C04_0280,ISA,29540000,2023-03-10,11140590,광희동,문화·취미·반려,20254,28577068055,302911,-28.35,153500000,-38.48,N,없음,0,11140590_문화·취미·반려
SUB04_003696,C04_1528,펀드,28470000,2023-05-28,11740600,천호1동,전자기기·수리,20254,118011066,1509,-44.96,1450000,-41.08,Y,시설자금대출,700000,11740600_전자기기·수리
SUB04_003697,C04_1470,ISA,19690000,2022-06-19,11500540,화곡1동,식료품·편의소매,20254,18984453524,1765598,-1.05,74490000,-6.12,Y,시설자금대출,15700000,11500540_식료품·편의소매
SUB04_003698,C04_0754,ISA,38390000,2025-03-14,11290620,정릉1동,음식·음료,20254,2524589326,82696,-2.17,30260000,-1.62,Y,운전자금대출,7900000,11290620_음식·음료
SUB04_003699,C04_1157,ISA,15580000,2025-03-24,11440630,신수동,가구·인테리어,20254,72939921,326,76.79,1000000,81.07,Y,소상공인신용대출,300000,11440630_가구·인테리어
SUB04_003700,C04_1643,펀드,9040000,2022-07-18,11260540,면목4동,전자기기·수리,20254,33110022,1343,330.55,1000000,100.0,N,없음,0,11260540_전자기기·수리
SUB04_003701,C04_1732,예금,18020000,2023-09-30,11260610,중화2동,숙박,20254,70027867,3867,13.4,1000000,26.35,N,없음,0,11260610_숙박
SUB04_003702,C04_1525,예금,41150000,2024-08-27,11200560,행당1동,미용·뷰티,20254,1348220120,19255,1.33,6180000,-9.51,N,없음,0,11200560_미용·뷰티
SUB04_003703,C04_1660,ISA,59790000,2024-01-13,11470610,신월6동,자동차·운송서비스,20254,31266034,233,24.36,1000000,17.88,N,없음,0,11470610_자동차·운송서비스
SUB04_003704,C04_0358,펀드,18910000,2025-09-24,11260575,면목3·8동,자동차·운송서비스,20254,123046266,561,6.55,1000000,17.47,Y,시설자금대출,300000,11260575_자동차·운송서비스
SUB04_003705,C04_0336,적금,7490000,2023-03-16,11530595,가리봉동,여가·오락,20254,774741042,89402,-12.48,7320000,-1.21,Y,운전자금대출,1900000,11530595_여가·오락
SUB04_003706,C04_1924,예금,32480000,2025-07-10,11680656,도곡2동,전자기기·수리,20254,15023299,1067,42.2,1000000,48.91,N,없음,0,11680656_전자기기·수리
SUB04_003707,C04_1458,적금,4410000,2023-04-28,11170625,한강로동,패션·잡화,20254,1334861747,7951,47.12,9510000,35.07,N,없음,0,11170625_패션·잡화
SUB04_003708,C04_0477,ISA,23800000,2023-07-03,11560680,신길6동,숙박,20254,3620586,70,-54.2,1000000,-58.68,N,없음,0,11560680_숙박
SUB04_003709,C04_0503,ISA,19590000,2024-10-23,11710561,방이1동,문화·취미·반려,20254,87731715,4922,1.28,1000000,12.52,Y,운전자금대출,500000,11710561_문화·취미·반려
SUB04_003710,C04_0831,예금,19430000,2022-09-07,11470620,신정1동,미용·뷰티,20254,423306768,10015,-4.37,2630000,-17.04,N,없음,0,11470620_미용·뷰티
SUB04_003711,C04_0710,ISA,10300000,2025-01-27,11590605,흑석동,가구·인테리어,20254,2525391,183,-59.05,1000000,-70.0,N,없음,0,11590605_가구·인테리어
SUB04_003712,C04_0371,예금,83430000,2023-05-01,11470580,신월3동,여가·오락,20254,126551442,4245,-36.7,1220000,-30.84,Y,운전자금대출,700000,11470580_여가·오락
SUB04_003713,C04_1283,적금,2000000,2023-05-17,11170660,이태원2동,가구·인테리어,20254,111744132,5518,56.32,1430000,73.91,N,없음,0,11170660_가구·인테리어
SUB04_003714,C04_1965,펀드,9240000,2023-02-28,11305575,삼각산동,여가·오락,20254,48764168,1753,-20.32,1000000,-31.26,Y,소상공인신용대출,700000,11305575_여가·오락
SUB04_003715,C04_0581,펀드,8720000,2023-04-06,11440655,서강동,음식·음료,20254,16880973768,844120,6.67,73120000,19.26,N,없음,0,11440655_음식·음료
SUB04_003716,C04_1739,적금,4050000,2023-06-22,11320515,창5동,미용·뷰티,20254,923424256,22109,6.7,5650000,13.6,Y,시설자금대출,2800000,11320515_미용·뷰티
SUB04_003717,C04_1745,펀드,7040000,2024-07-25,11110550,부암동,자동차·운송서비스,20254,2711755187,13182,15.24,26950000,8.51,Y,운전자금대출,8300000,11110550_자동차·운송서비스
SUB04_003718,C04_1559,ISA,17150000,2025-09-27,11290580,돈암1동,음식·음료,20254,259801393,10392,11.01,2550000,-3.24,Y,시설자금대출,1100000,11290580_음식·음료
SUB04_003719,C04_1073,적금,7950000,2025-02-03,11710600,석촌동,문화·취미·반려,20254,558251918,16252,-28.65,4420000,-30.74,N,없음,0,11710600_문화·취미·반려
SUB04_003720,C04_0691,적금,4500000,2022-11-14,11560560,당산2동,음식·음료,20254,27908262381,1164045,6.0,71430000,28.99,N,없음,0,11560560_음식·음료
SUB04_003721,C04_1940,펀드,17600000,2025-09-06,11440590,용강동,가구·인테리어,20254,936210448,20204,17.14,11830000,26.56,Y,소상공인신용대출,6700000,11440590_가구·인테리어
SUB04_003722,C04_1755,예금,52710000,2024-02-08,11215850,구의1동,여가·오락,20254,988213375,50756,9.72,13540000,-1.16,N,없음,0,11215850_여가·오락
SUB04_003723,C04_1713,적금,5520000,2023-09-28,11260660,망우3동,음식·음료,20254,6060254073,211898,4.32,52420000,-8.82,Y,운전자금대출,12400000,11260660_음식·음료
SUB04_003724,C04_1734,ISA,34650000,2025-10-16,11560650,신길3동,문화·취미·반려,20254,28675776,693,-19.91,1000000,-10.4,N,없음,0,11560650_문화·취미·반려
SUB04_003725,C04_1224,예금,36340000,2025-10-30,11215750,중곡2동,자동차·운송서비스,20254,1770311652,8007,0.85,17780000,12.89,N,없음,0,11215750_자동차·운송서비스
SUB04_003726,C04_1863,펀드,13380000,2023-09-24,11260655,망우본동,음식·음료,20254,21608984136,784724,3.11,573940000,-19.57,N,없음,0,11260655_음식·음료
SUB04_003727,C04_1065,예금,21250000,2022-06-15,11545620,독산2동,패션·잡화,20254,425336239,3713,-22.09,2180000,-27.63,Y,시설자금대출,600000,11545620_패션·잡화
SUB04_003728,C04_0927,펀드,11810000,2023-08-29,11200790,용답동,생활서비스,20254,24985931,679,-19.12,1000000,-31.8,Y,운전자금대출,700000,11200790_생활서비스
SUB04_003729,C04_0996,ISA,13940000,2023-10-31,11200520,왕십리2동,여가·오락,20254,50779584,7566,-22.77,1000000,-16.57,Y,시설자금대출,700000,11200520_여가·오락
SUB04_003730,C04_1815,예금,82540000,2023-08-07,11590530,상도1동,패션·잡화,20254,646242797,5663,-9.65,3030000,5.08,N,없음,0,11590530_패션·잡화
SUB04_003731,C04_1744,ISA,26030000,2022-03-04,11710650,잠실본동,음식·음료,20254,63430744972,2246572,-2.27,415660000,2.85,N,없음,0,11710650_음식·음료
SUB04_003732,C04_1943,펀드,21060000,2024-07-30,11560670,신길5동,자동차·운송서비스,20254,1448550006,6560,12.74,13160000,11.6,Y,운전자금대출,4500000,11560670_자동차·운송서비스
SUB04_003733,C04_0228,ISA,13960000,2024-06-04,11200650,성수1가1동,미용·뷰티,20254,1122750123,8676,52.56,21910000,51.17,Y,운전자금대출,13600000,11200650_미용·뷰티
SUB04_003734,C04_1100,ISA,13320000,2024-05-19,11230560,전농1동,패션·잡화,20254,1263784473,13011,23.9,14470000,14.01,Y,운전자금대출,4700000,11230560_패션·잡화
SUB04_003735,C04_0872,펀드,12580000,2023-01-23,11740660,성내3동,미용·뷰티,20254,1368431002,22283,-0.28,20790000,-4.1,Y,소상공인신용대출,6900000,11740660_미용·뷰티
SUB04_003736,C04_1001,펀드,17100000,2025-02-15,11305595,번1동,음식·음료,20254,15253508011,658323,2.44,97890000,-10.09,Y,운전자금대출,26600000,11305595_음식·음료
SUB04_003737,C04_0869,ISA,10580000,2025-08-18,11170625,한강로동,자동차·운송서비스,20254,314823299,1440,43.08,2230000,46.46,N,없음,0,11170625_자동차·운송서비스
SUB04_003738,C04_1202,적금,7440000,2025-11-30,11680750,수서동,여가·오락,20254,155029262,10203,13.47,1000000,12.34,N,없음,0,11680750_여가·오락
SUB04_003739,C04_1115,ISA,18520000,2025-02-17,11410710,북가좌1동,생활서비스,20254,10609876,436,-2.49,1000000,7.84,N,없음,0,11410710_생활서비스
SUB04_003740,C04_0594,펀드,9690000,2024-04-15,11290555,삼선동,문화·취미·반려,20254,1175675840,54530,39.11,6390000,47.72,Y,시설자금대출,1000000,11290555_문화·취미·반려
SUB04_003741,C04_1349,예금,12070000,2023-02-28,11545680,시흥2동,문화·취미·반려,20254,130179526,8498,-3.68,1070000,-4.31,N,없음,0,11545680_문화·취미·반려
SUB04_003742,C04_0478,예금,49420000,2022-09-12,11500530,등촌2동,패션·잡화,20254,306070492,14431,-27.28,1910000,-14.01,Y,소상공인신용대출,900000,11500530_패션·잡화
SUB04_003743,C04_1040,적금,2190000,2025-11-05,11530540,구로3동,음식·음료,20254,66241757504,3715110,-1.22,423800000,-5.04,Y,시설자금대출,273400000,11530540_음식·음료
SUB04_003744,C04_1972,예금,9310000,2024-07-10,11560630,신길1동,숙박,20254,36318137,289,244.92,1000000,100.0,Y,소상공인신용대출,200000,11560630_숙박
SUB04_003745,C04_0928,예금,25610000,2023-12-15,11380510,녹번동,문화·취미·반려,20254,3814114563,16263,7.72,22200000,15.25,Y,운전자금대출,4500000,11380510_문화·취미·반려
SUB04_003746,C04_1999,펀드,11560000,2025-03-09,11470670,신정6동,문화·취미·반려,20254,431172432,20858,-28.11,1210000,-26.6,N,없음,0,11470670_문화·취미·반려
SUB04_003747,C04_0517,예금,51160000,2025-03-12,11590530,상도1동,음식·음료,20254,18684615477,1140616,5.17,150950000,20.89,N,없음,0,11590530_음식·음료
SUB04_003748,C04_0085,적금,3220000,2025-07-21,11200520,왕십리2동,생활서비스,20254,19090031,1123,76.07,1000000,64.86,N,없음,0,11200520_생활서비스
SUB04_003749,C04_1614,펀드,25000000,2023-11-04,11530790,수궁동,문화·취미·반려,20254,391080706,4881,103.57,1530000,99.33,N,없음,0,11530790_문화·취미·반려
SUB04_003750,C04_0486,ISA,11020000,2024-12-06,11350621,중계1동,생활서비스,20254,37735027,1667,55.95,1000000,79.24,N,없음,0,11350621_생활서비스
SUB04_003751,C04_1497,ISA,8380000,2025-02-21,11650581,반포4동,가구·인테리어,20254,638562499,362,77.48,2240000,70.08,N,없음,0,11650581_가구·인테리어
SUB04_003752,C04_0611,ISA,11260000,2024-10-30,11710641,문정1동,문화·취미·반려,20254,3289861772,53426,-16.12,39030000,-13.89,N,없음,0,11710641_문화·취미·반려
SUB04_003753,C04_1747,ISA,16860000,2023-11-17,11560550,당산1동,식료품·편의소매,20254,75447815291,1778499,-31.33,271530000,-41.92,Y,운전자금대출,131000000,11560550_식료품·편의소매
SUB04_003754,C04_0440,적금,9710000,2024-07-03,11230650,장안1동,숙박,20254,250822082,5117,22.7,1950000,31.22,Y,소상공인신용대출,400000,11230650_숙박
SUB04_003755,C04_0986,예금,42970000,2025-07-09,11215770,중곡4동,미용·뷰티,20254,789874013,18267,15.19,2000000,14.4,Y,운전자금대출,1100000,11215770_미용·뷰티
SUB04_003756,C04_0435,예금,61010000,2022-07-20,11230560,전농1동,패션·잡화,20254,1263784473,13011,23.9,7130000,33.8,Y,운전자금대출,1200000,11230560_패션·잡화
SUB04_003757,C04_1632,예금,11570000,2024-02-29,11590540,상도2동,여가·오락,20254,237796985,6073,-17.94,1000000,-3.77,Y,운전자금대출,400000,11590540_여가·오락
SUB04_003758,C04_1572,예금,27610000,2024-09-25,11740570,암사1동,식료품·편의소매,20254,16339042411,1048479,9.4,154350000,-3.88,Y,운전자금대출,62400000,11740570_식료품·편의소매
SUB04_003759,C04_0034,적금,3640000,2024-06-23,11650600,방배1동,가구·인테리어,20254,200538325,5425,-17.5,1310000,-2.51,Y,운전자금대출,800000,11650600_가구·인테리어
SUB04_003760,C04_0123,적금,7930000,2025-07-27,11680600,대치1동,여가·오락,20254,1215739345,166463,-14.6,7040000,-2.97,Y,운전자금대출,4500000,11680600_여가·오락
SUB04_003761,C04_0474,적금,3810000,2023-01-31,11590605,흑석동,미용·뷰티,20254,693076123,12811,3.68,3240000,27.47,Y,운전자금대출,700000,11590605_미용·뷰티
SUB04_003762,C04_0568,ISA,15780000,2025-04-14,11470610,신월6동,문화·취미·반려,20254,1658627,37,-67.7,1000000,-62.04,Y,소상공인신용대출,800000,11470610_문화·취미·반려
SUB04_003763,C04_1056,적금,7330000,2022-07-24,11560560,당산2동,식료품·편의소매,20254,5817459643,686769,-10.96,42100000,-27.24,N,없음,0,11560560_식료품·편의소매
SUB04_003764,C04_1251,적금,6040000,2024-11-08,11470640,신정3동,미용·뷰티,20254,636939569,15226,-1.78,4070000,3.95,Y,운전자금대출,1200000,11470640_미용·뷰티
SUB04_003765,C04_1729,예금,38990000,2025-05-30,11620665,서림동,가구·인테리어,20254,66262124,2184,-13.13,1000000,-8.8,N,없음,0,11620665_가구·인테리어
SUB04_003766,C04_0496,예금,33780000,2024-03-02,11230536,용신동,음식·음료,20254,27768343226,1116415,3.01,116990000,-12.77,N,없음,0,11230536_음식·음료
SUB04_003767,C04_0401,예금,64090000,2022-07-01,11710562,방이2동,가구·인테리어,20254,1195202770,10116,185.23,16720000,100.0,Y,운전자금대출,10500000,11710562_가구·인테리어
SUB04_003768,C04_0437,ISA,16480000,2024-07-15,11680521,논현1동,숙박,20254,210400057,2755,-0.39,1080000,12.23,Y,운전자금대출,200000,11680521_숙박
SUB04_003769,C04_1186,적금,4470000,2025-04-29,11470540,목4동,전자기기·수리,20254,26012763,246,73.29,1000000,77.8,Y,시설자금대출,300000,11470540_전자기기·수리
SUB04_003770,C04_0041,펀드,13400000,2024-09-16,11410685,홍은2동,음식·음료,20254,7000985254,311732,4.92,38380000,17.64,N,없음,0,11410685_음식·음료
SUB04_003771,C04_0041,적금,9740000,2022-07-23,11410685,홍은2동,음식·음료,20254,7000985254,311732,4.92,38380000,17.64,N,없음,0,11410685_음식·음료
SUB04_003772,C04_1604,펀드,21610000,2024-06-13,11110630,종로5·6가동,음식·음료,20254,29618710512,1155671,7.47,696670000,6.24,Y,운전자금대출,282300000,11110630_음식·음료
SUB04_003773,C04_1705,펀드,22090000,2025-11-17,11710531,거여1동,문화·취미·반려,20254,15000000,41,0.0,1000000,-5.35,N,없음,0,11710531_문화·취미·반려
SUB04_003774,C04_0224,예금,14930000,2022-10-23,11380650,수색동,패션·잡화,20254,285062724,3020,32.77,4460000,15.71,Y,운전자금대출,1900000,11380650_패션·잡화
SUB04_003775,C04_0246,펀드,35090000,2024-10-17,11320670,쌍문2동,식료품·편의소매,20254,3073181962,239237,-4.38,18690000,4.07,Y,시설자금대출,8500000,11320670_식료품·편의소매
SUB04_003776,C04_0162,펀드,25840000,2024-11-26,11680630,대치4동,식료품·편의소매,20254,16965679247,2341283,-10.83,99960000,-19.54,N,없음,0,11680630_식료품·편의소매
SUB04_003777,C04_1268,펀드,16870000,2022-03-15,11230610,답십리2동,전자기기·수리,20254,6957066,230,-77.51,1000000,-62.76,Y,소상공인신용대출,700000,11230610_전자기기·수리
SUB04_003778,C04_1001,펀드,12210000,2024-11-17,11305595,번1동,음식·음료,20254,15253508011,658323,2.44,97890000,-10.09,Y,운전자금대출,26600000,11305595_음식·음료
SUB04_003779,C04_0698,ISA,23340000,2024-01-14,11200580,응봉동,패션·잡화,20254,7810290,96,35.28,1000000,33.25,N,없음,0,11200580_패션·잡화
SUB04_003780,C04_1955,예금,43450000,2024-08-01,11560620,양평2동,자동차·운송서비스,20254,3354431618,18779,3.03,25570000,12.97,Y,운전자금대출,13300000,11560620_자동차·운송서비스
SUB04_003781,C04_0285,예금,94810000,2023-04-24,11230545,제기동,패션·잡화,20254,1114606739,40000,11.68,17300000,11.14,Y,운전자금대출,8600000,11230545_패션·잡화
SUB04_003782,C04_1490,ISA,33080000,2024-09-10,11590670,신대방1동,생활서비스,20254,71970959,4679,43.11,1000000,35.65,N,없음,0,11590670_생활서비스
SUB04_003783,C04_1239,ISA,15160000,2023-10-09,11470530,목3동,자동차·운송서비스,20254,99799428,650,-1.28,1000000,-4.37,N,없음,0,11470530_자동차·운송서비스
SUB04_003784,C04_1865,적금,5580000,2023-07-21,11140625,다산동,여가·오락,20254,573815142,19242,36.86,6630000,13.49,Y,운전자금대출,2200000,11140625_여가·오락
SUB04_003785,C04_0715,펀드,8300000,2023-12-29,11710531,거여1동,미용·뷰티,20254,453996635,9856,6.59,1740000,13.33,N,없음,0,11710531_미용·뷰티
SUB04_003786,C04_0832,적금,7460000,2022-09-20,11470640,신정3동,식료품·편의소매,20254,6713346924,604258,4.71,33180000,14.78,Y,운전자금대출,19800000,11470640_식료품·편의소매
SUB04_003787,C04_1006,적금,3030000,2024-11-09,11290525,성북동,가구·인테리어,20254,606176418,16563,-28.85,4330000,-26.03,N,없음,0,11290525_가구·인테리어
SUB04_003788,C04_1443,ISA,21850000,2024-02-13,11560540,여의동,패션·잡화,20254,10856853291,112574,2.54,54480000,-17.83,Y,시설자금대출,31000000,11560540_패션·잡화
SUB04_003789,C04_0572,펀드,15270000,2024-10-07,11620715,난향동,식료품·편의소매,20254,423498148,37815,-31.65,1710000,-21.29,N,없음,0,11620715_식료품·편의소매
SUB04_003790,C04_1599,ISA,26140000,2025-03-16,11260630,묵2동,전자기기·수리,20254,759479601,3422,-28.23,3050000,-26.81,N,없음,0,11260630_전자기기·수리
SUB04_003791,C04_1277,적금,3080000,2023-05-25,11650580,반포3동,음식·음료,20254,11757811101,401702,-1.12,133050000,-10.14,N,없음,0,11650580_음식·음료
SUB04_003792,C04_0265,펀드,4600000,2024-07-02,11710562,방이2동,미용·뷰티,20254,1565472721,18889,-10.82,5690000,7.3,N,없음,0,11710562_미용·뷰티
SUB04_003793,C04_1379,펀드,11830000,2024-05-29,11620575,행운동,가구·인테리어,20254,95915103,338,-28.03,1000000,-23.73,Y,운전자금대출,400000,11620575_가구·인테리어
SUB04_003794,C04_1107,예금,23040000,2023-07-06,11740540,명일2동,음식·음료,20254,19363004857,1414969,-2.32,112990000,14.67,Y,소상공인신용대출,17000000,11740540_음식·음료
SUB04_003795,C04_1123,적금,5300000,2023-03-15,11350595,공릉1동,가구·인테리어,20254,1907338257,14116,86.98,16620000,96.04,Y,운전자금대출,2600000,11350595_가구·인테리어
SUB04_003796,C04_0545,적금,1970000,2023-09-28,11530550,구로4동,미용·뷰티,20254,958022761,36167,-14.92,8730000,-31.65,Y,소상공인신용대출,3400000,11530550_미용·뷰티
SUB04_003797,C04_1908,적금,1570000,2022-10-31,11410690,남가좌1동,식료품·편의소매,20254,15035433731,915248,-3.63,108040000,-16.12,N,없음,0,11410690_식료품·편의소매
SUB04_003798,C04_0214,적금,4390000,2023-05-24,11260540,면목4동,여가·오락,20254,246693585,7862,16.36,1000000,4.52,N,없음,0,11260540_여가·오락
SUB04_003799,C04_1607,예금,33640000,2023-12-12,11740620,천호3동,미용·뷰티,20254,721120737,15127,-3.92,5370000,1.33,N,없음,0,11740620_미용·뷰티
SUB04_003800,C04_1416,펀드,9530000,2024-07-18,11710647,위례동,미용·뷰티,20254,560088104,6705,0.16,1620000,5.86,N,없음,0,11710647_미용·뷰티
SUB04_003801,C04_0333,적금,3650000,2024-05-11,11350710,상계9동,생활서비스,20254,162990570,8145,80.28,1000000,82.1,Y,운전자금대출,200000,11350710_생활서비스
SUB04_003802,C04_0438,펀드,9870000,2023-04-09,11290630,정릉2동,패션·잡화,20254,298658069,6816,18.56,1460000,0.37,N,없음,0,11290630_패션·잡화
SUB04_003803,C04_0457,펀드,22750000,2022-06-24,11380580,응암1동,생활서비스,20254,52984063,1563,81.37,1000000,69.63,N,없음,0,11380580_생활서비스
SUB04_003804,C04_1629,예금,26040000,2025-03-11,11170660,이태원2동,미용·뷰티,20254,233628297,3868,-13.48,1000000,-3.06,N,없음,0,11170660_미용·뷰티
SUB04_003805,C04_1293,적금,2200000,2023-04-03,11680656,도곡2동,생활서비스,20254,203279509,6438,88.94,1850000,84.51,N,없음,0,11680656_생활서비스
SUB04_003806,C04_0735,펀드,18330000,2023-02-12,11110550,부암동,패션·잡화,20254,674303954,6426,68.54,3460000,57.84,N,없음,0,11110550_패션·잡화
SUB04_003807,C04_0934,펀드,7900000,2024-09-01,11215770,중곡4동,음식·음료,20254,9497016913,545442,3.73,47170000,11.44,N,없음,0,11215770_음식·음료
SUB04_003808,C04_0667,예금,40900000,2025-05-25,11680700,세곡동,식료품·편의소매,20254,14019209199,668260,0.93,93580000,-0.6,Y,운전자금대출,42500000,11680700_식료품·편의소매
SUB04_003809,C04_1708,적금,8800000,2024-07-16,11260600,중화1동,문화·취미·반려,20254,169274212,2120,-51.27,1000000,-47.96,Y,시설자금대출,600000,11260600_문화·취미·반려
SUB04_003810,C04_0883,ISA,8890000,2022-06-06,11680740,일원2동,음식·음료,20254,620590753,38654,-5.75,6020000,-15.48,Y,시설자금대출,3500000,11680740_음식·음료
SUB04_003811,C04_1087,예금,21560000,2022-07-05,11530540,구로3동,여가·오락,20254,1236108433,63805,8.38,40100000,1.88,Y,운전자금대출,10400000,11530540_여가·오락
SUB04_003812,C04_0154,예금,24700000,2024-10-23,11470680,신정7동,생활서비스,20254,38021591,2181,34.34,1000000,38.34,Y,운전자금대출,400000,11470680_생활서비스
SUB04_003813,C04_1997,ISA,15540000,2025-12-06,11200560,행당1동,식료품·편의소매,20254,4817207851,450103,1.05,21650000,-4.81,N,없음,0,11200560_식료품·편의소매
SUB04_003814,C04_0334,ISA,27920000,2025-11-13,11305615,수유1동,여가·오락,20254,475940764,8922,26.23,3300000,32.83,N,없음,0,11305615_여가·오락
SUB04_003815,C04_0478,예금,78530000,2023-08-25,11500530,등촌2동,패션·잡화,20254,306070492,14431,-27.28,1910000,-14.01,Y,소상공인신용대출,900000,11500530_패션·잡화
SUB04_003816,C04_1835,ISA,10050000,2023-03-19,11620695,신림동,숙박,20254,991508249,21858,4.89,11390000,11.4,Y,운전자금대출,5800000,11620695_숙박
SUB04_003817,C04_1239,ISA,29110000,2024-11-19,11470530,목3동,자동차·운송서비스,20254,99799428,650,-1.28,1000000,-4.37,N,없음,0,11470530_자동차·운송서비스
SUB04_003818,C04_0895,ISA,9520000,2024-06-16,11545510,가산동,자동차·운송서비스,20254,2630722841,14969,-10.54,9760000,-1.97,N,없음,0,11545510_자동차·운송서비스
SUB04_003819,C04_0583,예금,59560000,2024-07-21,11380590,응암2동,자동차·운송서비스,20254,816859622,3401,-15.25,6840000,-8.43,N,없음,0,11380590_자동차·운송서비스
SUB04_003820,C04_0034,펀드,19710000,2022-04-05,11650600,방배1동,가구·인테리어,20254,200538325,5425,-17.5,1310000,-2.51,Y,운전자금대출,800000,11650600_가구·인테리어
SUB04_003821,C04_1411,예금,17170000,2023-02-26,11320521,도봉1동,전자기기·수리,20254,327001267,3469,-36.28,1500000,-37.87,Y,시설자금대출,900000,11320521_전자기기·수리
SUB04_003822,C04_1296,펀드,12890000,2025-10-27,11170640,이촌2동,음식·음료,20254,200816617,11309,-7.0,1460000,-12.6,N,없음,0,11170640_음식·음료
SUB04_003823,C04_1977,적금,3560000,2023-12-08,11170510,후암동,패션·잡화,20254,365706137,5166,-5.69,2100000,-14.77,Y,운전자금대출,700000,11170510_패션·잡화
SUB04_003824,C04_0212,적금,6710000,2024-07-05,11710620,가락본동,생활서비스,20254,96385246,9694,57.9,1000000,65.43,Y,시설자금대출,200000,11710620_생활서비스
SUB04_003825,C04_1920,적금,3500000,2024-12-18,11215710,화양동,자동차·운송서비스,20254,65590270,2386,15.28,1000000,17.99,Y,운전자금대출,500000,11215710_자동차·운송서비스
SUB04_003826,C04_1813,예금,52330000,2025-07-11,11650540,잠원동,미용·뷰티,20254,16957282626,42765,1.34,65530000,1.72,Y,운전자금대출,15100000,11650540_미용·뷰티
SUB04_003827,C04_0780,ISA,8380000,2024-05-09,11260655,망우본동,숙박,20254,685941731,6766,43.63,3370000,23.63,N,없음,0,11260655_숙박
SUB04_003828,C04_0272,펀드,6110000,2023-06-25,11500630,방화1동,가구·인테리어,20254,520909697,12712,-37.73,4930000,-26.82,N,없음,0,11500630_가구·인테리어
SUB04_003829,C04_1139,예금,45570000,2022-05-28,11290770,장위2동,가구·인테리어,20254,654743315,6797,74.52,3330000,83.83,N,없음,0,11290770_가구·인테리어
SUB04_003830,C04_1700,예금,84740000,2022-01-17,11560610,양평1동,미용·뷰티,20254,600104525,15368,-0.46,3250000,15.19,N,없음,0,11560610_미용·뷰티
SUB04_003831,C04_0411,ISA,18220000,2025-10-26,11410565,충현동,여가·오락,20254,262668227,27373,-13.73,1950000,-17.08,Y,시설자금대출,1400000,11410565_여가·오락
SUB04_003832,C04_0345,펀드,7990000,2025-09-18,11560720,대림3동,패션·잡화,20254,1350358132,23689,3.68,14160000,11.45,N,없음,0,11560720_패션·잡화
SUB04_003833,C04_0721,적금,5040000,2022-01-05,11110630,종로5·6가동,문화·취미·반려,20254,13015522131,110138,47.01,100510000,52.14,Y,소상공인신용대출,37200000,11110630_문화·취미·반려
SUB04_003834,C04_0956,예금,17020000,2024-05-08,11680640,역삼1동,음식·음료,20254,233333284115,9283434,-1.76,546420000,-14.98,N,없음,0,11680640_음식·음료
SUB04_003835,C04_0506,ISA,16010000,2022-05-12,11590630,사당2동,자동차·운송서비스,20254,153805873,787,14.83,1030000,27.98,Y,소상공인신용대출,500000,11590630_자동차·운송서비스
SUB04_003836,C04_1885,예금,36260000,2024-07-15,11680640,역삼1동,가구·인테리어,20254,1392832254,12051,167.9,20620000,100.0,Y,소상공인신용대출,12500000,11680640_가구·인테리어
SUB04_003837,C04_1088,펀드,20450000,2025-12-20,11290590,돈암2동,음식·음료,20254,1463232846,187811,-1.09,12060000,5.78,N,없음,0,11290590_음식·음료
SUB04_003838,C04_0121,펀드,9560000,2024-12-09,11230545,제기동,식료품·편의소매,20254,923851786755,35721166,-0.94,2663280000,-11.8,Y,운전자금대출,852200000,11230545_식료품·편의소매
SUB04_003839,C04_0307,적금,5210000,2024-12-23,11740590,암사3동,생활서비스,20254,89585395,6017,42.22,1000000,37.69,Y,소상공인신용대출,500000,11740590_생활서비스
SUB04_003840,C04_0319,펀드,17190000,2025-11-15,11290620,정릉1동,미용·뷰티,20254,149234311,4362,-8.69,1150000,3.42,Y,소상공인신용대출,500000,11290620_미용·뷰티
SUB04_003841,C04_0040,펀드,11540000,2024-01-06,11215860,구의2동,문화·취미·반려,20254,228734326,15126,32.24,2230000,8.56,Y,운전자금대출,1000000,11215860_문화·취미·반려
SUB04_003842,C04_0320,예금,39660000,2024-01-27,11530510,신도림동,음식·음료,20254,9745726627,312880,-2.27,31660000,-18.58,Y,시설자금대출,9100000,11530510_음식·음료
SUB04_003843,C04_0139,ISA,6270000,2024-05-03,11470590,신월4동,생활서비스,20254,17072360,869,105.23,1000000,100.0,Y,운전자금대출,600000,11470590_생활서비스
SUB04_003844,C04_1149,적금,2570000,2022-07-20,11530770,오류1동,음식·음료,20254,8011433124,417168,-5.0,46810000,-12.31,Y,소상공인신용대출,28500000,11530770_음식·음료
SUB04_003845,C04_0472,ISA,10300000,2025-10-31,11140625,다산동,패션·잡화,20254,10185723639,41638,111.77,34560000,100.0,Y,소상공인신용대출,16800000,11140625_패션·잡화
SUB04_003846,C04_1799,펀드,19550000,2023-04-16,11170625,한강로동,식료품·편의소매,20254,7093125626,728895,-5.24,32630000,-0.82,Y,운전자금대출,13500000,11170625_식료품·편의소매
SUB04_003847,C04_0792,적금,4590000,2022-12-19,11170625,한강로동,음식·음료,20254,66860765888,1801821,6.96,255560000,11.72,Y,소상공인신용대출,83500000,11170625_음식·음료
SUB04_003848,C04_0154,펀드,15550000,2025-01-09,11470680,신정7동,생활서비스,20254,38021591,2181,34.34,1000000,38.34,Y,운전자금대출,400000,11470680_생활서비스
SUB04_003849,C04_1038,예금,11960000,2024-06-04,11320660,쌍문1동,여가·오락,20254,41374467,3438,-34.93,1000000,-17.77,Y,운전자금대출,400000,11320660_여가·오락
SUB04_003850,C04_1580,펀드,8020000,2022-09-08,11650621,방배4동,자동차·운송서비스,20254,1936857926,14928,7.25,10990000,-25.08,Y,시설자금대출,2900000,11650621_자동차·운송서비스
SUB04_003851,C04_0755,예금,92420000,2023-06-28,11215730,군자동,미용·뷰티,20254,629161817,13207,-9.74,1970000,-1.38,Y,운전자금대출,500000,11215730_미용·뷰티
SUB04_003852,C04_1870,ISA,38670000,2024-01-08,11305625,수유2동,여가·오락,20254,625509736,65158,14.08,5720000,-10.1,N,없음,0,11305625_여가·오락
SUB04_003853,C04_0087,펀드,27600000,2023-10-17,11740640,성내1동,문화·취미·반려,20254,2728232108,19969,-15.32,70540000,-16.23,Y,운전자금대출,47000000,11740640_문화·취미·반려
SUB04_003854,C04_0772,예금,30770000,2025-04-12,11290610,보문동,가구·인테리어,20254,404533985,14550,23.6,1740000,15.52,Y,시설자금대출,700000,11290610_가구·인테리어
SUB04_003855,C04_0630,예금,71210000,2022-01-09,11620615,중앙동,여가·오락,20254,323293328,4365,22.36,2600000,17.23,N,없음,0,11620615_여가·오락
SUB04_003856,C04_1043,적금,4090000,2022-01-22,11170700,보광동,생활서비스,20254,7932973,233,-38.26,1000000,-24.26,Y,시설자금대출,700000,11170700_생활서비스
SUB04_003857,C04_1703,펀드,18470000,2025-10-09,11215780,능동,음식·음료,20254,12171306573,387425,-1.5,57180000,-10.94,Y,소상공인신용대출,37900000,11215780_음식·음료
SUB04_003858,C04_1179,예금,17090000,2024-12-19,11470611,신월7동,여가·오락,20254,567505195,7920,-29.16,2610000,-51.25,Y,소상공인신용대출,1500000,11470611_여가·오락
SUB04_003859,C04_1310,적금,4540000,2022-11-08,11710532,거여2동,미용·뷰티,20254,486155578,11772,-9.0,1620000,0.19,Y,소상공인신용대출,600000,11710532_미용·뷰티
SUB04_003860,C04_0984,예금,25300000,2022-05-16,11650550,반포본동,패션·잡화,20254,483162624,1102,87.39,3360000,78.67,Y,운전자금대출,2000000,11650550_패션·잡화
SUB04_003861,C04_1229,적금,6210000,2022-08-18,11440700,망원2동,미용·뷰티,20254,474194259,10169,-10.69,1150000,-20.81,Y,소상공인신용대출,500000,11440700_미용·뷰티
SUB04_003862,C04_1338,펀드,26330000,2025-04-02,11740530,명일1동,음식·음료,20254,15884260277,634535,0.21,131140000,0.33,Y,시설자금대출,51500000,11740530_음식·음료
SUB04_003863,C04_1386,펀드,19830000,2022-05-04,11350621,중계1동,자동차·운송서비스,20254,1012095862,7403,-0.54,6680000,0.53,N,없음,0,11350621_자동차·운송서비스
SUB04_003864,C04_0246,예금,52230000,2024-11-28,11320670,쌍문2동,식료품·편의소매,20254,3073181962,239237,-4.38,18690000,4.07,Y,시설자금대출,8500000,11320670_식료품·편의소매
SUB04_003865,C04_1958,펀드,26470000,2023-01-19,11215710,화양동,식료품·편의소매,20254,9473499827,1112981,-8.35,44010000,-25.33,N,없음,0,11215710_식료품·편의소매
SUB04_003866,C04_1748,ISA,19320000,2023-08-03,11620630,남현동,생활서비스,20254,90065659,4547,41.0,1000000,34.0,Y,운전자금대출,200000,11620630_생활서비스
SUB04_003867,C04_0544,ISA,16390000,2024-04-07,11110530,사직동,숙박,20254,76450722,1430,3.16,1000000,9.29,Y,시설자금대출,600000,11110530_숙박
SUB04_003868,C04_1220,펀드,13190000,2024-06-26,11620665,서림동,문화·취미·반려,20254,67794967,1312,-34.87,1000000,-30.08,N,없음,0,11620665_문화·취미·반려
SUB04_003869,C04_0837,ISA,20400000,2025-07-19,11305595,번1동,음식·음료,20254,15253508011,658323,2.44,82040000,6.05,N,없음,0,11305595_음식·음료
SUB04_003870,C04_0395,예금,46570000,2023-11-16,11530760,개봉3동,미용·뷰티,20254,537154323,16567,-11.44,5990000,-38.55,Y,시설자금대출,4800000,11530760_미용·뷰티
SUB04_003871,C04_0295,ISA,15900000,2025-03-19,11680590,삼성2동,패션·잡화,20254,1493248539,5882,-5.41,10620000,-18.52,N,없음,0,11680590_패션·잡화
SUB04_003872,C04_0625,펀드,20550000,2025-08-14,11620775,난곡동,전자기기·수리,20254,190946370,15657,-9.89,1000000,6.28,N,없음,0,11620775_전자기기·수리
SUB04_003873,C04_0924,예금,69040000,2025-03-26,11380570,대조동,패션·잡화,20254,4052857012,88531,2.94,47970000,-11.65,N,없음,0,11380570_패션·잡화
SUB04_003874,C04_1393,예금,32190000,2024-09-16,11170520,용산2가동,여가·오락,20254,23720873,1586,27.48,1000000,50.94,N,없음,0,11170520_여가·오락
SUB04_003875,C04_1426,ISA,14140000,2023-10-17,11140635,약수동,여가·오락,20254,82034681,1615,120.02,1000000,100.0,N,없음,0,11140635_여가·오락
SUB04_003876,C04_0449,ISA,19210000,2024-10-22,11170640,이촌2동,생활서비스,20254,20332462,2009,21.06,1000000,21.85,Y,운전자금대출,600000,11170640_생활서비스
SUB04_003877,C04_0220,적금,4570000,2022-04-24,11170570,원효로2동,음식·음료,20254,2764234807,140636,17.05,15650000,5.28,Y,소상공인신용대출,9600000,11170570_음식·음료
SUB04_003878,C04_0550,예금,33790000,2022-03-20,11215780,능동,전자기기·수리,20254,5540851,156,-61.19,1000000,-55.83,Y,소상공인신용대출,800000,11215780_전자기기·수리
SUB04_003879,C04_1048,ISA,20330000,2024-05-21,11200615,금호2·3가동,가구·인테리어,20254,41981879,2442,-7.35,1000000,-5.3,Y,운전자금대출,300000,11200615_가구·인테리어
SUB04_003880,C04_1528,예금,17240000,2024-11-29,11740600,천호1동,전자기기·수리,20254,118011066,1509,-44.96,1450000,-41.08,Y,시설자금대출,700000,11740600_전자기기·수리
SUB04_003881,C04_0138,예금,21980000,2024-05-27,11500615,우장산동,문화·취미·반려,20254,485851491,20433,-39.41,1790000,-40.26,Y,운전자금대출,1300000,11500615_문화·취미·반려
SUB04_003882,C04_0051,ISA,33260000,2025-10-22,11140670,황학동,가구·인테리어,20254,6152389304,22334,-11.66,35660000,1.03,Y,시설자금대출,11000000,11140670_가구·인테리어
SUB04_003883,C04_0273,ISA,12360000,2025-01-26,11440690,망원1동,생활서비스,20254,62469614,6733,1.86,1000000,-11.96,N,없음,0,11440690_생활서비스
SUB04_003884,C04_0620,ISA,28630000,2024-02-14,11380551,갈현1동,음식·음료,20254,19831088376,655873,13.18,36800000,0.9,N,없음,0,11380551_음식·음료
SUB04_003885,C04_1353,ISA,20860000,2024-08-01,11230705,청량리동,전자기기·수리,20254,1516237302,4614,-19.02,8800000,17.27,N,없음,0,11230705_전자기기·수리
SUB04_003886,C04_0232,적금,1250000,2025-11-04,11710532,거여2동,생활서비스,20254,77926433,4639,66.77,1190000,79.07,Y,운전자금대출,200000,11710532_생활서비스
SUB04_003887,C04_0667,ISA,26030000,2023-02-13,11680700,세곡동,식료품·편의소매,20254,14019209199,668260,0.93,93580000,-0.6,Y,운전자금대출,42500000,11680700_식료품·편의소매
SUB04_003888,C04_0672,적금,5180000,2024-10-13,11650520,서초2동,생활서비스,20254,389782138,11365,1.07,2640000,3.92,Y,시설자금대출,700000,11650520_생활서비스
SUB04_003889,C04_1828,ISA,25590000,2025-09-23,11560550,당산1동,자동차·운송서비스,20254,247963056,1587,-16.79,3060000,-3.09,N,없음,0,11560550_자동차·운송서비스
SUB04_003890,C04_0631,적금,7710000,2022-07-26,11290705,종암동,자동차·운송서비스,20254,195358355,1174,62.82,1500000,55.97,Y,소상공인신용대출,900000,11290705_자동차·운송서비스
SUB04_003891,C04_1241,ISA,13040000,2025-12-26,11590670,신대방1동,생활서비스,20254,71970959,4679,43.11,1000000,53.76,Y,소상공인신용대출,300000,11590670_생활서비스
SUB04_003892,C04_1719,ISA,17070000,2024-02-22,11680655,도곡1동,전자기기·수리,20254,109626266,2911,-92.55,1000000,-70.0,Y,운전자금대출,600000,11680655_전자기기·수리
SUB04_003893,C04_0098,펀드,5290000,2025-06-30,11200540,마장동,음식·음료,20254,11314635395,299453,0.56,53490000,-2.92,N,없음,0,11200540_음식·음료
SUB04_003894,C04_0066,펀드,10640000,2024-09-04,11380520,불광1동,문화·취미·반려,20254,145968906,1499,84.26,1000000,69.51,Y,시설자금대출,600000,11380520_문화·취미·반려
SUB04_003895,C04_0809,펀드,20400000,2024-11-12,11620585,낙성대동,식료품·편의소매,20254,2973178509,391279,1.69,23590000,-9.55,Y,시설자금대출,12200000,11620585_식료품·편의소매
SUB04_003896,C04_1377,펀드,11170000,2022-01-29,11290555,삼선동,자동차·운송서비스,20254,59608588,414,-56.21,1000000,-62.03,Y,시설자금대출,500000,11290555_자동차·운송서비스
SUB04_003897,C04_1624,적금,3000000,2025-12-28,11500611,발산1동,가구·인테리어,20254,443531809,12935,-20.04,1890000,-9.86,N,없음,0,11500611_가구·인테리어
SUB04_003898,C04_1892,예금,47040000,2024-08-08,11470630,신정2동,음식·음료,20254,7535596847,312692,3.87,42120000,-2.48,N,없음,0,11470630_음식·음료
SUB04_003899,C04_0328,펀드,24340000,2025-01-04,11500605,가양3동,음식·음료,20254,2143085254,148071,1.77,16640000,-5.23,Y,소상공인신용대출,7500000,11500605_음식·음료
SUB04_003900,C04_1574,펀드,17560000,2024-07-03,11530730,고척2동,전자기기·수리,20254,41633594,2073,-18.2,1000000,-5.51,N,없음,0,11530730_전자기기·수리
SUB04_003901,C04_0063,펀드,38580000,2024-05-10,11230610,답십리2동,생활서비스,20254,6049601,248,90.28,1000000,93.56,N,없음,0,11230610_생활서비스
SUB04_003902,C04_0520,적금,1490000,2025-05-24,11200615,금호2·3가동,미용·뷰티,20254,619629600,21316,-1.92,6770000,6.87,N,없음,0,11200615_미용·뷰티
SUB04_003903,C04_1718,ISA,8490000,2024-01-12,11620630,남현동,여가·오락,20254,189386631,9842,43.33,1000000,35.54,N,없음,0,11620630_여가·오락
SUB04_003904,C04_1863,적금,1980000,2023-08-13,11260655,망우본동,음식·음료,20254,21608984136,784724,3.11,573940000,-19.57,N,없음,0,11260655_음식·음료
SUB04_003905,C04_1340,예금,43990000,2022-07-11,11620695,신림동,문화·취미·반려,20254,76595782,1734,41.6,1500000,44.72,Y,운전자금대출,800000,11620695_문화·취미·반려
SUB04_003906,C04_0610,예금,36850000,2025-05-09,11560700,대림1동,문화·취미·반려,20254,6448417,272,-16.97,1000000,-12.89,N,없음,0,11560700_문화·취미·반려
SUB04_003907,C04_1380,ISA,13570000,2025-10-08,11650620,방배3동,식료품·편의소매,20254,1499912746,179189,-6.25,9170000,-16.98,N,없음,0,11650620_식료품·편의소매
SUB04_003908,C04_0996,펀드,14780000,2025-12-08,11200520,왕십리2동,여가·오락,20254,50779584,7566,-22.77,1000000,-16.57,Y,시설자금대출,700000,11200520_여가·오락
SUB04_003909,C04_1281,ISA,20600000,2024-08-15,11545670,시흥1동,숙박,20254,201573671,4449,-25.32,1000000,-19.31,Y,운전자금대출,500000,11545670_숙박
SUB04_003910,C04_1839,예금,18830000,2023-06-27,11740660,성내3동,식료품·편의소매,20254,20312129746,1130691,16.64,145290000,0.7,Y,시설자금대출,62300000,11740660_식료품·편의소매
SUB04_003911,C04_0446,펀드,23330000,2022-09-10,11590560,상도4동,가구·인테리어,20254,30998005,1606,1.84,1000000,3.39,Y,운전자금대출,400000,11590560_가구·인테리어
SUB04_003912,C04_0237,ISA,55950000,2025-10-03,11215770,중곡4동,전자기기·수리,20254,5737382096,12146,121.86,36540000,100.0,Y,시설자금대출,14100000,11215770_전자기기·수리
SUB04_003913,C04_1693,ISA,13110000,2025-02-17,11215760,중곡3동,가구·인테리어,20254,546289991,7999,49.9,4710000,38.56,Y,시설자금대출,1800000,11215760_가구·인테리어
SUB04_003914,C04_1850,예금,33550000,2024-01-11,11410685,홍은2동,음식·음료,20254,7000985254,311732,4.92,21100000,27.49,N,없음,0,11410685_음식·음료
SUB04_003915,C04_0828,적금,2720000,2024-02-17,11260580,상봉1동,생활서비스,20254,294983953,17011,52.38,1000000,34.65,N,없음,0,11260580_생활서비스
SUB04_003916,C04_1979,ISA,15610000,2025-11-14,11710670,잠실2동,음식·음료,20254,8971126316,947351,-13.86,68490000,8.81,N,없음,0,11710670_음식·음료
SUB04_003917,C04_1868,펀드,11810000,2022-02-16,11140670,황학동,가구·인테리어,20254,6152389304,22334,-11.66,54370000,-31.03,Y,운전자금대출,41300000,11140670_가구·인테리어
SUB04_003918,C04_0899,펀드,8620000,2025-12-08,11140590,광희동,숙박,20254,604347702,8063,0.44,4440000,-12.67,Y,소상공인신용대출,2700000,11140590_숙박
SUB04_003919,C04_1334,적금,4390000,2024-01-21,11305595,번1동,자동차·운송서비스,20254,678311749,2678,7.63,3490000,2.31,N,없음,0,11305595_자동차·운송서비스
SUB04_003920,C04_1587,예금,15390000,2024-07-09,11140615,신당동,패션·잡화,20254,76457179005,1233130,1.26,163650000,5.56,N,없음,0,11140615_패션·잡화
SUB04_003921,C04_0441,적금,6290000,2023-02-13,11710550,마천2동,여가·오락,20254,178140418,3990,24.31,1720000,44.36,N,없음,0,11710550_여가·오락
SUB04_003922,C04_0084,적금,3900000,2023-07-17,11305603,번2동,음식·음료,20254,1695488636,52403,15.73,5770000,27.68,N,없음,0,11305603_음식·음료
SUB04_003923,C04_0307,펀드,7490000,2023-06-13,11740590,암사3동,생활서비스,20254,89585395,6017,42.22,1000000,37.69,Y,소상공인신용대출,500000,11740590_생활서비스
SUB04_003924,C04_1707,예금,59990000,2025-07-03,11560560,당산2동,미용·뷰티,20254,1618498700,12237,-12.93,14240000,-11.11,N,없음,0,11560560_미용·뷰티
SUB04_003925,C04_0173,적금,6310000,2022-03-27,11530510,신도림동,식료품·편의소매,20254,4904937868,495692,-9.61,33120000,14.06,N,없음,0,11530510_식료품·편의소매
SUB04_003926,C04_0962,적금,2180000,2024-10-13,11680655,도곡1동,식료품·편의소매,20254,10702873769,1062035,-2.27,116130000,-19.48,Y,시설자금대출,67400000,11680655_식료품·편의소매
SUB04_003927,C04_0092,적금,5050000,2022-11-25,11305575,삼각산동,패션·잡화,20254,186234728,2035,8.75,1340000,0.69,N,없음,0,11305575_패션·잡화
SUB04_003928,C04_0286,적금,3090000,2025-07-25,11170510,후암동,음식·음료,20254,9414720351,323635,7.96,40920000,-8.9,N,없음,0,11170510_음식·음료
SUB04_003929,C04_0458,적금,2510000,2024-07-08,11215847,자양4동,음식·음료,20254,18787456573,615340,9.88,139860000,43.65,Y,운전자금대출,40200000,11215847_음식·음료
SUB04_003930,C04_0427,ISA,11150000,2025-09-10,11560650,신길3동,식료품·편의소매,20254,6049019933,315308,-17.41,52560000,-29.98,Y,시설자금대출,18800000,11560650_식료품·편의소매
SUB04_003931,C04_1039,예금,18140000,2025-10-08,11230545,제기동,생활서비스,20254,113384280,5942,49.64,1420000,45.95,Y,운전자금대출,200000,11230545_생활서비스
SUB04_003932,C04_1290,ISA,23710000,2025-04-29,11680640,역삼1동,문화·취미·반려,20254,10818934582,427621,21.54,87500000,0.69,N,없음,0,11680640_문화·취미·반려
SUB04_003933,C04_1921,예금,59910000,2025-04-26,11170660,이태원2동,가구·인테리어,20254,111744132,5518,56.32,1000000,75.43,Y,시설자금대출,300000,11170660_가구·인테리어
SUB04_003934,C04_1242,펀드,15550000,2022-02-05,11710642,문정2동,음식·음료,20254,41494598269,2095778,-0.14,391230000,13.33,Y,운전자금대출,232500000,11710642_음식·음료
SUB04_003935,C04_1133,예금,71890000,2025-12-09,11305645,우이동,자동차·운송서비스,20254,1039339927,4345,35.31,16370000,32.67,Y,운전자금대출,9000000,11305645_자동차·운송서비스
SUB04_003936,C04_1157,ISA,12240000,2025-06-28,11440630,신수동,가구·인테리어,20254,72939921,326,76.79,1000000,81.07,Y,소상공인신용대출,300000,11440630_가구·인테리어
SUB04_003937,C04_0502,적금,4250000,2022-11-01,11215770,중곡4동,생활서비스,20254,54810095,4627,22.44,1000000,39.49,N,없음,0,11215770_생활서비스
SUB04_003938,C04_1373,ISA,22360000,2024-11-11,11590640,사당3동,음식·음료,20254,4789645071,190992,2.07,51340000,-0.93,Y,소상공인신용대출,32900000,11590640_음식·음료
SUB04_003939,C04_1886,적금,4220000,2024-12-06,11410620,홍제1동,생활서비스,20254,48163442,3341,71.67,1000000,96.12,N,없음,0,11410620_생활서비스
SUB04_003940,C04_1136,펀드,26680000,2024-06-12,11140580,장충동,문화·취미·반려,20254,2666421508,7541,22.35,12130000,13.01,Y,소상공인신용대출,6100000,11140580_문화·취미·반려
SUB04_003941,C04_1837,적금,1410000,2024-08-21,11710580,송파1동,문화·취미·반려,20254,902365572,25800,25.21,3540000,36.9,Y,운전자금대출,1100000,11710580_문화·취미·반려
SUB04_003942,C04_1447,적금,3320000,2025-12-19,11560540,여의동,가구·인테리어,20254,1871647857,12985,-5.47,5710000,-14.49,Y,시설자금대출,1600000,11560540_가구·인테리어
SUB04_003943,C04_0824,펀드,30250000,2022-11-09,11200550,사근동,생활서비스,20254,69838870,7621,-20.79,1000000,-26.51,Y,운전자금대출,600000,11200550_생활서비스
SUB04_003944,C04_1851,펀드,8420000,2025-04-28,11500620,공항동,문화·취미·반려,20254,206061352,9978,7.13,2130000,5.36,Y,운전자금대출,700000,11500620_문화·취미·반려
SUB04_003945,C04_0973,ISA,17890000,2025-04-12,11260565,면목본동,문화·취미·반려,20254,319199146,28269,-0.95,1380000,16.82,N,없음,0,11260565_문화·취미·반려
SUB04_003946,C04_1913,펀드,4670000,2024-08-28,11320681,쌍문4동,식료품·편의소매,20254,3643983474,225745,-4.8,30530000,-17.99,N,없음,0,11320681_식료품·편의소매
SUB04_003947,C04_0634,예금,51350000,2022-08-30,11620630,남현동,음식·음료,20254,13031185794,525326,3.94,85190000,15.56,Y,소상공인신용대출,54900000,11620630_음식·음료
SUB04_003948,C04_1709,ISA,12010000,2025-01-07,11470630,신정2동,패션·잡화,20254,295168003,2792,-26.5,2430000,-10.65,N,없음,0,11470630_패션·잡화
SUB04_003949,C04_1576,펀드,14690000,2024-10-20,11440740,상암동,생활서비스,20254,157214130,8037,40.91,1000000,18.68,N,없음,0,11440740_생활서비스
SUB04_003950,C04_1538,펀드,27520000,2025-11-25,11380631,신사1동,생활서비스,20254,98286503,5147,48.57,1290000,40.16,N,없음,0,11380631_생활서비스
SUB04_003951,C04_1318,적금,2640000,2022-03-03,11650651,양재1동,가구·인테리어,20254,13889894879,52578,-6.02,120440000,-10.94,N,없음,0,11650651_가구·인테리어
SUB04_003952,C04_0607,ISA,29860000,2025-05-08,11470510,목1동,문화·취미·반려,20254,1638873452,105614,-23.72,10960000,-24.59,N,없음,0,11470510_문화·취미·반려
SUB04_003953,C04_1969,ISA,20660000,2025-01-07,11530560,구로5동,생활서비스,20254,136328095,10526,36.45,1000000,28.43,N,없음,0,11530560_생활서비스
SUB04_003954,C04_1636,펀드,27250000,2024-07-10,11650621,방배4동,생활서비스,20254,266624485,8665,20.87,1710000,20.22,Y,소상공인신용대출,400000,11650621_생활서비스
SUB04_003955,C04_1541,펀드,10790000,2024-04-10,11260565,면목본동,생활서비스,20254,40060333,2683,56.95,1000000,44.85,Y,운전자금대출,600000,11260565_생활서비스
SUB04_003956,C04_1827,예금,29560000,2023-04-11,11380590,응암2동,여가·오락,20254,191646295,3259,12.72,1000000,11.57,N,없음,0,11380590_여가·오락
SUB04_003957,C04_0210,적금,2890000,2024-09-13,11140615,신당동,문화·취미·반려,20254,1434799933,3243,172.54,6360000,100.0,Y,운전자금대출,3900000,11140615_문화·취미·반려
SUB04_003958,C04_1290,펀드,20060000,2022-07-06,11680640,역삼1동,문화·취미·반려,20254,10818934582,427621,21.54,87500000,0.69,N,없음,0,11680640_문화·취미·반려
SUB04_003959,C04_1418,적금,5100000,2023-03-18,11170700,보광동,미용·뷰티,20254,210677173,5747,-3.91,2070000,4.76,Y,운전자금대출,1100000,11170700_미용·뷰티
SUB04_003960,C04_0342,ISA,12920000,2023-06-10,11470680,신정7동,자동차·운송서비스,20254,286475696,2425,-47.02,1000000,-59.13,Y,소상공인신용대출,800000,11470680_자동차·운송서비스
SUB04_003961,C04_0971,ISA,9490000,2025-06-19,11470530,목3동,여가·오락,20254,445907413,13234,12.08,1590000,17.72,N,없음,0,11470530_여가·오락
SUB04_003962,C04_1446,펀드,15760000,2025-03-04,11710650,잠실본동,가구·인테리어,20254,1524998287,49583,9.94,4030000,18.9,Y,소상공인신용대출,2000000,11710650_가구·인테리어
SUB04_003963,C04_1918,적금,3500000,2023-01-18,11680720,일원본동,생활서비스,20254,19796734,814,32.14,1000000,37.44,N,없음,0,11680720_생활서비스
SUB04_003964,C04_1232,예금,25090000,2022-08-10,11140680,중림동,가구·인테리어,20254,838774920,895,-20.84,5020000,-45.33,Y,운전자금대출,2700000,11140680_가구·인테리어
SUB04_003965,C04_0467,펀드,9060000,2024-07-31,11410685,홍은2동,여가·오락,20254,321652788,41788,-2.05,1000000,-0.76,N,없음,0,11410685_여가·오락
SUB04_003966,C04_0528,예금,59800000,2022-11-07,11380570,대조동,전자기기·수리,20254,579514,58,-60.0,1000000,-42.71,Y,소상공인신용대출,500000,11380570_전자기기·수리
SUB04_003967,C04_0682,예금,33290000,2022-11-17,11440730,성산2동,가구·인테리어,20254,1318774709,13887,-9.95,8050000,6.46,N,없음,0,11440730_가구·인테리어
SUB04_003968,C04_0461,ISA,16510000,2025-05-19,11290715,월곡1동,미용·뷰티,20254,380492358,7842,-5.9,4260000,0.4,N,없음,0,11290715_미용·뷰티
SUB04_003969,C04_1355,예금,25030000,2024-07-20,11110540,삼청동,미용·뷰티,20254,967420678,22375,66.65,13020000,67.85,N,없음,0,11110540_미용·뷰티
SUB04_003970,C04_0682,펀드,11190000,2023-01-03,11440730,성산2동,가구·인테리어,20254,1318774709,13887,-9.95,8050000,6.46,N,없음,0,11440730_가구·인테리어
SUB04_003971,C04_1533,펀드,17960000,2025-12-17,11560540,여의동,음식·음료,20254,214182407349,6343600,2.03,2841580000,-3.97,N,없음,0,11560540_음식·음료
SUB04_003972,C04_1628,예금,75690000,2024-07-11,11650651,양재1동,음식·음료,20254,43569217476,1548811,5.52,121220000,14.61,N,없음,0,11650651_음식·음료
SUB04_003973,C04_1916,펀드,7620000,2024-02-17,11590680,신대방2동,패션·잡화,20254,1599363614,2964,162.9,16300000,100.0,N,없음,0,11590680_패션·잡화
SUB04_003974,C04_1709,펀드,41790000,2023-05-01,11470630,신정2동,패션·잡화,20254,295168003,2792,-26.5,2430000,-10.65,N,없음,0,11470630_패션·잡화
SUB04_003975,C04_1380,적금,4600000,2025-11-18,11650620,방배3동,식료품·편의소매,20254,1499912746,179189,-6.25,9170000,-16.98,N,없음,0,11650620_식료품·편의소매
SUB04_003976,C04_1828,펀드,15150000,2025-02-04,11560550,당산1동,자동차·운송서비스,20254,247963056,1587,-16.79,3060000,-3.09,N,없음,0,11560550_자동차·운송서비스
SUB04_003977,C04_1356,예금,44200000,2022-06-28,11230705,청량리동,자동차·운송서비스,20254,679066522,3657,-6.76,8570000,-24.71,N,없음,0,11230705_자동차·운송서비스
SUB04_003978,C04_0086,ISA,6560000,2025-07-07,11290810,석관동,미용·뷰티,20254,2034426244,30760,-4.17,14560000,-15.01,Y,시설자금대출,4200000,11290810_미용·뷰티
SUB04_003979,C04_1481,펀드,15800000,2022-04-05,11440690,망원1동,생활서비스,20254,62469614,6733,1.86,1000000,2.09,N,없음,0,11440690_생활서비스
SUB04_003980,C04_0854,펀드,16810000,2023-10-29,11740540,명일2동,생활서비스,20254,41061152,6244,16.22,1000000,27.73,N,없음,0,11740540_생활서비스
SUB04_003981,C04_1811,적금,5500000,2023-12-04,11470630,신정2동,자동차·운송서비스,20254,1781715467,10721,-13.61,9300000,-29.28,Y,운전자금대출,2600000,11470630_자동차·운송서비스
SUB04_003982,C04_0486,예금,43610000,2022-12-27,11350621,중계1동,생활서비스,20254,37735027,1667,55.95,1000000,79.24,N,없음,0,11350621_생활서비스
SUB04_003983,C04_1605,펀드,7060000,2023-07-17,11440610,염리동,생활서비스,20254,147053057,8596,16.21,1410000,35.92,N,없음,0,11440610_생활서비스
SUB04_003984,C04_1690,펀드,31100000,2023-07-04,11440655,서강동,여가·오락,20254,144469979,10350,1.47,1130000,-8.94,N,없음,0,11440655_여가·오락
SUB04_003985,C04_1534,펀드,8400000,2024-04-06,11410615,연희동,생활서비스,20254,260919051,15753,25.9,2380000,8.04,Y,시설자금대출,900000,11410615_생활서비스
SUB04_003986,C04_1736,적금,2910000,2022-08-28,11305660,인수동,여가·오락,20254,135849260,1845,-2.7,1450000,-24.45,Y,시설자금대출,700000,11305660_여가·오락
SUB04_003987,C04_1122,펀드,6750000,2025-10-02,11140580,장충동,패션·잡화,20254,5739173700,4603,18.04,27360000,12.74,N,없음,0,11140580_패션·잡화
SUB04_003988,C04_1818,ISA,36690000,2025-12-11,11470600,신월5동,음식·음료,20254,4845394055,182985,-3.7,40340000,-2.88,N,없음,0,11470600_음식·음료
SUB04_003989,C04_1005,적금,2410000,2025-02-02,11440710,연남동,음식·음료,20254,28838630045,962602,6.98,164150000,9.61,N,없음,0,11440710_음식·음료
SUB04_003990,C04_0589,펀드,4600000,2025-07-31,11530560,구로5동,가구·인테리어,20254,2909163136,7869,-7.09,13870000,-10.12,Y,운전자금대출,6700000,11530560_가구·인테리어
SUB04_003991,C04_1245,예금,29650000,2024-10-13,11560680,신길6동,문화·취미·반려,20254,90089778,1634,92.51,1040000,96.12,N,없음,0,11560680_문화·취미·반려
SUB04_003992,C04_0083,적금,5190000,2023-04-20,11410690,남가좌1동,여가·오락,20254,123263890,4981,-5.63,1060000,11.45,N,없음,0,11410690_여가·오락
SUB04_003993,C04_1342,펀드,6930000,2024-12-31,11440730,성산2동,문화·취미·반려,20254,390436603,4427,-29.87,5350000,-25.84,Y,시설자금대출,3000000,11440730_문화·취미·반려
SUB04_003994,C04_1481,ISA,21780000,2025-01-30,11440690,망원1동,생활서비스,20254,62469614,6733,1.86,1000000,2.09,N,없음,0,11440690_생활서비스
SUB04_003995,C04_1285,예금,29900000,2025-01-13,11170685,한남동,음식·음료,20254,52102024726,1118801,2.37,335110000,-2.83,N,없음,0,11170685_음식·음료
SUB04_003996,C04_1481,적금,4280000,2025-08-16,11440690,망원1동,생활서비스,20254,62469614,6733,1.86,1000000,2.09,N,없음,0,11440690_생활서비스
SUB04_003997,C04_1026,펀드,13620000,2023-04-01,11500604,가양2동,식료품·편의소매,20254,4334074952,453655,-4.41,33170000,-8.07,N,없음,0,11500604_식료품·편의소매
SUB04_003998,C04_0476,적금,2970000,2025-07-07,11500640,방화2동,숙박,20254,124355368,1764,0.24,1000000,1.01,Y,운전자금대출,500000,11500640_숙박
SUB04_003999,C04_0279,ISA,22360000,2023-07-02,11320513,창3동,여가·오락,20254,310742053,7223,17.43,2170000,21.47,Y,운전자금대출,1100000,11320513_여가·오락
SUB04_004000,C04_1630,펀드,12510000,2023-11-02,11380552,갈현2동,생활서비스,20254,77570670,3615,105.89,1030000,100.0,N,없음,0,11380552_생활서비스
SUB04_004001,C04_1134,ISA,71100000,2025-04-25,11140605,을지로동,전자기기·수리,20254,1038832262,10809,-51.49,8060000,-44.71,Y,소상공인신용대출,5500000,11140605_전자기기·수리
SUB04_004002,C04_1205,적금,3640000,2023-12-17,11215770,중곡4동,식료품·편의소매,20254,5594949626,426736,6.03,20840000,13.31,N,없음,0,11215770_식료품·편의소매
SUB04_004003,C04_0137,펀드,4750000,2022-05-19,11200615,금호2·3가동,문화·취미·반려,20254,29911166,2794,13.83,1000000,26.46,N,없음,0,11200615_문화·취미·반려
SUB04_004004,C04_1211,펀드,11280000,2024-09-06,11215847,자양4동,생활서비스,20254,247722136,11646,22.36,2210000,26.4,Y,운전자금대출,1000000,11215847_생활서비스
SUB04_004005,C04_1758,예금,47970000,2022-01-27,11680640,역삼1동,여가·오락,20254,3364602389,280051,-3.97,16430000,-1.0,Y,시설자금대출,10000000,11680640_여가·오락
SUB04_004006,C04_1541,펀드,14930000,2025-06-03,11260565,면목본동,생활서비스,20254,40060333,2683,56.95,1000000,44.85,Y,운전자금대출,600000,11260565_생활서비스
SUB04_004007,C04_1631,적금,4560000,2024-01-04,11680510,신사동,자동차·운송서비스,20254,1929689157,5922,5.11,15220000,9.07,N,없음,0,11680510_자동차·운송서비스
SUB04_004008,C04_0015,적금,4790000,2024-12-20,11305535,미아동,숙박,20254,74916087,1432,-37.95,1000000,-19.41,Y,시설자금대출,500000,11305535_숙박
SUB04_004009,C04_0494,ISA,8890000,2022-06-16,11650580,반포3동,자동차·운송서비스,20254,174655518,971,60.6,2000000,61.82,Y,소상공인신용대출,400000,11650580_자동차·운송서비스
SUB04_004010,C04_1692,적금,3590000,2023-06-21,11590530,상도1동,숙박,20254,11341447,74,288.99,1000000,100.0,N,없음,0,11590530_숙박
SUB04_004011,C04_1987,펀드,10300000,2022-04-10,11530540,구로3동,음식·음료,20254,66241757504,3715110,-1.22,111860000,-23.08,N,없음,0,11530540_음식·음료
SUB04_004012,C04_1472,적금,4250000,2024-01-02,11290810,석관동,식료품·편의소매,20254,7333218517,653463,4.77,85430000,-12.0,Y,소상공인신용대출,52900000,11290810_식료품·편의소매
SUB04_004013,C04_0728,예금,65430000,2024-05-19,11320710,방학3동,미용·뷰티,20254,101305447,2939,-9.4,1000000,5.99,N,없음,0,11320710_미용·뷰티
SUB04_004014,C04_1870,펀드,27790000,2023-02-12,11305625,수유2동,여가·오락,20254,625509736,65158,14.08,5720000,-10.1,N,없음,0,11305625_여가·오락
SUB04_004015,C04_0189,예금,47460000,2023-12-13,11740540,명일2동,생활서비스,20254,41061152,6244,16.22,1000000,6.9,N,없음,0,11740540_생활서비스
SUB04_004016,C04_1595,ISA,19040000,2025-01-02,11530790,수궁동,전자기기·수리,20254,261252103,1737,459.25,1810000,100.0,N,없음,0,11530790_전자기기·수리
SUB04_004017,C04_0926,예금,32820000,2024-06-26,11545680,시흥2동,자동차·운송서비스,20254,189135273,870,-19.96,1000000,-48.04,Y,운전자금대출,400000,11545680_자동차·운송서비스
SUB04_004018,C04_1418,ISA,23690000,2025-02-22,11170700,보광동,미용·뷰티,20254,210677173,5747,-3.91,2070000,4.76,Y,운전자금대출,1100000,11170700_미용·뷰티
SUB04_004019,C04_1608,적금,1790000,2025-06-06,11650660,내곡동,미용·뷰티,20254,51464490,607,-58.38,1000000,-45.85,Y,운전자금대출,400000,11650660_미용·뷰티
SUB04_004020,C04_0573,적금,5460000,2023-03-22,11350600,공릉2동,전자기기·수리,20254,49772635,1581,322.78,1000000,100.0,Y,운전자금대출,300000,11350600_전자기기·수리
SUB04_004021,C04_0775,펀드,15820000,2024-06-23,11560690,신길7동,문화·취미·반려,20254,786513,43,-39.91,1000000,-49.0,Y,운전자금대출,400000,11560690_문화·취미·반려
SUB04_004022,C04_0273,ISA,11980000,2025-04-09,11440690,망원1동,생활서비스,20254,62469614,6733,1.86,1000000,-11.96,N,없음,0,11440690_생활서비스
SUB04_004023,C04_1791,ISA,14630000,2024-12-03,11200590,금호1가동,식료품·편의소매,20254,405188423,52183,6.13,3280000,16.38,N,없음,0,11200590_식료품·편의소매
SUB04_004024,C04_0610,예금,64390000,2022-04-07,11560700,대림1동,문화·취미·반려,20254,6448417,272,-16.97,1000000,-12.89,N,없음,0,11560700_문화·취미·반려
SUB04_004025,C04_1394,적금,3040000,2022-05-11,11290725,월곡2동,미용·뷰티,20254,672935825,15112,23.01,10750000,27.24,N,없음,0,11290725_미용·뷰티
SUB04_004026,C04_1723,펀드,9760000,2025-08-01,11680610,대치2동,문화·취미·반려,20254,1618775172,55455,-7.42,3820000,-14.54,Y,소상공인신용대출,1500000,11680610_문화·취미·반려
SUB04_004027,C04_0258,예금,38930000,2025-02-19,11380590,응암2동,생활서비스,20254,10306759,510,-30.03,1000000,-26.97,Y,운전자금대출,500000,11380590_생활서비스
SUB04_004028,C04_0294,적금,3840000,2024-08-14,11470550,목5동,미용·뷰티,20254,705440050,9755,-0.77,8240000,0.52,N,없음,0,11470550_미용·뷰티
SUB04_004029,C04_0589,ISA,16430000,2024-12-20,11530560,구로5동,가구·인테리어,20254,2909163136,7869,-7.09,13870000,-10.12,Y,운전자금대출,6700000,11530560_가구·인테리어
SUB04_004030,C04_0450,예금,30650000,2023-04-24,11350611,하계1동,생활서비스,20254,81114520,3870,104.35,1860000,100.0,N,없음,0,11350611_생활서비스
SUB04_004031,C04_1869,ISA,20520000,2025-12-18,11140590,광희동,여가·오락,20254,1022850976,101374,5.63,6500000,-3.18,Y,시설자금대출,4100000,11140590_여가·오락
SUB04_004032,C04_0710,적금,5530000,2025-12-28,11590605,흑석동,가구·인테리어,20254,2525391,183,-59.05,1000000,-70.0,N,없음,0,11590605_가구·인테리어
SUB04_004033,C04_1963,펀드,15940000,2025-11-05,11380560,구산동,생활서비스,20254,124128772,3575,19.56,1000000,32.24,N,없음,0,11380560_생활서비스
SUB04_004034,C04_1776,펀드,9950000,2024-05-17,11440710,연남동,미용·뷰티,20254,1276088184,21059,0.42,5440000,-0.84,Y,시설자금대출,1400000,11440710_미용·뷰티
SUB04_004035,C04_0195,예금,59250000,2025-01-24,11545710,시흥5동,가구·인테리어,20254,74141623,627,-39.76,1000000,-33.2,N,없음,0,11545710_가구·인테리어
SUB04_004036,C04_0638,펀드,9390000,2023-02-28,11740560,고덕2동,생활서비스,20254,68756910,3519,23.56,1000000,24.4,N,없음,0,11740560_생활서비스
SUB04_004037,C04_0327,예금,22750000,2022-11-18,11110700,숭인1동,미용·뷰티,20254,241896414,5005,8.04,1000000,14.69,N,없음,0,11110700_미용·뷰티
SUB04_004038,C04_1055,펀드,33820000,2024-04-22,11500535,등촌3동,자동차·운송서비스,20254,1190468459,27193,-21.5,5190000,-17.16,Y,운전자금대출,2000000,11500535_자동차·운송서비스
SUB04_004039,C04_1304,적금,5760000,2023-07-14,11170590,용문동,문화·취미·반려,20254,67746212,2651,-86.54,1000000,-70.0,Y,운전자금대출,900000,11170590_문화·취미·반려
SUB04_004040,C04_0393,적금,5390000,2024-07-27,11620615,중앙동,음식·음료,20254,12882922817,578829,2.13,75490000,4.12,Y,운전자금대출,47800000,11620615_음식·음료
SUB04_004041,C04_1559,적금,4650000,2023-11-15,11290580,돈암1동,음식·음료,20254,259801393,10392,11.01,2550000,-3.24,Y,시설자금대출,1100000,11290580_음식·음료
SUB04_004042,C04_1052,예금,24570000,2022-12-01,11350695,상계6·7동,문화·취미·반려,20254,703204332,36258,-1.86,6530000,-5.71,Y,운전자금대출,1300000,11350695_문화·취미·반려
SUB04_004043,C04_1544,적금,5590000,2024-11-08,11200660,성수1가2동,여가·오락,20254,208053472,12522,33.09,1010000,29.94,Y,운전자금대출,300000,11200660_여가·오락
SUB04_004044,C04_1415,예금,46920000,2023-07-20,11650651,양재1동,자동차·운송서비스,20254,1821063649,6628,-6.4,18950000,-2.65,N,없음,0,11650651_자동차·운송서비스
SUB04_004045,C04_1635,ISA,26410000,2025-05-15,11170700,보광동,생활서비스,20254,7932973,233,-38.26,1000000,-37.73,Y,시설자금대출,300000,11170700_생활서비스
SUB04_004046,C04_1085,예금,45750000,2024-12-20,11380650,수색동,자동차·운송서비스,20254,223739075,2443,12.26,1000000,11.07,Y,시설자금대출,600000,11380650_자동차·운송서비스
SUB04_004047,C04_1259,예금,17340000,2023-09-07,11680580,삼성1동,음식·음료,20254,119064183827,3225951,8.0,912590000,13.03,N,없음,0,11680580_음식·음료
SUB04_004048,C04_1340,적금,14730000,2023-02-21,11620695,신림동,문화·취미·반려,20254,76595782,1734,41.6,1500000,44.72,Y,운전자금대출,800000,11620695_문화·취미·반려
SUB04_004049,C04_1870,ISA,16870000,2024-09-08,11305625,수유2동,여가·오락,20254,625509736,65158,14.08,5720000,-10.1,N,없음,0,11305625_여가·오락
SUB04_004050,C04_1664,ISA,9780000,2025-08-17,11215740,중곡1동,문화·취미·반려,20254,109109721,11281,-0.82,1000000,-21.94,Y,운전자금대출,400000,11215740_문화·취미·반려
SUB04_004051,C04_0718,예금,23250000,2022-04-08,11620525,보라매동,여가·오락,20254,558996407,56935,3.22,2650000,-9.38,N,없음,0,11620525_여가·오락
SUB04_004052,C04_0437,펀드,4620000,2023-09-20,11680521,논현1동,숙박,20254,210400057,2755,-0.39,1080000,12.23,Y,운전자금대출,200000,11680521_숙박
SUB04_004053,C04_1267,예금,28250000,2022-02-09,11710720,잠실7동,음식·음료,20254,85449529,4812,-7.83,1380000,9.06,Y,운전자금대출,500000,11710720_음식·음료
SUB04_004054,C04_1268,펀드,17860000,2023-11-05,11230610,답십리2동,전자기기·수리,20254,6957066,230,-77.51,1000000,-62.76,Y,소상공인신용대출,700000,11230610_전자기기·수리
SUB04_004055,C04_1043,예금,30760000,2024-03-27,11170700,보광동,생활서비스,20254,7932973,233,-38.26,1000000,-24.26,Y,시설자금대출,700000,11170700_생활서비스
SUB04_004056,C04_1473,ISA,31060000,2022-09-13,11260540,면목4동,여가·오락,20254,246693585,7862,16.36,1550000,4.81,N,없음,0,11260540_여가·오락
SUB04_004057,C04_1922,펀드,17270000,2022-04-30,11200720,송정동,여가·오락,20254,123412608,753,97.68,1000000,95.62,N,없음,0,11200720_여가·오락
SUB04_004058,C04_0970,펀드,8300000,2025-06-22,11710710,잠실6동,생활서비스,20254,72534614,3569,52.82,1000000,67.22,N,없음,0,11710710_생활서비스
SUB04_004059,C04_0780,펀드,9090000,2024-04-17,11260655,망우본동,숙박,20254,685941731,6766,43.63,3370000,23.63,N,없음,0,11260655_숙박
SUB04_004060,C04_1316,ISA,12320000,2022-05-11,11110650,혜화동,가구·인테리어,20254,218677832,6819,-18.45,2710000,-8.88,N,없음,0,11110650_가구·인테리어
SUB04_004061,C04_1162,적금,6880000,2025-12-05,11620575,행운동,자동차·운송서비스,20254,119253044,388,-9.9,1010000,-12.47,Y,운전자금대출,700000,11620575_자동차·운송서비스
SUB04_004062,C04_1861,적금,7540000,2024-05-07,11545670,시흥1동,숙박,20254,201573671,4449,-25.32,3910000,-28.27,N,없음,0,11545670_숙박
SUB04_004063,C04_0322,펀드,15020000,2023-03-15,11440660,서교동,가구·인테리어,20254,3176563134,76382,0.15,64420000,-4.72,N,없음,0,11440660_가구·인테리어
SUB04_004064,C04_1199,펀드,26560000,2023-03-28,11530720,고척1동,미용·뷰티,20254,544893438,12508,-23.95,7290000,-20.3,Y,운전자금대출,4900000,11530720_미용·뷰티
SUB04_004065,C04_0840,적금,3060000,2022-07-28,11590510,노량진1동,가구·인테리어,20254,865105529,24752,2.18,7580000,-7.8,N,없음,0,11590510_가구·인테리어
SUB04_004066,C04_0782,적금,3730000,2025-07-21,11620765,미성동,자동차·운송서비스,20254,1226998011,4772,0.7,6310000,-8.02,Y,시설자금대출,4100000,11620765_자동차·운송서비스
SUB04_004067,C04_0116,ISA,35580000,2022-08-27,11680510,신사동,패션·잡화,20254,36381422943,165776,23.02,310980000,25.77,N,없음,0,11680510_패션·잡화
SUB04_004068,C04_0867,예금,21160000,2025-07-27,11305555,송천동,패션·잡화,20254,2667127511,47761,4.72,22570000,-4.58,Y,소상공인신용대출,11500000,11305555_패션·잡화
SUB04_004069,C04_0298,적금,2700000,2022-07-14,11230545,제기동,가구·인테리어,20254,1241162843,33526,55.38,8140000,49.49,N,없음,0,11230545_가구·인테리어
SUB04_004070,C04_0757,펀드,5290000,2024-10-17,11140670,황학동,패션·잡화,20254,1360198637,14302,16.69,26390000,27.62,N,없음,0,11140670_패션·잡화
SUB04_004071,C04_0798,펀드,19540000,2023-10-12,11590651,사당5동,식료품·편의소매,20254,338459803,44959,-12.08,1280000,-12.86,Y,운전자금대출,800000,11590651_식료품·편의소매
SUB04_004072,C04_0484,예금,37350000,2023-05-11,11305660,인수동,미용·뷰티,20254,303814408,9965,-4.17,1710000,-23.15,Y,소상공인신용대출,1000000,11305660_미용·뷰티
SUB04_004073,C04_1281,ISA,21420000,2022-03-31,11545670,시흥1동,숙박,20254,201573671,4449,-25.32,1000000,-19.31,Y,운전자금대출,500000,11545670_숙박
SUB04_004074,C04_0457,적금,3080000,2022-08-08,11380580,응암1동,생활서비스,20254,52984063,1563,81.37,1000000,69.63,N,없음,0,11380580_생활서비스
SUB04_004075,C04_1584,펀드,7130000,2023-07-28,11230536,용신동,식료품·편의소매,20254,62929470140,2565460,24.71,168390000,36.65,Y,운전자금대출,92200000,11230536_식료품·편의소매
SUB04_004076,C04_0568,예금,29280000,2023-10-27,11470610,신월6동,문화·취미·반려,20254,1658627,37,-67.7,1000000,-62.04,Y,소상공인신용대출,800000,11470610_문화·취미·반려
SUB04_004077,C04_0691,예금,36610000,2023-01-17,11560560,당산2동,음식·음료,20254,27908262381,1164045,6.0,71430000,28.99,N,없음,0,11560560_음식·음료
SUB04_004078,C04_1083,예금,18800000,2025-11-04,11290650,정릉4동,미용·뷰티,20254,324958033,8633,-0.57,1180000,0.16,N,없음,0,11290650_미용·뷰티
SUB04_004079,C04_1640,적금,3550000,2023-05-25,11500530,등촌2동,식료품·편의소매,20254,1240052355,106072,2.75,4840000,-9.94,Y,운전자금대출,2400000,11500530_식료품·편의소매
SUB04_004080,C04_0261,적금,2450000,2025-12-27,11305645,우이동,패션·잡화,20254,1625657281,9793,186.41,7980000,100.0,N,없음,0,11305645_패션·잡화
SUB04_004081,C04_1787,ISA,16360000,2024-10-02,11380650,수색동,식료품·편의소매,20254,1483594639,84209,-8.65,10640000,-25.8,Y,운전자금대출,8000000,11380650_식료품·편의소매
SUB04_004082,C04_0743,ISA,17240000,2025-06-29,11620765,미성동,생활서비스,20254,89246650,3687,77.21,1000000,73.87,N,없음,0,11620765_생활서비스
SUB04_004083,C04_1266,ISA,28870000,2025-03-18,11140570,필동,식료품·편의소매,20254,4018903908,755669,4.78,13340000,-6.75,Y,운전자금대출,7300000,11140570_식료품·편의소매
SUB04_004084,C04_0206,예금,22360000,2025-02-12,11500510,염창동,패션·잡화,20254,573346902,4830,27.54,3620000,39.26,N,없음,0,11500510_패션·잡화
SUB04_004085,C04_0606,예금,44120000,2022-03-11,11200720,송정동,음식·음료,20254,1509946746,65862,0.09,12280000,4.45,N,없음,0,11200720_음식·음료
SUB04_004086,C04_0747,예금,90810000,2022-02-15,11200570,행당2동,생활서비스,20254,17086861,875,107.62,1000000,100.0,N,없음,0,11200570_생활서비스
SUB04_004087,C04_1843,예금,27520000,2023-12-03,11305555,송천동,자동차·운송서비스,20254,2622833984,14370,-8.18,8290000,-8.97,Y,시설자금대출,2600000,11305555_자동차·운송서비스
SUB04_004088,C04_0347,예금,34870000,2022-07-17,11290580,돈암1동,미용·뷰티,20254,188447908,3460,5.47,1590000,7.13,N,없음,0,11290580_미용·뷰티
SUB04_004089,C04_0304,펀드,14730000,2025-05-15,11590540,상도2동,패션·잡화,20254,1460484656,24991,81.71,22920000,94.69,Y,운전자금대출,13100000,11590540_패션·잡화
SUB04_004090,C04_1945,예금,24650000,2022-04-14,11230600,답십리1동,문화·취미·반려,20254,97372115,1541,11.87,1850000,17.88,Y,운전자금대출,1200000,11230600_문화·취미·반려
SUB04_004091,C04_1394,적금,3960000,2022-05-15,11290725,월곡2동,미용·뷰티,20254,672935825,15112,23.01,10750000,27.24,N,없음,0,11290725_미용·뷰티
SUB04_004092,C04_0901,적금,2330000,2024-06-29,11320660,쌍문1동,식료품·편의소매,20254,4031344031,393438,3.25,39450000,23.22,N,없음,0,11320660_식료품·편의소매
SUB04_004093,C04_0165,예금,17410000,2024-07-27,11620725,조원동,가구·인테리어,20254,326764114,5846,4.81,1910000,-3.23,Y,소상공인신용대출,1000000,11620725_가구·인테리어
SUB04_004094,C04_0935,ISA,13390000,2025-09-09,11230545,제기동,전자기기·수리,20254,3454146571,5006,233.89,41950000,100.0,Y,소상공인신용대출,12800000,11230545_전자기기·수리
SUB04_004095,C04_0902,적금,4790000,2025-12-14,11320670,쌍문2동,가구·인테리어,20254,334245733,1414,333.04,1840000,100.0,N,없음,0,11320670_가구·인테리어
SUB04_004096,C04_1451,ISA,52510000,2025-05-02,11470680,신정7동,생활서비스,20254,38021591,2181,34.34,1000000,38.08,N,없음,0,11470680_생활서비스
SUB04_004097,C04_0826,ISA,14440000,2022-10-29,11500611,발산1동,생활서비스,20254,41738751,2322,50.87,1000000,46.37,Y,소상공인신용대출,300000,11500611_생활서비스
SUB04_004098,C04_0336,적금,2130000,2023-06-17,11530595,가리봉동,여가·오락,20254,774741042,89402,-12.48,7320000,-1.21,Y,운전자금대출,1900000,11530595_여가·오락
SUB04_004099,C04_0176,예금,54770000,2024-04-03,11170630,이촌1동,문화·취미·반려,20254,64111445,2934,-5.52,1000000,-8.25,N,없음,0,11170630_문화·취미·반려
SUB04_004100,C04_0265,적금,3810000,2024-03-08,11710562,방이2동,미용·뷰티,20254,1565472721,18889,-10.82,5690000,7.3,N,없음,0,11710562_미용·뷰티
SUB04_004101,C04_1732,예금,15940000,2023-08-15,11260610,중화2동,숙박,20254,70027867,3867,13.4,1000000,26.35,N,없음,0,11260610_숙박
SUB04_004102,C04_0341,예금,10110000,2025-11-02,11215847,자양4동,여가·오락,20254,1737193196,100692,3.25,23060000,11.7,N,없음,0,11215847_여가·오락
SUB04_004103,C04_1967,적금,1640000,2023-06-15,11620615,중앙동,식료품·편의소매,20254,6815984203,628358,-0.6,82110000,5.84,Y,소상공인신용대출,25300000,11620615_식료품·편의소매
SUB04_004104,C04_0943,펀드,16800000,2025-07-03,11260600,중화1동,가구·인테리어,20254,30563796,1289,146.03,1000000,100.0,Y,시설자금대출,400000,11260600_가구·인테리어
SUB04_004105,C04_0505,ISA,34840000,2023-12-09,11350560,월계1동,여가·오락,20254,1069534364,107365,-11.7,13380000,-15.34,N,없음,0,11350560_여가·오락
SUB04_004106,C04_1500,예금,28100000,2025-02-17,11320512,창2동,문화·취미·반려,20254,93696051,2462,28.67,1000000,28.53,N,없음,0,11320512_문화·취미·반려
SUB04_004107,C04_1755,적금,5180000,2025-06-07,11215850,구의1동,여가·오락,20254,988213375,50756,9.72,13540000,-1.16,N,없음,0,11215850_여가·오락
SUB04_004108,C04_0760,펀드,12350000,2025-09-25,11710590,송파2동,음식·음료,20254,4791526052,360662,-6.32,19250000,-3.58,Y,운전자금대출,6900000,11710590_음식·음료
SUB04_004109,C04_1382,적금,1960000,2025-04-14,11470650,신정4동,식료품·편의소매,20254,11677916807,987540,-3.71,179750000,1.18,N,없음,0,11470650_식료품·편의소매
SUB04_004110,C04_1461,펀드,13550000,2022-05-02,11710647,위례동,식료품·편의소매,20254,557220291,65111,1.99,2730000,-14.7,N,없음,0,11710647_식료품·편의소매
SUB04_004111,C04_1047,적금,2930000,2024-05-12,11470640,신정3동,음식·음료,20254,7586591030,472562,0.38,50830000,21.05,Y,운전자금대출,21800000,11470640_음식·음료
SUB04_004112,C04_0420,펀드,23760000,2023-01-29,11680730,일원1동,식료품·편의소매,20254,2197605627,241313,-3.66,29430000,-3.94,Y,소상공인신용대출,7600000,11680730_식료품·편의소매
SUB04_004113,C04_0280,ISA,8120000,2023-09-01,11140590,광희동,문화·취미·반려,20254,28577068055,302911,-28.35,153500000,-38.48,N,없음,0,11140590_문화·취미·반려
SUB04_004114,C04_0421,펀드,10030000,2024-05-21,11560515,영등포본동,식료품·편의소매,20254,20952228350,2971265,0.12,77660000,-5.89,N,없음,0,11560515_식료품·편의소매
SUB04_004115,C04_1724,펀드,17930000,2025-09-18,11140670,황학동,식료품·편의소매,20254,25961579917,948298,4.97,86540000,18.26,Y,소상공인신용대출,38300000,11140670_식료품·편의소매
SUB04_004116,C04_1918,펀드,12220000,2025-03-07,11680720,일원본동,생활서비스,20254,19796734,814,32.14,1000000,37.44,N,없음,0,11680720_생활서비스
SUB04_004117,C04_1248,예금,42390000,2023-04-26,11680750,수서동,식료품·편의소매,20254,25463554565,3081242,0.06,106540000,-1.38,Y,시설자금대출,66200000,11680750_식료품·편의소매
SUB04_004118,C04_1351,ISA,13730000,2025-01-02,11500540,화곡1동,식료품·편의소매,20254,18984453524,1765598,-1.05,159830000,-7.55,N,없음,0,11500540_식료품·편의소매
SUB04_004119,C04_1220,ISA,9990000,2024-11-27,11620665,서림동,문화·취미·반려,20254,67794967,1312,-34.87,1000000,-30.08,N,없음,0,11620665_문화·취미·반려
SUB04_004120,C04_0353,ISA,12980000,2023-06-18,11470530,목3동,여가·오락,20254,445907413,13234,12.08,5780000,21.37,Y,소상공인신용대출,2500000,11470530_여가·오락
SUB04_004121,C04_0911,ISA,30830000,2025-09-24,11305645,우이동,문화·취미·반려,20254,18757447,906,-71.47,1000000,-67.64,N,없음,0,11305645_문화·취미·반려
SUB04_004122,C04_0899,펀드,10660000,2024-04-21,11140590,광희동,숙박,20254,604347702,8063,0.44,4440000,-12.67,Y,소상공인신용대출,2700000,11140590_숙박
SUB04_004123,C04_0821,적금,8660000,2024-06-14,11500630,방화1동,문화·취미·반려,20254,1030841814,45820,-2.16,2890000,-1.65,Y,운전자금대출,900000,11500630_문화·취미·반려
SUB04_004124,C04_1568,예금,57700000,2024-06-11,11200560,행당1동,미용·뷰티,20254,1348220120,19255,1.33,8250000,1.24,Y,운전자금대출,2300000,11200560_미용·뷰티
SUB04_004125,C04_1031,ISA,58450000,2025-03-01,11230720,휘경1동,생활서비스,20254,43249472,1973,40.42,1000000,37.47,N,없음,0,11230720_생활서비스
SUB04_004126,C04_0181,ISA,12600000,2024-08-26,11560540,여의동,가구·인테리어,20254,1871647857,12985,-5.47,10210000,-6.84,N,없음,0,11560540_가구·인테리어
SUB04_004127,C04_0889,적금,4550000,2022-02-05,11500550,화곡2동,식료품·편의소매,20254,2331470364,257474,-4.24,10740000,-26.71,N,없음,0,11500550_식료품·편의소매
SUB04_004128,C04_0472,예금,40290000,2023-03-28,11140625,다산동,패션·잡화,20254,10185723639,41638,111.77,34560000,100.0,Y,소상공인신용대출,16800000,11140625_패션·잡화
SUB04_004129,C04_0797,ISA,25730000,2025-03-21,11290575,동선동,미용·뷰티,20254,3240034849,46138,-13.14,12210000,-6.06,N,없음,0,11290575_미용·뷰티
SUB04_004130,C04_1498,예금,34850000,2024-12-24,11140615,신당동,미용·뷰티,20254,1270185369,26986,48.84,5810000,60.67,Y,운전자금대출,2900000,11140615_미용·뷰티
SUB04_004131,C04_0547,펀드,21490000,2023-12-26,11230560,전농1동,미용·뷰티,20254,1388427917,19951,3.14,3120000,16.05,Y,운전자금대출,1500000,11230560_미용·뷰티
SUB04_004132,C04_1000,펀드,6910000,2024-12-09,11680730,일원1동,음식·음료,20254,12020122638,450188,-0.07,92340000,-12.01,Y,운전자금대출,56600000,11680730_음식·음료
SUB04_004133,C04_0055,예금,17770000,2025-12-31,11230705,청량리동,음식·음료,20254,15767729201,675624,3.27,126410000,21.28,Y,소상공인신용대출,33400000,11230705_음식·음료
SUB04_004134,C04_0828,예금,44320000,2025-01-12,11260580,상봉1동,생활서비스,20254,294983953,17011,52.38,1000000,34.65,N,없음,0,11260580_생활서비스
SUB04_004135,C04_1462,ISA,12020000,2025-09-07,11470540,목4동,가구·인테리어,20254,77488829,3521,-26.48,1000000,-28.74,Y,시설자금대출,500000,11470540_가구·인테리어
SUB04_004136,C04_0859,펀드,6270000,2023-02-22,11650530,서초3동,가구·인테리어,20254,878972164,29073,28.86,8580000,25.79,Y,소상공인신용대출,4800000,11650530_가구·인테리어
SUB04_004137,C04_1122,예금,22830000,2025-01-09,11140580,장충동,패션·잡화,20254,5739173700,4603,18.04,27360000,12.74,N,없음,0,11140580_패션·잡화
SUB04_004138,C04_1116,예금,33100000,2024-12-22,11620525,보라매동,미용·뷰티,20254,1033307583,25408,-0.41,3690000,0.52,Y,시설자금대출,1500000,11620525_미용·뷰티
SUB04_004139,C04_0460,예금,55380000,2024-03-31,11110600,가회동,미용·뷰티,20254,63438839,1986,-12.8,1000000,-8.23,N,없음,0,11110600_미용·뷰티
SUB04_004140,C04_1344,ISA,14400000,2025-02-15,11200645,옥수동,식료품·편의소매,20254,568961615,53820,-6.42,6040000,-2.5,Y,운전자금대출,2900000,11200645_식료품·편의소매
SUB04_004141,C04_0313,적금,7680000,2023-04-17,11440630,신수동,미용·뷰티,20254,153384087,3694,-9.93,1000000,-14.73,N,없음,0,11440630_미용·뷰티
SUB04_004142,C04_0223,펀드,15920000,2025-12-15,11530750,개봉2동,생활서비스,20254,44298908,2245,78.52,1000000,62.18,Y,운전자금대출,300000,11530750_생활서비스
SUB04_004143,C04_1985,ISA,9090000,2025-08-20,11680650,역삼2동,가구·인테리어,20254,1428110623,29403,37.05,14570000,27.09,Y,시설자금대출,8500000,11680650_가구·인테리어
SUB04_004144,C04_1864,예금,39660000,2022-04-19,11620615,중앙동,생활서비스,20254,53410571,6942,31.38,1000000,15.59,N,없음,0,11620615_생활서비스
SUB04_004145,C04_1010,ISA,26190000,2024-05-10,11230740,이문1동,음식·음료,20254,13060217362,992336,12.34,31070000,16.09,N,없음,0,11230740_음식·음료
SUB04_004146,C04_1415,적금,3670000,2023-01-15,11650651,양재1동,자동차·운송서비스,20254,1821063649,6628,-6.4,18950000,-2.65,N,없음,0,11650651_자동차·운송서비스
SUB04_004147,C04_1486,예금,26120000,2022-11-10,11560650,신길3동,생활서비스,20254,33213761,1501,18.03,1000000,1.9,N,없음,0,11560650_생활서비스
SUB04_004148,C04_1032,펀드,7910000,2024-12-19,11410700,남가좌2동,여가·오락,20254,542546429,73798,-1.76,2730000,-9.56,Y,시설자금대출,900000,11410700_여가·오락
SUB04_004149,C04_0238,예금,13110000,2024-01-07,11230570,전농2동,문화·취미·반려,20254,401391229,29414,-50.07,1890000,-44.92,Y,운전자금대출,1100000,11230570_문화·취미·반려
SUB04_004150,C04_1597,펀드,5650000,2022-04-06,11215760,중곡3동,식료품·편의소매,20254,2843372517,286106,-2.31,48330000,-5.04,Y,운전자금대출,25100000,11215760_식료품·편의소매
SUB04_004151,C04_1390,예금,56490000,2024-03-16,11260610,중화2동,패션·잡화,20254,1113077063,21825,8.3,8150000,18.43,Y,운전자금대출,3000000,11260610_패션·잡화
SUB04_004152,C04_1514,예금,18200000,2022-07-09,11380520,불광1동,음식·음료,20254,12665001747,518214,-0.34,231760000,2.25,Y,운전자금대출,122900000,11380520_음식·음료
SUB04_004153,C04_1075,적금,8440000,2022-05-20,11170590,용문동,패션·잡화,20254,547130294,13425,25.84,5300000,24.03,Y,운전자금대출,1800000,11170590_패션·잡화
SUB04_004154,C04_1088,펀드,13550000,2024-10-03,11290590,돈암2동,음식·음료,20254,1463232846,187811,-1.09,12060000,5.78,N,없음,0,11290590_음식·음료
SUB04_004155,C04_1254,펀드,22920000,2024-08-29,11140605,을지로동,숙박,20254,172925314,1764,25.5,1230000,44.98,N,없음,0,11140605_숙박
SUB04_004156,C04_0847,적금,4840000,2023-03-24,11380570,대조동,미용·뷰티,20254,1446196964,24451,-2.51,9710000,-5.46,Y,시설자금대출,5900000,11380570_미용·뷰티
SUB04_004157,C04_1467,ISA,20040000,2024-05-28,11215847,자양4동,식료품·편의소매,20254,9387119931,787006,0.17,66920000,4.71,Y,소상공인신용대출,35800000,11215847_식료품·편의소매
SUB04_004158,C04_1191,예금,68620000,2023-08-12,11215870,구의3동,자동차·운송서비스,20254,405600013,1840,19.43,1750000,35.49,N,없음,0,11215870_자동차·운송서비스
SUB04_004159,C04_0977,적금,1510000,2023-10-01,11440655,서강동,생활서비스,20254,113119170,6212,80.01,1000000,88.45,Y,소상공인신용대출,400000,11440655_생활서비스
SUB04_004160,C04_0111,ISA,12990000,2023-08-05,11500520,등촌1동,전자기기·수리,20254,144914527,1806,-49.66,4580000,-70.0,Y,시설자금대출,2600000,11500520_전자기기·수리
SUB04_004161,C04_0668,펀드,36450000,2025-05-13,11560700,대림1동,여가·오락,20254,158734323,1058,-3.65,1250000,-5.71,N,없음,0,11560700_여가·오락
SUB04_004162,C04_0017,예금,44260000,2024-12-02,11230750,이문2동,여가·오락,20254,86416962,551,37.78,1000000,40.89,N,없음,0,11230750_여가·오락
SUB04_004163,C04_1367,ISA,18100000,2023-12-17,11380510,녹번동,미용·뷰티,20254,618932937,13479,-12.97,4090000,-0.71,N,없음,0,11380510_미용·뷰티
SUB04_004164,C04_1251,적금,5110000,2022-04-09,11470640,신정3동,미용·뷰티,20254,636939569,15226,-1.78,4070000,3.95,Y,운전자금대출,1200000,11470640_미용·뷰티
SUB04_004165,C04_0130,적금,4790000,2024-07-13,11215847,자양4동,여가·오락,20254,1737193196,100692,3.25,27900000,19.19,Y,시설자금대출,18000000,11215847_여가·오락
SUB04_004166,C04_1262,예금,34380000,2024-06-03,11560535,영등포동,여가·오락,20254,2215364864,130668,-5.58,49670000,-13.6,N,없음,0,11560535_여가·오락
SUB04_004167,C04_1241,예금,39440000,2024-12-29,11590670,신대방1동,생활서비스,20254,71970959,4679,43.11,1000000,53.76,Y,소상공인신용대출,300000,11590670_생활서비스
SUB04_004168,C04_1463,적금,2360000,2025-11-12,11500550,화곡2동,음식·음료,20254,953137200,46880,-11.27,17490000,-29.2,N,없음,0,11500550_음식·음료
SUB04_004169,C04_1474,펀드,40840000,2025-12-19,11440590,용강동,문화·취미·반려,20254,8090791196,140693,12.67,56660000,16.67,Y,운전자금대출,23200000,11440590_문화·취미·반려
SUB04_004170,C04_1655,펀드,15950000,2022-07-06,11740610,천호2동,자동차·운송서비스,20254,3288701702,18686,-4.11,15220000,-4.61,Y,운전자금대출,2800000,11740610_자동차·운송서비스
SUB04_004171,C04_1090,펀드,10520000,2022-09-19,11380552,갈현2동,가구·인테리어,20254,96256743,2786,8.6,1000000,18.99,Y,시설자금대출,500000,11380552_가구·인테리어
SUB04_004172,C04_0047,ISA,13370000,2022-03-01,11590640,사당3동,가구·인테리어,20254,44818542,742,2.81,1000000,4.23,N,없음,0,11590640_가구·인테리어
SUB04_004173,C04_0196,예금,27120000,2023-02-24,11320710,방학3동,미용·뷰티,20254,101305447,2939,-9.4,1000000,-2.74,Y,운전자금대출,200000,11320710_미용·뷰티
SUB04_004174,C04_0767,ISA,16960000,2025-02-22,11200535,왕십리도선동,식료품·편의소매,20254,19038214470,522301,60.84,58040000,56.34,Y,운전자금대출,11800000,11200535_식료품·편의소매
SUB04_004175,C04_1385,ISA,13880000,2022-12-24,11170660,이태원2동,문화·취미·반려,20254,43207730,711,-17.86,1000000,-31.63,N,없음,0,11170660_문화·취미·반려
SUB04_004176,C04_0743,펀드,12100000,2025-05-21,11620765,미성동,생활서비스,20254,89246650,3687,77.21,1000000,73.87,N,없음,0,11620765_생활서비스
SUB04_004177,C04_0745,펀드,15950000,2024-04-24,11530510,신도림동,문화·취미·반려,20254,771657823,1949,209.4,1490000,100.0,Y,운전자금대출,800000,11530510_문화·취미·반려
SUB04_004178,C04_0502,적금,4060000,2024-05-20,11215770,중곡4동,생활서비스,20254,54810095,4627,22.44,1000000,39.49,N,없음,0,11215770_생활서비스
SUB04_004179,C04_1689,예금,20160000,2024-09-11,11170510,후암동,자동차·운송서비스,20254,442589671,2156,-11.73,2160000,-12.74,Y,운전자금대출,1400000,11170510_자동차·운송서비스
SUB04_004180,C04_0307,적금,1840000,2022-02-02,11740590,암사3동,생활서비스,20254,89585395,6017,42.22,1000000,37.69,Y,소상공인신용대출,500000,11740590_생활서비스
SUB04_004181,C04_0645,예금,28210000,2023-08-01,11305645,우이동,문화·취미·반려,20254,18757447,906,-71.47,1000000,-70.0,Y,운전자금대출,900000,11305645_문화·취미·반려
SUB04_004182,C04_1132,적금,4320000,2023-09-21,11650530,서초3동,미용·뷰티,20254,13898850095,41990,162.49,34640000,100.0,Y,소상공인신용대출,17300000,11650530_미용·뷰티
SUB04_004183,C04_0174,펀드,16520000,2022-11-12,11140635,약수동,음식·음료,20254,8356377865,338323,4.09,144910000,1.82,N,없음,0,11140635_음식·음료
SUB04_004184,C04_1674,적금,6880000,2023-07-30,11710600,석촌동,생활서비스,20254,194277454,11256,43.88,1810000,62.11,N,없음,0,11710600_생활서비스
SUB04_004185,C04_0087,ISA,18380000,2025-05-16,11740640,성내1동,문화·취미·반려,20254,2728232108,19969,-15.32,70540000,-16.23,Y,운전자금대출,47000000,11740640_문화·취미·반려
SUB04_004186,C04_1416,펀드,15920000,2025-07-05,11710647,위례동,미용·뷰티,20254,560088104,6705,0.16,1620000,5.86,N,없음,0,11710647_미용·뷰티
SUB04_004187,C04_0887,적금,3500000,2024-12-18,11320700,방학2동,자동차·운송서비스,20254,165944381,1186,-1.46,1620000,-5.64,N,없음,0,11320700_자동차·운송서비스
SUB04_004188,C04_0758,적금,2570000,2024-08-29,11230600,답십리1동,숙박,20254,75388322,1567,-26.93,1000000,-28.14,N,없음,0,11230600_숙박
SUB04_004189,C04_1999,펀드,22930000,2025-07-12,11470670,신정6동,문화·취미·반려,20254,431172432,20858,-28.11,1210000,-26.6,N,없음,0,11470670_문화·취미·반려
SUB04_004190,C04_1096,펀드,10680000,2025-11-29,11320700,방학2동,패션·잡화,20254,681560805,13245,38.71,5340000,30.89,N,없음,0,11320700_패션·잡화
SUB04_004191,C04_1117,펀드,10280000,2024-10-12,11290590,돈암2동,식료품·편의소매,20254,1347706991,125088,-5.5,9910000,-9.95,Y,운전자금대출,5400000,11290590_식료품·편의소매
SUB04_004192,C04_0757,펀드,8480000,2025-05-22,11140670,황학동,패션·잡화,20254,1360198637,14302,16.69,26390000,27.62,N,없음,0,11140670_패션·잡화
SUB04_004193,C04_0097,펀드,18710000,2025-02-13,11470640,신정3동,음식·음료,20254,7586591030,472562,0.38,95280000,2.43,Y,운전자금대출,50200000,11470640_음식·음료
SUB04_004194,C04_1039,펀드,11740000,2024-09-11,11230545,제기동,생활서비스,20254,113384280,5942,49.64,1420000,45.95,Y,운전자금대출,200000,11230545_생활서비스
SUB04_004195,C04_1310,ISA,10940000,2024-06-01,11710532,거여2동,미용·뷰티,20254,486155578,11772,-9.0,1620000,0.19,Y,소상공인신용대출,600000,11710532_미용·뷰티
SUB04_004196,C04_1572,적금,5820000,2025-03-18,11740570,암사1동,식료품·편의소매,20254,16339042411,1048479,9.4,154350000,-3.88,Y,운전자금대출,62400000,11740570_식료품·편의소매
SUB04_004197,C04_1438,펀드,12190000,2025-10-29,11650560,반포1동,음식·음료,20254,16953216168,821681,0.1,70950000,-0.89,N,없음,0,11650560_음식·음료
SUB04_004198,C04_0416,적금,6270000,2024-10-25,11215780,능동,여가·오락,20254,542098145,14054,-8.53,3070000,14.01,N,없음,0,11215780_여가·오락
SUB04_004199,C04_1270,적금,7850000,2025-07-16,11500620,공항동,가구·인테리어,20254,58363181,1868,-10.16,1000000,-7.71,N,없음,0,11500620_가구·인테리어
SUB04_004200,C04_0183,ISA,20580000,2025-02-05,11620575,행운동,여가·오락,20254,916073348,128372,-10.09,10880000,-7.22,N,없음,0,11620575_여가·오락
SUB04_004201,C04_0396,ISA,47680000,2024-04-08,11260660,망우3동,가구·인테리어,20254,331310752,6517,8.87,1000000,11.46,Y,소상공인신용대출,500000,11260660_가구·인테리어
SUB04_004202,C04_0112,적금,3330000,2022-03-08,11305625,수유2동,자동차·운송서비스,20254,807852902,6287,10.71,3940000,-4.4,N,없음,0,11305625_자동차·운송서비스
SUB04_004203,C04_1175,예금,11440000,2023-02-03,11320660,쌍문1동,음식·음료,20254,2552230094,217952,-0.83,14330000,40.62,Y,소상공인신용대출,2600000,11320660_음식·음료
SUB04_004204,C04_1335,펀드,27520000,2025-08-12,11215710,화양동,미용·뷰티,20254,2386366166,50261,-9.87,9860000,3.28,N,없음,0,11215710_미용·뷰티
SUB04_004205,C04_1207,ISA,34200000,2023-03-02,11680720,일원본동,패션·잡화,20254,173695685,884,-44.23,1000000,-53.18,Y,시설자금대출,400000,11680720_패션·잡화
SUB04_004206,C04_1859,ISA,18090000,2024-01-08,11620725,조원동,생활서비스,20254,6366510,379,36.23,1000000,28.42,N,없음,0,11620725_생활서비스
SUB04_004207,C04_0677,ISA,24870000,2025-04-13,11200650,성수1가1동,가구·인테리어,20254,129076814,3850,-16.99,1240000,-24.76,Y,시설자금대출,600000,11200650_가구·인테리어
SUB04_004208,C04_0750,ISA,29540000,2024-09-24,11440690,망원1동,음식·음료,20254,18122998952,914127,4.3,88580000,13.53,N,없음,0,11440690_음식·음료
SUB04_004209,C04_0337,예금,11650000,2023-10-08,11290555,삼선동,음식·음료,20254,16670973186,594863,2.53,170040000,14.24,N,없음,0,11290555_음식·음료
SUB04_004210,C04_0647,ISA,16630000,2024-02-05,11680740,일원2동,식료품·편의소매,20254,1848726895,227739,-9.13,13010000,-14.69,Y,소상공인신용대출,3200000,11680740_식료품·편의소매
SUB04_004211,C04_1832,ISA,25340000,2022-03-11,11545710,시흥5동,패션·잡화,20254,2592803972,12632,117.73,23950000,100.0,N,없음,0,11545710_패션·잡화
SUB04_004212,C04_1950,펀드,4970000,2022-01-21,11740600,천호1동,여가·오락,20254,288504601,9874,12.19,4620000,-8.56,N,없음,0,11740600_여가·오락
SUB04_004213,C04_0103,적금,3440000,2025-05-11,11305575,삼각산동,패션·잡화,20254,186234728,2035,8.75,1200000,-1.39,N,없음,0,11305575_패션·잡화
SUB04_004214,C04_0552,펀드,17500000,2023-05-17,11680690,개포4동,패션·잡화,20254,2053835390,19317,9.61,11640000,9.76,N,없음,0,11680690_패션·잡화
SUB04_004215,C04_1021,예금,53490000,2025-12-13,11500590,화곡본동,패션·잡화,20254,557512160,5227,87.21,2460000,92.49,Y,시설자금대출,1400000,11500590_패션·잡화
SUB04_004216,C04_1623,펀드,13170000,2024-03-17,11560535,영등포동,식료품·편의소매,20254,104315357569,3203024,-6.21,990760000,-11.71,Y,시설자금대출,606400000,11560535_식료품·편의소매
SUB04_004217,C04_1696,ISA,21660000,2022-09-07,11260575,면목3·8동,생활서비스,20254,281170613,13556,106.01,1570000,100.0,Y,운전자금대출,400000,11260575_생활서비스
SUB04_004218,C04_1841,적금,2200000,2024-08-21,11230536,용신동,패션·잡화,20254,8218442401,54940,137.45,19310000,100.0,Y,운전자금대출,11500000,11230536_패션·잡화
SUB04_004219,C04_0470,예금,35390000,2024-07-24,11560540,여의동,자동차·운송서비스,20254,184854217,918,43.13,1000000,35.31,Y,운전자금대출,500000,11560540_자동차·운송서비스
SUB04_004220,C04_0829,적금,6300000,2024-12-07,11710550,마천2동,가구·인테리어,20254,512428803,3364,-31.69,2890000,-33.74,N,없음,0,11710550_가구·인테리어
SUB04_004221,C04_1906,예금,34820000,2023-11-05,11110710,숭인2동,가구·인테리어,20254,197204215,4713,-36.82,1000000,-53.04,Y,운전자금대출,500000,11110710_가구·인테리어
SUB04_004222,C04_0939,예금,39690000,2023-05-26,11590650,사당4동,미용·뷰티,20254,420609741,9981,9.54,1500000,38.9,Y,운전자금대출,900000,11590650_미용·뷰티
SUB04_004223,C04_0306,펀드,15640000,2022-04-12,11440720,성산1동,여가·오락,20254,213097937,5085,8.82,1170000,6.69,N,없음,0,11440720_여가·오락
SUB04_004224,C04_1743,적금,4630000,2025-03-19,11680740,일원2동,문화·취미·반려,20254,66364821,4012,36.65,1000000,43.27,N,없음,0,11680740_문화·취미·반려
SUB04_004225,C04_0582,예금,65500000,2022-06-20,11140625,다산동,식료품·편의소매,20254,3244243925,375203,-12.15,29600000,-21.28,N,없음,0,11140625_식료품·편의소매
SUB04_004226,C04_1477,적금,1640000,2023-02-03,11230730,휘경2동,문화·취미·반려,20254,704220482,3811,357.09,7130000,100.0,Y,운전자금대출,3300000,11230730_문화·취미·반려
SUB04_004227,C04_1144,적금,3630000,2025-05-24,11260630,묵2동,패션·잡화,20254,1621964544,16925,3.99,13550000,10.7,N,없음,0,11260630_패션·잡화
SUB04_004228,C04_0516,예금,99890000,2022-07-21,11380590,응암2동,여가·오락,20254,191646295,3259,12.72,1380000,24.42,N,없음,0,11380590_여가·오락
SUB04_004229,C04_1787,적금,3390000,2023-06-13,11380650,수색동,식료품·편의소매,20254,1483594639,84209,-8.65,10640000,-25.8,Y,운전자금대출,8000000,11380650_식료품·편의소매
SUB04_004230,C04_0412,예금,47350000,2023-12-03,11110700,숭인1동,패션·잡화,20254,252070033,449,1468.81,1990000,100.0,Y,운전자금대출,500000,11110700_패션·잡화
SUB04_004231,C04_0052,적금,5330000,2025-05-25,11740650,성내2동,전자기기·수리,20254,21334825,158,4.37,1000000,8.91,N,없음,0,11740650_전자기기·수리
SUB04_004232,C04_0655,예금,41880000,2023-09-26,11650581,반포4동,생활서비스,20254,111585401,3964,7.75,1000000,0.22,N,없음,0,11650581_생활서비스
SUB04_004233,C04_0969,예금,27580000,2025-11-24,11710550,마천2동,식료품·편의소매,20254,12888395931,702719,25.6,209850000,28.1,Y,시설자금대출,32900000,11710550_식료품·편의소매
SUB04_004234,C04_1167,펀드,8580000,2025-05-11,11140540,회현동,미용·뷰티,20254,15360978576,124492,-0.01,123700000,-0.87,N,없음,0,11140540_미용·뷰티
SUB04_004235,C04_0263,예금,27820000,2024-04-23,11470530,목3동,생활서비스,20254,131435179,6133,36.23,1210000,18.8,N,없음,0,11470530_생활서비스
SUB04_004236,C04_1916,ISA,10140000,2025-01-28,11590680,신대방2동,패션·잡화,20254,1599363614,2964,162.9,16300000,100.0,N,없음,0,11590680_패션·잡화
SUB04_004237,C04_1735,예금,48730000,2022-11-17,11710540,마천1동,미용·뷰티,20254,360527966,6073,28.62,1320000,22.74,N,없음,0,11710540_미용·뷰티
SUB04_004238,C04_0926,예금,32290000,2022-02-07,11545680,시흥2동,자동차·운송서비스,20254,189135273,870,-19.96,1000000,-48.04,Y,운전자금대출,400000,11545680_자동차·운송서비스
SUB04_004239,C04_1603,적금,6990000,2023-10-19,11305615,수유1동,숙박,20254,305292083,14631,-33.97,2660000,-28.62,Y,운전자금대출,1900000,11305615_숙박
SUB04_004240,C04_0327,펀드,10720000,2025-03-02,11110700,숭인1동,미용·뷰티,20254,241896414,5005,8.04,1000000,14.69,N,없음,0,11110700_미용·뷰티
SUB04_004241,C04_1961,적금,6180000,2024-10-21,11140625,다산동,미용·뷰티,20254,330880553,5599,5.11,2600000,8.98,N,없음,0,11140625_미용·뷰티
SUB04_004242,C04_1310,펀드,5280000,2022-11-07,11710532,거여2동,미용·뷰티,20254,486155578,11772,-9.0,1620000,0.19,Y,소상공인신용대출,600000,11710532_미용·뷰티
SUB04_004243,C04_1747,펀드,12650000,2023-09-20,11560550,당산1동,식료품·편의소매,20254,75447815291,1778499,-31.33,271530000,-41.92,Y,운전자금대출,131000000,11560550_식료품·편의소매
SUB04_004244,C04_1125,적금,4120000,2024-10-16,11530560,구로5동,식료품·편의소매,20254,11642297081,878415,-7.68,110890000,-6.94,Y,시설자금대출,19900000,11530560_식료품·편의소매
SUB04_004245,C04_1977,펀드,9500000,2022-08-31,11170510,후암동,패션·잡화,20254,365706137,5166,-5.69,2100000,-14.77,Y,운전자금대출,700000,11170510_패션·잡화
SUB04_004246,C04_0282,펀드,16590000,2023-05-12,11620545,청림동,식료품·편의소매,20254,471080772,39152,-12.84,2890000,-2.37,Y,소상공인신용대출,1600000,11620545_식료품·편의소매
SUB04_004247,C04_1533,ISA,13900000,2023-10-01,11560540,여의동,음식·음료,20254,214182407349,6343600,2.03,2841580000,-3.97,N,없음,0,11560540_음식·음료
SUB04_004248,C04_1290,펀드,16620000,2025-02-19,11680640,역삼1동,문화·취미·반려,20254,10818934582,427621,21.54,87500000,0.69,N,없음,0,11680640_문화·취미·반려
SUB04_004249,C04_0165,ISA,9570000,2025-03-15,11620725,조원동,가구·인테리어,20254,326764114,5846,4.81,1910000,-3.23,Y,소상공인신용대출,1000000,11620725_가구·인테리어
SUB04_004250,C04_0587,ISA,19880000,2025-02-28,11140650,신당5동,미용·뷰티,20254,217429215,5982,14.64,1200000,-5.81,N,없음,0,11140650_미용·뷰티
SUB04_004251,C04_0510,ISA,28620000,2025-01-02,11740540,명일2동,자동차·운송서비스,20254,1157723124,5416,12.87,24710000,-12.78,Y,시설자금대출,9200000,11740540_자동차·운송서비스
SUB04_004252,C04_0109,펀드,10050000,2024-05-06,11590560,상도4동,미용·뷰티,20254,410114527,11745,-5.68,3130000,-15.97,Y,운전자금대출,1600000,11590560_미용·뷰티
SUB04_004253,C04_1782,펀드,19480000,2023-03-14,11740560,고덕2동,전자기기·수리,20254,1096552,42,6.0,1000000,-6.61,N,없음,0,11740560_전자기기·수리
SUB04_004254,C04_1327,ISA,13270000,2024-05-12,11680630,대치4동,미용·뷰티,20254,6533530444,89203,-9.8,34820000,5.58,N,없음,0,11680630_미용·뷰티
SUB04_004255,C04_0316,예금,60870000,2022-02-24,11680610,대치2동,가구·인테리어,20254,1138499601,918,16.21,2530000,9.52,Y,운전자금대출,1000000,11680610_가구·인테리어
SUB04_004256,C04_0463,적금,3020000,2023-11-27,11290770,장위2동,자동차·운송서비스,20254,38394808,283,-22.28,1000000,-12.77,Y,소상공인신용대출,700000,11290770_자동차·운송서비스
SUB04_004257,C04_1573,예금,14680000,2024-09-07,11290685,길음2동,패션·잡화,20254,3828452696,29911,31.77,36500000,40.06,Y,운전자금대출,7900000,11290685_패션·잡화
SUB04_004258,C04_1015,펀드,12650000,2022-09-09,11590680,신대방2동,미용·뷰티,20254,677596017,14994,-4.24,3350000,-7.31,N,없음,0,11590680_미용·뷰티
SUB04_004259,C04_0805,ISA,34770000,2024-08-08,11545670,시흥1동,미용·뷰티,20254,1748736392,47166,7.55,12260000,-8.58,N,없음,0,11545670_미용·뷰티
SUB04_004260,C04_1094,예금,50330000,2023-07-19,11230705,청량리동,미용·뷰티,20254,341008510,7161,10.54,1040000,13.48,N,없음,0,11230705_미용·뷰티
SUB04_004261,C04_0390,펀드,8380000,2025-09-27,11440700,망원2동,생활서비스,20254,73047538,4340,24.59,1000000,17.13,N,없음,0,11440700_생활서비스
SUB04_004262,C04_0794,펀드,10010000,2023-02-03,11305608,번3동,패션·잡화,20254,40007958,1380,16.67,1000000,11.34,Y,운전자금대출,200000,11305608_패션·잡화
SUB04_004263,C04_0926,펀드,17880000,2024-02-21,11545680,시흥2동,자동차·운송서비스,20254,189135273,870,-19.96,1000000,-48.04,Y,운전자금대출,400000,11545680_자동차·운송서비스
SUB04_004264,C04_1128,ISA,17430000,2022-03-31,11620765,미성동,문화·취미·반려,20254,91073825,3239,-10.71,1000000,-4.09,Y,운전자금대출,400000,11620765_문화·취미·반려
SUB04_004265,C04_0518,예금,39270000,2024-12-31,11320513,창3동,미용·뷰티,20254,277624145,9592,-6.5,2870000,3.99,N,없음,0,11320513_미용·뷰티
SUB04_004266,C04_0815,예금,43220000,2022-08-08,11305635,수유3동,미용·뷰티,20254,1426120135,37806,-2.14,10130000,-24.37,Y,소상공인신용대출,6100000,11305635_미용·뷰티
SUB04_004267,C04_0497,예금,32930000,2024-04-04,11440630,신수동,미용·뷰티,20254,153384087,3694,-9.93,1330000,-26.5,N,없음,0,11440630_미용·뷰티
SUB04_004268,C04_1198,예금,56710000,2022-10-02,11560550,당산1동,패션·잡화,20254,575329605,4552,-3.53,5410000,-6.24,N,없음,0,11560550_패션·잡화
SUB04_004269,C04_1196,펀드,10690000,2025-10-08,11620765,미성동,미용·뷰티,20254,1164133587,22412,3.19,16040000,9.59,Y,운전자금대출,10100000,11620765_미용·뷰티
SUB04_004270,C04_0162,펀드,28170000,2024-09-04,11680630,대치4동,식료품·편의소매,20254,16965679247,2341283,-10.83,99960000,-19.54,N,없음,0,11680630_식료품·편의소매
SUB04_004271,C04_0757,적금,3820000,2022-08-13,11140670,황학동,패션·잡화,20254,1360198637,14302,16.69,26390000,27.62,N,없음,0,11140670_패션·잡화
SUB04_004272,C04_0170,적금,4550000,2025-03-13,11140570,필동,생활서비스,20254,194591587,9432,54.64,1360000,69.83,Y,소상공인신용대출,800000,11140570_생활서비스
SUB04_004273,C04_0698,ISA,33580000,2025-03-11,11200580,응봉동,패션·잡화,20254,7810290,96,35.28,1000000,33.25,N,없음,0,11200580_패션·잡화
SUB04_004274,C04_1933,ISA,5080000,2024-05-06,11305603,번2동,미용·뷰티,20254,72251869,2502,-17.6,1000000,-22.95,N,없음,0,11305603_미용·뷰티
SUB04_004275,C04_0592,예금,94230000,2024-01-19,11170570,원효로2동,음식·음료,20254,2764234807,140636,17.05,29070000,24.02,Y,소상공인신용대출,10300000,11170570_음식·음료
SUB04_004276,C04_0575,예금,41170000,2023-10-11,11500615,우장산동,미용·뷰티,20254,639203648,11026,19.09,6840000,23.31,N,없음,0,11500615_미용·뷰티
SUB04_004277,C04_0403,예금,41180000,2022-10-04,11440730,성산2동,패션·잡화,20254,15820178672,326517,67.02,180700000,68.52,Y,소상공인신용대출,62900000,11440730_패션·잡화
SUB04_004278,C04_0128,예금,19790000,2025-08-28,11140605,을지로동,패션·잡화,20254,1338156742,26311,-30.17,6290000,-8.26,Y,운전자금대출,3500000,11140605_패션·잡화
SUB04_004279,C04_0922,적금,4290000,2023-03-22,11680545,압구정동,전자기기·수리,20254,66273002,822,1331.67,1000000,100.0,N,없음,0,11680545_전자기기·수리
SUB04_004280,C04_1078,적금,4870000,2023-02-02,11410685,홍은2동,여가·오락,20254,321652788,41788,-2.05,1020000,-13.6,N,없음,0,11410685_여가·오락
SUB04_004281,C04_0594,펀드,10390000,2025-06-16,11290555,삼선동,문화·취미·반려,20254,1175675840,54530,39.11,6390000,47.72,Y,시설자금대출,1000000,11290555_문화·취미·반려
SUB04_004282,C04_1645,펀드,16410000,2024-10-04,11380560,구산동,문화·취미·반려,20254,94559629,3739,20.95,1000000,44.84,N,없음,0,11380560_문화·취미·반려
SUB04_004283,C04_0955,ISA,12930000,2023-05-23,11710646,장지동,패션·잡화,20254,50211923,480,-26.63,1000000,-30.42,N,없음,0,11710646_패션·잡화
SUB04_004284,C04_1516,ISA,18230000,2025-10-16,11710570,오금동,생활서비스,20254,152927944,7422,68.46,1160000,73.63,Y,소상공인신용대출,600000,11710570_생활서비스
SUB04_004285,C04_1942,ISA,13760000,2025-06-19,11470600,신월5동,여가·오락,20254,317512712,7378,12.09,1110000,5.93,N,없음,0,11470600_여가·오락
SUB04_004286,C04_0944,ISA,17980000,2025-05-08,11170590,용문동,전자기기·수리,20254,1238477633,3767,0.49,5430000,16.72,N,없음,0,11170590_전자기기·수리
SUB04_004287,C04_0073,펀드,12940000,2025-01-14,11260540,면목4동,가구·인테리어,20254,2712308819,38125,6.56,26530000,5.7,N,없음,0,11260540_가구·인테리어
SUB04_004288,C04_1297,예금,27660000,2022-05-28,11350611,하계1동,여가·오락,20254,130061735,2999,7.81,1000000,18.22,Y,운전자금대출,500000,11350611_여가·오락
SUB04_004289,C04_1653,ISA,13400000,2025-04-18,11500604,가양2동,생활서비스,20254,31477256,1664,76.71,1000000,83.8,N,없음,0,11500604_생활서비스
SUB04_004290,C04_1932,ISA,17720000,2024-09-01,11260565,면목본동,자동차·운송서비스,20254,163977673,973,31.05,1000000,34.75,N,없음,0,11260565_자동차·운송서비스
SUB04_004291,C04_0061,예금,43800000,2025-06-04,11290630,정릉2동,미용·뷰티,20254,542524007,14592,5.21,3730000,-11.09,N,없음,0,11290630_미용·뷰티
SUB04_004292,C04_0925,예금,49170000,2022-12-25,11470610,신월6동,미용·뷰티,20254,498758640,11793,0.91,2180000,-16.05,Y,시설자금대출,500000,11470610_미용·뷰티
SUB04_004293,C04_1070,펀드,6270000,2025-01-24,11500535,등촌3동,여가·오락,20254,839719421,64288,-3.92,4390000,22.47,Y,운전자금대출,2400000,11500535_여가·오락
SUB04_004294,C04_1489,펀드,7370000,2022-05-10,11380631,신사1동,식료품·편의소매,20254,5057628534,390563,-2.16,35800000,27.47,Y,운전자금대출,19200000,11380631_식료품·편의소매
SUB04_004295,C04_1365,펀드,16720000,2025-04-12,11200570,행당2동,가구·인테리어,20254,30790244,908,57.0,1000000,42.7,N,없음,0,11200570_가구·인테리어
SUB04_004296,C04_1687,펀드,25270000,2025-12-18,11170690,서빙고동,음식·음료,20254,1322050894,61734,3.48,5650000,-1.9,N,없음,0,11170690_음식·음료
SUB04_004297,C04_0267,ISA,15050000,2023-09-11,11680750,수서동,가구·인테리어,20254,64611223,1205,-88.08,1000000,-70.0,N,없음,0,11680750_가구·인테리어
SUB04_004298,C04_0680,ISA,27810000,2025-05-16,11560535,영등포동,자동차·운송서비스,20254,2928282952,15875,8.98,18480000,26.06,N,없음,0,11560535_자동차·운송서비스
SUB04_004299,C04_1216,ISA,25100000,2024-02-27,11380631,신사1동,패션·잡화,20254,687161224,4941,-6.96,1660000,-23.96,Y,운전자금대출,900000,11380631_패션·잡화
SUB04_004300,C04_0148,ISA,20990000,2025-04-22,11740550,고덕1동,문화·취미·반려,20254,17785879,4536,-5.07,1000000,-1.62,N,없음,0,11740550_문화·취미·반려
SUB04_004301,C04_0205,ISA,5340000,2022-08-05,11590651,사당5동,미용·뷰티,20254,108705857,3729,0.04,1000000,8.3,N,없음,0,11590651_미용·뷰티
SUB04_004302,C04_0119,펀드,8970000,2024-03-31,11470640,신정3동,패션·잡화,20254,499721977,3476,-7.58,2690000,1.29,Y,운전자금대출,1200000,11470640_패션·잡화
SUB04_004303,C04_1956,ISA,23210000,2022-06-14,11230650,장안1동,음식·음료,20254,29133638110,1066889,-1.76,97470000,0.49,Y,시설자금대출,28500000,11230650_음식·음료
SUB04_004304,C04_0833,ISA,29300000,2025-06-23,11680750,수서동,미용·뷰티,20254,2660603017,21604,-19.96,14050000,-20.56,Y,시설자금대출,4700000,11680750_미용·뷰티
SUB04_004305,C04_1404,예금,23940000,2025-02-22,11470510,목1동,가구·인테리어,20254,523219767,21364,67.14,1920000,48.48,N,없음,0,11470510_가구·인테리어
SUB04_004306,C04_0307,ISA,15570000,2023-11-21,11740590,암사3동,생활서비스,20254,89585395,6017,42.22,1000000,37.69,Y,소상공인신용대출,500000,11740590_생활서비스
SUB04_004307,C04_1829,ISA,10330000,2023-02-08,11650520,서초2동,미용·뷰티,20254,8657733026,62419,-15.94,84590000,-26.51,Y,운전자금대출,39700000,11650520_미용·뷰티
SUB04_004308,C04_1414,펀드,8430000,2025-09-28,11140605,을지로동,문화·취미·반려,20254,38130360169,416554,-4.12,221010000,19.22,Y,소상공인신용대출,38900000,11140605_문화·취미·반려
SUB04_004309,C04_1055,ISA,32190000,2023-07-30,11500535,등촌3동,자동차·운송서비스,20254,1190468459,27193,-21.5,5190000,-17.16,Y,운전자금대출,2000000,11500535_자동차·운송서비스
SUB04_004310,C04_0765,ISA,16510000,2024-02-03,11470570,신월2동,숙박,20254,12993916,858,-11.36,1000000,-2.94,Y,시설자금대출,300000,11470570_숙박
SUB04_004311,C04_1132,적금,3620000,2023-12-03,11650530,서초3동,미용·뷰티,20254,13898850095,41990,162.49,34640000,100.0,Y,소상공인신용대출,17300000,11650530_미용·뷰티
SUB04_004312,C04_1832,펀드,12390000,2024-03-26,11545710,시흥5동,패션·잡화,20254,2592803972,12632,117.73,23950000,100.0,N,없음,0,11545710_패션·잡화
SUB04_004313,C04_0922,ISA,14310000,2025-11-13,11680545,압구정동,전자기기·수리,20254,66273002,822,1331.67,1000000,100.0,N,없음,0,11680545_전자기기·수리
SUB04_004314,C04_1410,적금,7790000,2023-11-03,11350600,공릉2동,패션·잡화,20254,512856047,4527,2.05,4560000,-16.12,Y,소상공인신용대출,2600000,11350600_패션·잡화
SUB04_004315,C04_1294,펀드,11600000,2023-08-13,11710670,잠실2동,전자기기·수리,20254,1986405168,20752,-32.96,3620000,-29.46,N,없음,0,11710670_전자기기·수리
SUB04_004316,C04_1276,펀드,6360000,2024-09-26,11305535,미아동,생활서비스,20254,56582976,5451,105.98,1000000,93.4,Y,운전자금대출,500000,11305535_생활서비스
SUB04_004317,C04_1827,ISA,14580000,2025-04-21,11380590,응암2동,여가·오락,20254,191646295,3259,12.72,1000000,11.57,N,없음,0,11380590_여가·오락
SUB04_004318,C04_1423,적금,3280000,2023-09-16,11200720,송정동,미용·뷰티,20254,115348974,4278,-7.02,1000000,12.14,N,없음,0,11200720_미용·뷰티
SUB04_004319,C04_0378,펀드,11500000,2025-12-11,11545610,독산1동,자동차·운송서비스,20254,5248117383,27930,-7.78,20040000,-25.4,N,없음,0,11545610_자동차·운송서비스
SUB04_004320,C04_0076,예금,57470000,2025-02-14,11680750,수서동,음식·음료,20254,18358541149,959829,-1.5,181650000,-12.18,Y,소상공인신용대출,88600000,11680750_음식·음료
SUB04_004321,C04_0110,예금,31780000,2022-09-23,11530750,개봉2동,여가·오락,20254,417462142,59083,-13.41,5810000,-13.52,Y,소상공인신용대출,1900000,11530750_여가·오락
SUB04_004322,C04_0322,펀드,18830000,2025-08-15,11440660,서교동,가구·인테리어,20254,3176563134,76382,0.15,64420000,-4.72,N,없음,0,11440660_가구·인테리어
SUB04_004323,C04_0251,ISA,17210000,2025-06-02,11410620,홍제1동,생활서비스,20254,48163442,3341,71.67,1000000,86.17,N,없음,0,11410620_생활서비스
SUB04_004324,C04_0306,ISA,16560000,2023-12-24,11440720,성산1동,여가·오락,20254,213097937,5085,8.82,1170000,6.69,N,없음,0,11440720_여가·오락
SUB04_004325,C04_0258,예금,68890000,2023-06-15,11380590,응암2동,생활서비스,20254,10306759,510,-30.03,1000000,-26.97,Y,운전자금대출,500000,11380590_생활서비스
SUB04_004326,C04_0206,ISA,6590000,2023-11-26,11500510,염창동,패션·잡화,20254,573346902,4830,27.54,3620000,39.26,N,없음,0,11500510_패션·잡화
SUB04_004327,C04_1080,펀드,10360000,2024-09-10,11305603,번2동,전자기기·수리,20254,116578570,240,-73.29,1130000,-70.0,Y,소상공인신용대출,1000000,11305603_전자기기·수리
SUB04_004328,C04_0989,적금,5980000,2023-01-11,11350625,중계2·3동,음식·음료,20254,6204547819,495905,-1.91,23800000,-25.94,N,없음,0,11350625_음식·음료
SUB04_004329,C04_1171,적금,4640000,2024-08-09,11680650,역삼2동,자동차·운송서비스,20254,87336707,768,-37.82,1000000,-35.4,Y,소상공인신용대출,500000,11680650_자동차·운송서비스
SUB04_004330,C04_0341,예금,17810000,2022-01-05,11215847,자양4동,여가·오락,20254,1737193196,100692,3.25,23060000,11.7,N,없음,0,11215847_여가·오락
SUB04_004331,C04_0536,ISA,8420000,2024-01-19,11110615,종로1·2·3·4가동,식료품·편의소매,20254,32365641793,3338169,-0.98,452000000,6.65,N,없음,0,11110615_식료품·편의소매
SUB04_004332,C04_0360,ISA,11130000,2024-02-28,11545510,가산동,음식·음료,20254,84966462878,4968645,-1.65,672580000,5.37,Y,운전자금대출,278000000,11545510_음식·음료
SUB04_004333,C04_0911,예금,44660000,2025-10-03,11305645,우이동,문화·취미·반려,20254,18757447,906,-71.47,1000000,-67.64,N,없음,0,11305645_문화·취미·반려
SUB04_004334,C04_1780,ISA,11390000,2024-10-15,11290810,석관동,패션·잡화,20254,1129730109,20905,1.79,13530000,10.83,Y,운전자금대출,2400000,11290810_패션·잡화
SUB04_004335,C04_1336,적금,5670000,2024-12-26,11560560,당산2동,패션·잡화,20254,227965819,2331,-43.92,1000000,-52.59,N,없음,0,11560560_패션·잡화
SUB04_004336,C04_0609,펀드,9520000,2025-03-06,11290575,동선동,숙박,20254,679162717,14926,-11.68,2290000,-34.46,Y,운전자금대출,1200000,11290575_숙박
SUB04_004337,C04_1842,적금,2960000,2023-03-09,11440655,서강동,가구·인테리어,20254,615420628,22843,-15.34,4830000,-22.16,N,없음,0,11440655_가구·인테리어
SUB04_004338,C04_1680,예금,53230000,2025-07-17,11230740,이문1동,자동차·운송서비스,20254,786996198,3693,-11.22,13070000,-11.93,Y,소상공인신용대출,5400000,11230740_자동차·운송서비스
SUB04_004339,C04_0850,ISA,7330000,2023-05-24,11650510,서초1동,가구·인테리어,20254,653091844,7172,-52.76,6340000,-53.51,Y,운전자금대출,3200000,11650510_가구·인테리어
SUB04_004340,C04_0719,펀드,5970000,2022-02-24,11470620,신정1동,식료품·편의소매,20254,7686033675,568699,6.93,73650000,10.14,N,없음,0,11470620_식료품·편의소매
SUB04_004341,C04_0873,펀드,20050000,2025-06-22,11440600,대흥동,생활서비스,20254,38743072,1393,46.62,1000000,44.58,Y,운전자금대출,400000,11440600_생활서비스
SUB04_004342,C04_0100,펀드,8270000,2024-12-10,11380551,갈현1동,음식·음료,20254,19831088376,655873,13.18,74100000,16.26,N,없음,0,11380551_음식·음료
SUB04_004343,C04_1965,ISA,12680000,2023-04-02,11305575,삼각산동,여가·오락,20254,48764168,1753,-20.32,1000000,-31.26,Y,소상공인신용대출,700000,11305575_여가·오락
SUB04_004344,C04_0944,펀드,21960000,2023-10-28,11170590,용문동,전자기기·수리,20254,1238477633,3767,0.49,5430000,16.72,N,없음,0,11170590_전자기기·수리
SUB04_004345,C04_0821,예금,20630000,2023-09-19,11500630,방화1동,문화·취미·반려,20254,1030841814,45820,-2.16,2890000,-1.65,Y,운전자금대출,900000,11500630_문화·취미·반려
SUB04_004346,C04_0396,적금,6250000,2024-12-14,11260660,망우3동,가구·인테리어,20254,331310752,6517,8.87,1000000,11.46,Y,소상공인신용대출,500000,11260660_가구·인테리어
SUB04_004347,C04_0708,예금,64340000,2023-03-25,11680545,압구정동,전자기기·수리,20254,66273002,822,1331.67,1000000,100.0,N,없음,0,11680545_전자기기·수리
SUB04_004348,C04_0846,적금,3730000,2023-05-31,11320700,방학2동,식료품·편의소매,20254,18157748651,997098,20.51,142230000,14.19,Y,운전자금대출,35900000,11320700_식료품·편의소매
SUB04_004349,C04_0783,예금,42340000,2025-04-19,11440610,염리동,여가·오락,20254,226181601,3222,25.51,2490000,41.1,N,없음,0,11440610_여가·오락
SUB04_004350,C04_0846,예금,47350000,2023-04-10,11320700,방학2동,식료품·편의소매,20254,18157748651,997098,20.51,142230000,14.19,Y,운전자금대출,35900000,11320700_식료품·편의소매
SUB04_004351,C04_0125,적금,1470000,2023-06-26,11260620,묵1동,여가·오락,20254,358890762,4683,-8.93,2430000,-16.91,N,없음,0,11260620_여가·오락
SUB04_004352,C04_0570,예금,55350000,2024-04-02,11680510,신사동,여가·오락,20254,2112136091,295622,-11.85,21490000,-0.6,N,없음,0,11680510_여가·오락
SUB04_004353,C04_0893,ISA,21250000,2025-01-10,11590680,신대방2동,가구·인테리어,20254,14817344,667,61.06,1000000,65.8,N,없음,0,11590680_가구·인테리어
SUB04_004354,C04_1233,ISA,12430000,2024-11-26,11290555,삼선동,숙박,20254,263210917,6248,74.1,1130000,77.92,Y,운전자금대출,600000,11290555_숙박
SUB04_004355,C04_1184,ISA,15270000,2025-04-19,11170625,한강로동,전자기기·수리,20254,586836230665,1967857,15.58,3818340000,10.83,Y,운전자금대출,2198900000,11170625_전자기기·수리
SUB04_004356,C04_0851,펀드,15720000,2022-04-23,11545680,시흥2동,음식·음료,20254,272671805,17737,-11.44,3070000,-9.24,N,없음,0,11545680_음식·음료
SUB04_004357,C04_0431,예금,36220000,2025-08-16,11320670,쌍문2동,식료품·편의소매,20254,3073181962,239237,-4.38,18730000,-7.5,Y,운전자금대출,6200000,11320670_식료품·편의소매
SUB04_004358,C04_1734,적금,6440000,2023-10-25,11560650,신길3동,문화·취미·반려,20254,28675776,693,-19.91,1000000,-10.4,N,없음,0,11560650_문화·취미·반려
SUB04_004359,C04_1222,ISA,26720000,2025-03-05,11650581,반포4동,생활서비스,20254,111585401,3964,7.75,2270000,-0.98,N,없음,0,11650581_생활서비스
SUB04_004360,C04_1673,ISA,15170000,2024-03-06,11350580,월계3동,자동차·운송서비스,20254,6552756,76,24.74,1000000,17.47,Y,시설자금대출,200000,11350580_자동차·운송서비스
SUB04_004361,C04_0842,ISA,11290000,2023-05-25,11215750,중곡2동,식료품·편의소매,20254,6005866496,505131,1.53,41360000,0.34,Y,시설자금대출,16700000,11215750_식료품·편의소매
SUB04_004362,C04_0412,적금,2840000,2025-01-19,11110700,숭인1동,패션·잡화,20254,252070033,449,1468.81,1990000,100.0,Y,운전자금대출,500000,11110700_패션·잡화
SUB04_004363,C04_0625,ISA,27890000,2024-10-16,11620775,난곡동,전자기기·수리,20254,190946370,15657,-9.89,1000000,6.28,N,없음,0,11620775_전자기기·수리
SUB04_004364,C04_0850,적금,4140000,2023-06-16,11650510,서초1동,가구·인테리어,20254,653091844,7172,-52.76,6340000,-53.51,Y,운전자금대출,3200000,11650510_가구·인테리어
SUB04_004365,C04_0677,펀드,16970000,2025-03-13,11200650,성수1가1동,가구·인테리어,20254,129076814,3850,-16.99,1240000,-24.76,Y,시설자금대출,600000,11200650_가구·인테리어
SUB04_004366,C04_1613,펀드,18960000,2025-09-26,11650530,서초3동,미용·뷰티,20254,13898850095,41990,162.49,199210000,100.0,Y,운전자금대출,106000000,11650530_미용·뷰티
SUB04_004367,C04_1798,ISA,12230000,2024-12-23,11410620,홍제1동,가구·인테리어,20254,2886775485,1184,572.65,14440000,100.0,N,없음,0,11410620_가구·인테리어
SUB04_004368,C04_1282,ISA,13400000,2025-02-13,11290705,종암동,식료품·편의소매,20254,7925681059,411786,18.93,51820000,11.4,N,없음,0,11290705_식료품·편의소매
SUB04_004369,C04_1134,예금,89220000,2023-03-26,11140605,을지로동,전자기기·수리,20254,1038832262,10809,-51.49,8060000,-44.71,Y,소상공인신용대출,5500000,11140605_전자기기·수리
SUB04_004370,C04_0449,펀드,19710000,2023-12-30,11170640,이촌2동,생활서비스,20254,20332462,2009,21.06,1000000,21.85,Y,운전자금대출,600000,11170640_생활서비스
SUB04_004371,C04_1093,예금,36000000,2025-01-01,11170560,원효로1동,식료품·편의소매,20254,2386669668,320890,-21.0,8820000,-22.18,Y,운전자금대출,6000000,11170560_식료품·편의소매
SUB04_004372,C04_1977,ISA,22400000,2023-02-16,11170510,후암동,패션·잡화,20254,365706137,5166,-5.69,2100000,-14.77,Y,운전자금대출,700000,11170510_패션·잡화
SUB04_004373,C04_1479,예금,31070000,2022-03-17,11740540,명일2동,패션·잡화,20254,1080003841,11056,-22.66,30470000,-35.59,Y,소상공인신용대출,11600000,11740540_패션·잡화
SUB04_004374,C04_1073,ISA,18500000,2025-09-17,11710600,석촌동,문화·취미·반려,20254,558251918,16252,-28.65,4420000,-30.74,N,없음,0,11710600_문화·취미·반려
SUB04_004375,C04_0793,ISA,11220000,2024-04-26,11290780,장위3동,문화·취미·반려,20254,3471469,421,-22.19,1000000,-43.63,Y,운전자금대출,400000,11290780_문화·취미·반려
SUB04_004376,C04_0679,ISA,32240000,2023-08-27,11680730,일원1동,가구·인테리어,20254,111898853,5608,-18.09,1000000,-35.82,Y,시설자금대출,400000,11680730_가구·인테리어
SUB04_004377,C04_0953,ISA,11950000,2024-09-14,11215830,자양2동,가구·인테리어,20254,1275322865,30705,96.6,3840000,100.0,N,없음,0,11215830_가구·인테리어
SUB04_004378,C04_0340,펀드,18480000,2023-05-25,11140680,중림동,패션·잡화,20254,426510584,4725,-22.93,1660000,-17.11,N,없음,0,11140680_패션·잡화
SUB04_004379,C04_1521,적금,4890000,2022-03-01,11260680,신내1동,여가·오락,20254,1551797965,240017,-10.92,16670000,-23.53,Y,운전자금대출,12000000,11260680_여가·오락
SUB04_004380,C04_1079,펀드,14500000,2023-05-27,11680650,역삼2동,패션·잡화,20254,8365480420,51389,34.83,32620000,33.04,N,없음,0,11680650_패션·잡화
SUB04_004381,C04_1257,예금,30740000,2023-03-17,11380690,진관동,식료품·편의소매,20254,1484840248,195096,-17.51,6460000,-31.82,Y,소상공인신용대출,3100000,11380690_식료품·편의소매
SUB04_004382,C04_0157,펀드,13570000,2024-06-29,11440720,성산1동,가구·인테리어,20254,6221387408,82055,2.25,36820000,8.8,N,없음,0,11440720_가구·인테리어
SUB04_004383,C04_1196,적금,3050000,2022-02-21,11620765,미성동,미용·뷰티,20254,1164133587,22412,3.19,16040000,9.59,Y,운전자금대출,10100000,11620765_미용·뷰티
SUB04_004384,C04_1086,ISA,32550000,2025-10-17,11530560,구로5동,생활서비스,20254,136328095,10526,36.45,1740000,41.24,Y,운전자금대출,400000,11530560_생활서비스
SUB04_004385,C04_1687,펀드,15750000,2022-06-03,11170690,서빙고동,음식·음료,20254,1322050894,61734,3.48,5650000,-1.9,N,없음,0,11170690_음식·음료
SUB04_004386,C04_0297,펀드,20290000,2023-01-29,11170560,원효로1동,숙박,20254,806538,21,-71.36,1000000,-52.02,Y,운전자금대출,600000,11170560_숙박
SUB04_004387,C04_0768,적금,1870000,2025-06-06,11260565,면목본동,숙박,20254,19593907,512,-45.6,1000000,-44.75,N,없음,0,11260565_숙박
SUB04_004388,C04_1672,ISA,12640000,2025-04-02,11200650,성수1가1동,여가·오락,20254,173074431,3122,16.0,1680000,10.34,Y,운전자금대출,1000000,11200650_여가·오락
SUB04_004389,C04_0563,예금,26890000,2022-06-26,11230720,휘경1동,전자기기·수리,20254,245350709,1319,-49.52,2320000,-50.87,N,없음,0,11230720_전자기기·수리
SUB04_004390,C04_1571,펀드,9490000,2024-12-07,11500570,화곡4동,자동차·운송서비스,20254,547036321,3487,3.44,1510000,7.05,N,없음,0,11500570_자동차·운송서비스
SUB04_004391,C04_0581,펀드,12190000,2025-08-19,11440655,서강동,음식·음료,20254,16880973768,844120,6.67,73120000,19.26,N,없음,0,11440655_음식·음료
SUB04_004392,C04_1886,적금,7960000,2025-03-27,11410620,홍제1동,생활서비스,20254,48163442,3341,71.67,1000000,96.12,N,없음,0,11410620_생활서비스
SUB04_004393,C04_0559,ISA,8450000,2022-06-17,11305660,인수동,가구·인테리어,20254,465047610,2230,107.02,5670000,100.0,N,없음,0,11305660_가구·인테리어
SUB04_004394,C04_1853,예금,72730000,2023-05-26,11170625,한강로동,음식·음료,20254,66860765888,1801821,6.96,716310000,-9.58,N,없음,0,11170625_음식·음료
SUB04_004395,C04_1528,ISA,37350000,2023-10-30,11740600,천호1동,전자기기·수리,20254,118011066,1509,-44.96,1450000,-41.08,Y,시설자금대출,700000,11740600_전자기기·수리
SUB04_004396,C04_1902,적금,8620000,2023-03-08,11215710,화양동,여가·오락,20254,2558350108,433675,3.25,17860000,29.09,Y,운전자금대출,10700000,11215710_여가·오락
SUB04_004397,C04_0681,예금,33600000,2023-01-13,11710590,송파2동,생활서비스,20254,86273300,4424,7.59,1110000,2.87,Y,소상공인신용대출,600000,11710590_생활서비스
SUB04_004398,C04_1893,적금,5170000,2023-06-25,11560660,신길4동,자동차·운송서비스,20254,19965451,174,-46.2,1000000,-48.88,N,없음,0,11560660_자동차·운송서비스
SUB04_004399,C04_0088,펀드,12930000,2024-01-02,11350710,상계9동,패션·잡화,20254,1410267699,10517,-24.63,4450000,-30.04,Y,운전자금대출,3400000,11350710_패션·잡화
SUB04_004400,C04_1382,적금,3490000,2024-02-26,11470650,신정4동,식료품·편의소매,20254,11677916807,987540,-3.71,179750000,1.18,N,없음,0,11470650_식료품·편의소매
SUB04_004401,C04_0961,ISA,25470000,2022-04-06,11110615,종로1·2·3·4가동,식료품·편의소매,20254,32365641793,3338169,-0.98,124630000,-18.04,Y,운전자금대출,87600000,11110615_식료품·편의소매
SUB04_004402,C04_0230,적금,7050000,2022-07-04,11410710,북가좌1동,미용·뷰티,20254,105302439,2458,3.6,1000000,-12.02,N,없음,0,11410710_미용·뷰티
SUB04_004403,C04_0996,ISA,13050000,2024-04-07,11200520,왕십리2동,여가·오락,20254,50779584,7566,-22.77,1000000,-16.57,Y,시설자금대출,700000,11200520_여가·오락
SUB04_004404,C04_0596,ISA,21080000,2024-05-19,11305615,수유1동,패션·잡화,20254,6451853543,70650,78.44,27740000,63.37,N,없음,0,11305615_패션·잡화
SUB04_004405,C04_0781,ISA,21210000,2025-08-14,11560660,신길4동,식료품·편의소매,20254,1457552888,153342,15.2,11670000,26.0,Y,시설자금대출,2700000,11560660_식료품·편의소매
SUB04_004406,C04_1060,펀드,18330000,2025-09-07,11350710,상계9동,식료품·편의소매,20254,5698026932,337124,-4.52,52390000,-12.25,Y,운전자금대출,11900000,11350710_식료품·편의소매
SUB04_004407,C04_0325,펀드,11970000,2024-04-15,11560620,양평2동,여가·오락,20254,303509122,5905,6.53,1610000,9.86,Y,운전자금대출,400000,11560620_여가·오락
SUB04_004408,C04_0312,적금,3300000,2022-03-03,11650530,서초3동,식료품·편의소매,20254,21859873690,3012459,-7.66,179910000,-16.86,Y,소상공인신용대출,99200000,11650530_식료품·편의소매
SUB04_004409,C04_0477,예금,18720000,2025-09-16,11560680,신길6동,숙박,20254,3620586,70,-54.2,1000000,-58.68,N,없음,0,11560680_숙박
SUB04_004410,C04_0476,적금,3820000,2022-03-09,11500640,방화2동,숙박,20254,124355368,1764,0.24,1000000,1.01,Y,운전자금대출,500000,11500640_숙박
SUB04_004411,C04_1440,적금,2340000,2023-02-10,11290650,정릉4동,가구·인테리어,20254,30450840,1612,-2.05,1000000,-8.45,Y,시설자금대출,500000,11290650_가구·인테리어
SUB04_004412,C04_0466,ISA,9200000,2024-10-11,11290575,동선동,식료품·편의소매,20254,4780011621,512359,5.2,19980000,1.11,Y,운전자금대출,4000000,11290575_식료품·편의소매
SUB04_004413,C04_0919,예금,34000000,2022-02-12,11350625,중계2·3동,생활서비스,20254,28014575,1126,72.71,1000000,73.38,N,없음,0,11350625_생활서비스
SUB04_004414,C04_0950,펀드,5880000,2023-07-01,11500520,등촌1동,자동차·운송서비스,20254,8406660685,37420,4.39,40360000,0.59,Y,운전자금대출,18600000,11500520_자동차·운송서비스
SUB04_004415,C04_1769,적금,6920000,2022-02-10,11740515,강일동,미용·뷰티,20254,339369725,12057,5.96,1830000,5.92,Y,소상공인신용대출,900000,11740515_미용·뷰티
SUB04_004416,C04_1336,ISA,46070000,2025-08-02,11560560,당산2동,패션·잡화,20254,227965819,2331,-43.92,1000000,-52.59,N,없음,0,11560560_패션·잡화
SUB04_004417,C04_0370,적금,7030000,2025-01-22,11140615,신당동,가구·인테리어,20254,2431548205,25931,-50.82,21200000,-53.78,Y,소상공인신용대출,9600000,11140615_가구·인테리어
SUB04_004418,C04_0436,적금,2460000,2024-12-29,11380625,역촌동,전자기기·수리,20254,1401409,216,-74.21,1000000,-70.0,Y,운전자금대출,700000,11380625_전자기기·수리
SUB04_004419,C04_1498,예금,39040000,2023-01-06,11140615,신당동,미용·뷰티,20254,1270185369,26986,48.84,5810000,60.67,Y,운전자금대출,2900000,11140615_미용·뷰티
SUB04_004420,C04_0641,ISA,15340000,2022-12-06,11215820,자양1동,미용·뷰티,20254,1070407506,26189,-1.19,8030000,16.43,N,없음,0,11215820_미용·뷰티
SUB04_004421,C04_1664,펀드,13580000,2022-10-21,11215740,중곡1동,문화·취미·반려,20254,109109721,11281,-0.82,1000000,-21.94,Y,운전자금대출,400000,11215740_문화·취미·반려
SUB04_004422,C04_0856,ISA,16230000,2024-04-05,11560680,신길6동,자동차·운송서비스,20254,951733504,6888,13.76,12560000,12.99,N,없음,0,11560680_자동차·운송서비스
SUB04_004423,C04_1842,적금,14480000,2025-03-24,11440655,서강동,가구·인테리어,20254,615420628,22843,-15.34,4830000,-22.16,N,없음,0,11440655_가구·인테리어
SUB04_004424,C04_0156,적금,4470000,2024-03-07,11215760,중곡3동,문화·취미·반려,20254,249950123,2538,15.09,1120000,23.34,Y,소상공인신용대출,300000,11215760_문화·취미·반려
SUB04_004425,C04_1347,ISA,10710000,2024-02-07,11560700,대림1동,음식·음료,20254,6600583214,329323,-0.9,45860000,2.05,N,없음,0,11560700_음식·음료
SUB04_004426,C04_1564,예금,67110000,2023-09-13,11260600,중화1동,음식·음료,20254,1418808781,43753,-9.22,17980000,1.68,N,없음,0,11260600_음식·음료
SUB04_004427,C04_0006,펀드,7040000,2024-07-05,11560700,대림1동,생활서비스,20254,36054840,1318,73.66,1000000,73.29,Y,소상공인신용대출,300000,11560700_생활서비스
SUB04_004428,C04_0186,펀드,10630000,2025-03-17,11260540,면목4동,패션·잡화,20254,55714249,560,-54.46,1000000,-49.44,N,없음,0,11260540_패션·잡화
SUB04_004429,C04_1988,펀드,18700000,2022-11-05,11410720,북가좌2동,음식·음료,20254,11114289899,457741,3.96,23230000,17.44,N,없음,0,11410720_음식·음료
SUB04_004430,C04_1112,적금,4850000,2025-01-23,11350621,중계1동,생활서비스,20254,37735027,1667,55.95,1000000,51.2,N,없음,0,11350621_생활서비스
SUB04_004431,C04_0950,펀드,10190000,2024-12-10,11500520,등촌1동,자동차·운송서비스,20254,8406660685,37420,4.39,40360000,0.59,Y,운전자금대출,18600000,11500520_자동차·운송서비스
SUB04_004432,C04_0319,예금,36370000,2023-06-30,11290620,정릉1동,미용·뷰티,20254,149234311,4362,-8.69,1150000,3.42,Y,소상공인신용대출,500000,11290620_미용·뷰티
SUB04_004433,C04_0948,예금,22750000,2023-02-25,11440720,성산1동,문화·취미·반려,20254,42482031,4349,-95.08,1000000,-70.0,N,없음,0,11440720_문화·취미·반려
SUB04_004434,C04_0906,적금,4240000,2022-05-06,11140635,약수동,전자기기·수리,20254,281029565,8881,-74.23,1350000,-70.0,N,없음,0,11140635_전자기기·수리
SUB04_004435,C04_0005,ISA,15390000,2023-06-21,11680656,도곡2동,패션·잡화,20254,2452236925,19802,15.43,15590000,14.79,Y,소상공인신용대출,3400000,11680656_패션·잡화
SUB04_004436,C04_0407,예금,40190000,2022-11-25,11230560,전농1동,패션·잡화,20254,1263784473,13011,23.9,3520000,16.89,N,없음,0,11230560_패션·잡화
SUB04_004437,C04_0056,ISA,24110000,2023-11-25,11500590,화곡본동,자동차·운송서비스,20254,1414467446,6562,-10.3,11940000,-5.48,N,없음,0,11500590_자동차·운송서비스
SUB04_004438,C04_1525,예금,48950000,2024-01-23,11200560,행당1동,미용·뷰티,20254,1348220120,19255,1.33,6180000,-9.51,N,없음,0,11200560_미용·뷰티
SUB04_004439,C04_0782,ISA,27970000,2025-06-09,11620765,미성동,자동차·운송서비스,20254,1226998011,4772,0.7,6310000,-8.02,Y,시설자금대출,4100000,11620765_자동차·운송서비스
SUB04_004440,C04_0218,예금,26890000,2023-12-13,11440655,서강동,문화·취미·반려,20254,2070382688,142280,48.04,13870000,56.32,N,없음,0,11440655_문화·취미·반려
SUB04_004441,C04_1551,펀드,9920000,2025-06-28,11470670,신정6동,문화·취미·반려,20254,431172432,20858,-28.11,6400000,-30.03,N,없음,0,11470670_문화·취미·반려
SUB04_004442,C04_0407,예금,41940000,2025-10-14,11230560,전농1동,패션·잡화,20254,1263784473,13011,23.9,3520000,16.89,N,없음,0,11230560_패션·잡화
SUB04_004443,C04_1729,예금,32100000,2022-03-24,11620665,서림동,가구·인테리어,20254,66262124,2184,-13.13,1000000,-8.8,N,없음,0,11620665_가구·인테리어
SUB04_004444,C04_0229,펀드,9730000,2025-07-11,11650581,반포4동,자동차·운송서비스,20254,1566130632,6185,5.81,31020000,18.51,Y,소상공인신용대출,18400000,11650581_자동차·운송서비스
SUB04_004445,C04_1949,펀드,18970000,2024-12-18,11320515,창5동,음식·음료,20254,11147569618,588394,-6.1,218880000,-4.87,Y,소상공인신용대출,93800000,11320515_음식·음료
SUB04_004446,C04_0990,예금,30080000,2022-01-28,11320512,창2동,가구·인테리어,20254,22760235,326,-44.86,1000000,-53.98,Y,운전자금대출,500000,11320512_가구·인테리어
SUB04_004447,C04_1392,적금,5850000,2022-05-11,11650610,방배2동,생활서비스,20254,62320923,2890,74.38,1000000,69.01,Y,소상공인신용대출,600000,11650610_생활서비스
SUB04_004448,C04_1301,ISA,15710000,2023-09-29,11290760,장위1동,문화·취미·반려,20254,10447605,1662,-27.78,1000000,-23.67,N,없음,0,11290760_문화·취미·반려
SUB04_004449,C04_0496,예금,46180000,2022-01-19,11230536,용신동,음식·음료,20254,27768343226,1116415,3.01,116990000,-12.77,N,없음,0,11230536_음식·음료
SUB04_004450,C04_0329,ISA,11860000,2023-05-07,11440720,성산1동,식료품·편의소매,20254,4469852526,366514,-18.14,47950000,-10.7,Y,운전자금대출,18900000,11440720_식료품·편의소매
SUB04_004451,C04_1781,예금,61000000,2025-11-06,11320700,방학2동,음식·음료,20254,4322653430,282373,-2.52,22490000,-17.28,N,없음,0,11320700_음식·음료
SUB04_004452,C04_1473,적금,4310000,2025-12-13,11260540,면목4동,여가·오락,20254,246693585,7862,16.36,1550000,4.81,N,없음,0,11260540_여가·오락
SUB04_004453,C04_1400,예금,57640000,2022-06-14,11470530,목3동,식료품·편의소매,20254,9262358691,617088,9.48,115510000,14.86,N,없음,0,11470530_식료품·편의소매
SUB04_004454,C04_0180,ISA,6940000,2025-01-04,11230710,회기동,식료품·편의소매,20254,2590628489,399603,0.18,22640000,10.21,N,없음,0,11230710_식료품·편의소매
SUB04_004455,C04_0893,펀드,24760000,2025-04-02,11590680,신대방2동,가구·인테리어,20254,14817344,667,61.06,1000000,65.8,N,없음,0,11590680_가구·인테리어
SUB04_004456,C04_0706,적금,1970000,2025-11-05,11200650,성수1가1동,전자기기·수리,20254,156049154,1626,-47.0,1130000,-40.19,Y,운전자금대출,400000,11200650_전자기기·수리
SUB04_004457,C04_0988,예금,40520000,2022-05-04,11440740,상암동,음식·음료,20254,44634883982,2131711,-0.55,338560000,-0.24,N,없음,0,11440740_음식·음료
SUB04_004458,C04_0644,적금,5860000,2025-09-01,11260565,면목본동,전자기기·수리,20254,475713197,6055,3.29,3760000,11.03,N,없음,0,11260565_전자기기·수리
SUB04_004459,C04_1045,펀드,8180000,2023-09-13,11530740,개봉1동,음식·음료,20254,6965528984,322532,-2.1,124730000,0.98,N,없음,0,11530740_음식·음료
SUB04_004460,C04_1135,펀드,13010000,2024-01-16,11650520,서초2동,미용·뷰티,20254,8657733026,62419,-15.94,22720000,-13.89,N,없음,0,11650520_미용·뷰티
SUB04_004461,C04_1327,ISA,15310000,2024-09-10,11680630,대치4동,미용·뷰티,20254,6533530444,89203,-9.8,34820000,5.58,N,없음,0,11680630_미용·뷰티
SUB04_004462,C04_1878,적금,9880000,2022-11-05,11590540,상도2동,패션·잡화,20254,1460484656,24991,81.71,6830000,81.19,N,없음,0,11590540_패션·잡화
SUB04_004463,C04_1816,펀드,3200000,2023-11-10,11380631,신사1동,생활서비스,20254,98286503,5147,48.57,1000000,38.37,Y,운전자금대출,400000,11380631_생활서비스
SUB04_004464,C04_0618,ISA,5010000,2024-05-06,11500510,염창동,전자기기·수리,20254,13327926570,10340,-6.11,84100000,-2.4,Y,운전자금대출,18800000,11500510_전자기기·수리
SUB04_004465,C04_0732,ISA,14190000,2025-08-20,11620725,조원동,문화·취미·반려,20254,463458128,2032,1285.12,1200000,100.0,Y,운전자금대출,700000,11620725_문화·취미·반려
SUB04_004466,C04_1474,펀드,11740000,2022-12-06,11440590,용강동,문화·취미·반려,20254,8090791196,140693,12.67,56660000,16.67,Y,운전자금대출,23200000,11440590_문화·취미·반려
SUB04_004467,C04_1221,ISA,16280000,2024-08-11,11650550,반포본동,문화·취미·반려,20254,251973518,10024,45.94,1310000,41.53,Y,운전자금대출,700000,11650550_문화·취미·반려
SUB04_004468,C04_0556,펀드,9670000,2025-10-17,11620525,보라매동,문화·취미·반려,20254,187765113,2838,108.47,1110000,100.0,Y,시설자금대출,200000,11620525_문화·취미·반려
SUB04_004469,C04_1057,ISA,28500000,2023-03-20,11260550,면목5동,문화·취미·반려,20254,120105067,9096,-15.53,1000000,-34.04,Y,시설자금대출,500000,11260550_문화·취미·반려
SUB04_004470,C04_1421,적금,5840000,2024-11-28,11710570,오금동,패션·잡화,20254,647115869,2273,63.4,6300000,70.73,N,없음,0,11710570_패션·잡화
SUB04_004471,C04_1868,ISA,19650000,2025-03-01,11140670,황학동,가구·인테리어,20254,6152389304,22334,-11.66,54370000,-31.03,Y,운전자금대출,41300000,11140670_가구·인테리어
SUB04_004472,C04_0373,적금,1340000,2024-05-29,11620695,신림동,숙박,20254,991508249,21858,4.89,5940000,-14.65,N,없음,0,11620695_숙박
SUB04_004473,C04_1300,예금,62750000,2025-05-16,11320670,쌍문2동,패션·잡화,20254,673548390,5482,4.7,6340000,-4.89,Y,시설자금대출,3000000,11320670_패션·잡화
SUB04_004474,C04_1727,ISA,35850000,2024-08-31,11545690,시흥3동,음식·음료,20254,3158897241,128618,-0.31,17410000,-9.23,N,없음,0,11545690_음식·음료
SUB04_004475,C04_1543,예금,38390000,2025-10-23,11320660,쌍문1동,전자기기·수리,20254,3120654,998,337.32,1000000,100.0,N,없음,0,11320660_전자기기·수리
SUB04_004476,C04_1862,적금,3350000,2024-03-17,11470670,신정6동,식료품·편의소매,20254,504901985,65119,1.81,1360000,17.22,N,없음,0,11470670_식료품·편의소매
SUB04_004477,C04_0309,적금,3480000,2023-01-21,11440740,상암동,전자기기·수리,20254,2083128062,41219,39.22,14220000,25.64,Y,운전자금대출,6200000,11440740_전자기기·수리
SUB04_004478,C04_0537,ISA,19060000,2025-06-23,11680740,일원2동,문화·취미·반려,20254,66364821,4012,36.65,1000000,22.36,Y,운전자금대출,500000,11680740_문화·취미·반려
SUB04_004479,C04_1547,예금,45380000,2023-01-11,11140650,신당5동,여가·오락,20254,236802901,20199,2.82,2480000,-6.16,N,없음,0,11140650_여가·오락
SUB04_004480,C04_0652,펀드,13270000,2023-10-08,11680610,대치2동,문화·취미·반려,20254,1618775172,55455,-7.42,13030000,-3.24,Y,운전자금대출,6400000,11680610_문화·취미·반려
SUB04_004481,C04_0202,펀드,10480000,2024-04-11,11170570,원효로2동,생활서비스,20254,57987641,2498,47.34,1000000,36.33,N,없음,0,11170570_생활서비스
SUB04_004482,C04_1062,예금,31520000,2022-12-16,11140650,신당5동,여가·오락,20254,236802901,20199,2.82,1790000,0.79,N,없음,0,11140650_여가·오락
SUB04_004483,C04_1498,예금,73030000,2022-08-10,11140615,신당동,미용·뷰티,20254,1270185369,26986,48.84,5810000,60.67,Y,운전자금대출,2900000,11140615_미용·뷰티
SUB04_004484,C04_0989,예금,34590000,2025-02-24,11350625,중계2·3동,음식·음료,20254,6204547819,495905,-1.91,23800000,-25.94,N,없음,0,11350625_음식·음료
SUB04_004485,C04_1488,ISA,22110000,2024-10-07,11740515,강일동,패션·잡화,20254,133597279,1024,5.46,1000000,12.54,N,없음,0,11740515_패션·잡화
SUB04_004486,C04_1005,ISA,12320000,2025-02-02,11440710,연남동,음식·음료,20254,28838630045,962602,6.98,164150000,9.61,N,없음,0,11440710_음식·음료
SUB04_004487,C04_0115,적금,1480000,2024-07-21,11230750,이문2동,생활서비스,20254,49757359,1986,63.52,1000000,50.21,Y,운전자금대출,400000,11230750_생활서비스
SUB04_004488,C04_0473,펀드,8870000,2022-03-31,11620645,서원동,문화·취미·반려,20254,353131144,10046,-12.08,4410000,11.02,N,없음,0,11620645_문화·취미·반려
SUB04_004489,C04_0704,펀드,33470000,2024-02-26,11410700,남가좌2동,자동차·운송서비스,20254,1985912117,11696,-2.27,12740000,3.58,N,없음,0,11410700_자동차·운송서비스
SUB04_004490,C04_1388,예금,18260000,2025-12-18,11380520,불광1동,가구·인테리어,20254,354388453,4366,-16.83,1240000,-29.16,Y,운전자금대출,400000,11380520_가구·인테리어
SUB04_004491,C04_0774,예금,25250000,2025-03-14,11530750,개봉2동,패션·잡화,20254,934546820,12827,-7.92,5090000,-26.97,Y,운전자금대출,2600000,11530750_패션·잡화
SUB04_004492,C04_1764,펀드,12340000,2025-03-07,11650652,양재2동,자동차·운송서비스,20254,9479701620,40063,1.28,33570000,-0.59,Y,운전자금대출,12200000,11650652_자동차·운송서비스
SUB04_004493,C04_0584,펀드,13900000,2023-10-17,11500604,가양2동,생활서비스,20254,31477256,1664,76.71,1000000,67.8,N,없음,0,11500604_생활서비스
SUB04_004494,C04_1318,적금,2000000,2023-04-25,11650651,양재1동,가구·인테리어,20254,13889894879,52578,-6.02,120440000,-10.94,N,없음,0,11650651_가구·인테리어
SUB04_004495,C04_0929,예금,21220000,2022-03-07,11215860,구의2동,전자기기·수리,20254,1211537986,11993,16.85,5930000,-2.33,Y,소상공인신용대출,2800000,11215860_전자기기·수리
SUB04_004496,C04_0807,펀드,14820000,2025-04-10,11680590,삼성2동,패션·잡화,20254,1493248539,5882,-5.41,25710000,1.14,Y,운전자금대출,10800000,11680590_패션·잡화
SUB04_004497,C04_0421,적금,3750000,2025-05-17,11560515,영등포본동,식료품·편의소매,20254,20952228350,2971265,0.12,77660000,-5.89,N,없음,0,11560515_식료품·편의소매
SUB04_004498,C04_1335,예금,46170000,2024-06-14,11215710,화양동,미용·뷰티,20254,2386366166,50261,-9.87,9860000,3.28,N,없음,0,11215710_미용·뷰티
SUB04_004499,C04_1925,예금,21590000,2025-05-19,11350700,상계8동,식료품·편의소매,20254,574376208,65189,2.31,4880000,-15.3,Y,소상공인신용대출,2700000,11350700_식료품·편의소매
SUB04_004500,C04_1620,예금,11640000,2022-05-14,11560585,도림동,음식·음료,20254,3026230699,132737,-2.35,21340000,3.72,N,없음,0,11560585_음식·음료
SUB04_004501,C04_1045,적금,3380000,2023-04-24,11530740,개봉1동,음식·음료,20254,6965528984,322532,-2.1,124730000,0.98,N,없음,0,11530740_음식·음료
SUB04_004502,C04_0633,펀드,4450000,2024-03-06,11170690,서빙고동,생활서비스,20254,36267830,1615,40.71,1000000,57.46,N,없음,0,11170690_생활서비스
SUB04_004503,C04_1774,펀드,13430000,2022-09-26,11230705,청량리동,가구·인테리어,20254,84289902,4382,-73.01,1000000,-70.0,N,없음,0,11230705_가구·인테리어
SUB04_004504,C04_1184,펀드,5930000,2023-06-09,11170625,한강로동,전자기기·수리,20254,586836230665,1967857,15.58,3818340000,10.83,Y,운전자금대출,2198900000,11170625_전자기기·수리
SUB04_004505,C04_1048,예금,23140000,2023-09-24,11200615,금호2·3가동,가구·인테리어,20254,41981879,2442,-7.35,1000000,-5.3,Y,운전자금대출,300000,11200615_가구·인테리어
SUB04_004506,C04_1744,펀드,7830000,2025-09-09,11710650,잠실본동,음식·음료,20254,63430744972,2246572,-2.27,415660000,2.85,N,없음,0,11710650_음식·음료
SUB04_004507,C04_0400,예금,34620000,2024-12-05,11740580,암사2동,음식·음료,20254,8133947127,268764,-6.55,29490000,-6.19,Y,운전자금대출,12700000,11740580_음식·음료
SUB04_004508,C04_1104,적금,9090000,2024-03-27,11380570,대조동,음식·음료,20254,20784199992,1196782,3.98,116020000,1.34,Y,소상공인신용대출,24300000,11380570_음식·음료
SUB04_004509,C04_0800,예금,21920000,2024-12-12,11230570,전농2동,식료품·편의소매,20254,1426148020,253346,-5.71,4920000,5.39,Y,운전자금대출,2600000,11230570_식료품·편의소매
SUB04_004510,C04_0571,예금,56290000,2024-01-04,11290660,길음1동,음식·음료,20254,2251783079,137859,-6.25,6000000,-10.27,Y,운전자금대출,3900000,11290660_음식·음료
SUB04_004511,C04_0381,ISA,32890000,2023-10-19,11320700,방학2동,식료품·편의소매,20254,18157748651,997098,20.51,81790000,22.64,N,없음,0,11320700_식료품·편의소매
SUB04_004512,C04_0032,ISA,11810000,2025-03-07,11410520,천연동,생활서비스,20254,304955261,13315,78.34,2210000,88.17,N,없음,0,11410520_생활서비스
SUB04_004513,C04_1927,펀드,14710000,2022-09-05,11110670,창신1동,문화·취미·반려,20254,32240430260,1232130,48.72,150840000,38.72,Y,소상공인신용대출,96200000,11110670_문화·취미·반려
SUB04_004514,C04_1698,예금,15230000,2023-03-04,11380580,응암1동,식료품·편의소매,20254,6991436240,312131,1.75,37340000,32.0,N,없음,0,11380580_식료품·편의소매
SUB04_004515,C04_1921,예금,69810000,2025-05-31,11170660,이태원2동,가구·인테리어,20254,111744132,5518,56.32,1000000,75.43,Y,시설자금대출,300000,11170660_가구·인테리어
SUB04_004516,C04_1513,펀드,10580000,2024-02-15,11545610,독산1동,숙박,20254,214597050,4824,20.61,1240000,25.28,Y,운전자금대출,600000,11545610_숙박
SUB04_004517,C04_0256,적금,9870000,2024-09-03,11440690,망원1동,가구·인테리어,20254,2602004050,8089,139.78,21980000,100.0,N,없음,0,11440690_가구·인테리어
SUB04_004518,C04_1195,펀드,11490000,2022-05-27,11650610,방배2동,음식·음료,20254,34058557078,699435,13.53,136550000,-2.41,Y,운전자금대출,51700000,11650610_음식·음료
SUB04_004519,C04_1854,펀드,13660000,2023-06-23,11380632,신사2동,식료품·편의소매,20254,6793679831,196337,7.02,19620000,1.37,N,없음,0,11380632_식료품·편의소매
SUB04_004520,C04_0484,ISA,17710000,2025-10-17,11305660,인수동,미용·뷰티,20254,303814408,9965,-4.17,1710000,-23.15,Y,소상공인신용대출,1000000,11305660_미용·뷰티
SUB04_004521,C04_1267,예금,49380000,2022-01-11,11710720,잠실7동,음식·음료,20254,85449529,4812,-7.83,1380000,9.06,Y,운전자금대출,500000,11710720_음식·음료
SUB04_004522,C04_0173,ISA,13140000,2023-02-24,11530510,신도림동,식료품·편의소매,20254,4904937868,495692,-9.61,33120000,14.06,N,없음,0,11530510_식료품·편의소매
SUB04_004523,C04_1886,ISA,17380000,2024-09-14,11410620,홍제1동,생활서비스,20254,48163442,3341,71.67,1000000,96.12,N,없음,0,11410620_생활서비스
SUB04_004524,C04_1532,적금,3440000,2022-12-31,11320512,창2동,자동차·운송서비스,20254,361583729,2241,-14.31,1800000,-11.42,Y,시설자금대출,1100000,11320512_자동차·운송서비스
SUB04_004525,C04_1536,예금,36050000,2025-07-03,11500603,가양1동,전자기기·수리,20254,3905546454,104294,8.98,45830000,-6.71,Y,시설자금대출,21400000,11500603_전자기기·수리
SUB04_004526,C04_1373,펀드,9460000,2024-03-03,11590640,사당3동,음식·음료,20254,4789645071,190992,2.07,51340000,-0.93,Y,소상공인신용대출,32900000,11590640_음식·음료
SUB04_004527,C04_0316,예금,35920000,2023-11-12,11680610,대치2동,가구·인테리어,20254,1138499601,918,16.21,2530000,9.52,Y,운전자금대출,1000000,11680610_가구·인테리어
SUB04_004528,C04_0657,펀드,22710000,2022-06-22,11305635,수유3동,숙박,20254,337982433,11171,7.24,4350000,19.86,N,없음,0,11305635_숙박
SUB04_004529,C04_0294,ISA,11590000,2024-04-26,11470550,목5동,미용·뷰티,20254,705440050,9755,-0.77,8240000,0.52,N,없음,0,11470550_미용·뷰티
SUB04_004530,C04_0405,예금,46280000,2025-09-04,11230710,회기동,음식·음료,20254,17919260676,926980,8.3,190500000,-10.14,Y,소상공인신용대출,120600000,11230710_음식·음료
SUB04_004531,C04_0693,ISA,9200000,2025-03-03,11560540,여의동,식료품·편의소매,20254,30004022247,3005665,-7.21,216990000,-7.16,N,없음,0,11560540_식료품·편의소매
SUB04_004532,C04_1746,펀드,24790000,2024-03-14,11560620,양평2동,식료품·편의소매,20254,7265073345,515154,-0.4,46980000,12.91,N,없음,0,11560620_식료품·편의소매
SUB04_004533,C04_0812,ISA,7060000,2024-11-28,11260660,망우3동,자동차·운송서비스,20254,391720580,1816,-26.35,1420000,-27.2,Y,운전자금대출,1000000,11260660_자동차·운송서비스
SUB04_004534,C04_1866,펀드,22270000,2025-06-04,11230650,장안1동,자동차·운송서비스,20254,6754014389,20933,-27.94,77610000,-40.99,Y,소상공인신용대출,53700000,11230650_자동차·운송서비스
SUB04_004535,C04_0542,펀드,15610000,2025-12-22,11500604,가양2동,식료품·편의소매,20254,4334074952,453655,-4.41,87610000,2.14,Y,소상공인신용대출,42100000,11500604_식료품·편의소매
SUB04_004536,C04_0785,예금,53360000,2025-08-26,11590630,사당2동,가구·인테리어,20254,619776936,5449,965.69,2970000,100.0,Y,운전자금대출,1400000,11590630_가구·인테리어
SUB04_004537,C04_0305,예금,22940000,2025-09-25,11650620,방배3동,자동차·운송서비스,20254,86475909,1185,-3.07,1290000,-6.98,N,없음,0,11650620_자동차·운송서비스
SUB04_004538,C04_1625,ISA,33190000,2025-09-19,11650581,반포4동,숙박,20254,31195756,484,-54.13,1000000,-35.58,Y,소상공인신용대출,500000,11650581_숙박
SUB04_004539,C04_1412,ISA,25510000,2025-11-18,11650590,방배본동,여가·오락,20254,209015127,7137,8.15,1440000,2.48,N,없음,0,11650590_여가·오락
SUB04_004540,C04_1704,적금,11510000,2024-11-24,11380650,수색동,음식·음료,20254,2778723809,84826,14.22,27380000,-16.51,Y,소상공인신용대출,17100000,11380650_음식·음료
SUB04_004541,C04_1745,예금,58120000,2023-09-14,11110550,부암동,자동차·운송서비스,20254,2711755187,13182,15.24,26950000,8.51,Y,운전자금대출,8300000,11110550_자동차·운송서비스
SUB04_004542,C04_0063,펀드,13700000,2025-02-02,11230610,답십리2동,생활서비스,20254,6049601,248,90.28,1000000,93.56,N,없음,0,11230610_생활서비스
SUB04_004543,C04_1341,펀드,29970000,2022-02-26,11200790,용답동,음식·음료,20254,10936593625,497823,-1.15,74230000,23.95,N,없음,0,11200790_음식·음료
SUB04_004544,C04_0057,적금,2400000,2025-05-29,11680590,삼성2동,전자기기·수리,20254,301080179,4564,12.06,2850000,2.91,Y,소상공인신용대출,500000,11680590_전자기기·수리
SUB04_004545,C04_1967,예금,19250000,2025-08-24,11620615,중앙동,식료품·편의소매,20254,6815984203,628358,-0.6,82110000,5.84,Y,소상공인신용대출,25300000,11620615_식료품·편의소매
SUB04_004546,C04_1627,예금,27000000,2025-06-26,11200620,금호4가동,음식·음료,20254,4223512712,109089,2.62,42120000,-0.89,N,없음,0,11200620_음식·음료
SUB04_004547,C04_0522,ISA,27620000,2025-08-28,11740620,천호3동,문화·취미·반려,20254,8235213,794,-20.26,1000000,-19.19,N,없음,0,11740620_문화·취미·반려
SUB04_004548,C04_1479,적금,6880000,2022-02-20,11740540,명일2동,패션·잡화,20254,1080003841,11056,-22.66,30470000,-35.59,Y,소상공인신용대출,11600000,11740540_패션·잡화
SUB04_004549,C04_1741,펀드,8570000,2024-08-16,11170690,서빙고동,미용·뷰티,20254,71969018,2101,-24.74,1000000,-28.92,N,없음,0,11170690_미용·뷰티
SUB04_004550,C04_0530,예금,36260000,2024-09-26,11290525,성북동,가구·인테리어,20254,606176418,16563,-28.85,4880000,-16.81,N,없음,0,11290525_가구·인테리어
SUB04_004551,C04_1015,ISA,16870000,2025-01-21,11590680,신대방2동,미용·뷰티,20254,677596017,14994,-4.24,3350000,-7.31,N,없음,0,11590680_미용·뷰티
SUB04_004552,C04_1647,적금,4460000,2025-07-05,11740560,고덕2동,여가·오락,20254,70666920,3874,-4.69,1000000,-12.68,Y,소상공인신용대출,300000,11740560_여가·오락
SUB04_004553,C04_0871,예금,22690000,2025-06-10,11260520,면목2동,음식·음료,20254,6641231251,236410,7.26,38810000,5.6,N,없음,0,11260520_음식·음료
SUB04_004554,C04_0046,ISA,16800000,2025-07-04,11290525,성북동,음식·음료,20254,13127023974,460976,3.03,67160000,-2.02,N,없음,0,11290525_음식·음료
SUB04_004555,C04_0895,펀드,19020000,2025-07-14,11545510,가산동,자동차·운송서비스,20254,2630722841,14969,-10.54,9760000,-1.97,N,없음,0,11545510_자동차·운송서비스
SUB04_004556,C04_0895,적금,5150000,2025-12-15,11545510,가산동,자동차·운송서비스,20254,2630722841,14969,-10.54,9760000,-1.97,N,없음,0,11545510_자동차·운송서비스
SUB04_004557,C04_1038,예금,26160000,2022-01-20,11320660,쌍문1동,여가·오락,20254,41374467,3438,-34.93,1000000,-17.77,Y,운전자금대출,400000,11320660_여가·오락
SUB04_004558,C04_1944,ISA,8780000,2024-05-07,11140590,광희동,여가·오락,20254,1022850976,101374,5.63,5280000,-3.67,Y,소상공인신용대출,1600000,11140590_여가·오락
SUB04_004559,C04_1937,예금,30730000,2025-08-24,11230610,답십리2동,전자기기·수리,20254,6957066,230,-77.51,1000000,-70.0,Y,시설자금대출,600000,11230610_전자기기·수리
SUB04_004560,C04_0014,ISA,16160000,2024-05-10,11545620,독산2동,여가·오락,20254,406335512,6062,29.57,3530000,28.49,Y,운전자금대출,1400000,11545620_여가·오락
SUB04_004561,C04_0738,적금,4150000,2025-07-27,11350665,상계3·4동,문화·취미·반려,20254,101987,7,-84.74,1000000,-70.0,Y,운전자금대출,500000,11350665_문화·취미·반려
SUB04_004562,C04_1886,펀드,12090000,2023-06-05,11410620,홍제1동,생활서비스,20254,48163442,3341,71.67,1000000,96.12,N,없음,0,11410620_생활서비스
SUB04_004563,C04_0437,ISA,13020000,2023-09-02,11680521,논현1동,숙박,20254,210400057,2755,-0.39,1080000,12.23,Y,운전자금대출,200000,11680521_숙박
SUB04_004564,C04_1564,펀드,15040000,2025-09-13,11260600,중화1동,음식·음료,20254,1418808781,43753,-9.22,17980000,1.68,N,없음,0,11260600_음식·음료
SUB04_004565,C04_0949,펀드,17140000,2024-02-22,11710580,송파1동,생활서비스,20254,101358585,6147,50.4,1000000,47.47,N,없음,0,11710580_생활서비스
SUB04_004566,C04_0812,ISA,24790000,2022-08-20,11260660,망우3동,자동차·운송서비스,20254,391720580,1816,-26.35,1420000,-27.2,Y,운전자금대출,1000000,11260660_자동차·운송서비스
SUB04_004567,C04_1051,펀드,18700000,2025-12-07,11590670,신대방1동,생활서비스,20254,71970959,4679,43.11,1000000,54.72,Y,소상공인신용대출,300000,11590670_생활서비스
SUB04_004568,C04_0800,예금,84120000,2025-02-06,11230570,전농2동,식료품·편의소매,20254,1426148020,253346,-5.71,4920000,5.39,Y,운전자금대출,2600000,11230570_식료품·편의소매
SUB04_004569,C04_1280,ISA,12380000,2024-08-04,11710540,마천1동,패션·잡화,20254,258485970,2144,23.77,1000000,26.35,Y,소상공인신용대출,400000,11710540_패션·잡화
SUB04_004570,C04_0577,펀드,15980000,2023-07-17,11560515,영등포본동,패션·잡화,20254,25377198894,973724,12.1,161400000,16.95,Y,운전자금대출,30300000,11560515_패션·잡화
SUB04_004571,C04_1078,펀드,18800000,2024-12-27,11410685,홍은2동,여가·오락,20254,321652788,41788,-2.05,1020000,-13.6,N,없음,0,11410685_여가·오락
SUB04_004572,C04_1518,예금,50460000,2023-11-25,11500591,화곡6동,미용·뷰티,20254,362107023,9299,-3.16,2310000,-2.45,Y,운전자금대출,500000,11500591_미용·뷰티
SUB04_004573,C04_0766,적금,7670000,2022-05-30,11530530,구로2동,음식·음료,20254,16766484288,634293,-0.86,100410000,33.28,Y,운전자금대출,23000000,11530530_음식·음료
SUB04_004574,C04_0709,ISA,27720000,2025-12-31,11590620,사당1동,음식·음료,20254,36080331692,906899,12.7,100010000,36.38,N,없음,0,11590620_음식·음료
SUB04_004575,C04_0141,펀드,14110000,2023-12-27,11710562,방이2동,생활서비스,20254,208938815,9638,73.94,1000000,75.52,Y,운전자금대출,500000,11710562_생활서비스
SUB04_004576,C04_1064,펀드,19170000,2023-12-13,11305545,송중동,미용·뷰티,20254,1110790684,19256,-14.68,15370000,-29.37,N,없음,0,11305545_미용·뷰티
SUB04_004577,C04_0222,예금,50120000,2023-10-19,11680740,일원2동,문화·취미·반려,20254,66364821,4012,36.65,1000000,32.36,Y,운전자금대출,500000,11680740_문화·취미·반려
SUB04_004578,C04_0962,ISA,8910000,2024-02-26,11680655,도곡1동,식료품·편의소매,20254,10702873769,1062035,-2.27,116130000,-19.48,Y,시설자금대출,67400000,11680655_식료품·편의소매
SUB04_004579,C04_1315,적금,4470000,2022-05-06,11170570,원효로2동,음식·음료,20254,2764234807,140636,17.05,18760000,-13.42,Y,시설자금대출,8600000,11170570_음식·음료
SUB04_004580,C04_0151,적금,5210000,2023-10-17,11560700,대림1동,음식·음료,20254,6600583214,329323,-0.9,36460000,-2.74,Y,운전자금대출,20200000,11560700_음식·음료
SUB04_004581,C04_1006,ISA,36240000,2025-10-25,11290525,성북동,가구·인테리어,20254,606176418,16563,-28.85,4330000,-26.03,N,없음,0,11290525_가구·인테리어
SUB04_004582,C04_0004,ISA,15960000,2024-09-29,11230545,제기동,가구·인테리어,20254,1241162843,33526,55.38,7160000,67.72,N,없음,0,11230545_가구·인테리어
SUB04_004583,C04_1355,펀드,15850000,2025-12-11,11110540,삼청동,미용·뷰티,20254,967420678,22375,66.65,13020000,67.85,N,없음,0,11110540_미용·뷰티
SUB04_004584,C04_1161,ISA,18820000,2022-08-14,11680531,논현2동,미용·뷰티,20254,8582944387,81075,-2.86,43360000,-6.51,N,없음,0,11680531_미용·뷰티
SUB04_004585,C04_1348,예금,41510000,2025-10-29,11290810,석관동,문화·취미·반려,20254,208185261,9628,32.72,1840000,32.38,Y,소상공인신용대출,1200000,11290810_문화·취미·반려
SUB04_004586,C04_1422,ISA,23450000,2025-03-30,11560585,도림동,미용·뷰티,20254,723635955,10276,-20.18,9040000,-39.73,Y,소상공인신용대출,6300000,11560585_미용·뷰티
SUB04_004587,C04_0253,예금,18680000,2025-11-27,11410615,연희동,생활서비스,20254,260919051,15753,25.9,3640000,37.92,Y,운전자금대출,600000,11410615_생활서비스
SUB04_004588,C04_1210,적금,3020000,2022-01-18,11290555,삼선동,음식·음료,20254,16670973186,594863,2.53,146350000,7.45,N,없음,0,11290555_음식·음료
SUB04_004589,C04_0123,예금,11790000,2025-11-10,11680600,대치1동,여가·오락,20254,1215739345,166463,-14.6,7040000,-2.97,Y,운전자금대출,4500000,11680600_여가·오락
SUB04_004590,C04_1329,펀드,17160000,2023-06-16,11650540,잠원동,숙박,20254,280236540,2888,-5.31,3150000,0.1,Y,소상공인신용대출,1200000,11650540_숙박
SUB04_004591,C04_0984,펀드,9530000,2025-11-03,11650550,반포본동,패션·잡화,20254,483162624,1102,87.39,3360000,78.67,Y,운전자금대출,2000000,11650550_패션·잡화
SUB04_004592,C04_1342,펀드,8830000,2024-02-14,11440730,성산2동,문화·취미·반려,20254,390436603,4427,-29.87,5350000,-25.84,Y,시설자금대출,3000000,11440730_문화·취미·반려
SUB04_004593,C04_0545,적금,4830000,2024-04-08,11530550,구로4동,미용·뷰티,20254,958022761,36167,-14.92,8730000,-31.65,Y,소상공인신용대출,3400000,11530550_미용·뷰티
SUB04_004594,C04_0527,예금,48680000,2023-09-10,11170510,후암동,식료품·편의소매,20254,8077629287,635828,3.98,30190000,6.88,N,없음,0,11170510_식료품·편의소매
SUB04_004595,C04_1609,예금,28870000,2023-09-08,11110700,숭인1동,미용·뷰티,20254,241896414,5005,8.04,2010000,12.39,Y,운전자금대출,800000,11110700_미용·뷰티
SUB04_004596,C04_1187,ISA,16090000,2025-05-08,11380560,구산동,생활서비스,20254,124128772,3575,19.56,1000000,9.49,Y,운전자금대출,200000,11380560_생활서비스
SUB04_004597,C04_0484,ISA,9470000,2025-11-12,11305660,인수동,미용·뷰티,20254,303814408,9965,-4.17,1710000,-23.15,Y,소상공인신용대출,1000000,11305660_미용·뷰티
SUB04_004598,C04_0814,펀드,8070000,2025-08-26,11470650,신정4동,여가·오락,20254,1936188729,172483,11.6,20360000,16.1,Y,시설자금대출,5100000,11470650_여가·오락
SUB04_004599,C04_0083,예금,18370000,2024-04-28,11410690,남가좌1동,여가·오락,20254,123263890,4981,-5.63,1060000,11.45,N,없음,0,11410690_여가·오락
SUB04_004600,C04_0159,예금,27250000,2023-11-16,11590660,대방동,음식·음료,20254,17988963710,611602,-1.86,104470000,4.82,N,없음,0,11590660_음식·음료
SUB04_004601,C04_1427,적금,6580000,2025-05-26,11200540,마장동,생활서비스,20254,116274110,12009,63.72,1000000,52.64,Y,운전자금대출,600000,11200540_생활서비스
SUB04_004602,C04_1890,적금,2940000,2025-01-04,11590640,사당3동,음식·음료,20254,4789645071,190992,2.07,31210000,-15.52,Y,소상공인신용대출,10100000,11590640_음식·음료
SUB04_004603,C04_1710,예금,93730000,2022-02-26,11410720,북가좌2동,음식·음료,20254,11114289899,457741,3.96,177180000,8.54,Y,시설자금대출,53700000,11410720_음식·음료
SUB04_004604,C04_1782,예금,11680000,2025-07-03,11740560,고덕2동,전자기기·수리,20254,1096552,42,6.0,1000000,-6.61,N,없음,0,11740560_전자기기·수리
SUB04_004605,C04_1665,적금,4360000,2025-01-03,11650610,방배2동,여가·오락,20254,870303240,36615,30.01,3410000,11.23,N,없음,0,11650610_여가·오락
SUB04_004606,C04_0837,펀드,7190000,2024-11-08,11305595,번1동,음식·음료,20254,15253508011,658323,2.44,82040000,6.05,N,없음,0,11305595_음식·음료
SUB04_004607,C04_1936,ISA,10370000,2023-08-08,11740685,길동,전자기기·수리,20254,400315634,1399,294.74,4730000,100.0,N,없음,0,11740685_전자기기·수리
SUB04_004608,C04_1634,예금,22340000,2024-05-31,11710540,마천1동,음식·음료,20254,1695350462,116911,-4.86,8470000,4.05,Y,운전자금대출,2500000,11710540_음식·음료
SUB04_004609,C04_1926,펀드,18830000,2024-05-08,11740610,천호2동,숙박,20254,1066990481,23658,6.45,6830000,-6.78,N,없음,0,11740610_숙박
SUB04_004610,C04_1012,ISA,12840000,2022-10-16,11140605,을지로동,미용·뷰티,20254,2013830648,32525,2.16,32270000,11.09,Y,소상공인신용대출,8600000,11140605_미용·뷰티
SUB04_004611,C04_1261,ISA,25260000,2024-06-05,11350580,월계3동,식료품·편의소매,20254,1600804243,152352,1.01,14830000,24.41,N,없음,0,11350580_식료품·편의소매
SUB04_004612,C04_0993,펀드,16730000,2022-02-11,11110550,부암동,식료품·편의소매,20254,803160059,131301,0.81,3920000,-9.14,Y,운전자금대출,1700000,11110550_식료품·편의소매
SUB04_004613,C04_1444,적금,2470000,2023-03-20,11680656,도곡2동,패션·잡화,20254,2452236925,19802,15.43,10070000,32.57,N,없음,0,11680656_패션·잡화
SUB04_004614,C04_0021,예금,46280000,2025-10-27,11620565,성현동,여가·오락,20254,463005,31,-73.68,1000000,-54.65,Y,운전자금대출,800000,11620565_여가·오락
SUB04_004615,C04_0959,예금,45490000,2024-07-31,11290525,성북동,식료품·편의소매,20254,3220434099,220823,-3.03,11260000,7.63,Y,시설자금대출,5300000,11290525_식료품·편의소매
SUB04_004616,C04_1687,적금,4880000,2024-04-25,11170690,서빙고동,음식·음료,20254,1322050894,61734,3.48,5650000,-1.9,N,없음,0,11170690_음식·음료
SUB04_004617,C04_1612,ISA,20320000,2024-10-13,11440690,망원1동,문화·취미·반려,20254,368454775,20715,33.93,4980000,28.2,N,없음,0,11440690_문화·취미·반려
SUB04_004618,C04_1734,ISA,17910000,2024-12-01,11560650,신길3동,문화·취미·반려,20254,28675776,693,-19.91,1000000,-10.4,N,없음,0,11560650_문화·취미·반려
SUB04_004619,C04_0731,펀드,12180000,2023-07-07,11545630,독산3동,음식·음료,20254,10972556558,447770,0.36,272920000,-1.63,Y,소상공인신용대출,97200000,11545630_음식·음료
SUB04_004620,C04_0989,예금,49020000,2025-05-17,11350625,중계2·3동,음식·음료,20254,6204547819,495905,-1.91,23800000,-25.94,N,없음,0,11350625_음식·음료
SUB04_004621,C04_1814,예금,40880000,2024-12-20,11620575,행운동,생활서비스,20254,201251101,17616,62.92,3100000,58.74,N,없음,0,11620575_생활서비스
SUB04_004622,C04_1760,ISA,14070000,2023-11-11,11680521,논현1동,패션·잡화,20254,4511969480,26834,14.07,18480000,10.21,Y,시설자금대출,3300000,11680521_패션·잡화
SUB04_004623,C04_1704,예금,26210000,2024-09-11,11380650,수색동,음식·음료,20254,2778723809,84826,14.22,27380000,-16.51,Y,소상공인신용대출,17100000,11380650_음식·음료
SUB04_004624,C04_0364,예금,65040000,2023-06-28,11590550,상도3동,식료품·편의소매,20254,15499323966,1008375,3.95,37180000,4.18,N,없음,0,11590550_식료품·편의소매
SUB04_004625,C04_0327,ISA,19170000,2025-03-24,11110700,숭인1동,미용·뷰티,20254,241896414,5005,8.04,1000000,14.69,N,없음,0,11110700_미용·뷰티
SUB04_004626,C04_1368,예금,62200000,2022-02-28,11680750,수서동,미용·뷰티,20254,2660603017,21604,-19.96,13680000,-13.03,N,없음,0,11680750_미용·뷰티
SUB04_004627,C04_0067,ISA,8260000,2023-11-02,11560720,대림3동,패션·잡화,20254,1350358132,23689,3.68,11880000,7.97,Y,소상공인신용대출,4600000,11560720_패션·잡화
SUB04_004628,C04_1902,ISA,11050000,2024-01-05,11215710,화양동,여가·오락,20254,2558350108,433675,3.25,17860000,29.09,Y,운전자금대출,10700000,11215710_여가·오락
SUB04_004629,C04_1185,펀드,9580000,2024-02-15,11200520,왕십리2동,가구·인테리어,20254,12171197,46,20.02,1000000,37.47,N,없음,0,11200520_가구·인테리어
SUB04_004630,C04_1696,펀드,4490000,2024-07-23,11260575,면목3·8동,생활서비스,20254,281170613,13556,106.01,1570000,100.0,Y,운전자금대출,400000,11260575_생활서비스
SUB04_004631,C04_1522,ISA,18510000,2024-11-01,11140635,약수동,패션·잡화,20254,720188976,7809,49.86,10350000,54.99,Y,운전자금대출,5500000,11140635_패션·잡화
SUB04_004632,C04_1673,ISA,12850000,2022-06-02,11350580,월계3동,자동차·운송서비스,20254,6552756,76,24.74,1000000,17.47,Y,시설자금대출,200000,11350580_자동차·운송서비스
SUB04_004633,C04_0046,적금,2910000,2024-10-14,11290525,성북동,음식·음료,20254,13127023974,460976,3.03,67160000,-2.02,N,없음,0,11290525_음식·음료
SUB04_004634,C04_0913,펀드,26210000,2025-07-13,11680670,개포2동,문화·취미·반려,20254,102908922,3684,-25.16,1000000,-21.6,Y,시설자금대출,600000,11680670_문화·취미·반려
SUB04_004635,C04_1964,적금,7650000,2023-10-30,11140635,약수동,문화·취미·반려,20254,1830292493,82483,2.2,8180000,10.4,Y,시설자금대출,2700000,11140635_문화·취미·반려
SUB04_004636,C04_1310,적금,3650000,2025-02-28,11710532,거여2동,미용·뷰티,20254,486155578,11772,-9.0,1620000,0.19,Y,소상공인신용대출,600000,11710532_미용·뷰티
SUB04_004637,C04_0549,예금,76800000,2023-10-23,11230730,휘경2동,음식·음료,20254,2307456357,113192,-3.71,17450000,-7.36,Y,운전자금대출,8100000,11230730_음식·음료
SUB04_004638,C04_0105,ISA,32160000,2025-11-14,11305660,인수동,미용·뷰티,20254,303814408,9965,-4.17,1110000,-1.68,Y,시설자금대출,500000,11305660_미용·뷰티
SUB04_004639,C04_0433,적금,11700000,2025-05-12,11305615,수유1동,숙박,20254,305292083,14631,-33.97,1000000,-39.9,Y,운전자금대출,800000,11305615_숙박
SUB04_004640,C04_1087,펀드,14170000,2025-11-27,11530540,구로3동,여가·오락,20254,1236108433,63805,8.38,40100000,1.88,Y,운전자금대출,10400000,11530540_여가·오락
SUB04_004641,C04_1412,예금,79390000,2025-05-25,11650590,방배본동,여가·오락,20254,209015127,7137,8.15,1440000,2.48,N,없음,0,11650590_여가·오락
SUB04_004642,C04_0193,ISA,10320000,2025-07-26,11215840,자양3동,문화·취미·반려,20254,249588460,6071,111.91,1000000,100.0,N,없음,0,11215840_문화·취미·반려
SUB04_004643,C04_1609,예금,21590000,2023-05-29,11110700,숭인1동,미용·뷰티,20254,241896414,5005,8.04,2010000,12.39,Y,운전자금대출,800000,11110700_미용·뷰티
SUB04_004644,C04_0200,예금,37190000,2022-10-16,11290555,삼선동,전자기기·수리,20254,1071442991,3786,-34.77,27890000,-45.28,Y,운전자금대출,17100000,11290555_전자기기·수리
SUB04_004645,C04_0446,ISA,24760000,2023-06-29,11590560,상도4동,가구·인테리어,20254,30998005,1606,1.84,1000000,3.39,Y,운전자금대출,400000,11590560_가구·인테리어
SUB04_004646,C04_1072,ISA,14010000,2024-09-06,11440585,도화동,전자기기·수리,20254,533288342,3122,-70.44,2080000,-70.0,N,없음,0,11440585_전자기기·수리
SUB04_004647,C04_1768,예금,45270000,2023-06-30,11260570,면목7동,생활서비스,20254,129446402,6089,69.29,1000000,64.63,Y,운전자금대출,300000,11260570_생활서비스
SUB04_004648,C04_0027,ISA,17240000,2023-01-28,11230660,장안2동,가구·인테리어,20254,15398068346,192090,-1.35,213820000,27.33,Y,소상공인신용대출,78400000,11230660_가구·인테리어
SUB04_004649,C04_1882,적금,3330000,2023-06-03,11500520,등촌1동,문화·취미·반려,20254,2767894313,36541,3.86,28740000,-4.99,N,없음,0,11500520_문화·취미·반려
SUB04_004650,C04_1458,예금,40700000,2024-01-24,11170625,한강로동,패션·잡화,20254,1334861747,7951,47.12,9510000,35.07,N,없음,0,11170625_패션·잡화
SUB04_004651,C04_0963,ISA,26490000,2023-11-08,11710641,문정1동,생활서비스,20254,75049155,3240,55.6,1000000,46.53,Y,운전자금대출,200000,11710641_생활서비스
SUB04_004652,C04_0102,적금,8700000,2023-02-19,11440565,공덕동,음식·음료,20254,20956547647,666571,5.59,312630000,30.51,N,없음,0,11440565_음식·음료
SUB04_004653,C04_0089,ISA,36520000,2025-12-01,11530510,신도림동,여가·오락,20254,621223151,93601,6.95,9410000,-6.71,Y,운전자금대출,4000000,11530510_여가·오락
SUB04_004654,C04_0219,ISA,50410000,2023-07-18,11680750,수서동,가구·인테리어,20254,64611223,1205,-88.08,1000000,-70.0,N,없음,0,11680750_가구·인테리어
SUB04_004655,C04_1136,펀드,9480000,2025-07-14,11140580,장충동,문화·취미·반려,20254,2666421508,7541,22.35,12130000,13.01,Y,소상공인신용대출,6100000,11140580_문화·취미·반려
SUB04_004656,C04_1215,ISA,17420000,2024-03-29,11320710,방학3동,식료품·편의소매,20254,2326774704,199172,-8.53,17840000,-7.58,N,없음,0,11320710_식료품·편의소매
SUB04_004657,C04_1049,적금,4220000,2024-05-13,11650520,서초2동,패션·잡화,20254,2078047880,26765,36.31,15280000,34.95,N,없음,0,11650520_패션·잡화
SUB04_004658,C04_0381,ISA,12810000,2023-10-29,11320700,방학2동,식료품·편의소매,20254,18157748651,997098,20.51,81790000,22.64,N,없음,0,11320700_식료품·편의소매
SUB04_004659,C04_0715,적금,3800000,2022-03-09,11710531,거여1동,미용·뷰티,20254,453996635,9856,6.59,1740000,13.33,N,없음,0,11710531_미용·뷰티
SUB04_004660,C04_1997,적금,2350000,2022-08-14,11200560,행당1동,식료품·편의소매,20254,4817207851,450103,1.05,21650000,-4.81,N,없음,0,11200560_식료품·편의소매
SUB04_004661,C04_0468,ISA,10930000,2024-05-09,11650660,내곡동,음식·음료,20254,3171613387,164251,-3.35,24340000,-18.7,N,없음,0,11650660_음식·음료
SUB04_004662,C04_1807,예금,14210000,2023-05-25,11320660,쌍문1동,음식·음료,20254,2552230094,217952,-0.83,15720000,7.02,Y,운전자금대출,7700000,11320660_음식·음료
SUB04_004663,C04_1092,적금,1900000,2023-09-21,11170625,한강로동,전자기기·수리,20254,586836230665,1967857,15.58,2838430000,22.64,Y,운전자금대출,1363800000,11170625_전자기기·수리
SUB04_004664,C04_0819,ISA,21330000,2023-05-29,11650530,서초3동,패션·잡화,20254,9619660217,62349,30.07,126300000,15.48,N,없음,0,11650530_패션·잡화
SUB04_004665,C04_1817,적금,2960000,2022-01-28,11740550,고덕1동,문화·취미·반려,20254,17785879,4536,-5.07,1000000,-1.31,N,없음,0,11740550_문화·취미·반려
SUB04_004666,C04_0940,펀드,17580000,2023-04-15,11590670,신대방1동,생활서비스,20254,71970959,4679,43.11,1000000,23.97,Y,시설자금대출,200000,11590670_생활서비스
SUB04_004667,C04_0456,예금,30320000,2024-02-21,11215730,군자동,미용·뷰티,20254,629161817,13207,-9.74,5260000,3.03,N,없음,0,11215730_미용·뷰티
SUB04_004668,C04_1797,펀드,6700000,2022-01-25,11170530,남영동,전자기기·수리,20254,93865987,2520,1246.01,1030000,100.0,N,없음,0,11170530_전자기기·수리
SUB04_004669,C04_0102,펀드,23180000,2024-08-31,11440565,공덕동,음식·음료,20254,20956547647,666571,5.59,312630000,30.51,N,없음,0,11440565_음식·음료
SUB04_004670,C04_0595,예금,29550000,2024-04-05,11440730,성산2동,전자기기·수리,20254,353202148,7753,382.09,2570000,100.0,Y,운전자금대출,1600000,11440730_전자기기·수리
SUB04_004671,C04_0053,ISA,26610000,2025-04-11,11470560,신월1동,패션·잡화,20254,685003779,15226,16.92,6490000,-7.62,N,없음,0,11470560_패션·잡화
SUB04_004672,C04_1123,펀드,14330000,2025-05-15,11350595,공릉1동,가구·인테리어,20254,1907338257,14116,86.98,16620000,96.04,Y,운전자금대출,2600000,11350595_가구·인테리어
SUB04_004673,C04_0068,ISA,18250000,2023-10-29,11230610,답십리2동,식료품·편의소매,20254,5053741794,303669,2.55,25470000,15.65,Y,시설자금대출,15500000,11230610_식료품·편의소매
SUB04_004674,C04_1838,적금,2910000,2025-08-09,11380510,녹번동,식료품·편의소매,20254,2997619082,359736,-82.47,12620000,-70.0,Y,운전자금대출,6600000,11380510_식료품·편의소매
SUB04_004675,C04_0459,펀드,5180000,2025-12-04,11305608,번3동,미용·뷰티,20254,497104380,11763,-15.9,2030000,-11.4,N,없음,0,11305608_미용·뷰티
SUB04_004676,C04_1424,펀드,26460000,2023-09-09,11680610,대치2동,패션·잡화,20254,5587886595,62036,5.34,12810000,7.53,Y,운전자금대출,6900000,11680610_패션·잡화
SUB04_004677,C04_0924,예금,66650000,2025-06-05,11380570,대조동,패션·잡화,20254,4052857012,88531,2.94,47970000,-11.65,N,없음,0,11380570_패션·잡화
SUB04_004678,C04_0290,예금,61020000,2022-03-27,11260570,면목7동,전자기기·수리,20254,20343430,204,-79.43,1000000,-70.0,Y,소상공인신용대출,500000,11260570_전자기기·수리
SUB04_004679,C04_1731,펀드,13220000,2024-08-05,11140615,신당동,문화·취미·반려,20254,1434799933,3243,172.54,10470000,100.0,Y,소상공인신용대출,3000000,11140615_문화·취미·반려
SUB04_004680,C04_0121,예금,53720000,2023-09-06,11230545,제기동,식료품·편의소매,20254,923851786755,35721166,-0.94,2663280000,-11.8,Y,운전자금대출,852200000,11230545_식료품·편의소매
SUB04_004681,C04_0714,적금,4560000,2025-11-27,11530520,구로1동,음식·음료,20254,1727571626,70535,21.97,5100000,14.37,N,없음,0,11530520_음식·음료
SUB04_004682,C04_0047,ISA,18860000,2025-11-11,11590640,사당3동,가구·인테리어,20254,44818542,742,2.81,1000000,4.23,N,없음,0,11590640_가구·인테리어
SUB04_004683,C04_0651,ISA,12450000,2025-10-03,11620545,청림동,미용·뷰티,20254,243061846,5549,16.11,1000000,7.69,N,없음,0,11620545_미용·뷰티
SUB04_004684,C04_1982,예금,36320000,2024-02-13,11215830,자양2동,미용·뷰티,20254,418439849,11660,-11.13,4200000,-11.43,N,없음,0,11215830_미용·뷰티
SUB04_004685,C04_1782,ISA,9100000,2024-04-01,11740560,고덕2동,전자기기·수리,20254,1096552,42,6.0,1000000,-6.61,N,없음,0,11740560_전자기기·수리
SUB04_004686,C04_0447,예금,27570000,2025-06-04,11110650,혜화동,문화·취미·반려,20254,707469045,21046,38.68,9540000,34.38,N,없음,0,11110650_문화·취미·반려
SUB04_004687,C04_1085,예금,80070000,2022-04-04,11380650,수색동,자동차·운송서비스,20254,223739075,2443,12.26,1000000,11.07,Y,시설자금대출,600000,11380650_자동차·운송서비스
SUB04_004688,C04_1585,예금,32320000,2022-08-24,11620765,미성동,여가·오락,20254,128863899,2204,22.74,1000000,14.61,N,없음,0,11620765_여가·오락
SUB04_004689,C04_1172,적금,3210000,2024-04-04,11620725,조원동,자동차·운송서비스,20254,1846502419,10735,-14.29,14830000,-26.4,Y,시설자금대출,10600000,11620725_자동차·운송서비스
SUB04_004690,C04_1942,펀드,8570000,2025-12-15,11470600,신월5동,여가·오락,20254,317512712,7378,12.09,1110000,5.93,N,없음,0,11470600_여가·오락
SUB04_004691,C04_1527,예금,29660000,2022-06-01,11110630,종로5·6가동,여가·오락,20254,732868797,12878,11.56,3250000,-0.08,N,없음,0,11110630_여가·오락
SUB04_004692,C04_1393,펀드,7330000,2024-07-14,11170520,용산2가동,여가·오락,20254,23720873,1586,27.48,1000000,50.94,N,없음,0,11170520_여가·오락
SUB04_004693,C04_1338,예금,21110000,2022-03-25,11740530,명일1동,음식·음료,20254,15884260277,634535,0.21,131140000,0.33,Y,시설자금대출,51500000,11740530_음식·음료
SUB04_004694,C04_1301,펀드,9430000,2025-09-15,11290760,장위1동,문화·취미·반려,20254,10447605,1662,-27.78,1000000,-23.67,N,없음,0,11290760_문화·취미·반려
SUB04_004695,C04_0190,예금,61180000,2025-08-08,11470530,목3동,문화·취미·반려,20254,268174828,9291,20.0,1810000,52.06,N,없음,0,11470530_문화·취미·반려
SUB04_004696,C04_1549,ISA,11270000,2025-01-06,11230720,휘경1동,음식·음료,20254,6926940875,412703,-1.38,33800000,10.08,Y,운전자금대출,21400000,11230720_음식·음료
SUB04_004697,C04_1485,예금,50210000,2024-12-18,11680655,도곡1동,자동차·운송서비스,20254,689015839,5281,10.45,3720000,7.49,N,없음,0,11680655_자동차·운송서비스
SUB04_004698,C04_1394,펀드,19300000,2024-03-31,11290725,월곡2동,미용·뷰티,20254,672935825,15112,23.01,10750000,27.24,N,없음,0,11290725_미용·뷰티
SUB04_004699,C04_1716,예금,37720000,2022-05-24,11260620,묵1동,식료품·편의소매,20254,5539428900,500071,-2.59,64540000,-10.07,Y,운전자금대출,14300000,11260620_식료품·편의소매
SUB04_004700,C04_1290,펀드,20930000,2025-03-19,11680640,역삼1동,문화·취미·반려,20254,10818934582,427621,21.54,87500000,0.69,N,없음,0,11680640_문화·취미·반려
SUB04_004701,C04_0458,ISA,12500000,2023-04-03,11215847,자양4동,음식·음료,20254,18787456573,615340,9.88,139860000,43.65,Y,운전자금대출,40200000,11215847_음식·음료
SUB04_004702,C04_1300,예금,43670000,2025-06-01,11320670,쌍문2동,패션·잡화,20254,673548390,5482,4.7,6340000,-4.89,Y,시설자금대출,3000000,11320670_패션·잡화
SUB04_004703,C04_1130,펀드,8650000,2024-05-05,11650540,잠원동,패션·잡화,20254,1173187987,3903,46.9,12760000,53.5,N,없음,0,11650540_패션·잡화
SUB04_004704,C04_0995,펀드,19360000,2022-05-13,11215710,화양동,자동차·운송서비스,20254,65590270,2386,15.28,1000000,31.36,N,없음,0,11215710_자동차·운송서비스
SUB04_004705,C04_1361,예금,56980000,2023-01-25,11320700,방학2동,미용·뷰티,20254,370302121,12714,-11.09,5600000,-5.43,N,없음,0,11320700_미용·뷰티
SUB04_004706,C04_0249,적금,1510000,2024-05-26,11140590,광희동,전자기기·수리,20254,3859877333,236589,4.41,12190000,10.01,N,없음,0,11140590_전자기기·수리
SUB04_004707,C04_1005,ISA,8240000,2025-09-04,11440710,연남동,음식·음료,20254,28838630045,962602,6.98,164150000,9.61,N,없음,0,11440710_음식·음료
SUB04_004708,C04_0495,펀드,9330000,2022-10-12,11350595,공릉1동,식료품·편의소매,20254,17124351795,1367866,5.85,77460000,-11.1,Y,운전자금대출,23800000,11350595_식료품·편의소매
SUB04_004709,C04_1362,예금,56010000,2025-03-12,11710710,잠실6동,음식·음료,20254,33053871461,1876957,0.58,244470000,7.4,N,없음,0,11710710_음식·음료
SUB04_004710,C04_0129,펀드,24040000,2024-02-08,11680531,논현2동,숙박,20254,226502332,3286,-1.35,3000000,-14.96,Y,시설자금대출,2100000,11680531_숙박
SUB04_004711,C04_0253,예금,24520000,2022-10-09,11410615,연희동,생활서비스,20254,260919051,15753,25.9,3640000,37.92,Y,운전자금대출,600000,11410615_생활서비스
SUB04_004712,C04_1722,예금,70020000,2024-07-10,11545670,시흥1동,음식·음료,20254,22178185588,905524,4.16,303270000,1.82,N,없음,0,11545670_음식·음료
SUB04_004713,C04_1115,펀드,12380000,2024-12-27,11410710,북가좌1동,생활서비스,20254,10609876,436,-2.49,1000000,7.84,N,없음,0,11410710_생활서비스
SUB04_004714,C04_0291,적금,10050000,2025-01-08,11140625,다산동,음식·음료,20254,12783532234,417064,-3.79,84330000,15.94,Y,운전자금대출,26800000,11140625_음식·음료
SUB04_004715,C04_1042,적금,3660000,2022-04-08,11710532,거여2동,생활서비스,20254,77926433,4639,66.77,1010000,56.71,Y,운전자금대출,300000,11710532_생활서비스
SUB04_004716,C04_1660,적금,14320000,2023-09-29,11470610,신월6동,자동차·운송서비스,20254,31266034,233,24.36,1000000,17.88,N,없음,0,11470610_자동차·운송서비스
SUB04_004717,C04_1513,펀드,29010000,2025-05-22,11545610,독산1동,숙박,20254,214597050,4824,20.61,1240000,25.28,Y,운전자금대출,600000,11545610_숙박
SUB04_004718,C04_1056,ISA,14680000,2025-05-08,11560560,당산2동,식료품·편의소매,20254,5817459643,686769,-10.96,42100000,-27.24,N,없음,0,11560560_식료품·편의소매
SUB04_004719,C04_1621,ISA,17980000,2025-08-22,11740520,상일동,자동차·운송서비스,20254,313349731,2198,-13.95,4590000,4.07,N,없음,0,11740520_자동차·운송서비스
SUB04_004720,C04_0017,적금,4810000,2025-06-22,11230750,이문2동,여가·오락,20254,86416962,551,37.78,1000000,40.89,N,없음,0,11230750_여가·오락
SUB04_004721,C04_0294,펀드,6080000,2023-04-23,11470550,목5동,미용·뷰티,20254,705440050,9755,-0.77,8240000,0.52,N,없음,0,11470550_미용·뷰티
SUB04_004722,C04_0868,적금,3970000,2024-02-07,11530560,구로5동,문화·취미·반려,20254,10689985997,316934,164.41,99020000,100.0,N,없음,0,11530560_문화·취미·반려
SUB04_004723,C04_0508,적금,3880000,2025-07-26,11470610,신월6동,식료품·편의소매,20254,4724996737,297762,4.63,28670000,-11.08,N,없음,0,11470610_식료품·편의소매
SUB04_004724,C04_0330,ISA,19820000,2024-04-01,11200570,행당2동,가구·인테리어,20254,30790244,908,57.0,1000000,62.31,N,없음,0,11200570_가구·인테리어
SUB04_004725,C04_0133,적금,2840000,2023-06-16,11500540,화곡1동,가구·인테리어,20254,5910546995,180681,-25.62,78850000,-18.52,Y,운전자금대출,56200000,11500540_가구·인테리어
SUB04_004726,C04_0525,예금,32440000,2024-12-08,11380530,불광2동,숙박,20254,115673488,2663,17.31,1000000,5.85,Y,시설자금대출,500000,11380530_숙박
SUB04_004727,C04_0961,ISA,13700000,2025-12-07,11110615,종로1·2·3·4가동,식료품·편의소매,20254,32365641793,3338169,-0.98,124630000,-18.04,Y,운전자금대출,87600000,11110615_식료품·편의소매
SUB04_004728,C04_1993,적금,1710000,2022-02-06,11110710,숭인2동,숙박,20254,290401408,3615,40.58,5720000,29.73,N,없음,0,11110710_숙박
SUB04_004729,C04_1880,ISA,56210000,2024-02-03,11440680,합정동,가구·인테리어,20254,48274777,651,166.01,1000000,100.0,Y,운전자금대출,600000,11440680_가구·인테리어
SUB04_004730,C04_0659,적금,8050000,2024-11-20,11740515,강일동,음식·음료,20254,5110290808,330887,-6.34,64180000,17.93,Y,운전자금대출,31000000,11740515_음식·음료
SUB04_004731,C04_0598,펀드,17040000,2025-10-07,11305635,수유3동,가구·인테리어,20254,1275263822,22365,3.83,5120000,20.41,Y,소상공인신용대출,800000,11305635_가구·인테리어
SUB04_004732,C04_1180,적금,1860000,2024-08-15,11710680,잠실3동,패션·잡화,20254,19308200742,104475,30.2,77460000,31.33,N,없음,0,11710680_패션·잡화
SUB04_004733,C04_0606,펀드,26470000,2022-10-19,11200720,송정동,음식·음료,20254,1509946746,65862,0.09,12280000,4.45,N,없음,0,11200720_음식·음료
SUB04_004734,C04_1797,펀드,5710000,2025-06-16,11170530,남영동,전자기기·수리,20254,93865987,2520,1246.01,1030000,100.0,N,없음,0,11170530_전자기기·수리
SUB04_004735,C04_0728,예금,27000000,2022-05-04,11320710,방학3동,미용·뷰티,20254,101305447,2939,-9.4,1000000,5.99,N,없음,0,11320710_미용·뷰티
SUB04_004736,C04_0357,예금,34750000,2023-07-13,11440690,망원1동,생활서비스,20254,62469614,6733,1.86,1000000,11.21,N,없음,0,11440690_생활서비스
SUB04_004737,C04_1470,적금,1190000,2024-07-22,11500540,화곡1동,식료품·편의소매,20254,18984453524,1765598,-1.05,74490000,-6.12,Y,시설자금대출,15700000,11500540_식료품·편의소매
SUB04_004738,C04_0705,펀드,9790000,2024-12-15,11380552,갈현2동,음식·음료,20254,14459080519,617207,0.87,40450000,7.19,Y,운전자금대출,6800000,11380552_음식·음료
SUB04_004739,C04_1638,적금,2550000,2024-12-20,11680640,역삼1동,문화·취미·반려,20254,10818934582,427621,21.54,139420000,20.15,Y,소상공인신용대출,90500000,11680640_문화·취미·반려
SUB04_004740,C04_1480,펀드,11130000,2022-03-16,11215870,구의3동,가구·인테리어,20254,1511832083,19119,13.8,8280000,18.89,N,없음,0,11215870_가구·인테리어
SUB04_004741,C04_0433,펀드,12010000,2023-01-30,11305615,수유1동,숙박,20254,305292083,14631,-33.97,1000000,-39.9,Y,운전자금대출,800000,11305615_숙박
SUB04_004742,C04_0209,적금,12450000,2022-02-16,11740520,상일동,음식·음료,20254,9427145435,334689,-4.13,26340000,-25.27,N,없음,0,11740520_음식·음료
SUB04_004743,C04_0765,ISA,22650000,2025-07-10,11470570,신월2동,숙박,20254,12993916,858,-11.36,1000000,-2.94,Y,시설자금대출,300000,11470570_숙박
SUB04_004744,C04_1589,ISA,14410000,2023-01-24,11260680,신내1동,전자기기·수리,20254,290723915,3641,16.18,1590000,35.66,Y,소상공인신용대출,600000,11260680_전자기기·수리
SUB04_004745,C04_0416,펀드,7690000,2022-12-16,11215780,능동,여가·오락,20254,542098145,14054,-8.53,3070000,14.01,N,없음,0,11215780_여가·오락
SUB04_004746,C04_0210,ISA,9340000,2024-11-08,11140615,신당동,문화·취미·반려,20254,1434799933,3243,172.54,6360000,100.0,Y,운전자금대출,3900000,11140615_문화·취미·반려
SUB04_004747,C04_0587,펀드,14540000,2024-06-15,11140650,신당5동,미용·뷰티,20254,217429215,5982,14.64,1200000,-5.81,N,없음,0,11140650_미용·뷰티
SUB04_004748,C04_1100,적금,2510000,2023-03-27,11230560,전농1동,패션·잡화,20254,1263784473,13011,23.9,14470000,14.01,Y,운전자금대출,4700000,11230560_패션·잡화
SUB04_004749,C04_0064,ISA,3540000,2023-10-06,11560605,문래동,여가·오락,20254,556966555,12336,20.34,7210000,19.14,Y,시설자금대출,2300000,11560605_여가·오락
SUB04_004750,C04_1283,펀드,15190000,2024-03-03,11170660,이태원2동,가구·인테리어,20254,111744132,5518,56.32,1430000,73.91,N,없음,0,11170660_가구·인테리어
SUB04_004751,C04_1368,예금,25200000,2025-11-29,11680750,수서동,미용·뷰티,20254,2660603017,21604,-19.96,13680000,-13.03,N,없음,0,11680750_미용·뷰티
SUB04_004752,C04_0842,ISA,8590000,2024-10-14,11215750,중곡2동,식료품·편의소매,20254,6005866496,505131,1.53,41360000,0.34,Y,시설자금대출,16700000,11215750_식료품·편의소매
SUB04_004753,C04_1996,예금,27480000,2024-01-08,11140570,필동,미용·뷰티,20254,248816680,7246,-11.42,1980000,-8.37,Y,운전자금대출,1100000,11140570_미용·뷰티
SUB04_004754,C04_0515,ISA,11320000,2025-02-14,11545710,시흥5동,미용·뷰티,20254,385256953,11026,-25.49,3540000,-14.82,N,없음,0,11545710_미용·뷰티
SUB04_004755,C04_0789,ISA,22320000,2025-08-24,11200560,행당1동,여가·오락,20254,433627771,18564,60.4,4130000,54.44,N,없음,0,11200560_여가·오락
SUB04_004756,C04_1648,펀드,11260000,2023-02-28,11215810,광장동,자동차·운송서비스,20254,788431750,5088,-1.77,1910000,-8.38,N,없음,0,11215810_자동차·운송서비스
SUB04_004757,C04_0296,ISA,11120000,2025-08-07,11230740,이문1동,여가·오락,20254,304065468,63745,-24.59,3170000,-20.62,Y,운전자금대출,2200000,11230740_여가·오락
SUB04_004758,C04_1015,적금,4410000,2023-09-10,11590680,신대방2동,미용·뷰티,20254,677596017,14994,-4.24,3350000,-7.31,N,없음,0,11590680_미용·뷰티
SUB04_004759,C04_1734,적금,4830000,2023-06-28,11560650,신길3동,문화·취미·반려,20254,28675776,693,-19.91,1000000,-10.4,N,없음,0,11560650_문화·취미·반려
SUB04_004760,C04_0807,펀드,11620000,2025-05-14,11680590,삼성2동,패션·잡화,20254,1493248539,5882,-5.41,25710000,1.14,Y,운전자금대출,10800000,11680590_패션·잡화
SUB04_004761,C04_0986,예금,20940000,2022-06-09,11215770,중곡4동,미용·뷰티,20254,789874013,18267,15.19,2000000,14.4,Y,운전자금대출,1100000,11215770_미용·뷰티
SUB04_004762,C04_0628,예금,33660000,2022-12-23,11680670,개포2동,음식·음료,20254,10702699641,575532,12.71,88780000,8.19,Y,운전자금대출,35000000,11680670_음식·음료
SUB04_004763,C04_0522,ISA,14600000,2025-07-25,11740620,천호3동,문화·취미·반려,20254,8235213,794,-20.26,1000000,-19.19,N,없음,0,11740620_문화·취미·반려
SUB04_004764,C04_1089,적금,3580000,2025-08-31,11215770,중곡4동,식료품·편의소매,20254,5594949626,426736,6.03,51950000,10.54,N,없음,0,11215770_식료품·편의소매
SUB04_004765,C04_0765,펀드,8840000,2025-12-14,11470570,신월2동,숙박,20254,12993916,858,-11.36,1000000,-2.94,Y,시설자금대출,300000,11470570_숙박
SUB04_004766,C04_1511,ISA,6820000,2025-10-31,11740560,고덕2동,패션·잡화,20254,254551860,5582,38.35,1930000,32.15,Y,운전자금대출,400000,11740560_패션·잡화
SUB04_004767,C04_0099,적금,5530000,2024-11-08,11680640,역삼1동,전자기기·수리,20254,7664022120,115152,-31.07,49960000,-31.02,Y,운전자금대출,32300000,11680640_전자기기·수리
SUB04_004768,C04_0273,예금,11670000,2023-10-10,11440690,망원1동,생활서비스,20254,62469614,6733,1.86,1000000,-11.96,N,없음,0,11440690_생활서비스
SUB04_004769,C04_1951,ISA,17060000,2025-12-11,11590510,노량진1동,자동차·운송서비스,20254,54692097,309,-21.51,1010000,-22.13,N,없음,0,11590510_자동차·운송서비스
SUB04_004770,C04_1007,ISA,16610000,2025-12-06,11560680,신길6동,전자기기·수리,20254,24891304,388,-85.06,1000000,-64.65,N,없음,0,11560680_전자기기·수리
SUB04_004771,C04_1770,펀드,3790000,2024-08-27,11440585,도화동,문화·취미·반려,20254,93790818,2460,4.25,1000000,-5.12,Y,소상공인신용대출,500000,11440585_문화·취미·반려
SUB04_004772,C04_0773,ISA,12970000,2025-11-27,11320512,창2동,여가·오락,20254,170771988,6422,29.58,1220000,23.89,N,없음,0,11320512_여가·오락
SUB04_004773,C04_1352,ISA,18570000,2025-10-22,11620585,낙성대동,문화·취미·반려,20254,64313011,169,-8.34,1480000,-19.71,N,없음,0,11620585_문화·취미·반려
SUB04_004774,C04_0055,ISA,19510000,2025-12-08,11230705,청량리동,음식·음료,20254,15767729201,675624,3.27,126410000,21.28,Y,소상공인신용대출,33400000,11230705_음식·음료
SUB04_004775,C04_1986,적금,2820000,2023-04-22,11140605,을지로동,숙박,20254,172925314,1764,25.5,1000000,24.57,N,없음,0,11140605_숙박
SUB04_004776,C04_0081,ISA,18990000,2025-08-13,11560515,영등포본동,미용·뷰티,20254,942676144,29080,13.06,8560000,19.33,Y,운전자금대출,2000000,11560515_미용·뷰티
SUB04_004777,C04_0178,예금,15480000,2023-10-19,11410690,남가좌1동,식료품·편의소매,20254,15035433731,915248,-3.63,102120000,-8.4,Y,운전자금대출,55200000,11410690_식료품·편의소매
SUB04_004778,C04_1874,펀드,5410000,2024-05-16,11290660,길음1동,생활서비스,20254,42800341,2588,56.61,1000000,58.86,Y,운전자금대출,200000,11290660_생활서비스
SUB04_004779,C04_0207,ISA,15840000,2025-11-06,11305635,수유3동,음식·음료,20254,43042123774,1152998,5.89,167520000,6.36,N,없음,0,11305635_음식·음료
SUB04_004780,C04_1655,펀드,14210000,2024-02-10,11740610,천호2동,자동차·운송서비스,20254,3288701702,18686,-4.11,15220000,-4.61,Y,운전자금대출,2800000,11740610_자동차·운송서비스
SUB04_004781,C04_1211,펀드,25320000,2023-11-28,11215847,자양4동,생활서비스,20254,247722136,11646,22.36,2210000,26.4,Y,운전자금대출,1000000,11215847_생활서비스
SUB04_004782,C04_1696,펀드,3710000,2025-11-14,11260575,면목3·8동,생활서비스,20254,281170613,13556,106.01,1570000,100.0,Y,운전자금대출,400000,11260575_생활서비스
SUB04_004783,C04_0195,펀드,10310000,2024-04-05,11545710,시흥5동,가구·인테리어,20254,74141623,627,-39.76,1000000,-33.2,N,없음,0,11545710_가구·인테리어
SUB04_004784,C04_0994,적금,4090000,2024-07-03,11620645,서원동,가구·인테리어,20254,132268680,2071,-25.68,1000000,-9.97,Y,시설자금대출,300000,11620645_가구·인테리어
SUB04_004785,C04_0268,펀드,14550000,2024-08-19,11470590,신월4동,식료품·편의소매,20254,3214209844,310666,-0.26,25920000,-6.08,N,없음,0,11470590_식료품·편의소매
SUB04_004786,C04_1433,적금,4090000,2024-01-10,11410565,충현동,문화·취미·반려,20254,1063034367,11403,8.93,9900000,-6.27,N,없음,0,11410565_문화·취미·반려
SUB04_004787,C04_1387,펀드,13390000,2024-02-27,11215730,군자동,자동차·운송서비스,20254,618216755,2988,-16.15,4640000,-33.72,Y,운전자금대출,2200000,11215730_자동차·운송서비스
SUB04_004788,C04_0535,예금,37140000,2023-01-14,11200620,금호4가동,패션·잡화,20254,375872296,6116,-2.08,1800000,13.79,N,없음,0,11200620_패션·잡화
SUB04_004789,C04_0862,ISA,25270000,2022-06-17,11290630,정릉2동,패션·잡화,20254,298658069,6816,18.56,1240000,21.38,N,없음,0,11290630_패션·잡화
SUB04_004790,C04_0981,예금,24100000,2023-01-23,11200720,송정동,가구·인테리어,20254,994195858,25977,-35.99,4060000,-59.63,Y,운전자금대출,2000000,11200720_가구·인테리어
SUB04_004791,C04_0891,ISA,27180000,2024-06-30,11440655,서강동,패션·잡화,20254,1020527535,12546,-22.81,12210000,-22.69,Y,소상공인신용대출,3600000,11440655_패션·잡화
SUB04_004792,C04_0583,적금,2290000,2024-01-06,11380590,응암2동,자동차·운송서비스,20254,816859622,3401,-15.25,6840000,-8.43,N,없음,0,11380590_자동차·운송서비스
SUB04_004793,C04_1358,펀드,5310000,2023-03-08,11440720,성산1동,미용·뷰티,20254,360945254,6525,-2.91,1000000,-14.11,Y,운전자금대출,200000,11440720_미용·뷰티
SUB04_004794,C04_1333,예금,20220000,2025-08-28,11620685,신사동,가구·인테리어,20254,264283087,5333,154.0,1500000,100.0,Y,운전자금대출,400000,11620685_가구·인테리어
SUB04_004795,C04_1332,펀드,18400000,2024-02-19,11305535,미아동,숙박,20254,74916087,1432,-37.95,1000000,-17.82,N,없음,0,11305535_숙박
SUB04_004796,C04_0405,적금,3570000,2025-09-28,11230710,회기동,음식·음료,20254,17919260676,926980,8.3,190500000,-10.14,Y,소상공인신용대출,120600000,11230710_음식·음료
SUB04_004797,C04_1723,펀드,14000000,2022-02-10,11680610,대치2동,문화·취미·반려,20254,1618775172,55455,-7.42,3820000,-14.54,Y,소상공인신용대출,1500000,11680610_문화·취미·반려
SUB04_004798,C04_1648,펀드,12040000,2022-11-10,11215810,광장동,자동차·운송서비스,20254,788431750,5088,-1.77,1910000,-8.38,N,없음,0,11215810_자동차·운송서비스
SUB04_004799,C04_1331,적금,1480000,2023-05-13,11590640,사당3동,음식·음료,20254,4789645071,190992,2.07,21360000,-5.84,N,없음,0,11590640_음식·음료
SUB04_004800,C04_1424,예금,42620000,2022-01-13,11680610,대치2동,패션·잡화,20254,5587886595,62036,5.34,12810000,7.53,Y,운전자금대출,6900000,11680610_패션·잡화
SUB04_004801,C04_0441,ISA,15910000,2024-03-07,11710550,마천2동,여가·오락,20254,178140418,3990,24.31,1720000,44.36,N,없음,0,11710550_여가·오락
SUB04_004802,C04_0268,적금,5360000,2023-10-16,11470590,신월4동,식료품·편의소매,20254,3214209844,310666,-0.26,25920000,-6.08,N,없음,0,11470590_식료품·편의소매
SUB04_004803,C04_1543,ISA,21630000,2023-02-16,11320660,쌍문1동,전자기기·수리,20254,3120654,998,337.32,1000000,100.0,N,없음,0,11320660_전자기기·수리
SUB04_004804,C04_1035,ISA,27920000,2025-09-13,11320513,창3동,미용·뷰티,20254,277624145,9592,-6.5,1300000,4.24,N,없음,0,11320513_미용·뷰티
SUB04_004805,C04_0223,펀드,19610000,2023-05-12,11530750,개봉2동,생활서비스,20254,44298908,2245,78.52,1000000,62.18,Y,운전자금대출,300000,11530750_생활서비스
SUB04_004806,C04_1973,펀드,12320000,2023-08-30,11215780,능동,음식·음료,20254,12171306573,387425,-1.5,54270000,-12.94,Y,소상공인신용대출,22200000,11215780_음식·음료
SUB04_004807,C04_0597,적금,3950000,2024-12-03,11200620,금호4가동,가구·인테리어,20254,16000393,198,-81.44,1000000,-70.0,Y,운전자금대출,500000,11200620_가구·인테리어
SUB04_004808,C04_0080,예금,116870000,2025-07-04,11200540,마장동,미용·뷰티,20254,198098389,6827,-6.45,1000000,-0.63,N,없음,0,11200540_미용·뷰티
SUB04_004809,C04_1657,ISA,13050000,2025-12-12,11560680,신길6동,식료품·편의소매,20254,9187901820,802327,-2.66,69540000,7.49,Y,시설자금대출,37300000,11560680_식료품·편의소매
SUB04_004810,C04_1334,예금,32330000,2024-06-03,11305595,번1동,자동차·운송서비스,20254,678311749,2678,7.63,3490000,2.31,N,없음,0,11305595_자동차·운송서비스
SUB04_004811,C04_0940,ISA,15900000,2025-04-27,11590670,신대방1동,생활서비스,20254,71970959,4679,43.11,1000000,23.97,Y,시설자금대출,200000,11590670_생활서비스
SUB04_004812,C04_0644,ISA,32470000,2023-04-02,11260565,면목본동,전자기기·수리,20254,475713197,6055,3.29,3760000,11.03,N,없음,0,11260565_전자기기·수리
SUB04_004813,C04_1904,ISA,19620000,2025-11-10,11740550,고덕1동,패션·잡화,20254,5479588,90,2645.45,1000000,100.0,Y,운전자금대출,500000,11740550_패션·잡화
SUB04_004814,C04_0761,적금,2470000,2025-02-08,11410700,남가좌2동,가구·인테리어,20254,166677703,9383,0.09,1000000,7.68,Y,운전자금대출,300000,11410700_가구·인테리어
SUB04_004815,C04_0009,펀드,14890000,2024-09-25,11440565,공덕동,식료품·편의소매,20254,8001200697,481501,30.21,30400000,34.03,N,없음,0,11440565_식료품·편의소매
SUB04_004816,C04_1751,적금,4810000,2025-12-18,11560540,여의동,식료품·편의소매,20254,30004022247,3005665,-7.21,221000000,-11.51,N,없음,0,11560540_식료품·편의소매
SUB04_004817,C04_1477,적금,4470000,2024-03-18,11230730,휘경2동,문화·취미·반려,20254,704220482,3811,357.09,7130000,100.0,Y,운전자금대출,3300000,11230730_문화·취미·반려
SUB04_004818,C04_1302,예금,42620000,2024-04-06,11620595,청룡동,숙박,20254,747969175,23457,-7.34,1830000,6.56,Y,시설자금대출,500000,11620595_숙박
SUB04_004819,C04_1657,예금,25310000,2024-08-02,11560680,신길6동,식료품·편의소매,20254,9187901820,802327,-2.66,69540000,7.49,Y,시설자금대출,37300000,11560680_식료품·편의소매
SUB04_004820,C04_0947,예금,19720000,2025-11-07,11560630,신길1동,문화·취미·반려,20254,180076428,5131,9.13,1000000,-6.72,N,없음,0,11560630_문화·취미·반려
SUB04_004821,C04_1597,펀드,12160000,2025-10-04,11215760,중곡3동,식료품·편의소매,20254,2843372517,286106,-2.31,48330000,-5.04,Y,운전자금대출,25100000,11215760_식료품·편의소매
SUB04_004822,C04_0145,ISA,11550000,2024-05-04,11170530,남영동,미용·뷰티,20254,337100812,8057,-20.72,1960000,-6.13,Y,운전자금대출,900000,11170530_미용·뷰티
SUB04_004823,C04_0968,펀드,10920000,2025-03-29,11110630,종로5·6가동,음식·음료,20254,29618710512,1155671,7.47,94970000,12.23,Y,시설자금대출,22500000,11110630_음식·음료
SUB04_004824,C04_1789,ISA,20680000,2025-01-25,11260570,면목7동,패션·잡화,20254,1839510336,27974,27.57,6410000,20.26,Y,소상공인신용대출,1700000,11260570_패션·잡화
SUB04_004825,C04_0425,ISA,14410000,2025-10-02,11620715,난향동,패션·잡화,20254,98446092,3478,48.84,1490000,28.12,N,없음,0,11620715_패션·잡화
SUB04_004826,C04_1581,펀드,6180000,2024-10-06,11740530,명일1동,음식·음료,20254,15884260277,634535,0.21,325200000,15.12,Y,시설자금대출,78000000,11740530_음식·음료
SUB04_004827,C04_1619,펀드,7350000,2024-05-08,11440610,염리동,자동차·운송서비스,20254,462036112,1908,-20.96,5380000,-15.35,Y,운전자금대출,3800000,11440610_자동차·운송서비스
SUB04_004828,C04_1944,ISA,13100000,2025-07-25,11140590,광희동,여가·오락,20254,1022850976,101374,5.63,5280000,-3.67,Y,소상공인신용대출,1600000,11140590_여가·오락
SUB04_004829,C04_1917,예금,23990000,2024-01-05,11470650,신정4동,전자기기·수리,20254,19957173,900,-81.39,1000000,-70.0,N,없음,0,11470650_전자기기·수리
SUB04_004830,C04_0729,ISA,33920000,2025-05-07,11680700,세곡동,전자기기·수리,20254,67651234,2340,-63.16,1000000,-70.0,Y,시설자금대출,400000,11680700_전자기기·수리
SUB04_004831,C04_1509,ISA,15920000,2024-05-09,11260680,신내1동,음식·음료,20254,13464005103,456619,-0.93,92560000,5.22,Y,시설자금대출,24400000,11260680_음식·음료
SUB04_004832,C04_0006,펀드,8720000,2025-11-11,11560700,대림1동,생활서비스,20254,36054840,1318,73.66,1000000,73.29,Y,소상공인신용대출,300000,11560700_생활서비스
SUB04_004833,C04_0539,펀드,25420000,2025-03-01,11680580,삼성1동,음식·음료,20254,119064183827,3225951,8.0,1055440000,27.78,N,없음,0,11680580_음식·음료
SUB04_004834,C04_0990,ISA,22890000,2024-05-18,11320512,창2동,가구·인테리어,20254,22760235,326,-44.86,1000000,-53.98,Y,운전자금대출,500000,11320512_가구·인테리어
SUB04_004835,C04_1234,펀드,16450000,2025-08-25,11290770,장위2동,음식·음료,20254,4025569642,111954,-4.44,20160000,-14.15,Y,운전자금대출,9500000,11290770_음식·음료
SUB04_004836,C04_1612,펀드,20020000,2025-09-15,11440690,망원1동,문화·취미·반려,20254,368454775,20715,33.93,4980000,28.2,N,없음,0,11440690_문화·취미·반려
SUB04_004837,C04_0232,ISA,11780000,2025-01-19,11710532,거여2동,생활서비스,20254,77926433,4639,66.77,1190000,79.07,Y,운전자금대출,200000,11710532_생활서비스
SUB04_004838,C04_0720,ISA,9280000,2023-07-23,11650652,양재2동,식료품·편의소매,20254,32376878504,2658555,-0.08,162250000,-14.63,N,없음,0,11650652_식료품·편의소매
SUB04_004839,C04_1778,적금,2130000,2023-03-18,11410690,남가좌1동,미용·뷰티,20254,76774461,2194,-7.29,1000000,-9.55,Y,운전자금대출,300000,11410690_미용·뷰티
SUB04_004840,C04_0513,펀드,12740000,2025-11-23,11305608,번3동,미용·뷰티,20254,497104380,11763,-15.9,8560000,-15.68,Y,소상공인신용대출,4100000,11305608_미용·뷰티
SUB04_004841,C04_1764,펀드,18360000,2025-08-09,11650652,양재2동,자동차·운송서비스,20254,9479701620,40063,1.28,33570000,-0.59,Y,운전자금대출,12200000,11650652_자동차·운송서비스
SUB04_004842,C04_1421,ISA,14210000,2025-09-30,11710570,오금동,패션·잡화,20254,647115869,2273,63.4,6300000,70.73,N,없음,0,11710570_패션·잡화
SUB04_004843,C04_1932,적금,2530000,2024-11-02,11260565,면목본동,자동차·운송서비스,20254,163977673,973,31.05,1000000,34.75,N,없음,0,11260565_자동차·운송서비스
SUB04_004844,C04_1323,예금,68120000,2022-10-04,11650580,반포3동,전자기기·수리,20254,125338163,3412,-20.66,1000000,-15.69,Y,시설자금대출,500000,11650580_전자기기·수리
SUB04_004845,C04_1735,예금,23010000,2022-06-11,11710540,마천1동,미용·뷰티,20254,360527966,6073,28.62,1320000,22.74,N,없음,0,11710540_미용·뷰티
SUB04_004846,C04_1390,예금,31150000,2023-05-10,11260610,중화2동,패션·잡화,20254,1113077063,21825,8.3,8150000,18.43,Y,운전자금대출,3000000,11260610_패션·잡화
SUB04_004847,C04_0857,예금,28800000,2024-03-13,11110710,숭인2동,가구·인테리어,20254,197204215,4713,-36.82,1890000,-39.35,Y,시설자금대출,900000,11110710_가구·인테리어
SUB04_004848,C04_1432,ISA,50200000,2025-12-01,11410655,홍제2동,식료품·편의소매,20254,913438324,71319,28.25,4320000,16.08,Y,운전자금대출,2700000,11410655_식료품·편의소매
SUB04_004849,C04_0375,ISA,16020000,2025-01-11,11260590,상봉2동,생활서비스,20254,204809498,29040,23.3,1750000,32.47,Y,운전자금대출,500000,11260590_생활서비스
SUB04_004850,C04_1352,ISA,9070000,2023-11-05,11620585,낙성대동,문화·취미·반려,20254,64313011,169,-8.34,1480000,-19.71,N,없음,0,11620585_문화·취미·반려
SUB04_004851,C04_1124,펀드,6970000,2023-03-03,11350619,중계본동,미용·뷰티,20254,386534765,8583,0.53,2900000,27.85,N,없음,0,11350619_미용·뷰티
SUB04_004852,C04_1903,ISA,11560000,2025-10-17,11530760,개봉3동,미용·뷰티,20254,537154323,16567,-11.44,4960000,-10.29,Y,소상공인신용대출,2500000,11530760_미용·뷰티
SUB04_004853,C04_1525,예금,67790000,2022-12-18,11200560,행당1동,미용·뷰티,20254,1348220120,19255,1.33,6180000,-9.51,N,없음,0,11200560_미용·뷰티
SUB04_004854,C04_0861,예금,40760000,2023-10-12,11290575,동선동,미용·뷰티,20254,3240034849,46138,-13.14,51450000,-10.37,Y,운전자금대출,26100000,11290575_미용·뷰티
SUB04_004855,C04_0256,예금,45870000,2023-12-23,11440690,망원1동,가구·인테리어,20254,2602004050,8089,139.78,21980000,100.0,N,없음,0,11440690_가구·인테리어
SUB04_004856,C04_1481,예금,24140000,2022-04-20,11440690,망원1동,생활서비스,20254,62469614,6733,1.86,1000000,2.09,N,없음,0,11440690_생활서비스
SUB04_004857,C04_1187,펀드,7550000,2025-10-17,11380560,구산동,생활서비스,20254,124128772,3575,19.56,1000000,9.49,Y,운전자금대출,200000,11380560_생활서비스
SUB04_004858,C04_1799,예금,21160000,2025-08-10,11170625,한강로동,식료품·편의소매,20254,7093125626,728895,-5.24,32630000,-0.82,Y,운전자금대출,13500000,11170625_식료품·편의소매
SUB04_004859,C04_0274,ISA,12630000,2024-08-11,11710570,오금동,자동차·운송서비스,20254,2895951009,12827,-5.71,39390000,7.65,Y,소상공인신용대출,14700000,11710570_자동차·운송서비스
SUB04_004860,C04_1856,예금,71540000,2025-08-14,11260620,묵1동,패션·잡화,20254,13302502306,33532,23.32,129990000,40.96,N,없음,0,11260620_패션·잡화
SUB04_004861,C04_0659,예금,24110000,2024-12-25,11740515,강일동,음식·음료,20254,5110290808,330887,-6.34,64180000,17.93,Y,운전자금대출,31000000,11740515_음식·음료
SUB04_004862,C04_1690,펀드,23540000,2024-11-25,11440655,서강동,여가·오락,20254,144469979,10350,1.47,1130000,-8.94,N,없음,0,11440655_여가·오락
SUB04_004863,C04_0364,적금,3540000,2023-01-29,11590550,상도3동,식료품·편의소매,20254,15499323966,1008375,3.95,37180000,4.18,N,없음,0,11590550_식료품·편의소매
SUB04_004864,C04_1157,ISA,14540000,2023-10-09,11440630,신수동,가구·인테리어,20254,72939921,326,76.79,1000000,81.07,Y,소상공인신용대출,300000,11440630_가구·인테리어
SUB04_004865,C04_0609,ISA,25410000,2024-08-08,11290575,동선동,숙박,20254,679162717,14926,-11.68,2290000,-34.46,Y,운전자금대출,1200000,11290575_숙박
SUB04_004866,C04_0411,적금,3190000,2023-05-02,11410565,충현동,여가·오락,20254,262668227,27373,-13.73,1950000,-17.08,Y,시설자금대출,1400000,11410565_여가·오락
SUB04_004867,C04_1160,적금,2790000,2022-10-08,11110680,창신2동,미용·뷰티,20254,112628316,3413,-34.02,2550000,-21.9,N,없음,0,11110680_미용·뷰티
SUB04_004868,C04_1117,적금,3780000,2024-05-22,11290590,돈암2동,식료품·편의소매,20254,1347706991,125088,-5.5,9910000,-9.95,Y,운전자금대출,5400000,11290590_식료품·편의소매
SUB04_004869,C04_1959,예금,48210000,2022-09-27,11650570,반포2동,문화·취미·반려,20254,82586029,10928,8.95,1000000,22.42,Y,운전자금대출,600000,11650570_문화·취미·반려
SUB04_004870,C04_1239,펀드,17350000,2025-02-14,11470530,목3동,자동차·운송서비스,20254,99799428,650,-1.28,1000000,-4.37,N,없음,0,11470530_자동차·운송서비스
SUB04_004871,C04_0081,ISA,24420000,2023-03-30,11560515,영등포본동,미용·뷰티,20254,942676144,29080,13.06,8560000,19.33,Y,운전자금대출,2000000,11560515_미용·뷰티
SUB04_004872,C04_0381,ISA,14220000,2025-07-29,11320700,방학2동,식료품·편의소매,20254,18157748651,997098,20.51,81790000,22.64,N,없음,0,11320700_식료품·편의소매
SUB04_004873,C04_1042,적금,5950000,2024-11-24,11710532,거여2동,생활서비스,20254,77926433,4639,66.77,1010000,56.71,Y,운전자금대출,300000,11710532_생활서비스
SUB04_004874,C04_1792,펀드,13010000,2025-08-29,11710531,거여1동,패션·잡화,20254,140851368,1036,8.18,1430000,-3.66,Y,운전자금대출,800000,11710531_패션·잡화
SUB04_004875,C04_0945,ISA,39600000,2023-12-22,11380552,갈현2동,음식·음료,20254,14459080519,617207,0.87,128960000,29.94,Y,시설자금대출,66200000,11380552_음식·음료
SUB04_004876,C04_1695,적금,4780000,2023-12-03,11440590,용강동,전자기기·수리,20254,13538869,148,-93.08,1000000,-70.0,Y,소상공인신용대출,600000,11440590_전자기기·수리
SUB04_004877,C04_1780,펀드,12430000,2024-05-01,11290810,석관동,패션·잡화,20254,1129730109,20905,1.79,13530000,10.83,Y,운전자금대출,2400000,11290810_패션·잡화
SUB04_004878,C04_0687,예금,23060000,2023-04-06,11620685,신사동,패션·잡화,20254,486561652,11501,26.1,2650000,34.73,Y,시설자금대출,1400000,11620685_패션·잡화
SUB04_004879,C04_0542,예금,31570000,2022-06-03,11500604,가양2동,식료품·편의소매,20254,4334074952,453655,-4.41,87610000,2.14,Y,소상공인신용대출,42100000,11500604_식료품·편의소매
SUB04_004880,C04_0949,적금,5380000,2024-05-08,11710580,송파1동,생활서비스,20254,101358585,6147,50.4,1000000,47.47,N,없음,0,11710580_생활서비스
SUB04_004881,C04_1163,적금,5070000,2023-01-28,11260655,망우본동,음식·음료,20254,21608984136,784724,3.11,262050000,-8.62,N,없음,0,11260655_음식·음료
SUB04_004882,C04_0586,펀드,21940000,2024-09-29,11290620,정릉1동,패션·잡화,20254,32393454,305,-18.51,1000000,-6.1,N,없음,0,11290620_패션·잡화
SUB04_004883,C04_1736,예금,7900000,2023-07-08,11305660,인수동,여가·오락,20254,135849260,1845,-2.7,1450000,-24.45,Y,시설자금대출,700000,11305660_여가·오락
SUB04_004884,C04_1362,펀드,13830000,2024-11-18,11710710,잠실6동,음식·음료,20254,33053871461,1876957,0.58,244470000,7.4,N,없음,0,11710710_음식·음료
SUB04_004885,C04_0992,ISA,20700000,2025-03-25,11215740,중곡1동,자동차·운송서비스,20254,956804004,5142,2.1,5510000,-5.45,N,없음,0,11215740_자동차·운송서비스
SUB04_004886,C04_0714,펀드,16210000,2024-10-05,11530520,구로1동,음식·음료,20254,1727571626,70535,21.97,5100000,14.37,N,없음,0,11530520_음식·음료
SUB04_004887,C04_0467,펀드,14040000,2022-09-22,11410685,홍은2동,여가·오락,20254,321652788,41788,-2.05,1000000,-0.76,N,없음,0,11410685_여가·오락
SUB04_004888,C04_1442,ISA,18600000,2022-07-01,11680730,일원1동,음식·음료,20254,12020122638,450188,-0.07,21970000,-0.74,Y,운전자금대출,9000000,11680730_음식·음료
SUB04_004889,C04_1590,예금,45750000,2023-01-29,11710690,잠실4동,미용·뷰티,20254,869506947,6586,9.57,1850000,13.89,N,없음,0,11710690_미용·뷰티
SUB04_004890,C04_0335,예금,24530000,2024-10-30,11260520,면목2동,전자기기·수리,20254,440055373,1156,-17.51,1000000,7.23,N,없음,0,11260520_전자기기·수리
SUB04_004891,C04_0766,펀드,9330000,2022-06-07,11530530,구로2동,음식·음료,20254,16766484288,634293,-0.86,100410000,33.28,Y,운전자금대출,23000000,11530530_음식·음료
SUB04_004892,C04_0585,적금,2990000,2023-02-27,11170660,이태원2동,음식·음료,20254,13326534080,295874,8.48,60290000,-5.74,Y,소상공인신용대출,38400000,11170660_음식·음료
SUB04_004893,C04_1996,펀드,11420000,2022-09-12,11140570,필동,미용·뷰티,20254,248816680,7246,-11.42,1980000,-8.37,Y,운전자금대출,1100000,11140570_미용·뷰티
SUB04_004894,C04_1711,예금,14790000,2024-11-23,11110680,창신2동,가구·인테리어,20254,1788436,253,-60.0,1000000,-50.41,Y,운전자금대출,800000,11110680_가구·인테리어
SUB04_004895,C04_1851,ISA,20840000,2025-01-15,11500620,공항동,문화·취미·반려,20254,206061352,9978,7.13,2130000,5.36,Y,운전자금대출,700000,11500620_문화·취미·반려
SUB04_004896,C04_1891,펀드,12960000,2025-01-06,11410655,홍제2동,식료품·편의소매,20254,913438324,71319,28.25,6600000,20.53,N,없음,0,11410655_식료품·편의소매
SUB04_004897,C04_0065,ISA,12310000,2025-02-27,11230536,용신동,숙박,20254,380610026,12077,47.77,2870000,54.63,N,없음,0,11230536_숙박
SUB04_004898,C04_0091,ISA,15830000,2025-03-28,11680656,도곡2동,여가·오락,20254,668399523,12290,-45.95,5650000,-51.64,Y,소상공인신용대출,4200000,11680656_여가·오락
SUB04_004899,C04_0853,예금,52780000,2023-06-17,11290555,삼선동,음식·음료,20254,16670973186,594863,2.53,97320000,-1.07,N,없음,0,11290555_음식·음료
SUB04_004900,C04_0033,적금,3120000,2024-09-27,11380600,응암3동,가구·인테리어,20254,1109877908,20374,-33.23,11760000,-37.24,Y,운전자금대출,7100000,11380600_가구·인테리어
SUB04_004901,C04_1654,펀드,24040000,2023-09-05,11200660,성수1가2동,패션·잡화,20254,7695181371,112598,-31.04,35580000,-44.31,Y,시설자금대출,25700000,11200660_패션·잡화
SUB04_004902,C04_1027,예금,19190000,2025-08-03,11500611,발산1동,자동차·운송서비스,20254,1226987985,7940,-34.6,14060000,-42.88,Y,운전자금대출,4600000,11500611_자동차·운송서비스
SUB04_004903,C04_0590,예금,43960000,2025-06-30,11710532,거여2동,자동차·운송서비스,20254,243199137,1126,-5.92,1100000,-8.46,N,없음,0,11710532_자동차·운송서비스
SUB04_004904,C04_1357,펀드,6350000,2023-08-20,11350640,상계2동,미용·뷰티,20254,4441765753,68775,-11.99,30120000,-10.59,Y,소상공인신용대출,14000000,11350640_미용·뷰티
SUB04_004905,C04_1070,ISA,9210000,2023-04-07,11500535,등촌3동,여가·오락,20254,839719421,64288,-3.92,4390000,22.47,Y,운전자금대출,2400000,11500535_여가·오락
SUB04_004906,C04_0215,펀드,14380000,2025-08-05,11290705,종암동,자동차·운송서비스,20254,195358355,1174,62.82,2110000,44.84,N,없음,0,11290705_자동차·운송서비스
SUB04_004907,C04_1633,적금,6300000,2025-12-09,11500570,화곡4동,문화·취미·반려,20254,356523253,34409,-21.87,4250000,0.82,Y,소상공인신용대출,1000000,11500570_문화·취미·반려
SUB04_004908,C04_1188,ISA,15370000,2024-10-19,11650652,양재2동,패션·잡화,20254,1647219447,6677,6.23,12560000,-1.99,N,없음,0,11650652_패션·잡화
SUB04_004909,C04_1142,펀드,16690000,2023-03-24,11470580,신월3동,문화·취미·반려,20254,62759156,2580,38.09,1000000,55.72,Y,시설자금대출,300000,11470580_문화·취미·반려
SUB04_004910,C04_0915,ISA,20430000,2024-07-18,11200690,성수2가3동,자동차·운송서비스,20254,4210300180,13126,-15.66,62020000,1.22,N,없음,0,11200690_자동차·운송서비스
SUB04_004911,C04_0284,예금,85380000,2023-08-24,11680720,일원본동,생활서비스,20254,19796734,814,32.14,1000000,45.93,N,없음,0,11680720_생활서비스
SUB04_004912,C04_1702,예금,37770000,2023-03-08,11410620,홍제1동,미용·뷰티,20254,485984603,8731,8.77,3240000,31.0,N,없음,0,11410620_미용·뷰티
SUB04_004913,C04_0112,적금,2630000,2023-01-08,11305625,수유2동,자동차·운송서비스,20254,807852902,6287,10.71,3940000,-4.4,N,없음,0,11305625_자동차·운송서비스
SUB04_004914,C04_1427,예금,21280000,2022-11-20,11200540,마장동,생활서비스,20254,116274110,12009,63.72,1000000,52.64,Y,운전자금대출,600000,11200540_생활서비스
SUB04_004915,C04_1623,적금,3900000,2022-11-05,11560535,영등포동,식료품·편의소매,20254,104315357569,3203024,-6.21,990760000,-11.71,Y,시설자금대출,606400000,11560535_식료품·편의소매
SUB04_004916,C04_0004,적금,1630000,2025-08-08,11230545,제기동,가구·인테리어,20254,1241162843,33526,55.38,7160000,67.72,N,없음,0,11230545_가구·인테리어
SUB04_004917,C04_1971,펀드,41320000,2025-01-04,11305615,수유1동,음식·음료,20254,7959243153,371577,12.84,117210000,-7.21,N,없음,0,11305615_음식·음료
SUB04_004918,C04_0446,펀드,28960000,2024-09-30,11590560,상도4동,가구·인테리어,20254,30998005,1606,1.84,1000000,3.39,Y,운전자금대출,400000,11590560_가구·인테리어
SUB04_004919,C04_0906,예금,38340000,2022-10-02,11140635,약수동,전자기기·수리,20254,281029565,8881,-74.23,1350000,-70.0,N,없음,0,11140635_전자기기·수리
SUB04_004920,C04_1020,예금,39900000,2023-05-10,11110560,평창동,생활서비스,20254,93650078,3543,35.27,1000000,21.78,Y,소상공인신용대출,600000,11110560_생활서비스
SUB04_004921,C04_1629,예금,49350000,2023-09-02,11170660,이태원2동,미용·뷰티,20254,233628297,3868,-13.48,1000000,-3.06,N,없음,0,11170660_미용·뷰티
SUB04_004922,C04_0558,적금,2970000,2025-12-27,11560680,신길6동,문화·취미·반려,20254,90089778,1634,92.51,1000000,81.46,Y,운전자금대출,400000,11560680_문화·취미·반려
SUB04_004923,C04_0804,펀드,12280000,2025-09-25,11260600,중화1동,자동차·운송서비스,20254,617788599,4982,-23.76,3250000,-29.03,Y,소상공인신용대출,1700000,11260600_자동차·운송서비스
SUB04_004924,C04_0904,예금,20900000,2024-03-18,11170590,용문동,가구·인테리어,20254,1445837118,10702,261.12,15740000,100.0,N,없음,0,11170590_가구·인테리어
SUB04_004925,C04_0074,적금,2510000,2025-11-29,11440710,연남동,생활서비스,20254,168151208,22519,5.69,1000000,20.81,N,없음,0,11440710_생활서비스
SUB04_004926,C04_1743,예금,13740000,2025-02-15,11680740,일원2동,문화·취미·반려,20254,66364821,4012,36.65,1000000,43.27,N,없음,0,11680740_문화·취미·반려
SUB04_004927,C04_0240,ISA,31450000,2025-06-05,11215850,구의1동,식료품·편의소매,20254,8153148352,899161,-4.1,37130000,1.66,N,없음,0,11215850_식료품·편의소매
SUB04_004928,C04_1470,펀드,7640000,2022-05-06,11500540,화곡1동,식료품·편의소매,20254,18984453524,1765598,-1.05,74490000,-6.12,Y,시설자금대출,15700000,11500540_식료품·편의소매
SUB04_004929,C04_1995,예금,27780000,2023-06-15,11710600,석촌동,가구·인테리어,20254,418127900,6598,-8.01,2780000,-0.49,N,없음,0,11710600_가구·인테리어
SUB04_004930,C04_1346,예금,39980000,2025-02-04,11560560,당산2동,자동차·운송서비스,20254,339677888,871,48.78,4860000,49.3,N,없음,0,11560560_자동차·운송서비스
SUB04_004931,C04_1209,펀드,5240000,2022-06-05,11740530,명일1동,패션·잡화,20254,2424328461,23204,54.56,16810000,48.43,N,없음,0,11740530_패션·잡화
SUB04_004932,C04_1808,예금,26330000,2022-08-14,11170625,한강로동,문화·취미·반려,20254,6667938557,126401,13.43,35510000,10.59,Y,운전자금대출,22400000,11170625_문화·취미·반려
SUB04_004933,C04_0215,적금,6120000,2024-07-18,11290705,종암동,자동차·운송서비스,20254,195358355,1174,62.82,2110000,44.84,N,없음,0,11290705_자동차·운송서비스
SUB04_004934,C04_1487,적금,1980000,2023-04-12,11410585,신촌동,미용·뷰티,20254,4624406715,67148,-7.04,19770000,-2.17,Y,소상공인신용대출,11200000,11410585_미용·뷰티
SUB04_004935,C04_0381,펀드,8240000,2023-12-17,11320700,방학2동,식료품·편의소매,20254,18157748651,997098,20.51,81790000,22.64,N,없음,0,11320700_식료품·편의소매
SUB04_004936,C04_0429,펀드,14990000,2022-05-12,11320515,창5동,여가·오락,20254,1267620408,165897,1.18,23790000,8.39,Y,소상공인신용대출,14100000,11320515_여가·오락
SUB04_004937,C04_1489,적금,4890000,2024-05-10,11380631,신사1동,식료품·편의소매,20254,5057628534,390563,-2.16,35800000,27.47,Y,운전자금대출,19200000,11380631_식료품·편의소매
SUB04_004938,C04_0699,펀드,24060000,2024-08-03,11500611,발산1동,숙박,20254,328289544,6374,39.15,1510000,20.17,N,없음,0,11500611_숙박
SUB04_004939,C04_1440,적금,5020000,2024-12-07,11290650,정릉4동,가구·인테리어,20254,30450840,1612,-2.05,1000000,-8.45,Y,시설자금대출,500000,11290650_가구·인테리어
SUB04_004940,C04_0938,ISA,9220000,2023-04-24,11440680,합정동,식료품·편의소매,20254,5522334893,655160,-5.35,52300000,-24.77,N,없음,0,11440680_식료품·편의소매
SUB04_004941,C04_0583,예금,66250000,2022-06-28,11380590,응암2동,자동차·운송서비스,20254,816859622,3401,-15.25,6840000,-8.43,N,없음,0,11380590_자동차·운송서비스
SUB04_004942,C04_1676,ISA,17010000,2023-09-04,11290600,안암동,미용·뷰티,20254,724000485,26630,13.26,2860000,23.83,N,없음,0,11290600_미용·뷰티
SUB04_004943,C04_0098,ISA,18080000,2025-04-12,11200540,마장동,음식·음료,20254,11314635395,299453,0.56,53490000,-2.92,N,없음,0,11200540_음식·음료
SUB04_004944,C04_1483,예금,37470000,2023-12-24,11350595,공릉1동,식료품·편의소매,20254,17124351795,1367866,5.85,181050000,5.93,N,없음,0,11350595_식료품·편의소매
SUB04_004945,C04_1076,ISA,19160000,2023-03-23,11740685,길동,전자기기·수리,20254,400315634,1399,294.74,7740000,100.0,N,없음,0,11740685_전자기기·수리
SUB04_004946,C04_1155,ISA,24900000,2025-07-01,11470520,목2동,음식·음료,20254,8243756055,286320,1.45,56910000,10.24,Y,소상공인신용대출,15200000,11470520_음식·음료
SUB04_004947,C04_0067,적금,4630000,2024-09-03,11560720,대림3동,패션·잡화,20254,1350358132,23689,3.68,11880000,7.97,Y,소상공인신용대출,4600000,11560720_패션·잡화
SUB04_004948,C04_1316,펀드,8330000,2025-06-11,11110650,혜화동,가구·인테리어,20254,218677832,6819,-18.45,2710000,-8.88,N,없음,0,11110650_가구·인테리어
SUB04_004949,C04_0649,예금,26960000,2023-08-05,11170520,용산2가동,문화·취미·반려,20254,39450368,2085,-1.64,1000000,8.7,N,없음,0,11170520_문화·취미·반려
SUB04_004950,C04_0746,펀드,11030000,2025-12-05,11350670,상계5동,패션·잡화,20254,490934071,5355,114.2,4710000,100.0,N,없음,0,11350670_패션·잡화
SUB04_004951,C04_0782,적금,5910000,2022-09-15,11620765,미성동,자동차·운송서비스,20254,1226998011,4772,0.7,6310000,-8.02,Y,시설자금대출,4100000,11620765_자동차·운송서비스
SUB04_004952,C04_1815,적금,3350000,2022-03-02,11590530,상도1동,패션·잡화,20254,646242797,5663,-9.65,3030000,5.08,N,없음,0,11590530_패션·잡화
SUB04_004953,C04_1176,ISA,19140000,2025-07-14,11740570,암사1동,미용·뷰티,20254,1376956109,31103,-8.92,41050000,-5.5,N,없음,0,11740570_미용·뷰티
SUB04_004954,C04_0022,적금,1160000,2025-04-11,11620615,중앙동,식료품·편의소매,20254,6815984203,628358,-0.6,38880000,2.06,N,없음,0,11620615_식료품·편의소매
SUB04_004955,C04_1939,적금,2750000,2023-02-09,11545710,시흥5동,가구·인테리어,20254,74141623,627,-39.76,1000000,-24.87,N,없음,0,11545710_가구·인테리어
SUB04_004956,C04_1178,적금,1440000,2025-09-15,11410660,홍은1동,가구·인테리어,20254,28826627,1006,-27.57,1000000,-10.53,N,없음,0,11410660_가구·인테리어
SUB04_004957,C04_1044,예금,59120000,2023-12-16,11230610,답십리2동,패션·잡화,20254,293008745,6383,-32.87,1000000,-28.53,N,없음,0,11230610_패션·잡화
SUB04_004958,C04_1969,적금,2520000,2024-06-03,11530560,구로5동,생활서비스,20254,136328095,10526,36.45,1000000,28.43,N,없음,0,11530560_생활서비스
SUB04_004959,C04_0907,예금,10280000,2022-04-21,11620685,신사동,문화·취미·반려,20254,11972019,302,0.54,1000000,-14.0,N,없음,0,11620685_문화·취미·반려
SUB04_004960,C04_0754,적금,5980000,2025-12-05,11290620,정릉1동,음식·음료,20254,2524589326,82696,-2.17,30260000,-1.62,Y,운전자금대출,7900000,11290620_음식·음료
SUB04_004961,C04_1328,예금,22890000,2024-01-06,11140540,회현동,패션·잡화,20254,87830033453,1159739,30.32,1123130000,31.22,Y,소상공인신용대출,710800000,11140540_패션·잡화
SUB04_004962,C04_0306,펀드,17000000,2025-04-12,11440720,성산1동,여가·오락,20254,213097937,5085,8.82,1170000,6.69,N,없음,0,11440720_여가·오락
SUB04_004963,C04_1752,펀드,11940000,2022-07-22,11710520,풍납2동,자동차·운송서비스,20254,753482118,5005,-24.48,8990000,-21.03,N,없음,0,11710520_자동차·운송서비스
SUB04_004964,C04_1171,펀드,6980000,2025-03-09,11680650,역삼2동,자동차·운송서비스,20254,87336707,768,-37.82,1000000,-35.4,Y,소상공인신용대출,500000,11680650_자동차·운송서비스
SUB04_004965,C04_0375,예금,30660000,2025-09-24,11260590,상봉2동,생활서비스,20254,204809498,29040,23.3,1750000,32.47,Y,운전자금대출,500000,11260590_생활서비스
SUB04_004966,C04_1261,ISA,8940000,2025-05-04,11350580,월계3동,식료품·편의소매,20254,1600804243,152352,1.01,14830000,24.41,N,없음,0,11350580_식료품·편의소매
SUB04_004967,C04_1591,펀드,7380000,2022-07-16,11710580,송파1동,여가·오락,20254,859353948,34502,5.34,9190000,10.89,Y,소상공인신용대출,1800000,11710580_여가·오락
SUB04_004968,C04_1772,예금,30970000,2025-01-19,11620630,남현동,생활서비스,20254,90065659,4547,41.0,2350000,50.76,Y,운전자금대출,900000,11620630_생활서비스
SUB04_004969,C04_1868,펀드,13800000,2023-09-19,11140670,황학동,가구·인테리어,20254,6152389304,22334,-11.66,54370000,-31.03,Y,운전자금대출,41300000,11140670_가구·인테리어
SUB04_004970,C04_0725,ISA,10880000,2025-05-12,11500640,방화2동,식료품·편의소매,20254,6525687631,518384,-3.71,18520000,-4.74,N,없음,0,11500640_식료품·편의소매
SUB04_004971,C04_0024,적금,2080000,2025-05-07,11560515,영등포본동,숙박,20254,13779556,266,12.5,1000000,20.19,N,없음,0,11560515_숙박
SUB04_004972,C04_0257,ISA,27010000,2024-12-13,11215780,능동,여가·오락,20254,542098145,14054,-8.53,5620000,-30.66,Y,운전자금대출,3300000,11215780_여가·오락
SUB04_004973,C04_0834,예금,35830000,2025-10-04,11110615,종로1·2·3·4가동,여가·오락,20254,2522135871,136590,2.39,16630000,-1.44,Y,운전자금대출,7000000,11110615_여가·오락
SUB04_004974,C04_1435,ISA,11800000,2023-11-19,11380530,불광2동,식료품·편의소매,20254,14041709479,1024679,13.02,162210000,7.43,Y,소상공인신용대출,25900000,11380530_식료품·편의소매
SUB04_004975,C04_1911,ISA,12460000,2022-01-17,11320670,쌍문2동,여가·오락,20254,1308463095,190005,0.57,6560000,7.51,N,없음,0,11320670_여가·오락
SUB04_004976,C04_1878,펀드,9480000,2023-01-22,11590540,상도2동,패션·잡화,20254,1460484656,24991,81.71,6830000,81.19,N,없음,0,11590540_패션·잡화
SUB04_004977,C04_0372,ISA,42470000,2023-12-09,11650570,반포2동,생활서비스,20254,349687395,5740,2.33,10460000,-10.62,Y,시설자금대출,7100000,11650570_생활서비스
SUB04_004978,C04_0511,적금,5660000,2024-05-15,11560585,도림동,미용·뷰티,20254,723635955,10276,-20.18,2190000,-22.85,Y,운전자금대출,1300000,11560585_미용·뷰티
SUB04_004979,C04_0564,적금,4040000,2024-01-17,11740700,둔촌2동,자동차·운송서비스,20254,594997085,3346,47.69,5440000,66.42,Y,운전자금대출,3000000,11740700_자동차·운송서비스
SUB04_004980,C04_0682,ISA,13910000,2025-11-27,11440730,성산2동,가구·인테리어,20254,1318774709,13887,-9.95,8050000,6.46,N,없음,0,11440730_가구·인테리어
SUB04_004981,C04_0236,예금,36870000,2025-06-05,11305535,미아동,자동차·운송서비스,20254,452779044,1809,4.96,3840000,1.29,Y,소상공인신용대출,1900000,11305535_자동차·운송서비스
SUB04_004982,C04_0333,ISA,12420000,2024-10-29,11350710,상계9동,생활서비스,20254,162990570,8145,80.28,1000000,82.1,Y,운전자금대출,200000,11350710_생활서비스
SUB04_004983,C04_1463,예금,48750000,2024-04-02,11500550,화곡2동,음식·음료,20254,953137200,46880,-11.27,17490000,-29.2,N,없음,0,11500550_음식·음료
SUB04_004984,C04_1380,ISA,20610000,2025-12-26,11650620,방배3동,식료품·편의소매,20254,1499912746,179189,-6.25,9170000,-16.98,N,없음,0,11650620_식료품·편의소매
SUB04_004985,C04_0142,적금,2380000,2024-11-14,11410555,북아현동,가구·인테리어,20254,2717676198,4647,65.31,37510000,49.79,Y,소상공인신용대출,12900000,11410555_가구·인테리어
SUB04_004986,C04_1648,펀드,25120000,2025-01-29,11215810,광장동,자동차·운송서비스,20254,788431750,5088,-1.77,1910000,-8.38,N,없음,0,11215810_자동차·운송서비스
SUB04_004987,C04_1983,예금,33630000,2023-07-19,11500611,발산1동,식료품·편의소매,20254,133345290238,2378048,33.48,1709230000,43.61,N,없음,0,11500611_식료품·편의소매
SUB04_004988,C04_0835,ISA,9030000,2025-06-25,11710532,거여2동,문화·취미·반려,20254,116017537,3581,-56.99,1000000,-65.97,Y,소상공인신용대출,700000,11710532_문화·취미·반려
SUB04_004989,C04_0573,ISA,10990000,2024-12-04,11350600,공릉2동,전자기기·수리,20254,49772635,1581,322.78,1000000,100.0,Y,운전자금대출,300000,11350600_전자기기·수리
SUB04_004990,C04_1916,적금,2940000,2024-08-10,11590680,신대방2동,패션·잡화,20254,1599363614,2964,162.9,16300000,100.0,N,없음,0,11590680_패션·잡화
SUB04_004991,C04_1246,ISA,21430000,2023-08-07,11710562,방이2동,음식·음료,20254,72461004508,1800106,10.71,993500000,17.36,N,없음,0,11710562_음식·음료
SUB04_004992,C04_0035,펀드,4940000,2025-09-25,11590530,상도1동,문화·취미·반려,20254,699939062,9053,-16.73,3160000,-8.48,Y,소상공인신용대출,2000000,11590530_문화·취미·반려
SUB04_004993,C04_1746,예금,56540000,2023-10-31,11560620,양평2동,식료품·편의소매,20254,7265073345,515154,-0.4,46980000,12.91,N,없음,0,11560620_식료품·편의소매
SUB04_004994,C04_1940,펀드,21910000,2022-03-31,11440590,용강동,가구·인테리어,20254,936210448,20204,17.14,11830000,26.56,Y,소상공인신용대출,6700000,11440590_가구·인테리어
SUB04_004995,C04_0482,적금,3430000,2022-08-27,11530540,구로3동,패션·잡화,20254,6737227683,68924,45.78,38350000,39.32,N,없음,0,11530540_패션·잡화
SUB04_004996,C04_1175,예금,32680000,2023-05-08,11320660,쌍문1동,음식·음료,20254,2552230094,217952,-0.83,14330000,40.62,Y,소상공인신용대출,2600000,11320660_음식·음료
SUB04_004997,C04_1229,예금,25340000,2025-07-19,11440700,망원2동,미용·뷰티,20254,474194259,10169,-10.69,1150000,-20.81,Y,소상공인신용대출,500000,11440700_미용·뷰티
SUB04_004998,C04_1343,예금,39080000,2022-10-18,11440630,신수동,문화·취미·반려,20254,2021039976,6355,299.2,15720000,100.0,Y,운전자금대출,2400000,11440630_문화·취미·반려
SUB04_004999,C04_0253,적금,4000000,2022-04-29,11410615,연희동,생활서비스,20254,260919051,15753,25.9,3640000,37.92,Y,운전자금대출,600000,11410615_생활서비스
SUB04_005000,C04_0098,적금,2160000,2024-12-10,11200540,마장동,음식·음료,20254,11314635395,299453,0.56,53490000,-2.92,N,없음,0,11200540_음식·음료
SUB04_005001,C04_1757,적금,5450000,2022-08-23,11350640,상계2동,전자기기·수리,20254,6330537,637,-87.79,1000000,-70.0,Y,소상공인신용대출,500000,11350640_전자기기·수리
SUB04_005002,C04_0594,펀드,10820000,2024-03-14,11290555,삼선동,문화·취미·반려,20254,1175675840,54530,39.11,6390000,47.72,Y,시설자금대출,1000000,11290555_문화·취미·반려
SUB04_005003,C04_1822,ISA,20740000,2025-08-22,11305635,수유3동,여가·오락,20254,3315162074,386738,-0.81,16270000,22.96,Y,운전자금대출,10000000,11305635_여가·오락
SUB04_005004,C04_0621,ISA,9030000,2025-06-08,11620645,서원동,숙박,20254,58784049,1147,-7.63,1000000,-5.19,Y,운전자금대출,600000,11620645_숙박
SUB04_005005,C04_0320,ISA,32930000,2022-03-04,11530510,신도림동,음식·음료,20254,9745726627,312880,-2.27,31660000,-18.58,Y,시설자금대출,9100000,11530510_음식·음료
SUB04_005006,C04_0040,적금,3100000,2024-10-14,11215860,구의2동,문화·취미·반려,20254,228734326,15126,32.24,2230000,8.56,Y,운전자금대출,1000000,11215860_문화·취미·반려
SUB04_005007,C04_1978,적금,5170000,2025-05-13,11470600,신월5동,문화·취미·반려,20254,158117925,3157,-22.54,1000000,-24.47,N,없음,0,11470600_문화·취미·반려
SUB04_005008,C04_1603,펀드,13560000,2024-10-28,11305615,수유1동,숙박,20254,305292083,14631,-33.97,2660000,-28.62,Y,운전자금대출,1900000,11305615_숙박
SUB04_005009,C04_0629,펀드,18700000,2023-03-06,11230750,이문2동,숙박,20254,31776539,1403,50.78,1000000,80.69,N,없음,0,11230750_숙박
SUB04_005010,C04_0763,적금,3540000,2022-04-15,11545690,시흥3동,여가·오락,20254,249089851,8417,27.37,1710000,30.33,N,없음,0,11545690_여가·오락
SUB04_005011,C04_0249,적금,3080000,2023-08-29,11140590,광희동,전자기기·수리,20254,3859877333,236589,4.41,12190000,10.01,N,없음,0,11140590_전자기기·수리
SUB04_005012,C04_0453,펀드,23480000,2024-08-16,11230710,회기동,음식·음료,20254,17919260676,926980,8.3,122610000,23.04,N,없음,0,11230710_음식·음료
SUB04_005013,C04_1221,적금,2220000,2025-03-17,11650550,반포본동,문화·취미·반려,20254,251973518,10024,45.94,1310000,41.53,Y,운전자금대출,700000,11650550_문화·취미·반려
SUB04_005014,C04_0409,펀드,7590000,2023-09-04,11290610,보문동,숙박,20254,102856050,2532,-17.22,1000000,-24.52,N,없음,0,11290610_숙박
SUB04_005015,C04_1859,적금,2020000,2024-04-08,11620725,조원동,생활서비스,20254,6366510,379,36.23,1000000,28.42,N,없음,0,11620725_생활서비스
SUB04_005016,C04_0415,예금,30070000,2022-05-27,11500590,화곡본동,숙박,20254,761603511,21252,-1.82,1060000,2.08,Y,운전자금대출,500000,11500590_숙박
SUB04_005017,C04_0232,적금,1510000,2024-04-25,11710532,거여2동,생활서비스,20254,77926433,4639,66.77,1190000,79.07,Y,운전자금대출,200000,11710532_생활서비스
SUB04_005018,C04_0323,예금,51280000,2023-11-23,11215830,자양2동,가구·인테리어,20254,1275322865,30705,96.6,13520000,84.26,Y,소상공인신용대출,4300000,11215830_가구·인테리어
SUB04_005019,C04_1981,ISA,13720000,2025-09-09,11680600,대치1동,음식·음료,20254,13661891748,831907,-5.13,116130000,-0.88,Y,시설자금대출,42100000,11680600_음식·음료
SUB04_005020,C04_0212,예금,25860000,2025-10-31,11710620,가락본동,생활서비스,20254,96385246,9694,57.9,1000000,65.43,Y,시설자금대출,200000,11710620_생활서비스
SUB04_005021,C04_0917,예금,19750000,2023-10-10,11650620,방배3동,자동차·운송서비스,20254,86475909,1185,-3.07,1000000,11.76,Y,소상공인신용대출,300000,11650620_자동차·운송서비스
SUB04_005022,C04_1662,적금,2090000,2025-05-10,11200535,왕십리도선동,숙박,20254,431091386,10325,52.9,1850000,44.52,N,없음,0,11200535_숙박
SUB04_005023,C04_0157,펀드,9440000,2025-05-04,11440720,성산1동,가구·인테리어,20254,6221387408,82055,2.25,36820000,8.8,N,없음,0,11440720_가구·인테리어
SUB04_005024,C04_0702,펀드,15290000,2025-09-16,11650520,서초2동,여가·오락,20254,502991830,6782,14.62,3960000,-6.19,Y,운전자금대출,2500000,11650520_여가·오락
SUB04_005025,C04_1546,적금,3270000,2024-07-15,11650651,양재1동,가구·인테리어,20254,13889894879,52578,-6.02,105410000,9.25,N,없음,0,11650651_가구·인테리어
SUB04_005026,C04_1501,ISA,27260000,2024-12-11,11215710,화양동,자동차·운송서비스,20254,65590270,2386,15.28,1000000,11.5,N,없음,0,11215710_자동차·운송서비스
SUB04_005027,C04_1502,펀드,14150000,2024-06-03,11470611,신월7동,미용·뷰티,20254,230898157,6849,-13.31,2240000,15.81,N,없음,0,11470611_미용·뷰티
SUB04_005028,C04_1246,ISA,26890000,2022-05-05,11710562,방이2동,음식·음료,20254,72461004508,1800106,10.71,993500000,17.36,N,없음,0,11710562_음식·음료
SUB04_005029,C04_0365,예금,13970000,2025-07-17,11380632,신사2동,문화·취미·반려,20254,167837347,6717,47.08,1000000,46.66,N,없음,0,11380632_문화·취미·반려
SUB04_005030,C04_1175,적금,7900000,2025-01-07,11320660,쌍문1동,음식·음료,20254,2552230094,217952,-0.83,14330000,40.62,Y,소상공인신용대출,2600000,11320660_음식·음료
SUB04_005031,C04_1327,ISA,19780000,2024-07-27,11680630,대치4동,미용·뷰티,20254,6533530444,89203,-9.8,34820000,5.58,N,없음,0,11680630_미용·뷰티
SUB04_005032,C04_1909,예금,61850000,2025-06-05,11500535,등촌3동,가구·인테리어,20254,60115476,1290,103.34,1000000,98.01,N,없음,0,11500535_가구·인테리어
SUB04_005033,C04_0314,적금,3810000,2024-02-17,11350600,공릉2동,음식·음료,20254,15578718850,855102,-2.79,202380000,18.13,Y,운전자금대출,97400000,11350600_음식·음료
SUB04_005034,C04_0435,펀드,25930000,2025-07-17,11230560,전농1동,패션·잡화,20254,1263784473,13011,23.9,7130000,33.8,Y,운전자금대출,1200000,11230560_패션·잡화
SUB04_005035,C04_0692,펀드,19780000,2023-09-20,11530510,신도림동,문화·취미·반려,20254,771657823,1949,209.4,7860000,100.0,Y,시설자금대출,4400000,11530510_문화·취미·반려
SUB04_005036,C04_1548,적금,7720000,2022-02-13,11260655,망우본동,식료품·편의소매,20254,17456437406,1342602,8.18,125900000,9.28,Y,운전자금대출,23400000,11260655_식료품·편의소매
SUB04_005037,C04_0466,적금,4430000,2025-05-12,11290575,동선동,식료품·편의소매,20254,4780011621,512359,5.2,19980000,1.11,Y,운전자금대출,4000000,11290575_식료품·편의소매
SUB04_005038,C04_0163,예금,17210000,2022-08-03,11620695,신림동,생활서비스,20254,371520230,53675,33.13,1000000,37.57,N,없음,0,11620695_생활서비스
SUB04_005039,C04_1715,펀드,10900000,2023-07-26,11650560,반포1동,문화·취미·반려,20254,5045140112,31116,6.29,30090000,7.5,N,없음,0,11650560_문화·취미·반려
SUB04_005040,C04_1181,펀드,16390000,2024-02-04,11620775,난곡동,자동차·운송서비스,20254,1360870705,7293,-2.57,15350000,21.36,Y,시설자금대출,8400000,11620775_자동차·운송서비스
SUB04_005041,C04_1320,예금,33350000,2025-08-13,11230650,장안1동,식료품·편의소매,20254,36280343838,1475671,1.03,358760000,-7.54,Y,시설자금대출,185200000,11230650_식료품·편의소매
SUB04_005042,C04_1378,적금,1850000,2022-02-27,11710600,석촌동,식료품·편의소매,20254,25849615013,1163179,20.24,272190000,13.52,N,없음,0,11710600_식료품·편의소매
SUB04_005043,C04_0286,적금,3410000,2025-06-18,11170510,후암동,음식·음료,20254,9414720351,323635,7.96,40920000,-8.9,N,없음,0,11170510_음식·음료
SUB04_005044,C04_1085,예금,20220000,2022-03-24,11380650,수색동,자동차·운송서비스,20254,223739075,2443,12.26,1000000,11.07,Y,시설자금대출,600000,11380650_자동차·운송서비스
SUB04_005045,C04_0426,예금,58620000,2024-03-03,11440565,공덕동,음식·음료,20254,20956547647,666571,5.59,104770000,-3.96,Y,시설자금대출,59700000,11440565_음식·음료
SUB04_005046,C04_0846,적금,6130000,2022-10-25,11320700,방학2동,식료품·편의소매,20254,18157748651,997098,20.51,142230000,14.19,Y,운전자금대출,35900000,11320700_식료품·편의소매
SUB04_005047,C04_1884,펀드,38680000,2022-12-15,11560690,신길7동,문화·취미·반려,20254,786513,43,-39.91,1000000,-43.77,Y,운전자금대출,800000,11560690_문화·취미·반려
SUB04_005048,C04_1154,예금,19030000,2022-07-31,11560720,대림3동,문화·취미·반려,20254,194364169,3579,56.35,1780000,48.6,Y,소상공인신용대출,300000,11560720_문화·취미·반려
SUB04_005049,C04_1121,펀드,4250000,2024-01-01,11320700,방학2동,가구·인테리어,20254,271260079,8524,8.78,1410000,-11.81,Y,시설자금대출,500000,11320700_가구·인테리어
SUB04_005050,C04_1830,예금,30430000,2024-03-06,11170520,용산2가동,식료품·편의소매,20254,5103756047,489836,1.59,46800000,5.79,N,없음,0,11170520_식료품·편의소매
SUB04_005051,C04_0594,ISA,13400000,2025-11-09,11290555,삼선동,문화·취미·반려,20254,1175675840,54530,39.11,6390000,47.72,Y,시설자금대출,1000000,11290555_문화·취미·반려
SUB04_005052,C04_1589,펀드,18550000,2023-11-10,11260680,신내1동,전자기기·수리,20254,290723915,3641,16.18,1590000,35.66,Y,소상공인신용대출,600000,11260680_전자기기·수리
SUB04_005053,C04_0682,적금,5260000,2022-10-19,11440730,성산2동,가구·인테리어,20254,1318774709,13887,-9.95,8050000,6.46,N,없음,0,11440730_가구·인테리어
SUB04_005054,C04_0660,펀드,17770000,2024-11-22,11350600,공릉2동,식료품·편의소매,20254,8853681605,1080834,4.88,16430000,5.44,N,없음,0,11350600_식료품·편의소매
SUB04_005055,C04_0386,예금,52860000,2023-05-10,11440610,염리동,여가·오락,20254,226181601,3222,25.51,1000000,35.42,Y,운전자금대출,200000,11440610_여가·오락
SUB04_005056,C04_0480,ISA,15360000,2025-06-05,11440600,대흥동,패션·잡화,20254,189296778,2320,44.21,4580000,39.15,Y,시설자금대출,2500000,11440600_패션·잡화
SUB04_005057,C04_1246,펀드,17830000,2024-12-23,11710562,방이2동,음식·음료,20254,72461004508,1800106,10.71,993500000,17.36,N,없음,0,11710562_음식·음료
SUB04_005058,C04_1549,ISA,12910000,2025-01-14,11230720,휘경1동,음식·음료,20254,6926940875,412703,-1.38,33800000,10.08,Y,운전자금대출,21400000,11230720_음식·음료
SUB04_005059,C04_0866,펀드,13720000,2025-05-07,11290810,석관동,식료품·편의소매,20254,7333218517,653463,4.77,26730000,2.64,Y,운전자금대출,10500000,11290810_식료품·편의소매
SUB04_005060,C04_1497,예금,53010000,2022-01-31,11650581,반포4동,가구·인테리어,20254,638562499,362,77.48,2240000,70.08,N,없음,0,11650581_가구·인테리어
SUB04_005061,C04_0666,펀드,7220000,2023-01-19,11710610,삼전동,문화·취미·반려,20254,244195891,9852,15.97,1780000,8.14,N,없음,0,11710610_문화·취미·반려
SUB04_005062,C04_0687,펀드,9660000,2024-12-08,11620685,신사동,패션·잡화,20254,486561652,11501,26.1,2650000,34.73,Y,시설자금대출,1400000,11620685_패션·잡화
SUB04_005063,C04_1415,적금,4950000,2022-09-26,11650651,양재1동,자동차·운송서비스,20254,1821063649,6628,-6.4,18950000,-2.65,N,없음,0,11650651_자동차·운송서비스
SUB04_005064,C04_1032,적금,4850000,2022-05-31,11410700,남가좌2동,여가·오락,20254,542546429,73798,-1.76,2730000,-9.56,Y,시설자금대출,900000,11410700_여가·오락
SUB04_005065,C04_0431,예금,41940000,2025-05-07,11320670,쌍문2동,식료품·편의소매,20254,3073181962,239237,-4.38,18730000,-7.5,Y,운전자금대출,6200000,11320670_식료품·편의소매
SUB04_005066,C04_1305,예금,63730000,2022-05-13,11200535,왕십리도선동,숙박,20254,431091386,10325,52.9,1590000,39.91,Y,운전자금대출,700000,11200535_숙박
SUB04_005067,C04_0072,펀드,11610000,2024-12-16,11410660,홍은1동,식료품·편의소매,20254,12217636887,432912,-20.65,128220000,-30.67,Y,운전자금대출,61100000,11410660_식료품·편의소매
SUB04_005068,C04_1369,예금,47460000,2023-09-05,11290555,삼선동,음식·음료,20254,16670973186,594863,2.53,117680000,-7.73,Y,소상공인신용대출,52300000,11290555_음식·음료
SUB04_005069,C04_0214,적금,3200000,2024-08-28,11260540,면목4동,여가·오락,20254,246693585,7862,16.36,1000000,4.52,N,없음,0,11260540_여가·오락
SUB04_005070,C04_0109,적금,3010000,2023-07-26,11590560,상도4동,미용·뷰티,20254,410114527,11745,-5.68,3130000,-15.97,Y,운전자금대출,1600000,11590560_미용·뷰티
SUB04_005071,C04_0013,ISA,32140000,2025-07-15,11140680,중림동,문화·취미·반려,20254,542536135,22629,-62.44,4670000,-34.84,Y,운전자금대출,2100000,11140680_문화·취미·반려
SUB04_005072,C04_0656,ISA,9690000,2025-06-12,11215710,화양동,숙박,20254,549467948,12572,7.25,5630000,-3.35,N,없음,0,11215710_숙박
SUB04_005073,C04_1253,펀드,10090000,2024-07-16,11320710,방학3동,식료품·편의소매,20254,2326774704,199172,-8.53,6930000,-13.17,N,없음,0,11320710_식료품·편의소매
SUB04_005074,C04_0411,ISA,11640000,2025-03-18,11410565,충현동,여가·오락,20254,262668227,27373,-13.73,1950000,-17.08,Y,시설자금대출,1400000,11410565_여가·오락
SUB04_005075,C04_0350,ISA,28600000,2023-07-24,11410585,신촌동,식료품·편의소매,20254,12397628345,2077224,2.47,74710000,0.53,Y,운전자금대출,39400000,11410585_식료품·편의소매
SUB04_005076,C04_1469,적금,2790000,2023-01-26,11530530,구로2동,미용·뷰티,20254,425806751,11638,-15.36,1690000,-5.19,N,없음,0,11530530_미용·뷰티
SUB04_005077,C04_0263,예금,39410000,2023-03-29,11470530,목3동,생활서비스,20254,131435179,6133,36.23,1210000,18.8,N,없음,0,11470530_생활서비스
SUB04_005078,C04_0247,펀드,15110000,2022-07-18,11290760,장위1동,식료품·편의소매,20254,3739845073,395649,-3.3,17020000,-15.6,Y,운전자금대출,9200000,11290760_식료품·편의소매
SUB04_005079,C04_0077,적금,6470000,2022-11-05,11470510,목1동,미용·뷰티,20254,2922391274,25329,-20.88,20830000,-26.79,N,없음,0,11470510_미용·뷰티
SUB04_005080,C04_0085,ISA,23630000,2025-04-09,11200520,왕십리2동,생활서비스,20254,19090031,1123,76.07,1000000,64.86,N,없음,0,11200520_생활서비스
SUB04_005081,C04_0818,ISA,29440000,2024-04-02,11440660,서교동,미용·뷰티,20254,15645414883,371902,-7.12,153880000,14.78,N,없음,0,11440660_미용·뷰티
SUB04_005082,C04_1155,예금,14350000,2025-03-30,11470520,목2동,음식·음료,20254,8243756055,286320,1.45,56910000,10.24,Y,소상공인신용대출,15200000,11470520_음식·음료
SUB04_005083,C04_1017,예금,26290000,2023-04-05,11620625,인헌동,음식·음료,20254,9429300454,545985,8.83,55310000,-7.58,Y,시설자금대출,28000000,11620625_음식·음료
SUB04_005084,C04_0289,적금,4290000,2025-02-02,11680580,삼성1동,여가·오락,20254,2155734900,64618,-2.0,10280000,2.1,Y,운전자금대출,6700000,11680580_여가·오락
SUB04_005085,C04_0082,예금,19250000,2023-06-29,11680656,도곡2동,문화·취미·반려,20254,5992470963,27889,-3.48,23870000,7.19,Y,운전자금대출,7200000,11680656_문화·취미·반려
SUB04_005086,C04_0577,예금,45100000,2025-02-20,11560515,영등포본동,패션·잡화,20254,25377198894,973724,12.1,161400000,16.95,Y,운전자금대출,30300000,11560515_패션·잡화
SUB04_005087,C04_0038,적금,2140000,2025-11-04,11305615,수유1동,전자기기·수리,20254,402426974,3075,2.41,2720000,-0.77,Y,소상공인신용대출,1700000,11305615_전자기기·수리
SUB04_005088,C04_1115,펀드,8850000,2024-05-08,11410710,북가좌1동,생활서비스,20254,10609876,436,-2.49,1000000,7.84,N,없음,0,11410710_생활서비스
SUB04_005089,C04_0091,적금,5640000,2025-08-06,11680656,도곡2동,여가·오락,20254,668399523,12290,-45.95,5650000,-51.64,Y,소상공인신용대출,4200000,11680656_여가·오락
SUB04_005090,C04_1188,ISA,33200000,2024-06-23,11650652,양재2동,패션·잡화,20254,1647219447,6677,6.23,12560000,-1.99,N,없음,0,11650652_패션·잡화
SUB04_005091,C04_0108,ISA,14870000,2024-09-08,11650530,서초3동,자동차·운송서비스,20254,1863515598,7626,-35.03,7600000,-19.82,N,없음,0,11650530_자동차·운송서비스
SUB04_005092,C04_1119,ISA,23770000,2024-12-27,11290715,월곡1동,미용·뷰티,20254,380492358,7842,-5.9,3930000,-6.14,Y,운전자금대출,1700000,11290715_미용·뷰티
SUB04_005093,C04_1664,예금,26040000,2022-12-20,11215740,중곡1동,문화·취미·반려,20254,109109721,11281,-0.82,1000000,-21.94,Y,운전자금대출,400000,11215740_문화·취미·반려
SUB04_005094,C04_1507,ISA,17090000,2025-04-08,11260590,상봉2동,패션·잡화,20254,2595296620,26599,38.49,24110000,49.13,N,없음,0,11260590_패션·잡화
SUB04_005095,C04_0838,ISA,17710000,2025-10-28,11380650,수색동,식료품·편의소매,20254,1483594639,84209,-8.65,10520000,3.14,Y,운전자금대출,6700000,11380650_식료품·편의소매
SUB04_005096,C04_1841,적금,3940000,2024-06-01,11230536,용신동,패션·잡화,20254,8218442401,54940,137.45,19310000,100.0,Y,운전자금대출,11500000,11230536_패션·잡화
SUB04_005097,C04_1967,적금,3330000,2024-04-13,11620615,중앙동,식료품·편의소매,20254,6815984203,628358,-0.6,82110000,5.84,Y,소상공인신용대출,25300000,11620615_식료품·편의소매
SUB04_005098,C04_1790,ISA,11750000,2022-05-23,11545630,독산3동,가구·인테리어,20254,532185233,11060,12.86,5100000,14.88,Y,시설자금대출,2000000,11545630_가구·인테리어
SUB04_005099,C04_0639,펀드,18630000,2025-10-16,11305660,인수동,가구·인테리어,20254,465047610,2230,107.02,6610000,100.0,N,없음,0,11305660_가구·인테리어
SUB04_005100,C04_0808,적금,3710000,2025-04-04,11380631,신사1동,생활서비스,20254,98286503,5147,48.57,1230000,61.66,N,없음,0,11380631_생활서비스
SUB04_005101,C04_1801,펀드,10180000,2022-07-28,11710670,잠실2동,음식·음료,20254,8971126316,947351,-13.86,158490000,-1.14,N,없음,0,11710670_음식·음료
SUB04_005102,C04_1407,적금,2510000,2024-03-26,11740560,고덕2동,자동차·운송서비스,20254,596394131,3576,-25.62,9650000,-4.36,N,없음,0,11740560_자동차·운송서비스
SUB04_005103,C04_0498,적금,6810000,2025-11-26,11230610,답십리2동,음식·음료,20254,11236106941,429547,-1.26,130400000,4.64,N,없음,0,11230610_음식·음료
SUB04_005104,C04_1145,펀드,20180000,2022-10-29,11470510,목1동,자동차·운송서비스,20254,2153002256,22496,-48.12,19060000,-41.42,N,없음,0,11470510_자동차·운송서비스
SUB04_005105,C04_1000,예금,33530000,2025-08-09,11680730,일원1동,음식·음료,20254,12020122638,450188,-0.07,92340000,-12.01,Y,운전자금대출,56600000,11680730_음식·음료
SUB04_005106,C04_1963,ISA,14890000,2023-11-11,11380560,구산동,생활서비스,20254,124128772,3575,19.56,1000000,32.24,N,없음,0,11380560_생활서비스
SUB04_005107,C04_0329,적금,7680000,2024-06-03,11440720,성산1동,식료품·편의소매,20254,4469852526,366514,-18.14,47950000,-10.7,Y,운전자금대출,18900000,11440720_식료품·편의소매
SUB04_005108,C04_1257,예금,38450000,2024-04-09,11380690,진관동,식료품·편의소매,20254,1484840248,195096,-17.51,6460000,-31.82,Y,소상공인신용대출,3100000,11380690_식료품·편의소매
SUB04_005109,C04_0197,적금,3750000,2025-04-05,11110680,창신2동,가구·인테리어,20254,1788436,253,-60.0,1000000,-51.88,Y,소상공인신용대출,600000,11110680_가구·인테리어
SUB04_005110,C04_1860,펀드,9390000,2024-12-23,11545680,시흥2동,미용·뷰티,20254,234468487,6676,-53.62,4350000,-59.05,Y,시설자금대출,3500000,11545680_미용·뷰티
SUB04_005111,C04_0463,적금,3970000,2025-10-31,11290770,장위2동,자동차·운송서비스,20254,38394808,283,-22.28,1000000,-12.77,Y,소상공인신용대출,700000,11290770_자동차·운송서비스
SUB04_005112,C04_0097,펀드,24180000,2022-04-12,11470640,신정3동,음식·음료,20254,7586591030,472562,0.38,95280000,2.43,Y,운전자금대출,50200000,11470640_음식·음료
SUB04_005113,C04_1168,예금,64620000,2025-02-13,11170685,한남동,가구·인테리어,20254,86058247,2950,-25.96,1000000,-38.59,N,없음,0,11170685_가구·인테리어
SUB04_005114,C04_0782,ISA,15000000,2023-03-07,11620765,미성동,자동차·운송서비스,20254,1226998011,4772,0.7,6310000,-8.02,Y,시설자금대출,4100000,11620765_자동차·운송서비스
SUB04_005115,C04_1491,예금,22050000,2025-08-18,11500530,등촌2동,문화·취미·반려,20254,102461574,9306,-2.1,1000000,-5.31,N,없음,0,11500530_문화·취미·반려
SUB04_005116,C04_0656,ISA,19350000,2023-06-29,11215710,화양동,숙박,20254,549467948,12572,7.25,5630000,-3.35,N,없음,0,11215710_숙박
SUB04_005117,C04_0130,ISA,16470000,2024-07-20,11215847,자양4동,여가·오락,20254,1737193196,100692,3.25,27900000,19.19,Y,시설자금대출,18000000,11215847_여가·오락
SUB04_005118,C04_1228,예금,48660000,2025-11-02,11560550,당산1동,자동차·운송서비스,20254,247963056,1587,-16.79,1840000,-1.46,N,없음,0,11560550_자동차·운송서비스
SUB04_005119,C04_0346,ISA,8920000,2024-09-25,11350624,중계4동,식료품·편의소매,20254,10502634286,479547,-5.72,48820000,-7.81,Y,운전자금대출,19900000,11350624_식료품·편의소매
SUB04_005120,C04_0827,적금,2730000,2024-01-28,11650531,서초4동,전자기기·수리,20254,98968752,3581,-14.11,1000000,-5.44,Y,소상공인신용대출,300000,11650531_전자기기·수리
SUB04_005121,C04_0616,ISA,14760000,2025-10-02,11215850,구의1동,미용·뷰티,20254,614688468,13750,-14.14,5610000,-13.2,N,없음,0,11215850_미용·뷰티
SUB04_005122,C04_0016,예금,33220000,2023-05-29,11500630,방화1동,패션·잡화,20254,1905070208,26758,-0.1,14560000,-2.45,N,없음,0,11500630_패션·잡화
SUB04_005123,C04_0939,예금,36900000,2022-05-26,11590650,사당4동,미용·뷰티,20254,420609741,9981,9.54,1500000,38.9,Y,운전자금대출,900000,11590650_미용·뷰티
SUB04_005124,C04_1751,적금,3420000,2024-10-10,11560540,여의동,식료품·편의소매,20254,30004022247,3005665,-7.21,221000000,-11.51,N,없음,0,11560540_식료품·편의소매
SUB04_005125,C04_0773,ISA,16530000,2024-03-02,11320512,창2동,여가·오락,20254,170771988,6422,29.58,1220000,23.89,N,없음,0,11320512_여가·오락
SUB04_005126,C04_1804,ISA,12650000,2023-11-27,11110690,창신3동,미용·뷰티,20254,77624872,2423,-29.87,1000000,-27.47,Y,시설자금대출,400000,11110690_미용·뷰티
SUB04_005127,C04_1943,펀드,13000000,2025-03-26,11560670,신길5동,자동차·운송서비스,20254,1448550006,6560,12.74,13160000,11.6,Y,운전자금대출,4500000,11560670_자동차·운송서비스
SUB04_005128,C04_1872,예금,23920000,2023-08-19,11380640,증산동,미용·뷰티,20254,618790756,6734,11.61,8050000,26.02,N,없음,0,11380640_미용·뷰티
SUB04_005129,C04_1118,펀드,11210000,2025-01-30,11650651,양재1동,패션·잡화,20254,771683206,3911,-12.08,9120000,0.23,N,없음,0,11650651_패션·잡화
SUB04_005130,C04_0079,ISA,24540000,2025-11-08,11680545,압구정동,자동차·운송서비스,20254,457201306,1557,-7.6,1920000,-12.08,Y,시설자금대출,1000000,11680545_자동차·운송서비스
SUB04_005131,C04_1737,ISA,7570000,2025-11-16,11230710,회기동,미용·뷰티,20254,870725803,16106,-23.23,11270000,-20.01,N,없음,0,11230710_미용·뷰티
SUB04_005132,C04_1045,적금,2260000,2025-03-27,11530740,개봉1동,음식·음료,20254,6965528984,322532,-2.1,124730000,0.98,N,없음,0,11530740_음식·음료
SUB04_005133,C04_1141,펀드,18100000,2025-04-07,11710531,거여1동,패션·잡화,20254,140851368,1036,8.18,1000000,23.5,N,없음,0,11710531_패션·잡화
SUB04_005134,C04_1454,예금,16880000,2025-06-25,11350625,중계2·3동,음식·음료,20254,6204547819,495905,-1.91,15020000,11.97,Y,운전자금대출,5800000,11350625_음식·음료
SUB04_005135,C04_0067,ISA,19370000,2023-02-20,11560720,대림3동,패션·잡화,20254,1350358132,23689,3.68,11880000,7.97,Y,소상공인신용대출,4600000,11560720_패션·잡화
SUB04_005136,C04_1398,적금,11140000,2024-07-15,11650570,반포2동,패션·잡화,20254,162448278,309,9.7,4410000,-16.54,N,없음,0,11650570_패션·잡화
SUB04_005137,C04_0635,예금,15750000,2022-07-07,11410640,홍제3동,여가·오락,20254,129500145,5213,-0.11,1630000,28.9,Y,운전자금대출,600000,11410640_여가·오락
SUB04_005138,C04_1100,적금,5560000,2024-05-16,11230560,전농1동,패션·잡화,20254,1263784473,13011,23.9,14470000,14.01,Y,운전자금대출,4700000,11230560_패션·잡화
SUB04_005139,C04_1641,적금,5690000,2023-07-10,11530760,개봉3동,여가·오락,20254,467600679,52635,1.68,2830000,17.24,N,없음,0,11530760_여가·오락
SUB04_005140,C04_0892,예금,29390000,2024-10-01,11530740,개봉1동,자동차·운송서비스,20254,891032079,4757,-1.75,7450000,-6.65,N,없음,0,11530740_자동차·운송서비스
SUB04_005141,C04_1646,예금,44330000,2022-11-24,11740530,명일1동,여가·오락,20254,531564768,21513,12.63,2570000,7.56,N,없음,0,11740530_여가·오락
SUB04_005142,C04_0015,적금,2340000,2025-02-19,11305535,미아동,숙박,20254,74916087,1432,-37.95,1000000,-19.41,Y,시설자금대출,500000,11305535_숙박
SUB04_005143,C04_0786,예금,30480000,2024-12-11,11650652,양재2동,문화·취미·반려,20254,27337509828,265342,21.27,128380000,19.13,Y,운전자금대출,35300000,11650652_문화·취미·반려
SUB04_005144,C04_1014,ISA,3310000,2022-09-29,11380510,녹번동,음식·음료,20254,17102234332,495581,-4.49,126570000,-0.56,Y,운전자금대출,68100000,11380510_음식·음료
SUB04_005145,C04_0159,예금,40830000,2024-07-14,11590660,대방동,음식·음료,20254,17988963710,611602,-1.86,104470000,4.82,N,없음,0,11590660_음식·음료
SUB04_005146,C04_1609,펀드,16400000,2023-02-23,11110700,숭인1동,미용·뷰티,20254,241896414,5005,8.04,2010000,12.39,Y,운전자금대출,800000,11110700_미용·뷰티
SUB04_005147,C04_1315,예금,14840000,2023-11-29,11170570,원효로2동,음식·음료,20254,2764234807,140636,17.05,18760000,-13.42,Y,시설자금대출,8600000,11170570_음식·음료
SUB04_005148,C04_1690,펀드,25450000,2024-02-15,11440655,서강동,여가·오락,20254,144469979,10350,1.47,1130000,-8.94,N,없음,0,11440655_여가·오락
SUB04_005149,C04_1065,적금,5940000,2024-09-04,11545620,독산2동,패션·잡화,20254,425336239,3713,-22.09,2180000,-27.63,Y,시설자금대출,600000,11545620_패션·잡화
SUB04_005150,C04_1673,ISA,7750000,2024-03-01,11350580,월계3동,자동차·운송서비스,20254,6552756,76,24.74,1000000,17.47,Y,시설자금대출,200000,11350580_자동차·운송서비스
SUB04_005151,C04_1800,ISA,15670000,2024-08-17,11590670,신대방1동,패션·잡화,20254,406421248,3733,10.66,1010000,-1.21,Y,시설자금대출,600000,11590670_패션·잡화
SUB04_005152,C04_0507,ISA,15590000,2024-02-01,11650600,방배1동,패션·잡화,20254,1217916766,9925,-50.3,2370000,-43.69,Y,시설자금대출,1400000,11650600_패션·잡화
SUB04_005153,C04_1490,펀드,6830000,2024-06-06,11590670,신대방1동,생활서비스,20254,71970959,4679,43.11,1000000,35.65,N,없음,0,11590670_생활서비스
SUB04_005154,C04_1023,적금,6250000,2023-09-27,11260690,신내2동,식료품·편의소매,20254,6239668872,629939,-1.46,19900000,-12.36,Y,운전자금대출,7700000,11260690_식료품·편의소매
SUB04_005155,C04_1417,펀드,7910000,2023-06-22,11215847,자양4동,여가·오락,20254,1737193196,100692,3.25,8810000,-5.05,N,없음,0,11215847_여가·오락
SUB04_005156,C04_0278,적금,2060000,2023-08-05,11320511,창1동,생활서비스,20254,51121504,2013,55.07,1000000,60.89,N,없음,0,11320511_생활서비스
SUB04_005157,C04_1213,ISA,5690000,2025-12-26,11590640,사당3동,패션·잡화,20254,252827588,3375,0.25,1390000,-9.18,Y,시설자금대출,400000,11590640_패션·잡화
SUB04_005158,C04_1932,적금,3980000,2024-02-11,11260565,면목본동,자동차·운송서비스,20254,163977673,973,31.05,1000000,34.75,N,없음,0,11260565_자동차·운송서비스
SUB04_005159,C04_0007,예금,28830000,2023-05-16,11710670,잠실2동,식료품·편의소매,20254,13062133745,892860,-17.64,123560000,-24.65,N,없음,0,11710670_식료품·편의소매
SUB04_005160,C04_0423,예금,43450000,2024-09-29,11305635,수유3동,숙박,20254,337982433,11171,7.24,1380000,1.11,Y,시설자금대출,600000,11305635_숙박
SUB04_005161,C04_1784,펀드,18110000,2022-09-26,11710570,오금동,음식·음료,20254,16457353536,916731,-3.36,137530000,7.04,N,없음,0,11710570_음식·음료
SUB04_005162,C04_1061,펀드,28580000,2025-09-07,11530510,신도림동,패션·잡화,20254,511500057,7884,-3.48,1000000,4.14,N,없음,0,11530510_패션·잡화
SUB04_005163,C04_1880,펀드,4610000,2025-06-01,11440680,합정동,가구·인테리어,20254,48274777,651,166.01,1000000,100.0,Y,운전자금대출,600000,11440680_가구·인테리어
SUB04_005164,C04_0244,예금,15100000,2025-09-15,11215770,중곡4동,여가·오락,20254,390290676,11701,14.4,4280000,14.89,N,없음,0,11215770_여가·오락
SUB04_005165,C04_1932,적금,3060000,2025-10-28,11260565,면목본동,자동차·운송서비스,20254,163977673,973,31.05,1000000,34.75,N,없음,0,11260565_자동차·운송서비스
SUB04_005166,C04_1026,예금,37320000,2024-01-18,11500604,가양2동,식료품·편의소매,20254,4334074952,453655,-4.41,33170000,-8.07,N,없음,0,11500604_식료품·편의소매
SUB04_005167,C04_0448,적금,5460000,2023-05-15,11545700,시흥4동,음식·음료,20254,1845985071,82890,-9.17,26390000,-22.44,N,없음,0,11545700_음식·음료
SUB04_005168,C04_0418,적금,1660000,2025-02-06,11740640,성내1동,음식·음료,20254,15057088192,606951,0.09,38700000,-0.79,Y,시설자금대출,18000000,11740640_음식·음료
SUB04_005169,C04_0751,ISA,17640000,2022-01-01,11290555,삼선동,패션·잡화,20254,2544104955,17909,31.45,12820000,36.79,N,없음,0,11290555_패션·잡화
SUB04_005170,C04_1578,예금,32700000,2022-07-10,11710646,장지동,음식·음료,20254,7053974915,308890,-4.54,46350000,2.24,N,없음,0,11710646_음식·음료
SUB04_005171,C04_0268,ISA,16930000,2024-12-14,11470590,신월4동,식료품·편의소매,20254,3214209844,310666,-0.26,25920000,-6.08,N,없음,0,11470590_식료품·편의소매
SUB04_005172,C04_0305,적금,4290000,2025-10-10,11650620,방배3동,자동차·운송서비스,20254,86475909,1185,-3.07,1290000,-6.98,N,없음,0,11650620_자동차·운송서비스
SUB04_005173,C04_0123,펀드,5750000,2025-01-23,11680600,대치1동,여가·오락,20254,1215739345,166463,-14.6,7040000,-2.97,Y,운전자금대출,4500000,11680600_여가·오락
SUB04_005174,C04_0359,펀드,6310000,2023-06-06,11500550,화곡2동,여가·오락,20254,52811513,1820,3.08,1000000,6.49,N,없음,0,11500550_여가·오락
SUB04_005175,C04_0434,ISA,13190000,2025-05-04,11440710,연남동,미용·뷰티,20254,1276088184,21059,0.42,16480000,5.21,Y,운전자금대출,7600000,11440710_미용·뷰티
SUB04_005176,C04_1204,예금,43890000,2025-05-25,11290725,월곡2동,패션·잡화,20254,954553011,12625,-19.39,4030000,-6.65,N,없음,0,11290725_패션·잡화
SUB04_005177,C04_0667,예금,56800000,2025-01-22,11680700,세곡동,식료품·편의소매,20254,14019209199,668260,0.93,93580000,-0.6,Y,운전자금대출,42500000,11680700_식료품·편의소매
SUB04_005178,C04_0010,ISA,27400000,2024-12-13,11440655,서강동,여가·오락,20254,144469979,10350,1.47,1790000,-7.94,N,없음,0,11440655_여가·오락
SUB04_005179,C04_0121,적금,5810000,2023-01-07,11230545,제기동,식료품·편의소매,20254,923851786755,35721166,-0.94,2663280000,-11.8,Y,운전자금대출,852200000,11230545_식료품·편의소매
SUB04_005180,C04_1239,펀드,15500000,2025-03-28,11470530,목3동,자동차·운송서비스,20254,99799428,650,-1.28,1000000,-4.37,N,없음,0,11470530_자동차·운송서비스
SUB04_005181,C04_1630,펀드,13150000,2025-04-02,11380552,갈현2동,생활서비스,20254,77570670,3615,105.89,1030000,100.0,N,없음,0,11380552_생활서비스
SUB04_005182,C04_0081,적금,5400000,2024-09-15,11560515,영등포본동,미용·뷰티,20254,942676144,29080,13.06,8560000,19.33,Y,운전자금대출,2000000,11560515_미용·뷰티
SUB04_005183,C04_1750,ISA,21700000,2025-03-22,11305535,미아동,자동차·운송서비스,20254,452779044,1809,4.96,3250000,15.38,N,없음,0,11305535_자동차·운송서비스
SUB04_005184,C04_1594,예금,47250000,2025-03-14,11140550,명동,생활서비스,20254,61538606,748,50.55,1000000,58.28,N,없음,0,11140550_생활서비스
SUB04_005185,C04_1007,적금,4360000,2024-05-13,11560680,신길6동,전자기기·수리,20254,24891304,388,-85.06,1000000,-64.65,N,없음,0,11560680_전자기기·수리
SUB04_005186,C04_0441,펀드,8750000,2024-09-30,11710550,마천2동,여가·오락,20254,178140418,3990,24.31,1720000,44.36,N,없음,0,11710550_여가·오락
SUB04_005187,C04_0616,적금,6280000,2024-12-11,11215850,구의1동,미용·뷰티,20254,614688468,13750,-14.14,5610000,-13.2,N,없음,0,11215850_미용·뷰티
SUB04_005188,C04_1318,펀드,8310000,2025-01-18,11650651,양재1동,가구·인테리어,20254,13889894879,52578,-6.02,120440000,-10.94,N,없음,0,11650651_가구·인테리어
SUB04_005189,C04_1758,ISA,24540000,2023-11-16,11680640,역삼1동,여가·오락,20254,3364602389,280051,-3.97,16430000,-1.0,Y,시설자금대출,10000000,11680640_여가·오락
SUB04_005190,C04_1068,ISA,24460000,2025-06-12,11215850,구의1동,가구·인테리어,20254,18154391151,124850,88.6,130220000,79.91,Y,소상공인신용대출,41700000,11215850_가구·인테리어
SUB04_005191,C04_0473,ISA,8900000,2025-03-05,11620645,서원동,문화·취미·반려,20254,353131144,10046,-12.08,4410000,11.02,N,없음,0,11620645_문화·취미·반려
SUB04_005192,C04_1086,ISA,26560000,2025-12-03,11530560,구로5동,생활서비스,20254,136328095,10526,36.45,1740000,41.24,Y,운전자금대출,400000,11530560_생활서비스
SUB04_005193,C04_0037,ISA,33590000,2025-02-22,11170560,원효로1동,자동차·운송서비스,20254,496453549,2490,-3.47,4740000,-22.04,Y,운전자금대출,3200000,11170560_자동차·운송서비스
SUB04_005194,C04_0286,펀드,8420000,2023-10-01,11170510,후암동,음식·음료,20254,9414720351,323635,7.96,40920000,-8.9,N,없음,0,11170510_음식·음료
SUB04_005195,C04_1427,적금,3800000,2022-08-11,11200540,마장동,생활서비스,20254,116274110,12009,63.72,1000000,52.64,Y,운전자금대출,600000,11200540_생활서비스
SUB04_005196,C04_0178,예금,57300000,2025-02-27,11410690,남가좌1동,식료품·편의소매,20254,15035433731,915248,-3.63,102120000,-8.4,Y,운전자금대출,55200000,11410690_식료품·편의소매
SUB04_005197,C04_1832,ISA,17680000,2024-09-16,11545710,시흥5동,패션·잡화,20254,2592803972,12632,117.73,23950000,100.0,N,없음,0,11545710_패션·잡화
SUB04_005198,C04_0702,적금,4740000,2025-12-15,11650520,서초2동,여가·오락,20254,502991830,6782,14.62,3960000,-6.19,Y,운전자금대출,2500000,11650520_여가·오락
SUB04_005199,C04_1387,ISA,13910000,2023-05-26,11215730,군자동,자동차·운송서비스,20254,618216755,2988,-16.15,4640000,-33.72,Y,운전자금대출,2200000,11215730_자동차·운송서비스
SUB04_005200,C04_1329,예금,62600000,2022-10-20,11650540,잠원동,숙박,20254,280236540,2888,-5.31,3150000,0.1,Y,소상공인신용대출,1200000,11650540_숙박
SUB04_005201,C04_1166,적금,2630000,2024-04-08,11440660,서교동,숙박,20254,137646080,2603,-45.38,1000000,-41.18,Y,소상공인신용대출,500000,11440660_숙박
SUB04_005202,C04_0614,ISA,15620000,2022-07-01,11620630,남현동,문화·취미·반려,20254,32779060,30,594.57,1000000,100.0,Y,운전자금대출,200000,11620630_문화·취미·반려
SUB04_005203,C04_0028,적금,2700000,2025-05-16,11530550,구로4동,숙박,20254,283542110,4972,41.84,1800000,36.02,N,없음,0,11530550_숙박
SUB04_005204,C04_1898,ISA,12380000,2025-09-02,11260660,망우3동,가구·인테리어,20254,331310752,6517,8.87,1230000,-1.57,N,없음,0,11260660_가구·인테리어
SUB04_005205,C04_1670,ISA,17040000,2025-02-16,11290705,종암동,패션·잡화,20254,1050626796,12967,15.98,5910000,-21.74,N,없음,0,11290705_패션·잡화
SUB04_005206,C04_0974,예금,53360000,2023-09-03,11170590,용문동,전자기기·수리,20254,1238477633,3767,0.49,4140000,1.87,Y,운전자금대출,1600000,11170590_전자기기·수리
SUB04_005207,C04_1457,ISA,25030000,2023-12-06,11560550,당산1동,자동차·운송서비스,20254,247963056,1587,-16.79,1310000,-25.14,Y,운전자금대출,500000,11560550_자동차·운송서비스
SUB04_005208,C04_1300,예금,54340000,2024-10-09,11320670,쌍문2동,패션·잡화,20254,673548390,5482,4.7,6340000,-4.89,Y,시설자금대출,3000000,11320670_패션·잡화
SUB04_005209,C04_0107,펀드,10890000,2025-05-28,11140615,신당동,미용·뷰티,20254,1270185369,26986,48.84,3560000,58.09,N,없음,0,11140615_미용·뷰티
SUB04_005210,C04_0532,펀드,5960000,2025-01-04,11740685,길동,패션·잡화,20254,2018551479,37505,-7.34,20120000,-10.12,Y,소상공인신용대출,11100000,11740685_패션·잡화
SUB04_005211,C04_0013,ISA,25280000,2025-05-20,11140680,중림동,문화·취미·반려,20254,542536135,22629,-62.44,4670000,-34.84,Y,운전자금대출,2100000,11140680_문화·취미·반려
SUB04_005212,C04_0921,예금,53950000,2025-03-03,11560670,신길5동,식료품·편의소매,20254,1287060207,126922,-7.54,9680000,-12.5,N,없음,0,11560670_식료품·편의소매
SUB04_005213,C04_0170,적금,5640000,2023-06-15,11140570,필동,생활서비스,20254,194591587,9432,54.64,1360000,69.83,Y,소상공인신용대출,800000,11140570_생활서비스
SUB04_005214,C04_1738,펀드,13710000,2024-03-13,11110570,무악동,음식·음료,20254,1188302130,71090,-4.97,8990000,3.73,N,없음,0,11110570_음식·음료
SUB04_005215,C04_1257,예금,63560000,2025-10-07,11380690,진관동,식료품·편의소매,20254,1484840248,195096,-17.51,6460000,-31.82,Y,소상공인신용대출,3100000,11380690_식료품·편의소매
SUB04_005216,C04_0383,적금,3620000,2023-09-04,11140680,중림동,생활서비스,20254,55714956,4799,37.07,1000000,26.07,N,없음,0,11140680_생활서비스
SUB04_005217,C04_1387,ISA,12010000,2025-12-12,11215730,군자동,자동차·운송서비스,20254,618216755,2988,-16.15,4640000,-33.72,Y,운전자금대출,2200000,11215730_자동차·운송서비스
SUB04_005218,C04_0932,예금,27830000,2023-06-10,11290810,석관동,생활서비스,20254,67632012,10439,-40.56,1000000,-48.2,N,없음,0,11290810_생활서비스
SUB04_005219,C04_1975,적금,5070000,2024-10-23,11200560,행당1동,자동차·운송서비스,20254,439566849,1585,-46.02,5940000,-52.28,Y,운전자금대출,2800000,11200560_자동차·운송서비스
SUB04_005220,C04_0566,예금,38930000,2023-02-09,11350624,중계4동,문화·취미·반려,20254,1432572504,35206,34.69,16560000,50.37,Y,운전자금대출,8100000,11350624_문화·취미·반려
SUB04_005221,C04_0869,펀드,7250000,2025-09-26,11170625,한강로동,자동차·운송서비스,20254,314823299,1440,43.08,2230000,46.46,N,없음,0,11170625_자동차·운송서비스
SUB04_005222,C04_0424,펀드,10200000,2024-07-04,11200645,옥수동,패션·잡화,20254,57879418,400,62.66,1000000,49.78,N,없음,0,11200645_패션·잡화
SUB04_005223,C04_1670,펀드,17150000,2024-05-03,11290705,종암동,패션·잡화,20254,1050626796,12967,15.98,5910000,-21.74,N,없음,0,11290705_패션·잡화
SUB04_005224,C04_0922,적금,4920000,2024-12-01,11680545,압구정동,전자기기·수리,20254,66273002,822,1331.67,1000000,100.0,N,없음,0,11680545_전자기기·수리
SUB04_005225,C04_0685,펀드,11270000,2023-06-30,11410710,북가좌1동,문화·취미·반려,20254,3356201,590,-12.77,1000000,-9.69,Y,운전자금대출,500000,11410710_문화·취미·반려
SUB04_005226,C04_1830,ISA,32730000,2025-12-18,11170520,용산2가동,식료품·편의소매,20254,5103756047,489836,1.59,46800000,5.79,N,없음,0,11170520_식료품·편의소매
SUB04_005227,C04_0150,ISA,23660000,2025-07-12,11320514,창4동,음식·음료,20254,12144657960,521891,6.34,152650000,-1.66,Y,시설자금대출,76100000,11320514_음식·음료
SUB04_005228,C04_1601,적금,1510000,2025-09-02,11470530,목3동,문화·취미·반려,20254,268174828,9291,20.0,2300000,22.15,N,없음,0,11470530_문화·취미·반려
SUB04_005229,C04_0403,펀드,13760000,2025-06-12,11440730,성산2동,패션·잡화,20254,15820178672,326517,67.02,180700000,68.52,Y,소상공인신용대출,62900000,11440730_패션·잡화
SUB04_005230,C04_0328,적금,4070000,2024-09-30,11500605,가양3동,음식·음료,20254,2143085254,148071,1.77,16640000,-5.23,Y,소상공인신용대출,7500000,11500605_음식·음료
SUB04_005231,C04_0489,ISA,27510000,2023-08-05,11530520,구로1동,전자기기·수리,20254,19224771,2176,-55.31,1000000,-65.46,N,없음,0,11530520_전자기기·수리
SUB04_005232,C04_1430,펀드,26330000,2025-01-26,11500630,방화1동,생활서비스,20254,326573343,17314,71.78,1730000,72.57,N,없음,0,11500630_생활서비스
SUB04_005233,C04_0252,ISA,17450000,2025-10-17,11230720,휘경1동,음식·음료,20254,6926940875,412703,-1.38,24180000,25.43,Y,소상공인신용대출,7400000,11230720_음식·음료
SUB04_005234,C04_0557,적금,8820000,2024-11-06,11710580,송파1동,여가·오락,20254,859353948,34502,5.34,5220000,-13.69,N,없음,0,11710580_여가·오락
SUB04_005235,C04_0015,예금,24500000,2024-02-22,11305535,미아동,숙박,20254,74916087,1432,-37.95,1000000,-19.41,Y,시설자금대출,500000,11305535_숙박
SUB04_005236,C04_0951,적금,5020000,2025-12-16,11380600,응암3동,미용·뷰티,20254,1330906280,35153,-13.23,15760000,-21.05,Y,운전자금대출,7800000,11380600_미용·뷰티
SUB04_005237,C04_1670,적금,4960000,2024-11-29,11290705,종암동,패션·잡화,20254,1050626796,12967,15.98,5910000,-21.74,N,없음,0,11290705_패션·잡화
SUB04_005238,C04_0918,ISA,12970000,2023-02-22,11500640,방화2동,미용·뷰티,20254,1058869542,15755,-14.86,2360000,-23.93,Y,시설자금대출,800000,11500640_미용·뷰티
SUB04_005239,C04_1040,예금,33690000,2022-02-21,11530540,구로3동,음식·음료,20254,66241757504,3715110,-1.22,423800000,-5.04,Y,시설자금대출,273400000,11530540_음식·음료
SUB04_005240,C04_1657,펀드,19030000,2023-12-29,11560680,신길6동,식료품·편의소매,20254,9187901820,802327,-2.66,69540000,7.49,Y,시설자금대출,37300000,11560680_식료품·편의소매
SUB04_005241,C04_0943,예금,17010000,2025-07-04,11260600,중화1동,가구·인테리어,20254,30563796,1289,146.03,1000000,100.0,Y,시설자금대출,400000,11260600_가구·인테리어
SUB04_005242,C04_1541,펀드,13830000,2024-08-18,11260565,면목본동,생활서비스,20254,40060333,2683,56.95,1000000,44.85,Y,운전자금대출,600000,11260565_생활서비스
SUB04_005243,C04_1163,펀드,13350000,2024-02-17,11260655,망우본동,음식·음료,20254,21608984136,784724,3.11,262050000,-8.62,N,없음,0,11260655_음식·음료
SUB04_005244,C04_1738,적금,4580000,2023-12-17,11110570,무악동,음식·음료,20254,1188302130,71090,-4.97,8990000,3.73,N,없음,0,11110570_음식·음료
SUB04_005245,C04_0066,ISA,7230000,2023-04-21,11380520,불광1동,문화·취미·반려,20254,145968906,1499,84.26,1000000,69.51,Y,시설자금대출,600000,11380520_문화·취미·반려
SUB04_005246,C04_0550,펀드,9180000,2023-09-23,11215780,능동,전자기기·수리,20254,5540851,156,-61.19,1000000,-55.83,Y,소상공인신용대출,800000,11215780_전자기기·수리
SUB04_005247,C04_0235,ISA,21360000,2025-05-15,11620525,보라매동,음식·음료,20254,9594296085,461881,-2.9,49480000,11.06,N,없음,0,11620525_음식·음료
SUB04_005248,C04_0347,예금,47630000,2025-02-02,11290580,돈암1동,미용·뷰티,20254,188447908,3460,5.47,1590000,7.13,N,없음,0,11290580_미용·뷰티
SUB04_005249,C04_0131,펀드,9010000,2025-04-25,11200650,성수1가1동,자동차·운송서비스,20254,646967012,2436,-7.51,5720000,-15.39,Y,운전자금대출,3500000,11200650_자동차·운송서비스
SUB04_005250,C04_1345,적금,3490000,2023-03-06,11410685,홍은2동,가구·인테리어,20254,3063424,190,572.72,1000000,100.0,Y,소상공인신용대출,300000,11410685_가구·인테리어
SUB04_005251,C04_0339,예금,27520000,2022-12-08,11380640,증산동,패션·잡화,20254,413801449,2306,-3.63,1000000,2.56,N,없음,0,11380640_패션·잡화
SUB04_005252,C04_1039,예금,51160000,2024-07-25,11230545,제기동,생활서비스,20254,113384280,5942,49.64,1420000,45.95,Y,운전자금대출,200000,11230545_생활서비스
SUB04_005253,C04_0364,예금,27290000,2024-03-17,11590550,상도3동,식료품·편의소매,20254,15499323966,1008375,3.95,37180000,4.18,N,없음,0,11590550_식료품·편의소매
SUB04_005254,C04_1050,ISA,14260000,2025-12-23,11740640,성내1동,여가·오락,20254,120866486,2115,-30.07,1000000,-11.97,Y,운전자금대출,500000,11740640_여가·오락
SUB04_005255,C04_1269,적금,1390000,2025-03-02,11545710,시흥5동,패션·잡화,20254,2592803972,12632,117.73,9840000,100.0,Y,시설자금대출,3900000,11545710_패션·잡화
SUB04_005256,C04_0896,ISA,16830000,2024-03-06,11215840,자양3동,전자기기·수리,20254,68773639,180,-74.36,1010000,-70.0,Y,소상공인신용대출,700000,11215840_전자기기·수리
SUB04_005257,C04_0884,예금,23110000,2025-03-06,11440700,망원2동,가구·인테리어,20254,853326433,44172,10.34,4040000,17.43,Y,운전자금대출,800000,11440700_가구·인테리어
SUB04_005258,C04_0399,예금,39150000,2023-04-02,11470670,신정6동,문화·취미·반려,20254,431172432,20858,-28.11,3570000,-43.49,N,없음,0,11470670_문화·취미·반려
SUB04_005259,C04_1693,펀드,6900000,2024-07-27,11215760,중곡3동,가구·인테리어,20254,546289991,7999,49.9,4710000,38.56,Y,시설자금대출,1800000,11215760_가구·인테리어
SUB04_005260,C04_0801,펀드,10370000,2023-03-11,11500570,화곡4동,식료품·편의소매,20254,19395075826,1168397,18.02,207670000,23.37,N,없음,0,11500570_식료품·편의소매
SUB04_005261,C04_1188,예금,40570000,2022-06-19,11650652,양재2동,패션·잡화,20254,1647219447,6677,6.23,12560000,-1.99,N,없음,0,11650652_패션·잡화
SUB04_005262,C04_0111,펀드,3540000,2023-01-13,11500520,등촌1동,전자기기·수리,20254,144914527,1806,-49.66,4580000,-70.0,Y,시설자금대출,2600000,11500520_전자기기·수리
SUB04_005263,C04_1239,ISA,22250000,2025-12-03,11470530,목3동,자동차·운송서비스,20254,99799428,650,-1.28,1000000,-4.37,N,없음,0,11470530_자동차·운송서비스
SUB04_005264,C04_0309,ISA,20320000,2024-06-23,11440740,상암동,전자기기·수리,20254,2083128062,41219,39.22,14220000,25.64,Y,운전자금대출,6200000,11440740_전자기기·수리
SUB04_005265,C04_0091,펀드,9710000,2025-08-16,11680656,도곡2동,여가·오락,20254,668399523,12290,-45.95,5650000,-51.64,Y,소상공인신용대출,4200000,11680656_여가·오락
SUB04_005266,C04_1896,적금,5050000,2024-04-10,11560690,신길7동,전자기기·수리,20254,3950954,565,-36.36,1000000,-28.36,N,없음,0,11560690_전자기기·수리
SUB04_005267,C04_0823,예금,44540000,2024-09-07,11740600,천호1동,자동차·운송서비스,20254,251514826,1739,10.21,2960000,4.3,N,없음,0,11740600_자동차·운송서비스
SUB04_005268,C04_0126,예금,14910000,2025-11-30,11680521,논현1동,문화·취미·반려,20254,10031136282,45344,105.81,104650000,100.0,N,없음,0,11680521_문화·취미·반려
SUB04_005269,C04_0851,ISA,9670000,2024-05-10,11545680,시흥2동,음식·음료,20254,272671805,17737,-11.44,3070000,-9.24,N,없음,0,11545680_음식·음료
SUB04_005270,C04_0916,펀드,3190000,2025-07-24,11590651,사당5동,식료품·편의소매,20254,338459803,44959,-12.08,1770000,-8.2,Y,운전자금대출,400000,11590651_식료품·편의소매
SUB04_005271,C04_0751,ISA,12120000,2023-09-25,11290555,삼선동,패션·잡화,20254,2544104955,17909,31.45,12820000,36.79,N,없음,0,11290555_패션·잡화
SUB04_005272,C04_0495,ISA,11840000,2024-10-02,11350595,공릉1동,식료품·편의소매,20254,17124351795,1367866,5.85,77460000,-11.1,Y,운전자금대출,23800000,11350595_식료품·편의소매
SUB04_005273,C04_1673,적금,1980000,2024-09-18,11350580,월계3동,자동차·운송서비스,20254,6552756,76,24.74,1000000,17.47,Y,시설자금대출,200000,11350580_자동차·운송서비스
SUB04_005274,C04_1634,예금,41150000,2022-08-18,11710540,마천1동,음식·음료,20254,1695350462,116911,-4.86,8470000,4.05,Y,운전자금대출,2500000,11710540_음식·음료
SUB04_005275,C04_1272,예금,37440000,2025-06-22,11380631,신사1동,미용·뷰티,20254,719051312,18114,-28.39,2950000,-29.33,Y,운전자금대출,1800000,11380631_미용·뷰티
SUB04_005276,C04_0539,적금,5090000,2024-10-25,11680580,삼성1동,음식·음료,20254,119064183827,3225951,8.0,1055440000,27.78,N,없음,0,11680580_음식·음료
SUB04_005277,C04_1427,펀드,7750000,2022-05-31,11200540,마장동,생활서비스,20254,116274110,12009,63.72,1000000,52.64,Y,운전자금대출,600000,11200540_생활서비스
SUB04_005278,C04_0823,펀드,17140000,2023-08-23,11740600,천호1동,자동차·운송서비스,20254,251514826,1739,10.21,2960000,4.3,N,없음,0,11740600_자동차·운송서비스
SUB04_005279,C04_0165,펀드,14900000,2023-08-09,11620725,조원동,가구·인테리어,20254,326764114,5846,4.81,1910000,-3.23,Y,소상공인신용대출,1000000,11620725_가구·인테리어
SUB04_005280,C04_0004,적금,4530000,2022-01-12,11230545,제기동,가구·인테리어,20254,1241162843,33526,55.38,7160000,67.72,N,없음,0,11230545_가구·인테리어
SUB04_005281,C04_1555,예금,23490000,2025-03-24,11680730,일원1동,패션·잡화,20254,601765144,3964,-40.3,10810000,-36.48,Y,운전자금대출,7400000,11680730_패션·잡화
SUB04_005282,C04_0461,펀드,7960000,2024-12-23,11290715,월곡1동,미용·뷰티,20254,380492358,7842,-5.9,4260000,0.4,N,없음,0,11290715_미용·뷰티
SUB04_005283,C04_1378,ISA,4130000,2022-04-01,11710600,석촌동,식료품·편의소매,20254,25849615013,1163179,20.24,272190000,13.52,N,없음,0,11710600_식료품·편의소매
SUB04_005284,C04_1702,예금,31280000,2024-06-02,11410620,홍제1동,미용·뷰티,20254,485984603,8731,8.77,3240000,31.0,N,없음,0,11410620_미용·뷰티
SUB04_005285,C04_1512,펀드,2380000,2024-07-25,11440730,성산2동,여가·오락,20254,79507666,3435,-4.16,1000000,4.94,Y,운전자금대출,600000,11440730_여가·오락
SUB04_005286,C04_0688,ISA,10650000,2023-05-13,11200590,금호1가동,패션·잡화,20254,674492201,9627,54.06,3990000,61.54,Y,운전자금대출,800000,11200590_패션·잡화
SUB04_005287,C04_0451,ISA,32340000,2023-05-24,11290610,보문동,미용·뷰티,20254,334122716,13457,-12.16,3890000,-0.83,Y,운전자금대출,2000000,11290610_미용·뷰티
SUB04_005288,C04_1167,펀드,5220000,2024-10-19,11140540,회현동,미용·뷰티,20254,15360978576,124492,-0.01,123700000,-0.87,N,없음,0,11140540_미용·뷰티
SUB04_005289,C04_1585,ISA,33430000,2025-06-12,11620765,미성동,여가·오락,20254,128863899,2204,22.74,1000000,14.61,N,없음,0,11620765_여가·오락
SUB04_005290,C04_0550,적금,8110000,2022-11-09,11215780,능동,전자기기·수리,20254,5540851,156,-61.19,1000000,-55.83,Y,소상공인신용대출,800000,11215780_전자기기·수리
SUB04_005291,C04_0790,적금,5770000,2022-03-03,11320710,방학3동,음식·음료,20254,4871499346,146621,-10.36,84070000,-12.75,Y,소상공인신용대출,53100000,11320710_음식·음료
SUB04_005292,C04_1751,ISA,8040000,2024-09-01,11560540,여의동,식료품·편의소매,20254,30004022247,3005665,-7.21,221000000,-11.51,N,없음,0,11560540_식료품·편의소매
SUB04_005293,C04_1780,ISA,10140000,2024-05-11,11290810,석관동,패션·잡화,20254,1129730109,20905,1.79,13530000,10.83,Y,운전자금대출,2400000,11290810_패션·잡화
SUB04_005294,C04_0837,예금,21950000,2023-12-27,11305595,번1동,음식·음료,20254,15253508011,658323,2.44,82040000,6.05,N,없음,0,11305595_음식·음료
SUB04_005295,C04_0536,적금,1330000,2025-05-20,11110615,종로1·2·3·4가동,식료품·편의소매,20254,32365641793,3338169,-0.98,452000000,6.65,N,없음,0,11110615_식료품·편의소매
SUB04_005296,C04_1996,적금,2780000,2023-01-10,11140570,필동,미용·뷰티,20254,248816680,7246,-11.42,1980000,-8.37,Y,운전자금대출,1100000,11140570_미용·뷰티
SUB04_005297,C04_1980,적금,8650000,2024-01-06,11305645,우이동,자동차·운송서비스,20254,1039339927,4345,35.31,16880000,51.93,N,없음,0,11305645_자동차·운송서비스
SUB04_005298,C04_0071,ISA,15310000,2025-10-20,11305645,우이동,여가·오락,20254,232062382,8863,4.7,1150000,3.55,N,없음,0,11305645_여가·오락
SUB04_005299,C04_1786,펀드,17580000,2025-06-25,11350619,중계본동,미용·뷰티,20254,386534765,8583,0.53,1070000,6.59,Y,소상공인신용대출,300000,11350619_미용·뷰티
SUB04_005300,C04_1537,ISA,14750000,2025-05-31,11110615,종로1·2·3·4가동,식료품·편의소매,20254,32365641793,3338169,-0.98,284660000,8.58,Y,운전자금대출,113400000,11110615_식료품·편의소매
SUB04_005301,C04_1951,ISA,28400000,2023-09-11,11590510,노량진1동,자동차·운송서비스,20254,54692097,309,-21.51,1010000,-22.13,N,없음,0,11590510_자동차·운송서비스
SUB04_005302,C04_1620,예금,35290000,2022-06-13,11560585,도림동,음식·음료,20254,3026230699,132737,-2.35,21340000,3.72,N,없음,0,11560585_음식·음료
SUB04_005303,C04_1394,펀드,15960000,2024-04-28,11290725,월곡2동,미용·뷰티,20254,672935825,15112,23.01,10750000,27.24,N,없음,0,11290725_미용·뷰티
SUB04_005304,C04_0408,펀드,20980000,2023-02-20,11380570,대조동,전자기기·수리,20254,579514,58,-60.0,1000000,-60.1,Y,시설자금대출,500000,11380570_전자기기·수리
SUB04_005305,C04_0211,예금,18080000,2025-09-19,11110680,창신2동,패션·잡화,20254,374678164,2910,118.53,2740000,100.0,Y,소상공인신용대출,1300000,11110680_패션·잡화
SUB04_005306,C04_0990,ISA,18430000,2023-07-23,11320512,창2동,가구·인테리어,20254,22760235,326,-44.86,1000000,-53.98,Y,운전자금대출,500000,11320512_가구·인테리어
SUB04_005307,C04_1915,예금,55980000,2024-02-29,11110640,이화동,문화·취미·반려,20254,131001712,2728,90.44,1440000,93.7,N,없음,0,11110640_문화·취미·반려
SUB04_005308,C04_1804,적금,2840000,2022-10-24,11110690,창신3동,미용·뷰티,20254,77624872,2423,-29.87,1000000,-27.47,Y,시설자금대출,400000,11110690_미용·뷰티
SUB04_005309,C04_1345,ISA,16200000,2022-08-19,11410685,홍은2동,가구·인테리어,20254,3063424,190,572.72,1000000,100.0,Y,소상공인신용대출,300000,11410685_가구·인테리어
SUB04_005310,C04_1159,펀드,11710000,2025-09-11,11620625,인헌동,자동차·운송서비스,20254,14627361,236,14.88,1000000,13.82,N,없음,0,11620625_자동차·운송서비스
SUB04_005311,C04_1190,적금,2570000,2023-07-01,11320513,창3동,패션·잡화,20254,293945580,9242,0.14,2380000,4.47,N,없음,0,11320513_패션·잡화
SUB04_005312,C04_1187,ISA,16230000,2024-07-22,11380560,구산동,생활서비스,20254,124128772,3575,19.56,1000000,9.49,Y,운전자금대출,200000,11380560_생활서비스
SUB04_005313,C04_1153,적금,10270000,2025-07-30,11170690,서빙고동,미용·뷰티,20254,71969018,2101,-24.74,1000000,-33.54,N,없음,0,11170690_미용·뷰티
SUB04_005314,C04_1527,ISA,6180000,2023-10-18,11110630,종로5·6가동,여가·오락,20254,732868797,12878,11.56,3250000,-0.08,N,없음,0,11110630_여가·오락
SUB04_005315,C04_1710,적금,5900000,2025-09-03,11410720,북가좌2동,음식·음료,20254,11114289899,457741,3.96,177180000,8.54,Y,시설자금대출,53700000,11410720_음식·음료
SUB04_005316,C04_1057,펀드,8920000,2022-07-11,11260550,면목5동,문화·취미·반려,20254,120105067,9096,-15.53,1000000,-34.04,Y,시설자금대출,500000,11260550_문화·취미·반려
SUB04_005317,C04_0283,예금,35250000,2024-06-15,11650530,서초3동,생활서비스,20254,361900650,16660,8.57,1030000,10.8,Y,운전자금대출,600000,11650530_생활서비스
SUB04_005318,C04_1621,펀드,19420000,2025-11-12,11740520,상일동,자동차·운송서비스,20254,313349731,2198,-13.95,4590000,4.07,N,없음,0,11740520_자동차·운송서비스
SUB04_005319,C04_0678,ISA,10690000,2023-12-21,11320670,쌍문2동,식료품·편의소매,20254,3073181962,239237,-4.38,9110000,-7.67,Y,운전자금대출,4100000,11320670_식료품·편의소매
SUB04_005320,C04_1186,적금,5420000,2025-06-08,11470540,목4동,전자기기·수리,20254,26012763,246,73.29,1000000,77.8,Y,시설자금대출,300000,11470540_전자기기·수리
SUB04_005321,C04_1927,펀드,13720000,2024-07-29,11110670,창신1동,문화·취미·반려,20254,32240430260,1232130,48.72,150840000,38.72,Y,소상공인신용대출,96200000,11110670_문화·취미·반려
SUB04_005322,C04_0901,예금,19910000,2022-03-16,11320660,쌍문1동,식료품·편의소매,20254,4031344031,393438,3.25,39450000,23.22,N,없음,0,11320660_식료품·편의소매
SUB04_005323,C04_1434,예금,32230000,2025-01-26,11650590,방배본동,음식·음료,20254,15761245935,815897,-4.07,83090000,-4.65,Y,운전자금대출,45100000,11650590_음식·음료
SUB04_005324,C04_1791,적금,3950000,2022-02-12,11200590,금호1가동,식료품·편의소매,20254,405188423,52183,6.13,3280000,16.38,N,없음,0,11200590_식료품·편의소매
SUB04_005325,C04_1764,적금,4930000,2023-04-13,11650652,양재2동,자동차·운송서비스,20254,9479701620,40063,1.28,33570000,-0.59,Y,운전자금대출,12200000,11650652_자동차·운송서비스
SUB04_005326,C04_0562,적금,17380000,2023-02-04,11500603,가양1동,미용·뷰티,20254,13311146927,48862,-20.13,27720000,-38.61,Y,시설자금대출,14800000,11500603_미용·뷰티
SUB04_005327,C04_1202,펀드,17210000,2025-01-23,11680750,수서동,여가·오락,20254,155029262,10203,13.47,1000000,12.34,N,없음,0,11680750_여가·오락
SUB04_005328,C04_0818,ISA,15340000,2023-12-19,11440660,서교동,미용·뷰티,20254,15645414883,371902,-7.12,153880000,14.78,N,없음,0,11440660_미용·뷰티
SUB04_005329,C04_1613,예금,35830000,2023-02-28,11650530,서초3동,미용·뷰티,20254,13898850095,41990,162.49,199210000,100.0,Y,운전자금대출,106000000,11650530_미용·뷰티
SUB04_005330,C04_1327,ISA,20300000,2022-06-02,11680630,대치4동,미용·뷰티,20254,6533530444,89203,-9.8,34820000,5.58,N,없음,0,11680630_미용·뷰티
SUB04_005331,C04_1097,예금,44740000,2025-08-02,11710641,문정1동,가구·인테리어,20254,41935381,2522,28.98,1000000,21.44,Y,운전자금대출,200000,11710641_가구·인테리어
SUB04_005332,C04_0171,ISA,15520000,2025-01-15,11380590,응암2동,음식·음료,20254,1673586912,45235,-15.8,11510000,-3.01,Y,시설자금대출,4100000,11380590_음식·음료
SUB04_005333,C04_0627,ISA,28140000,2024-12-06,11350665,상계3·4동,전자기기·수리,20254,310368233,2077,256.41,1400000,100.0,Y,운전자금대출,200000,11350665_전자기기·수리
SUB04_005334,C04_1292,예금,40000000,2022-07-09,11260630,묵2동,식료품·편의소매,20254,8655089948,844266,2.13,105890000,20.26,N,없음,0,11260630_식료품·편의소매
SUB04_005335,C04_0422,ISA,29320000,2023-08-01,11290780,장위3동,음식·음료,20254,1280536674,54415,-1.68,10380000,-20.27,N,없음,0,11290780_음식·음료
SUB04_005336,C04_0584,펀드,9480000,2023-02-07,11500604,가양2동,생활서비스,20254,31477256,1664,76.71,1000000,67.8,N,없음,0,11500604_생활서비스
SUB04_005337,C04_1752,적금,6400000,2025-12-22,11710520,풍납2동,자동차·운송서비스,20254,753482118,5005,-24.48,8990000,-21.03,N,없음,0,11710520_자동차·운송서비스
SUB04_005338,C04_1653,ISA,22440000,2023-05-07,11500604,가양2동,생활서비스,20254,31477256,1664,76.71,1000000,83.8,N,없음,0,11500604_생활서비스
SUB04_005339,C04_1164,펀드,6620000,2025-06-21,11680590,삼성2동,문화·취미·반려,20254,3507020094,54202,11.46,24940000,23.67,Y,운전자금대출,16000000,11680590_문화·취미·반려
SUB04_005340,C04_0161,예금,15680000,2025-05-04,11170520,용산2가동,음식·음료,20254,8483363933,272106,11.74,54150000,16.69,Y,소상공인신용대출,25000000,11170520_음식·음료
SUB04_005341,C04_0114,펀드,18540000,2025-06-11,11170630,이촌1동,식료품·편의소매,20254,8957555618,474449,-4.02,69010000,-9.62,Y,운전자금대출,46200000,11170630_식료품·편의소매
SUB04_005342,C04_1540,적금,3690000,2023-11-09,11680640,역삼1동,미용·뷰티,20254,33106467229,235394,2.69,515130000,11.68,N,없음,0,11680640_미용·뷰티
SUB04_005343,C04_0641,펀드,6790000,2025-08-30,11215820,자양1동,미용·뷰티,20254,1070407506,26189,-1.19,8030000,16.43,N,없음,0,11215820_미용·뷰티
SUB04_005344,C04_1772,ISA,19780000,2025-04-07,11620630,남현동,생활서비스,20254,90065659,4547,41.0,2350000,50.76,Y,운전자금대출,900000,11620630_생활서비스
SUB04_005345,C04_0225,ISA,14720000,2024-12-25,11530760,개봉3동,여가·오락,20254,467600679,52635,1.68,5480000,-8.18,Y,운전자금대출,1700000,11530760_여가·오락
SUB04_005346,C04_1759,예금,108000000,2024-04-18,11200660,성수1가2동,미용·뷰티,20254,755463994,15395,7.67,4150000,21.22,Y,소상공인신용대출,2100000,11200660_미용·뷰티
SUB04_005347,C04_0759,적금,7960000,2024-10-10,11380552,갈현2동,여가·오락,20254,854907087,146994,-11.03,6080000,5.61,N,없음,0,11380552_여가·오락
SUB04_005348,C04_0783,ISA,17490000,2024-05-19,11440610,염리동,여가·오락,20254,226181601,3222,25.51,2490000,41.1,N,없음,0,11440610_여가·오락
SUB04_005349,C04_0691,ISA,28890000,2025-09-17,11560560,당산2동,음식·음료,20254,27908262381,1164045,6.0,71430000,28.99,N,없음,0,11560560_음식·음료
SUB04_005350,C04_1824,예금,25050000,2022-10-22,11170555,청파동,자동차·운송서비스,20254,4073822048,24507,2.62,61940000,-18.09,N,없음,0,11170555_자동차·운송서비스
SUB04_005351,C04_0648,적금,2710000,2022-01-31,11650621,방배4동,미용·뷰티,20254,1633243405,24496,1.47,7580000,-20.76,N,없음,0,11650621_미용·뷰티
SUB04_005352,C04_0669,적금,4660000,2025-05-18,11260600,중화1동,음식·음료,20254,1418808781,43753,-9.22,17360000,-24.71,Y,운전자금대출,10800000,11260600_음식·음료
SUB04_005353,C04_0692,ISA,23370000,2024-08-20,11530510,신도림동,문화·취미·반려,20254,771657823,1949,209.4,7860000,100.0,Y,시설자금대출,4400000,11530510_문화·취미·반려
SUB04_005354,C04_1127,펀드,17970000,2022-08-07,11260620,묵1동,음식·음료,20254,12140474777,521139,2.38,128330000,-11.84,Y,운전자금대출,70500000,11260620_음식·음료
SUB04_005355,C04_1958,예금,17750000,2023-03-31,11215710,화양동,식료품·편의소매,20254,9473499827,1112981,-8.35,44010000,-25.33,N,없음,0,11215710_식료품·편의소매
SUB04_005356,C04_0087,예금,36980000,2024-08-12,11740640,성내1동,문화·취미·반려,20254,2728232108,19969,-15.32,70540000,-16.23,Y,운전자금대출,47000000,11740640_문화·취미·반려
SUB04_005357,C04_0524,예금,22560000,2023-09-12,11530550,구로4동,음식·음료,20254,12580339567,512133,-12.56,60400000,-27.11,N,없음,0,11530550_음식·음료
SUB04_005358,C04_0704,ISA,21470000,2025-01-11,11410700,남가좌2동,자동차·운송서비스,20254,1985912117,11696,-2.27,12740000,3.58,N,없음,0,11410700_자동차·운송서비스
SUB04_005359,C04_1887,예금,28170000,2023-03-23,11650550,반포본동,미용·뷰티,20254,40905967,286,0.85,1000000,-20.29,Y,운전자금대출,500000,11650550_미용·뷰티
SUB04_005360,C04_1223,적금,4660000,2023-04-19,11560610,양평1동,미용·뷰티,20254,600104525,15368,-0.46,5470000,25.0,Y,소상공인신용대출,900000,11560610_미용·뷰티
SUB04_005361,C04_0582,예금,57560000,2023-01-26,11140625,다산동,식료품·편의소매,20254,3244243925,375203,-12.15,29600000,-21.28,N,없음,0,11140625_식료품·편의소매
SUB04_005362,C04_1329,ISA,35100000,2025-04-27,11650540,잠원동,숙박,20254,280236540,2888,-5.31,3150000,0.1,Y,소상공인신용대출,1200000,11650540_숙박
SUB04_005363,C04_0343,예금,37000000,2022-08-11,11680640,역삼1동,문화·취미·반려,20254,10818934582,427621,21.54,60210000,16.21,Y,소상공인신용대출,24000000,11680640_문화·취미·반려
SUB04_005364,C04_0516,펀드,27790000,2025-03-14,11380590,응암2동,여가·오락,20254,191646295,3259,12.72,1380000,24.42,N,없음,0,11380590_여가·오락
SUB04_005365,C04_0635,적금,3080000,2022-12-26,11410640,홍제3동,여가·오락,20254,129500145,5213,-0.11,1630000,28.9,Y,운전자금대출,600000,11410640_여가·오락
SUB04_005366,C04_1420,ISA,52450000,2025-05-15,11590620,사당1동,자동차·운송서비스,20254,169036427,953,-14.27,1000000,-17.67,Y,운전자금대출,300000,11590620_자동차·운송서비스
SUB04_005367,C04_0830,펀드,12100000,2024-08-30,11320514,창4동,숙박,20254,396435535,13448,10.32,2230000,-9.6,N,없음,0,11320514_숙박
SUB04_005368,C04_0637,예금,62260000,2024-07-31,11470620,신정1동,여가·오락,20254,546745819,12891,2.71,1690000,20.21,N,없음,0,11470620_여가·오락
SUB04_005369,C04_1245,펀드,27110000,2025-01-25,11560680,신길6동,문화·취미·반려,20254,90089778,1634,92.51,1040000,96.12,N,없음,0,11560680_문화·취미·반려
SUB04_005370,C04_0726,펀드,13560000,2025-05-16,11440610,염리동,문화·취미·반려,20254,87771663,5991,73.24,1000000,49.97,N,없음,0,11440610_문화·취미·반려
SUB04_005371,C04_0862,적금,5690000,2022-09-13,11290630,정릉2동,패션·잡화,20254,298658069,6816,18.56,1240000,21.38,N,없음,0,11290630_패션·잡화
SUB04_005372,C04_1058,적금,7490000,2025-06-27,11530530,구로2동,문화·취미·반려,20254,2421925929,75190,0.24,7840000,-10.41,N,없음,0,11530530_문화·취미·반려
SUB04_005373,C04_0908,예금,19720000,2022-07-03,11410700,남가좌2동,식료품·편의소매,20254,4019285811,511328,-2.04,15080000,-17.38,Y,운전자금대출,6700000,11410700_식료품·편의소매
SUB04_005374,C04_0623,ISA,23040000,2022-04-23,11410685,홍은2동,음식·음료,20254,7000985254,311732,4.92,36720000,-1.64,N,없음,0,11410685_음식·음료
SUB04_005375,C04_0545,예금,41130000,2025-08-22,11530550,구로4동,미용·뷰티,20254,958022761,36167,-14.92,8730000,-31.65,Y,소상공인신용대출,3400000,11530550_미용·뷰티
SUB04_005376,C04_0790,적금,4540000,2023-02-02,11320710,방학3동,음식·음료,20254,4871499346,146621,-10.36,84070000,-12.75,Y,소상공인신용대출,53100000,11320710_음식·음료
SUB04_005377,C04_1459,펀드,13820000,2024-06-10,11350580,월계3동,문화·취미·반려,20254,128492993,53,11.69,1620000,20.42,Y,시설자금대출,700000,11350580_문화·취미·반려
SUB04_005378,C04_0113,ISA,23960000,2025-12-12,11650600,방배1동,문화·취미·반려,20254,6281699055,28416,-30.15,93210000,-17.57,Y,운전자금대출,28100000,11650600_문화·취미·반려
SUB04_005379,C04_1371,예금,31710000,2022-04-27,11560660,신길4동,음식·음료,20254,1572648715,81651,0.14,16770000,-5.51,N,없음,0,11560660_음식·음료
SUB04_005380,C04_1328,적금,3930000,2023-07-05,11140540,회현동,패션·잡화,20254,87830033453,1159739,30.32,1123130000,31.22,Y,소상공인신용대출,710800000,11140540_패션·잡화
SUB04_005381,C04_1620,적금,2740000,2024-02-02,11560585,도림동,음식·음료,20254,3026230699,132737,-2.35,21340000,3.72,N,없음,0,11560585_음식·음료
SUB04_005382,C04_1946,펀드,24090000,2024-05-18,11440630,신수동,미용·뷰티,20254,153384087,3694,-9.93,1030000,-5.65,Y,소상공인신용대출,500000,11440630_미용·뷰티
SUB04_005383,C04_1823,ISA,20050000,2024-04-02,11470530,목3동,문화·취미·반려,20254,268174828,9291,20.0,1410000,26.95,N,없음,0,11470530_문화·취미·반려
SUB04_005384,C04_1082,ISA,9300000,2025-11-30,11290600,안암동,자동차·운송서비스,20254,1468272135,7405,-24.71,10470000,-26.83,N,없음,0,11290600_자동차·운송서비스
SUB04_005385,C04_0403,펀드,17860000,2024-11-28,11440730,성산2동,패션·잡화,20254,15820178672,326517,67.02,180700000,68.52,Y,소상공인신용대출,62900000,11440730_패션·잡화
SUB04_005386,C04_1148,예금,57130000,2024-02-05,11530510,신도림동,음식·음료,20254,9745726627,312880,-2.27,85950000,-11.97,Y,운전자금대출,27700000,11530510_음식·음료
SUB04_005387,C04_0009,펀드,18120000,2024-03-29,11440565,공덕동,식료품·편의소매,20254,8001200697,481501,30.21,30400000,34.03,N,없음,0,11440565_식료품·편의소매
SUB04_005388,C04_0133,적금,1570000,2025-08-10,11500540,화곡1동,가구·인테리어,20254,5910546995,180681,-25.62,78850000,-18.52,Y,운전자금대출,56200000,11500540_가구·인테리어
SUB04_005389,C04_1140,예금,34170000,2025-11-12,11650620,방배3동,미용·뷰티,20254,483757020,5050,1.81,7040000,-27.21,Y,운전자금대출,2100000,11650620_미용·뷰티
SUB04_005390,C04_0183,ISA,16080000,2025-04-16,11620575,행운동,여가·오락,20254,916073348,128372,-10.09,10880000,-7.22,N,없음,0,11620575_여가·오락
SUB04_005391,C04_1610,적금,5640000,2022-01-29,11380552,갈현2동,미용·뷰티,20254,1251743221,26751,5.55,5380000,-5.23,Y,운전자금대출,2500000,11380552_미용·뷰티
SUB04_005392,C04_0153,펀드,18170000,2025-06-13,11260600,중화1동,전자기기·수리,20254,359207525,1909,266.75,1410000,100.0,Y,시설자금대출,400000,11260600_전자기기·수리
SUB04_005393,C04_1237,적금,3230000,2023-06-05,11320512,창2동,여가·오락,20254,170771988,6422,29.58,1600000,55.02,N,없음,0,11320512_여가·오락
SUB04_005394,C04_0983,예금,46020000,2022-03-25,11215740,중곡1동,생활서비스,20254,51098406,2165,44.59,1030000,44.11,N,없음,0,11215740_생활서비스
SUB04_005395,C04_0426,예금,46110000,2024-02-04,11440565,공덕동,음식·음료,20254,20956547647,666571,5.59,104770000,-3.96,Y,시설자금대출,59700000,11440565_음식·음료
SUB04_005396,C04_0424,예금,44510000,2023-11-28,11200645,옥수동,패션·잡화,20254,57879418,400,62.66,1000000,49.78,N,없음,0,11200645_패션·잡화
SUB04_005397,C04_0377,ISA,24960000,2023-01-12,11710580,송파1동,자동차·운송서비스,20254,1170657286,8219,-20.83,5900000,-11.44,Y,소상공인신용대출,4000000,11710580_자동차·운송서비스
SUB04_005398,C04_1905,펀드,6990000,2022-04-08,11470580,신월3동,패션·잡화,20254,425860236,4263,38.29,1980000,40.45,N,없음,0,11470580_패션·잡화
SUB04_005399,C04_1128,펀드,7860000,2025-09-28,11620765,미성동,문화·취미·반려,20254,91073825,3239,-10.71,1000000,-4.09,Y,운전자금대출,400000,11620765_문화·취미·반려
SUB04_005400,C04_1488,ISA,20540000,2025-12-18,11740515,강일동,패션·잡화,20254,133597279,1024,5.46,1000000,12.54,N,없음,0,11740515_패션·잡화
SUB04_005401,C04_0135,적금,5060000,2022-10-21,11305645,우이동,음식·음료,20254,15545949392,496478,-16.94,146840000,-23.21,Y,운전자금대출,60200000,11305645_음식·음료
SUB04_005402,C04_0393,예금,57180000,2022-06-16,11620615,중앙동,음식·음료,20254,12882922817,578829,2.13,75490000,4.12,Y,운전자금대출,47800000,11620615_음식·음료
SUB04_005403,C04_1671,ISA,28960000,2025-11-03,11530520,구로1동,식료품·편의소매,20254,3862685525,288165,-4.29,23140000,-16.82,Y,운전자금대출,15800000,11530520_식료품·편의소매
SUB04_005404,C04_0674,ISA,28670000,2023-01-10,11380600,응암3동,숙박,20254,136990031,2566,-23.94,1000000,-42.61,N,없음,0,11380600_숙박
SUB04_005405,C04_0502,ISA,6100000,2025-03-29,11215770,중곡4동,생활서비스,20254,54810095,4627,22.44,1000000,39.49,N,없음,0,11215770_생활서비스
SUB04_005406,C04_0986,적금,3320000,2025-11-16,11215770,중곡4동,미용·뷰티,20254,789874013,18267,15.19,2000000,14.4,Y,운전자금대출,1100000,11215770_미용·뷰티
SUB04_005407,C04_0993,ISA,28350000,2024-02-20,11110550,부암동,식료품·편의소매,20254,803160059,131301,0.81,3920000,-9.14,Y,운전자금대출,1700000,11110550_식료품·편의소매
SUB04_005408,C04_0654,ISA,18260000,2024-06-06,11140625,다산동,패션·잡화,20254,10185723639,41638,111.77,94280000,100.0,N,없음,0,11140625_패션·잡화
SUB04_005409,C04_1875,예금,89820000,2023-10-16,11620695,신림동,미용·뷰티,20254,1492932688,26888,-15.74,18380000,-27.77,Y,시설자금대출,13700000,11620695_미용·뷰티
SUB04_005410,C04_1212,ISA,31440000,2024-06-03,11710646,장지동,미용·뷰티,20254,922779870,10033,23.0,8660000,-2.2,N,없음,0,11710646_미용·뷰티
SUB04_005411,C04_0997,ISA,11790000,2024-02-21,11650610,방배2동,자동차·운송서비스,20254,802244487,6140,-9.33,4750000,-14.79,Y,운전자금대출,2600000,11650610_자동차·운송서비스
SUB04_005412,C04_0692,예금,21960000,2024-09-29,11530510,신도림동,문화·취미·반려,20254,771657823,1949,209.4,7860000,100.0,Y,시설자금대출,4400000,11530510_문화·취미·반려
SUB04_005413,C04_0996,펀드,11650000,2024-08-05,11200520,왕십리2동,여가·오락,20254,50779584,7566,-22.77,1000000,-16.57,Y,시설자금대출,700000,11200520_여가·오락
SUB04_005414,C04_1532,펀드,12760000,2024-08-02,11320512,창2동,자동차·운송서비스,20254,361583729,2241,-14.31,1800000,-11.42,Y,시설자금대출,1100000,11320512_자동차·운송서비스
SUB04_005415,C04_0609,적금,3100000,2022-08-21,11290575,동선동,숙박,20254,679162717,14926,-11.68,2290000,-34.46,Y,운전자금대출,1200000,11290575_숙박
SUB04_005416,C04_1706,ISA,17620000,2024-07-14,11710532,거여2동,식료품·편의소매,20254,1776547109,191650,-0.42,9270000,6.28,N,없음,0,11710532_식료품·편의소매
SUB04_005417,C04_0261,펀드,23330000,2025-09-20,11305645,우이동,패션·잡화,20254,1625657281,9793,186.41,7980000,100.0,N,없음,0,11305645_패션·잡화
SUB04_005418,C04_0867,예금,35410000,2024-12-30,11305555,송천동,패션·잡화,20254,2667127511,47761,4.72,22570000,-4.58,Y,소상공인신용대출,11500000,11305555_패션·잡화
SUB04_005419,C04_0903,예금,17960000,2022-07-22,11410555,북아현동,음식·음료,20254,3373259449,102377,-5.07,25870000,1.68,Y,시설자금대출,7700000,11410555_음식·음료
SUB04_005420,C04_0759,예금,55490000,2023-05-21,11380552,갈현2동,여가·오락,20254,854907087,146994,-11.03,6080000,5.61,N,없음,0,11380552_여가·오락
SUB04_005421,C04_1140,적금,3930000,2022-05-06,11650620,방배3동,미용·뷰티,20254,483757020,5050,1.81,7040000,-27.21,Y,운전자금대출,2100000,11650620_미용·뷰티
SUB04_005422,C04_1472,적금,3710000,2023-07-07,11290810,석관동,식료품·편의소매,20254,7333218517,653463,4.77,85430000,-12.0,Y,소상공인신용대출,52900000,11290810_식료품·편의소매
SUB04_005423,C04_1677,ISA,19330000,2022-08-06,11740620,천호3동,생활서비스,20254,31535857,2117,4.54,1000000,4.31,Y,운전자금대출,500000,11740620_생활서비스
SUB04_005424,C04_0547,펀드,5450000,2024-11-01,11230560,전농1동,미용·뷰티,20254,1388427917,19951,3.14,3120000,16.05,Y,운전자금대출,1500000,11230560_미용·뷰티
SUB04_005425,C04_1803,예금,40750000,2023-12-19,11590630,사당2동,미용·뷰티,20254,2055394402,38085,1.21,21150000,20.42,N,없음,0,11590630_미용·뷰티
SUB04_005426,C04_1199,펀드,19460000,2025-01-25,11530720,고척1동,미용·뷰티,20254,544893438,12508,-23.95,7290000,-20.3,Y,운전자금대출,4900000,11530720_미용·뷰티
SUB04_005427,C04_0449,ISA,37380000,2023-04-03,11170640,이촌2동,생활서비스,20254,20332462,2009,21.06,1000000,21.85,Y,운전자금대출,600000,11170640_생활서비스
SUB04_005428,C04_1948,펀드,7740000,2022-01-18,11260600,중화1동,패션·잡화,20254,377081222,3011,4.42,3090000,18.78,N,없음,0,11260600_패션·잡화
SUB04_005429,C04_1679,예금,58930000,2024-03-22,11290630,정릉2동,가구·인테리어,20254,14308041,1045,29.45,1000000,19.43,N,없음,0,11290630_가구·인테리어
SUB04_005430,C04_0050,적금,2000000,2022-03-14,11305635,수유3동,문화·취미·반려,20254,715170920,11863,22.55,4960000,14.98,Y,운전자금대출,2300000,11305635_문화·취미·반려
SUB04_005431,C04_1026,적금,4780000,2023-06-10,11500604,가양2동,식료품·편의소매,20254,4334074952,453655,-4.41,33170000,-8.07,N,없음,0,11500604_식료품·편의소매
SUB04_005432,C04_0615,예금,37430000,2023-11-15,11530780,오류2동,전자기기·수리,20254,1427877447,1889,149.12,8840000,100.0,Y,시설자금대출,5600000,11530780_전자기기·수리
SUB04_005433,C04_1819,적금,3010000,2024-11-19,11380551,갈현1동,문화·취미·반려,20254,671416964,21403,55.5,4770000,36.82,N,없음,0,11380551_문화·취미·반려
SUB04_005434,C04_0596,ISA,10480000,2025-01-14,11305615,수유1동,패션·잡화,20254,6451853543,70650,78.44,27740000,63.37,N,없음,0,11305615_패션·잡화
SUB04_005435,C04_1146,적금,6140000,2025-07-07,11260565,면목본동,음식·음료,20254,18199126770,728549,0.61,202410000,-7.1,Y,시설자금대출,64000000,11260565_음식·음료
SUB04_005436,C04_0208,적금,3850000,2024-06-06,11710561,방이1동,생활서비스,20254,79033818,4100,56.51,1000000,65.83,N,없음,0,11710561_생활서비스
SUB04_005437,C04_1321,ISA,35640000,2025-11-17,11440600,대흥동,미용·뷰티,20254,1578120704,17821,-3.99,37210000,-12.15,N,없음,0,11440600_미용·뷰티
SUB04_005438,C04_0965,펀드,44760000,2024-01-20,11545690,시흥3동,여가·오락,20254,249089851,8417,27.37,1340000,36.43,N,없음,0,11545690_여가·오락
SUB04_005439,C04_0662,적금,6040000,2022-04-28,11290685,길음2동,자동차·운송서비스,20254,148108802,1556,-0.73,1230000,13.99,N,없음,0,11290685_자동차·운송서비스
SUB04_005440,C04_1848,펀드,17550000,2023-06-04,11650620,방배3동,음식·음료,20254,4575110028,215403,-0.58,30950000,1.52,N,없음,0,11650620_음식·음료
SUB04_005441,C04_1425,ISA,20340000,2025-09-09,11470620,신정1동,가구·인테리어,20254,290070229,8218,-21.66,2880000,-6.29,Y,운전자금대출,700000,11470620_가구·인테리어
SUB04_005442,C04_1751,예금,37090000,2025-08-02,11560540,여의동,식료품·편의소매,20254,30004022247,3005665,-7.21,221000000,-11.51,N,없음,0,11560540_식료품·편의소매
SUB04_005443,C04_0489,적금,6900000,2025-08-02,11530520,구로1동,전자기기·수리,20254,19224771,2176,-55.31,1000000,-65.46,N,없음,0,11530520_전자기기·수리
SUB04_005444,C04_0945,예금,11610000,2025-08-21,11380552,갈현2동,음식·음료,20254,14459080519,617207,0.87,128960000,29.94,Y,시설자금대출,66200000,11380552_음식·음료
SUB04_005445,C04_1129,펀드,13340000,2024-06-18,11650600,방배1동,미용·뷰티,20254,4374083428,44970,-31.19,45380000,-52.37,Y,소상공인신용대출,32000000,11650600_미용·뷰티
SUB04_005446,C04_0310,펀드,8260000,2023-07-09,11380600,응암3동,패션·잡화,20254,3215876289,39077,19.97,15580000,31.5,Y,운전자금대출,9100000,11380600_패션·잡화
SUB04_005447,C04_1626,ISA,16190000,2024-10-15,11560585,도림동,전자기기·수리,20254,169481635,2892,76.53,1480000,79.41,N,없음,0,11560585_전자기기·수리
SUB04_005448,C04_0568,ISA,13680000,2024-02-07,11470610,신월6동,문화·취미·반려,20254,1658627,37,-67.7,1000000,-62.04,Y,소상공인신용대출,800000,11470610_문화·취미·반려
SUB04_005449,C04_1959,펀드,27770000,2022-06-20,11650570,반포2동,문화·취미·반려,20254,82586029,10928,8.95,1000000,22.42,Y,운전자금대출,600000,11650570_문화·취미·반려
SUB04_005450,C04_0850,적금,3170000,2022-12-30,11650510,서초1동,가구·인테리어,20254,653091844,7172,-52.76,6340000,-53.51,Y,운전자금대출,3200000,11650510_가구·인테리어
SUB04_005451,C04_1553,ISA,6790000,2025-08-20,11215710,화양동,생활서비스,20254,293727146,28256,23.4,1000000,2.53,Y,운전자금대출,500000,11215710_생활서비스
SUB04_005452,C04_0205,적금,5110000,2024-07-03,11590651,사당5동,미용·뷰티,20254,108705857,3729,0.04,1000000,8.3,N,없음,0,11590651_미용·뷰티
SUB04_005453,C04_0970,예금,48920000,2025-05-27,11710710,잠실6동,생활서비스,20254,72534614,3569,52.82,1000000,67.22,N,없음,0,11710710_생활서비스
SUB04_005454,C04_1995,예금,21730000,2022-02-15,11710600,석촌동,가구·인테리어,20254,418127900,6598,-8.01,2780000,-0.49,N,없음,0,11710600_가구·인테리어
SUB04_005455,C04_0764,예금,20450000,2022-04-10,11290620,정릉1동,음식·음료,20254,2524589326,82696,-2.17,16180000,-11.0,N,없음,0,11290620_음식·음료
SUB04_005456,C04_0306,ISA,15700000,2025-10-11,11440720,성산1동,여가·오락,20254,213097937,5085,8.82,1170000,6.69,N,없음,0,11440720_여가·오락
SUB04_005457,C04_0334,적금,4040000,2023-08-14,11305615,수유1동,여가·오락,20254,475940764,8922,26.23,3300000,32.83,N,없음,0,11305615_여가·오락
SUB04_005458,C04_1891,ISA,14790000,2022-11-26,11410655,홍제2동,식료품·편의소매,20254,913438324,71319,28.25,6600000,20.53,N,없음,0,11410655_식료품·편의소매
SUB04_005459,C04_0106,예금,30130000,2025-05-12,11140590,광희동,전자기기·수리,20254,3859877333,236589,4.41,22930000,-14.44,N,없음,0,11140590_전자기기·수리
SUB04_005460,C04_0637,적금,8190000,2023-09-09,11470620,신정1동,여가·오락,20254,546745819,12891,2.71,1690000,20.21,N,없음,0,11470620_여가·오락
SUB04_005461,C04_1008,펀드,6730000,2025-01-06,11230710,회기동,문화·취미·반려,20254,217519423,7289,16.52,1000000,8.5,Y,소상공인신용대출,500000,11230710_문화·취미·반려
SUB04_005462,C04_1389,ISA,24440000,2024-08-26,11260580,상봉1동,여가·오락,20254,110884624,1886,28.26,1000000,19.25,N,없음,0,11260580_여가·오락
SUB04_005463,C04_0073,예금,42230000,2025-07-31,11260540,면목4동,가구·인테리어,20254,2712308819,38125,6.56,26530000,5.7,N,없음,0,11260540_가구·인테리어
SUB04_005464,C04_1754,예금,29440000,2022-06-02,11230660,장안2동,패션·잡화,20254,3928205928,30613,43.82,29150000,10.87,N,없음,0,11230660_패션·잡화
SUB04_005465,C04_1558,예금,18890000,2023-12-31,11710642,문정2동,생활서비스,20254,152662273,4390,6.51,2910000,18.98,Y,운전자금대출,900000,11710642_생활서비스
SUB04_005466,C04_0718,예금,60660000,2022-01-02,11620525,보라매동,여가·오락,20254,558996407,56935,3.22,2650000,-9.38,N,없음,0,11620525_여가·오락
SUB04_005467,C04_0923,예금,34410000,2022-07-11,11170625,한강로동,자동차·운송서비스,20254,314823299,1440,43.08,2860000,34.37,N,없음,0,11170625_자동차·운송서비스
SUB04_005468,C04_1561,펀드,13950000,2024-05-01,11740530,명일1동,숙박,20254,53089745,562,75.84,1000000,78.1,N,없음,0,11740530_숙박
SUB04_005469,C04_0343,펀드,8540000,2022-04-10,11680640,역삼1동,문화·취미·반려,20254,10818934582,427621,21.54,60210000,16.21,Y,소상공인신용대출,24000000,11680640_문화·취미·반려
SUB04_005470,C04_0336,예금,34130000,2022-01-22,11530595,가리봉동,여가·오락,20254,774741042,89402,-12.48,7320000,-1.21,Y,운전자금대출,1900000,11530595_여가·오락
SUB04_005471,C04_0964,펀드,18090000,2024-06-24,11410555,북아현동,식료품·편의소매,20254,2792549658,261083,-12.89,7310000,-25.57,Y,소상공인신용대출,1900000,11410555_식료품·편의소매
SUB04_005472,C04_1953,적금,6930000,2025-05-11,11710690,잠실4동,식료품·편의소매,20254,2892867482,308886,-2.47,32190000,9.2,N,없음,0,11710690_식료품·편의소매
SUB04_005473,C04_0272,적금,1860000,2025-05-04,11500630,방화1동,가구·인테리어,20254,520909697,12712,-37.73,4930000,-26.82,N,없음,0,11500630_가구·인테리어
SUB04_005474,C04_1876,ISA,8020000,2025-04-04,11380625,역촌동,식료품·편의소매,20254,16160844834,821085,86.25,149840000,67.82,Y,시설자금대출,74100000,11380625_식료품·편의소매
SUB04_005475,C04_1577,적금,6810000,2024-08-25,11650590,방배본동,문화·취미·반려,20254,846164152,11704,119.49,8790000,100.0,Y,운전자금대출,2300000,11650590_문화·취미·반려
SUB04_005476,C04_1151,ISA,21530000,2023-05-29,11230600,답십리1동,패션·잡화,20254,7182782943,62953,0.05,51350000,11.75,N,없음,0,11230600_패션·잡화
SUB04_005477,C04_1506,펀드,18190000,2025-08-11,11470640,신정3동,문화·취미·반려,20254,676164263,35000,13.24,5460000,34.67,N,없음,0,11470640_문화·취미·반려
SUB04_005478,C04_1872,펀드,10020000,2025-01-05,11380640,증산동,미용·뷰티,20254,618790756,6734,11.61,8050000,26.02,N,없음,0,11380640_미용·뷰티
SUB04_005479,C04_1367,펀드,13070000,2022-01-09,11380510,녹번동,미용·뷰티,20254,618932937,13479,-12.97,4090000,-0.71,N,없음,0,11380510_미용·뷰티
SUB04_005480,C04_1513,펀드,18720000,2025-04-27,11545610,독산1동,숙박,20254,214597050,4824,20.61,1240000,25.28,Y,운전자금대출,600000,11545610_숙박
SUB04_005481,C04_1537,펀드,13270000,2025-07-18,11110615,종로1·2·3·4가동,식료품·편의소매,20254,32365641793,3338169,-0.98,284660000,8.58,Y,운전자금대출,113400000,11110615_식료품·편의소매
SUB04_005482,C04_0850,예금,36280000,2023-03-07,11650510,서초1동,가구·인테리어,20254,653091844,7172,-52.76,6340000,-53.51,Y,운전자금대출,3200000,11650510_가구·인테리어
SUB04_005483,C04_0281,적금,7290000,2024-01-20,11500530,등촌2동,가구·인테리어,20254,3750634,172,49.47,1000000,33.27,N,없음,0,11500530_가구·인테리어
SUB04_005484,C04_0151,펀드,9110000,2025-04-12,11560700,대림1동,음식·음료,20254,6600583214,329323,-0.9,36460000,-2.74,Y,운전자금대출,20200000,11560700_음식·음료
SUB04_005485,C04_1306,예금,49500000,2023-10-02,11200540,마장동,생활서비스,20254,116274110,12009,63.72,1110000,68.46,Y,시설자금대출,500000,11200540_생활서비스
SUB04_005486,C04_1832,펀드,11580000,2022-10-08,11545710,시흥5동,패션·잡화,20254,2592803972,12632,117.73,23950000,100.0,N,없음,0,11545710_패션·잡화
SUB04_005487,C04_1476,적금,3990000,2023-11-28,11740590,암사3동,생활서비스,20254,89585395,6017,42.22,1000000,41.77,N,없음,0,11740590_생활서비스
SUB04_005488,C04_1571,예금,19690000,2022-09-23,11500570,화곡4동,자동차·운송서비스,20254,547036321,3487,3.44,1510000,7.05,N,없음,0,11500570_자동차·운송서비스
SUB04_005489,C04_0864,펀드,15630000,2024-11-10,11530530,구로2동,문화·취미·반려,20254,2421925929,75190,0.24,24610000,-11.37,Y,시설자금대출,17000000,11530530_문화·취미·반려
SUB04_005490,C04_1931,예금,39020000,2024-04-01,11710650,잠실본동,패션·잡화,20254,9314246467,102179,-38.29,65530000,-23.23,Y,시설자금대출,20400000,11710650_패션·잡화
SUB04_005491,C04_0462,ISA,21850000,2024-03-11,11440720,성산1동,여가·오락,20254,213097937,5085,8.82,2060000,31.35,N,없음,0,11440720_여가·오락
SUB04_005492,C04_0163,ISA,23500000,2023-02-16,11620695,신림동,생활서비스,20254,371520230,53675,33.13,1000000,37.57,N,없음,0,11620695_생활서비스
SUB04_005493,C04_0935,펀드,9660000,2023-05-17,11230545,제기동,전자기기·수리,20254,3454146571,5006,233.89,41950000,100.0,Y,소상공인신용대출,12800000,11230545_전자기기·수리
SUB04_005494,C04_1977,예금,29720000,2022-09-21,11170510,후암동,패션·잡화,20254,365706137,5166,-5.69,2100000,-14.77,Y,운전자금대출,700000,11170510_패션·잡화
SUB04_005495,C04_1134,펀드,13120000,2022-11-17,11140605,을지로동,전자기기·수리,20254,1038832262,10809,-51.49,8060000,-44.71,Y,소상공인신용대출,5500000,11140605_전자기기·수리
SUB04_005496,C04_0877,ISA,18340000,2024-01-08,11200570,행당2동,패션·잡화,20254,10384113,302,-60.67,1000000,-38.46,N,없음,0,11200570_패션·잡화
SUB04_005497,C04_1550,ISA,8020000,2022-07-05,11320512,창2동,여가·오락,20254,170771988,6422,29.58,1160000,39.29,N,없음,0,11320512_여가·오락
SUB04_005498,C04_0098,적금,7040000,2023-07-04,11200540,마장동,음식·음료,20254,11314635395,299453,0.56,53490000,-2.92,N,없음,0,11200540_음식·음료
SUB04_005499,C04_0756,ISA,4190000,2025-01-29,11620665,서림동,음식·음료,20254,4769906624,188123,-0.78,22320000,10.44,N,없음,0,11620665_음식·음료
SUB04_005500,C04_1527,적금,5770000,2025-08-25,11110630,종로5·6가동,여가·오락,20254,732868797,12878,11.56,3250000,-0.08,N,없음,0,11110630_여가·오락
SUB04_005501,C04_1144,펀드,10630000,2022-03-23,11260630,묵2동,패션·잡화,20254,1621964544,16925,3.99,13550000,10.7,N,없음,0,11260630_패션·잡화
SUB04_005502,C04_1525,펀드,25350000,2022-10-18,11200560,행당1동,미용·뷰티,20254,1348220120,19255,1.33,6180000,-9.51,N,없음,0,11200560_미용·뷰티
SUB04_005503,C04_0522,펀드,32300000,2025-09-11,11740620,천호3동,문화·취미·반려,20254,8235213,794,-20.26,1000000,-19.19,N,없음,0,11740620_문화·취미·반려
SUB04_005504,C04_1803,ISA,9590000,2025-09-13,11590630,사당2동,미용·뷰티,20254,2055394402,38085,1.21,21150000,20.42,N,없음,0,11590630_미용·뷰티
SUB04_005505,C04_0019,펀드,18670000,2025-09-19,11140625,다산동,미용·뷰티,20254,330880553,5599,5.11,3160000,-0.25,Y,시설자금대출,800000,11140625_미용·뷰티
SUB04_005506,C04_1730,펀드,22880000,2025-04-19,11440660,서교동,식료품·편의소매,20254,38119519216,3466863,4.34,337270000,12.93,Y,소상공인신용대출,173100000,11440660_식료품·편의소매
SUB04_005507,C04_1751,ISA,14910000,2025-03-11,11560540,여의동,식료품·편의소매,20254,30004022247,3005665,-7.21,221000000,-11.51,N,없음,0,11560540_식료품·편의소매
SUB04_005508,C04_0936,ISA,58990000,2025-07-31,11170510,후암동,가구·인테리어,20254,346761613,18186,104.99,3260000,86.72,N,없음,0,11170510_가구·인테리어
SUB04_005509,C04_1504,적금,2220000,2022-10-27,11470510,목1동,가구·인테리어,20254,523219767,21364,67.14,2740000,70.72,N,없음,0,11470510_가구·인테리어
SUB04_005510,C04_1208,펀드,11970000,2024-02-07,11305535,미아동,여가·오락,20254,574779339,44139,-14.6,4660000,-27.45,N,없음,0,11305535_여가·오락
SUB04_005511,C04_0302,적금,2690000,2024-05-14,11530550,구로4동,전자기기·수리,20254,816307375,101504,2.99,7870000,-0.77,N,없음,0,11530550_전자기기·수리
SUB04_005512,C04_0661,펀드,4610000,2024-02-01,11410710,북가좌1동,미용·뷰티,20254,105302439,2458,3.6,1700000,-7.51,N,없음,0,11410710_미용·뷰티
SUB04_005513,C04_1977,예금,43610000,2023-07-05,11170510,후암동,패션·잡화,20254,365706137,5166,-5.69,2100000,-14.77,Y,운전자금대출,700000,11170510_패션·잡화
SUB04_005514,C04_1293,ISA,6000000,2025-07-30,11680656,도곡2동,생활서비스,20254,203279509,6438,88.94,1850000,84.51,N,없음,0,11680656_생활서비스
SUB04_005515,C04_0809,ISA,27920000,2024-04-20,11620585,낙성대동,식료품·편의소매,20254,2973178509,391279,1.69,23590000,-9.55,Y,시설자금대출,12200000,11620585_식료품·편의소매
SUB04_005516,C04_0341,예금,23340000,2023-09-26,11215847,자양4동,여가·오락,20254,1737193196,100692,3.25,23060000,11.7,N,없음,0,11215847_여가·오락
SUB04_005517,C04_0678,적금,12960000,2022-03-01,11320670,쌍문2동,식료품·편의소매,20254,3073181962,239237,-4.38,9110000,-7.67,Y,운전자금대출,4100000,11320670_식료품·편의소매
SUB04_005518,C04_1151,적금,5890000,2022-01-22,11230600,답십리1동,패션·잡화,20254,7182782943,62953,0.05,51350000,11.75,N,없음,0,11230600_패션·잡화
SUB04_005519,C04_0093,예금,31800000,2023-10-09,11140680,중림동,미용·뷰티,20254,95823248,2268,-22.17,1000000,-25.96,N,없음,0,11140680_미용·뷰티
SUB04_005520,C04_1459,ISA,23810000,2025-03-11,11350580,월계3동,문화·취미·반려,20254,128492993,53,11.69,1620000,20.42,Y,시설자금대출,700000,11350580_문화·취미·반려
SUB04_005521,C04_1863,펀드,20560000,2024-12-20,11260655,망우본동,음식·음료,20254,21608984136,784724,3.11,573940000,-19.57,N,없음,0,11260655_음식·음료
SUB04_005522,C04_1626,펀드,30160000,2022-12-12,11560585,도림동,전자기기·수리,20254,169481635,2892,76.53,1480000,79.41,N,없음,0,11560585_전자기기·수리
SUB04_005523,C04_1903,적금,4350000,2023-10-20,11530760,개봉3동,미용·뷰티,20254,537154323,16567,-11.44,4960000,-10.29,Y,소상공인신용대출,2500000,11530760_미용·뷰티
SUB04_005524,C04_0816,예금,35880000,2024-01-22,11710641,문정1동,여가·오락,20254,469584852,12525,14.58,1000000,3.24,N,없음,0,11710641_여가·오락
SUB04_005525,C04_0044,예금,39970000,2023-04-12,11350700,상계8동,가구·인테리어,20254,10946139,542,33.32,1000000,61.64,Y,시설자금대출,500000,11350700_가구·인테리어
SUB04_005526,C04_0533,적금,2080000,2024-12-18,11440690,망원1동,패션·잡화,20254,1298281522,21491,-16.17,4570000,-9.03,Y,운전자금대출,1200000,11440690_패션·잡화
SUB04_005527,C04_0064,적금,2180000,2023-05-26,11560605,문래동,여가·오락,20254,556966555,12336,20.34,7210000,19.14,Y,시설자금대출,2300000,11560605_여가·오락
SUB04_005528,C04_0077,ISA,26710000,2024-11-19,11470510,목1동,미용·뷰티,20254,2922391274,25329,-20.88,20830000,-26.79,N,없음,0,11470510_미용·뷰티
SUB04_005529,C04_1910,펀드,15580000,2022-12-22,11290640,정릉3동,미용·뷰티,20254,195221276,5872,-7.12,1000000,4.12,Y,운전자금대출,500000,11290640_미용·뷰티
SUB04_005530,C04_1587,ISA,13250000,2024-08-22,11140615,신당동,패션·잡화,20254,76457179005,1233130,1.26,163650000,5.56,N,없음,0,11140615_패션·잡화
SUB04_005531,C04_0538,예금,23540000,2023-07-27,11440600,대흥동,가구·인테리어,20254,865343164,9969,60.28,5190000,62.22,N,없음,0,11440600_가구·인테리어
SUB04_005532,C04_1075,예금,53150000,2024-02-24,11170590,용문동,패션·잡화,20254,547130294,13425,25.84,5300000,24.03,Y,운전자금대출,1800000,11170590_패션·잡화
SUB04_005533,C04_1103,적금,3080000,2024-09-01,11260600,중화1동,음식·음료,20254,1418808781,43753,-9.22,8580000,-35.8,N,없음,0,11260600_음식·음료
SUB04_005534,C04_0547,예금,20890000,2024-08-05,11230560,전농1동,미용·뷰티,20254,1388427917,19951,3.14,3120000,16.05,Y,운전자금대출,1500000,11230560_미용·뷰티
SUB04_005535,C04_0884,펀드,19090000,2025-03-15,11440700,망원2동,가구·인테리어,20254,853326433,44172,10.34,4040000,17.43,Y,운전자금대출,800000,11440700_가구·인테리어
SUB04_005536,C04_0258,예금,35010000,2022-04-17,11380590,응암2동,생활서비스,20254,10306759,510,-30.03,1000000,-26.97,Y,운전자금대출,500000,11380590_생활서비스
SUB04_005537,C04_1548,예금,55710000,2023-12-25,11260655,망우본동,식료품·편의소매,20254,17456437406,1342602,8.18,125900000,9.28,Y,운전자금대출,23400000,11260655_식료품·편의소매
SUB04_005538,C04_1862,ISA,11350000,2023-08-05,11470670,신정6동,식료품·편의소매,20254,504901985,65119,1.81,1360000,17.22,N,없음,0,11470670_식료품·편의소매
SUB04_005539,C04_1197,ISA,14500000,2024-12-28,11530760,개봉3동,전자기기·수리,20254,46745871,2355,-85.49,1000000,-70.0,N,없음,0,11530760_전자기기·수리
SUB04_005540,C04_1714,ISA,32730000,2022-11-18,11290705,종암동,가구·인테리어,20254,1108144364,20109,221.83,14710000,100.0,N,없음,0,11290705_가구·인테리어
SUB04_005541,C04_0204,적금,7410000,2022-02-24,11290810,석관동,생활서비스,20254,67632012,10439,-40.56,1000000,-27.79,Y,운전자금대출,700000,11290810_생활서비스
SUB04_005542,C04_0647,적금,3160000,2024-11-30,11680740,일원2동,식료품·편의소매,20254,1848726895,227739,-9.13,13010000,-14.69,Y,소상공인신용대출,3200000,11680740_식료품·편의소매
SUB04_005543,C04_1209,적금,2350000,2022-03-02,11740530,명일1동,패션·잡화,20254,2424328461,23204,54.56,16810000,48.43,N,없음,0,11740530_패션·잡화
SUB04_005544,C04_1140,적금,4500000,2024-05-22,11650620,방배3동,미용·뷰티,20254,483757020,5050,1.81,7040000,-27.21,Y,운전자금대출,2100000,11650620_미용·뷰티
SUB04_005545,C04_0585,적금,1830000,2024-07-25,11170660,이태원2동,음식·음료,20254,13326534080,295874,8.48,60290000,-5.74,Y,소상공인신용대출,38400000,11170660_음식·음료
SUB04_005546,C04_0857,펀드,16310000,2022-11-22,11110710,숭인2동,가구·인테리어,20254,197204215,4713,-36.82,1890000,-39.35,Y,시설자금대출,900000,11110710_가구·인테리어
SUB04_005547,C04_0264,ISA,14110000,2022-01-11,11290630,정릉2동,식료품·편의소매,20254,2780819180,156898,52.5,13850000,47.11,N,없음,0,11290630_식료품·편의소매
SUB04_005548,C04_0884,예금,52870000,2024-09-23,11440700,망원2동,가구·인테리어,20254,853326433,44172,10.34,4040000,17.43,Y,운전자금대출,800000,11440700_가구·인테리어
SUB04_005549,C04_1053,적금,3910000,2024-07-03,11620565,성현동,전자기기·수리,20254,108643316,1131,165.95,1000000,100.0,Y,운전자금대출,200000,11620565_전자기기·수리
SUB04_005550,C04_1698,적금,1280000,2024-04-25,11380580,응암1동,식료품·편의소매,20254,6991436240,312131,1.75,37340000,32.0,N,없음,0,11380580_식료품·편의소매
SUB04_005551,C04_0814,ISA,14710000,2025-08-28,11470650,신정4동,여가·오락,20254,1936188729,172483,11.6,20360000,16.1,Y,시설자금대출,5100000,11470650_여가·오락
SUB04_005552,C04_0581,ISA,9470000,2024-11-27,11440655,서강동,음식·음료,20254,16880973768,844120,6.67,73120000,19.26,N,없음,0,11440655_음식·음료
SUB04_005553,C04_0524,펀드,10240000,2022-01-08,11530550,구로4동,음식·음료,20254,12580339567,512133,-12.56,60400000,-27.11,N,없음,0,11530550_음식·음료
SUB04_005554,C04_1733,적금,4750000,2022-12-17,11530790,수궁동,생활서비스,20254,59592850,3486,76.57,1000000,76.67,N,없음,0,11530790_생활서비스
SUB04_005555,C04_0592,예금,64980000,2024-01-27,11170570,원효로2동,음식·음료,20254,2764234807,140636,17.05,29070000,24.02,Y,소상공인신용대출,10300000,11170570_음식·음료
SUB04_005556,C04_1874,ISA,8480000,2022-04-05,11290660,길음1동,생활서비스,20254,42800341,2588,56.61,1000000,58.86,Y,운전자금대출,200000,11290660_생활서비스
SUB04_005557,C04_0971,적금,3250000,2025-11-12,11470530,목3동,여가·오락,20254,445907413,13234,12.08,1590000,17.72,N,없음,0,11470530_여가·오락
SUB04_005558,C04_1454,적금,2970000,2025-10-19,11350625,중계2·3동,음식·음료,20254,6204547819,495905,-1.91,15020000,11.97,Y,운전자금대출,5800000,11350625_음식·음료
SUB04_005559,C04_0444,예금,39760000,2022-02-22,11230720,휘경1동,미용·뷰티,20254,619496145,18565,1.77,3320000,-24.57,N,없음,0,11230720_미용·뷰티
SUB04_005560,C04_1043,예금,28970000,2024-05-17,11170700,보광동,생활서비스,20254,7932973,233,-38.26,1000000,-24.26,Y,시설자금대출,700000,11170700_생활서비스
SUB04_005561,C04_0937,ISA,10010000,2025-03-06,11740610,천호2동,전자기기·수리,20254,290523854,4549,-36.17,1820000,-38.94,N,없음,0,11740610_전자기기·수리
SUB04_005562,C04_0503,적금,3340000,2025-04-03,11710561,방이1동,문화·취미·반려,20254,87731715,4922,1.28,1000000,12.52,Y,운전자금대출,500000,11710561_문화·취미·반려
SUB04_005563,C04_1860,ISA,19010000,2024-03-05,11545680,시흥2동,미용·뷰티,20254,234468487,6676,-53.62,4350000,-59.05,Y,시설자금대출,3500000,11545680_미용·뷰티
SUB04_005564,C04_0612,펀드,13200000,2022-03-13,11590650,사당4동,생활서비스,20254,101846921,8296,40.96,1000000,47.65,Y,시설자금대출,300000,11590650_생활서비스
SUB04_005565,C04_1836,ISA,29280000,2024-06-19,11380551,갈현1동,숙박,20254,124074066,1928,-3.03,1350000,-3.2,N,없음,0,11380551_숙박
SUB04_005566,C04_0327,예금,15900000,2025-06-12,11110700,숭인1동,미용·뷰티,20254,241896414,5005,8.04,1000000,14.69,N,없음,0,11110700_미용·뷰티
SUB04_005567,C04_1092,펀드,7540000,2025-10-24,11170625,한강로동,전자기기·수리,20254,586836230665,1967857,15.58,2838430000,22.64,Y,운전자금대출,1363800000,11170625_전자기기·수리
SUB04_005568,C04_1205,ISA,19800000,2025-04-18,11215770,중곡4동,식료품·편의소매,20254,5594949626,426736,6.03,20840000,13.31,N,없음,0,11215770_식료품·편의소매
SUB04_005569,C04_0975,펀드,27710000,2025-08-15,11740620,천호3동,미용·뷰티,20254,721120737,15127,-3.92,5120000,-7.57,Y,운전자금대출,3000000,11740620_미용·뷰티
SUB04_005570,C04_0366,적금,3380000,2025-12-07,11590680,신대방2동,생활서비스,20254,28810173,1071,15.76,1000000,-6.87,Y,시설자금대출,500000,11590680_생활서비스
SUB04_005571,C04_1750,적금,5200000,2024-10-30,11305535,미아동,자동차·운송서비스,20254,452779044,1809,4.96,3250000,15.38,N,없음,0,11305535_자동차·운송서비스
SUB04_005572,C04_1151,펀드,16260000,2022-05-11,11230600,답십리1동,패션·잡화,20254,7182782943,62953,0.05,51350000,11.75,N,없음,0,11230600_패션·잡화
SUB04_005573,C04_1489,ISA,13110000,2023-09-09,11380631,신사1동,식료품·편의소매,20254,5057628534,390563,-2.16,35800000,27.47,Y,운전자금대출,19200000,11380631_식료품·편의소매
SUB04_005574,C04_0272,적금,4440000,2023-03-09,11500630,방화1동,가구·인테리어,20254,520909697,12712,-37.73,4930000,-26.82,N,없음,0,11500630_가구·인테리어
SUB04_005575,C04_1060,적금,3270000,2024-02-08,11350710,상계9동,식료품·편의소매,20254,5698026932,337124,-4.52,52390000,-12.25,Y,운전자금대출,11900000,11350710_식료품·편의소매
SUB04_005576,C04_0336,펀드,12270000,2023-02-07,11530595,가리봉동,여가·오락,20254,774741042,89402,-12.48,7320000,-1.21,Y,운전자금대출,1900000,11530595_여가·오락
SUB04_005577,C04_0108,예금,21300000,2022-12-11,11650530,서초3동,자동차·운송서비스,20254,1863515598,7626,-35.03,7600000,-19.82,N,없음,0,11650530_자동차·운송서비스
SUB04_005578,C04_1805,펀드,12610000,2024-07-30,11380552,갈현2동,여가·오락,20254,854907087,146994,-11.03,7910000,-42.83,Y,소상공인신용대출,6000000,11380552_여가·오락
SUB04_005579,C04_1556,펀드,9670000,2025-05-30,11410690,남가좌1동,미용·뷰티,20254,76774461,2194,-7.29,1000000,-8.94,Y,운전자금대출,700000,11410690_미용·뷰티
SUB04_005580,C04_1622,펀드,11270000,2022-04-18,11320522,도봉2동,여가·오락,20254,183510162,8042,42.21,1470000,21.73,Y,운전자금대출,700000,11320522_여가·오락
SUB04_005581,C04_1947,적금,3270000,2022-09-05,11440690,망원1동,자동차·운송서비스,20254,191013695,1327,-14.87,1000000,-27.93,Y,운전자금대출,700000,11440690_자동차·운송서비스
SUB04_005582,C04_0073,예금,15720000,2024-10-31,11260540,면목4동,가구·인테리어,20254,2712308819,38125,6.56,26530000,5.7,N,없음,0,11260540_가구·인테리어
SUB04_005583,C04_0413,ISA,14410000,2025-10-26,11140520,소공동,음식·음료,20254,110690323005,4027894,1.06,1677360000,-2.28,Y,운전자금대출,846300000,11140520_음식·음료
SUB04_005584,C04_0866,펀드,25080000,2022-07-01,11290810,석관동,식료품·편의소매,20254,7333218517,653463,4.77,26730000,2.64,Y,운전자금대출,10500000,11290810_식료품·편의소매
SUB04_005585,C04_0268,ISA,16820000,2022-07-02,11470590,신월4동,식료품·편의소매,20254,3214209844,310666,-0.26,25920000,-6.08,N,없음,0,11470590_식료품·편의소매
SUB04_005586,C04_0333,적금,1350000,2023-07-19,11350710,상계9동,생활서비스,20254,162990570,8145,80.28,1000000,82.1,Y,운전자금대출,200000,11350710_생활서비스
SUB04_005587,C04_0967,예금,10190000,2022-04-12,11650652,양재2동,자동차·운송서비스,20254,9479701620,40063,1.28,130100000,14.47,Y,소상공인신용대출,74100000,11650652_자동차·운송서비스
SUB04_005588,C04_1228,예금,39550000,2024-05-09,11560550,당산1동,자동차·운송서비스,20254,247963056,1587,-16.79,1840000,-1.46,N,없음,0,11560550_자동차·운송서비스
SUB04_005589,C04_0625,펀드,7180000,2025-02-22,11620775,난곡동,전자기기·수리,20254,190946370,15657,-9.89,1000000,6.28,N,없음,0,11620775_전자기기·수리
SUB04_005590,C04_0415,펀드,8170000,2023-04-29,11500590,화곡본동,숙박,20254,761603511,21252,-1.82,1060000,2.08,Y,운전자금대출,500000,11500590_숙박
SUB04_005591,C04_1432,펀드,10240000,2023-08-22,11410655,홍제2동,식료품·편의소매,20254,913438324,71319,28.25,4320000,16.08,Y,운전자금대출,2700000,11410655_식료품·편의소매
SUB04_005592,C04_1217,적금,2710000,2025-07-14,11170640,이촌2동,가구·인테리어,20254,43386481,256,-2.93,1000000,25.34,N,없음,0,11170640_가구·인테리어
SUB04_005593,C04_0934,ISA,10860000,2025-11-16,11215770,중곡4동,음식·음료,20254,9497016913,545442,3.73,47170000,11.44,N,없음,0,11215770_음식·음료
SUB04_005594,C04_1984,펀드,16250000,2025-01-28,11290770,장위2동,여가·오락,20254,100794204,5284,-5.45,1000000,8.11,Y,운전자금대출,200000,11290770_여가·오락
SUB04_005595,C04_0473,ISA,8140000,2024-11-15,11620645,서원동,문화·취미·반려,20254,353131144,10046,-12.08,4410000,11.02,N,없음,0,11620645_문화·취미·반려
SUB04_005596,C04_1546,펀드,8120000,2024-06-09,11650651,양재1동,가구·인테리어,20254,13889894879,52578,-6.02,105410000,9.25,N,없음,0,11650651_가구·인테리어
SUB04_005597,C04_1580,ISA,20010000,2023-08-31,11650621,방배4동,자동차·운송서비스,20254,1936857926,14928,7.25,10990000,-25.08,Y,시설자금대출,2900000,11650621_자동차·운송서비스
SUB04_005598,C04_0996,적금,6630000,2025-02-19,11200520,왕십리2동,여가·오락,20254,50779584,7566,-22.77,1000000,-16.57,Y,시설자금대출,700000,11200520_여가·오락
SUB04_005599,C04_1407,ISA,8780000,2024-10-11,11740560,고덕2동,자동차·운송서비스,20254,596394131,3576,-25.62,9650000,-4.36,N,없음,0,11740560_자동차·운송서비스
SUB04_005600,C04_0509,적금,2080000,2025-01-17,11740530,명일1동,가구·인테리어,20254,49497898,3411,-12.51,1000000,-5.18,N,없음,0,11740530_가구·인테리어
SUB04_005601,C04_0164,펀드,13330000,2023-10-18,11230536,용신동,미용·뷰티,20254,1295054878,12144,-38.06,5340000,-30.04,Y,운전자금대출,2400000,11230536_미용·뷰티
SUB04_005602,C04_0426,펀드,45060000,2025-02-02,11440565,공덕동,음식·음료,20254,20956547647,666571,5.59,104770000,-3.96,Y,시설자금대출,59700000,11440565_음식·음료
SUB04_005603,C04_1195,ISA,11890000,2025-04-14,11650610,방배2동,음식·음료,20254,34058557078,699435,13.53,136550000,-2.41,Y,운전자금대출,51700000,11650610_음식·음료
SUB04_005604,C04_1852,적금,5300000,2024-07-23,11470600,신월5동,여가·오락,20254,317512712,7378,12.09,3240000,19.06,Y,소상공인신용대출,2000000,11470600_여가·오락
SUB04_005605,C04_1338,펀드,10970000,2025-04-04,11740530,명일1동,음식·음료,20254,15884260277,634535,0.21,131140000,0.33,Y,시설자금대출,51500000,11740530_음식·음료
SUB04_005606,C04_0819,ISA,19650000,2023-12-10,11650530,서초3동,패션·잡화,20254,9619660217,62349,30.07,126300000,15.48,N,없음,0,11650530_패션·잡화
SUB04_005607,C04_0017,펀드,21130000,2023-08-20,11230750,이문2동,여가·오락,20254,86416962,551,37.78,1000000,40.89,N,없음,0,11230750_여가·오락
SUB04_005608,C04_1545,예금,36900000,2023-07-28,11740540,명일2동,패션·잡화,20254,1080003841,11056,-22.66,18610000,-24.69,N,없음,0,11740540_패션·잡화
SUB04_005609,C04_1111,펀드,12510000,2022-11-02,11620735,대학동,문화·취미·반려,20254,606197641,19884,12.14,4210000,6.37,N,없음,0,11620735_문화·취미·반려
SUB04_005610,C04_0807,ISA,22310000,2022-12-11,11680590,삼성2동,패션·잡화,20254,1493248539,5882,-5.41,25710000,1.14,Y,운전자금대출,10800000,11680590_패션·잡화
SUB04_005611,C04_1100,ISA,5090000,2024-01-08,11230560,전농1동,패션·잡화,20254,1263784473,13011,23.9,14470000,14.01,Y,운전자금대출,4700000,11230560_패션·잡화
SUB04_005612,C04_0096,ISA,13580000,2025-09-01,11110710,숭인2동,전자기기·수리,20254,61306802,1361,-27.62,1000000,2.04,N,없음,0,11110710_전자기기·수리
SUB04_005613,C04_1205,적금,2440000,2025-05-16,11215770,중곡4동,식료품·편의소매,20254,5594949626,426736,6.03,20840000,13.31,N,없음,0,11215770_식료품·편의소매
SUB04_005614,C04_1484,적금,3790000,2024-12-13,11380631,신사1동,여가·오락,20254,514375655,84352,-10.98,2580000,-20.2,Y,소상공인신용대출,1300000,11380631_여가·오락
SUB04_005615,C04_1766,ISA,11510000,2025-07-31,11710566,오륜동,문화·취미·반려,20254,1895105336,28420,35.09,33020000,61.99,Y,시설자금대출,16900000,11710566_문화·취미·반려
SUB04_005616,C04_0139,적금,2440000,2025-09-25,11470590,신월4동,생활서비스,20254,17072360,869,105.23,1000000,100.0,Y,운전자금대출,600000,11470590_생활서비스
SUB04_005617,C04_1595,ISA,28050000,2025-10-29,11530790,수궁동,전자기기·수리,20254,261252103,1737,459.25,1810000,100.0,N,없음,0,11530790_전자기기·수리
SUB04_005618,C04_0757,ISA,21260000,2025-02-05,11140670,황학동,패션·잡화,20254,1360198637,14302,16.69,26390000,27.62,N,없음,0,11140670_패션·잡화
SUB04_005619,C04_1560,펀드,9800000,2023-01-06,11560710,대림2동,숙박,20254,82675075,1915,-8.36,1000000,-11.19,Y,운전자금대출,600000,11560710_숙박
SUB04_005620,C04_1382,적금,3040000,2023-03-28,11470650,신정4동,식료품·편의소매,20254,11677916807,987540,-3.71,179750000,1.18,N,없음,0,11470650_식료품·편의소매
SUB04_005621,C04_0079,ISA,6650000,2024-12-25,11680545,압구정동,자동차·운송서비스,20254,457201306,1557,-7.6,1920000,-12.08,Y,시설자금대출,1000000,11680545_자동차·운송서비스
SUB04_005622,C04_0704,펀드,21690000,2025-11-09,11410700,남가좌2동,자동차·운송서비스,20254,1985912117,11696,-2.27,12740000,3.58,N,없음,0,11410700_자동차·운송서비스
SUB04_005623,C04_0459,적금,1360000,2023-12-30,11305608,번3동,미용·뷰티,20254,497104380,11763,-15.9,2030000,-11.4,N,없음,0,11305608_미용·뷰티
SUB04_005624,C04_0830,ISA,19050000,2022-04-26,11320514,창4동,숙박,20254,396435535,13448,10.32,2230000,-9.6,N,없음,0,11320514_숙박
SUB04_005625,C04_1934,ISA,27500000,2023-11-08,11290640,정릉3동,식료품·편의소매,20254,3552729638,393860,-2.6,17590000,-27.59,N,없음,0,11290640_식료품·편의소매
SUB04_005626,C04_0551,펀드,8590000,2023-06-22,11305595,번1동,문화·취미·반려,20254,63810892,2514,36.25,1000000,35.53,Y,시설자금대출,500000,11305595_문화·취미·반려
SUB04_005627,C04_0693,적금,5590000,2023-01-03,11560540,여의동,식료품·편의소매,20254,30004022247,3005665,-7.21,216990000,-7.16,N,없음,0,11560540_식료품·편의소매
SUB04_005628,C04_0446,펀드,13290000,2023-06-18,11590560,상도4동,가구·인테리어,20254,30998005,1606,1.84,1000000,3.39,Y,운전자금대출,400000,11590560_가구·인테리어
SUB04_005629,C04_1682,예금,37350000,2023-09-15,11710720,잠실7동,패션·잡화,20254,161807214,175,111.28,1280000,100.0,Y,운전자금대출,700000,11710720_패션·잡화
SUB04_005630,C04_1369,적금,3810000,2024-01-24,11290555,삼선동,음식·음료,20254,16670973186,594863,2.53,117680000,-7.73,Y,소상공인신용대출,52300000,11290555_음식·음료
SUB04_005631,C04_0491,ISA,19640000,2025-07-24,11560540,여의동,자동차·운송서비스,20254,184854217,918,43.13,1310000,31.81,N,없음,0,11560540_자동차·운송서비스
SUB04_005632,C04_1031,ISA,20500000,2023-06-10,11230720,휘경1동,생활서비스,20254,43249472,1973,40.42,1000000,37.47,N,없음,0,11230720_생활서비스
SUB04_005633,C04_1051,예금,92630000,2025-09-30,11590670,신대방1동,생활서비스,20254,71970959,4679,43.11,1000000,54.72,Y,소상공인신용대출,300000,11590670_생활서비스
SUB04_005634,C04_0001,펀드,22670000,2025-02-09,11320521,도봉1동,음식·음료,20254,13321742518,509503,-0.61,59680000,-8.79,N,없음,0,11320521_음식·음료
SUB04_005635,C04_0260,펀드,7860000,2025-12-11,11680565,청담동,음식·음료,20254,62556653721,1043185,7.79,629310000,-3.18,N,없음,0,11680565_음식·음료
SUB04_005636,C04_1410,펀드,9870000,2022-03-02,11350600,공릉2동,패션·잡화,20254,512856047,4527,2.05,4560000,-16.12,Y,소상공인신용대출,2600000,11350600_패션·잡화
SUB04_005637,C04_1007,펀드,12860000,2023-01-27,11560680,신길6동,전자기기·수리,20254,24891304,388,-85.06,1000000,-64.65,N,없음,0,11560680_전자기기·수리
SUB04_005638,C04_0607,펀드,8410000,2024-07-21,11470510,목1동,문화·취미·반려,20254,1638873452,105614,-23.72,10960000,-24.59,N,없음,0,11470510_문화·취미·반려
SUB04_005639,C04_0868,ISA,9860000,2025-10-10,11530560,구로5동,문화·취미·반려,20254,10689985997,316934,164.41,99020000,100.0,N,없음,0,11530560_문화·취미·반려
SUB04_005640,C04_0559,적금,2450000,2024-05-02,11305660,인수동,가구·인테리어,20254,465047610,2230,107.02,5670000,100.0,N,없음,0,11305660_가구·인테리어
SUB04_005641,C04_0199,ISA,12270000,2025-04-25,11350665,상계3·4동,패션·잡화,20254,396483272,6229,57.87,1660000,61.96,N,없음,0,11350665_패션·잡화
SUB04_005642,C04_0747,펀드,8350000,2023-03-18,11200570,행당2동,생활서비스,20254,17086861,875,107.62,1000000,100.0,N,없음,0,11200570_생활서비스
SUB04_005643,C04_1182,적금,7050000,2025-10-02,11560515,영등포본동,식료품·편의소매,20254,20952228350,2971265,0.12,115540000,-1.27,Y,운전자금대출,30800000,11560515_식료품·편의소매
SUB04_005644,C04_1380,ISA,11740000,2025-08-08,11650620,방배3동,식료품·편의소매,20254,1499912746,179189,-6.25,9170000,-16.98,N,없음,0,11650620_식료품·편의소매
SUB04_005645,C04_1642,적금,2990000,2022-02-05,11500615,우장산동,식료품·편의소매,20254,5134331313,598618,-1.27,54520000,-14.95,N,없음,0,11500615_식료품·편의소매
SUB04_005646,C04_0003,ISA,6140000,2025-02-18,11680600,대치1동,여가·오락,20254,1215739345,166463,-14.6,8350000,-14.99,Y,운전자금대출,4500000,11680600_여가·오락
SUB04_005647,C04_0614,펀드,10890000,2024-01-22,11620630,남현동,문화·취미·반려,20254,32779060,30,594.57,1000000,100.0,Y,운전자금대출,200000,11620630_문화·취미·반려
SUB04_005648,C04_1601,ISA,17840000,2024-10-04,11470530,목3동,문화·취미·반려,20254,268174828,9291,20.0,2300000,22.15,N,없음,0,11470530_문화·취미·반려
SUB04_005649,C04_0590,ISA,16890000,2023-09-08,11710532,거여2동,자동차·운송서비스,20254,243199137,1126,-5.92,1100000,-8.46,N,없음,0,11710532_자동차·운송서비스
SUB04_005650,C04_0894,적금,12710000,2024-11-27,11290575,동선동,여가·오락,20254,1441077494,213835,-5.88,13930000,-20.46,Y,소상공인신용대출,3300000,11290575_여가·오락
SUB04_005651,C04_1541,ISA,28420000,2023-01-06,11260565,면목본동,생활서비스,20254,40060333,2683,56.95,1000000,44.85,Y,운전자금대출,600000,11260565_생활서비스
SUB04_005652,C04_0830,적금,4160000,2022-09-18,11320514,창4동,숙박,20254,396435535,13448,10.32,2230000,-9.6,N,없음,0,11320514_숙박
SUB04_005653,C04_1943,예금,12880000,2023-05-16,11560670,신길5동,자동차·운송서비스,20254,1448550006,6560,12.74,13160000,11.6,Y,운전자금대출,4500000,11560670_자동차·운송서비스
SUB04_005654,C04_0197,적금,3250000,2024-09-28,11110680,창신2동,가구·인테리어,20254,1788436,253,-60.0,1000000,-51.88,Y,소상공인신용대출,600000,11110680_가구·인테리어
SUB04_005655,C04_0496,예금,32660000,2022-04-15,11230536,용신동,음식·음료,20254,27768343226,1116415,3.01,116990000,-12.77,N,없음,0,11230536_음식·음료
SUB04_005656,C04_0481,ISA,46120000,2024-06-26,11470670,신정6동,미용·뷰티,20254,83357207,1320,8.04,1290000,19.78,Y,소상공인신용대출,200000,11470670_미용·뷰티
SUB04_005657,C04_0467,예금,54930000,2025-08-07,11410685,홍은2동,여가·오락,20254,321652788,41788,-2.05,1000000,-0.76,N,없음,0,11410685_여가·오락
SUB04_005658,C04_0379,예금,50260000,2025-05-18,11230570,전농2동,여가·오락,20254,397285385,43490,26.34,9540000,23.55,N,없음,0,11230570_여가·오락
SUB04_005659,C04_0035,적금,2880000,2025-10-30,11590530,상도1동,문화·취미·반려,20254,699939062,9053,-16.73,3160000,-8.48,Y,소상공인신용대출,2000000,11590530_문화·취미·반려
SUB04_005660,C04_1547,예금,20550000,2023-10-12,11140650,신당5동,여가·오락,20254,236802901,20199,2.82,2480000,-6.16,N,없음,0,11140650_여가·오락
SUB04_005661,C04_0103,적금,2730000,2024-10-06,11305575,삼각산동,패션·잡화,20254,186234728,2035,8.75,1200000,-1.39,N,없음,0,11305575_패션·잡화
SUB04_005662,C04_1950,적금,2390000,2023-11-19,11740600,천호1동,여가·오락,20254,288504601,9874,12.19,4620000,-8.56,N,없음,0,11740600_여가·오락
SUB04_005663,C04_0646,예금,81800000,2023-10-06,11110640,이화동,문화·취미·반려,20254,131001712,2728,90.44,1000000,83.49,N,없음,0,11110640_문화·취미·반려
SUB04_005664,C04_0063,펀드,13040000,2023-01-16,11230610,답십리2동,생활서비스,20254,6049601,248,90.28,1000000,93.56,N,없음,0,11230610_생활서비스
SUB04_005665,C04_0181,적금,1790000,2022-06-01,11560540,여의동,가구·인테리어,20254,1871647857,12985,-5.47,10210000,-6.84,N,없음,0,11560540_가구·인테리어
SUB04_005666,C04_0634,펀드,10050000,2022-05-23,11620630,남현동,음식·음료,20254,13031185794,525326,3.94,85190000,15.56,Y,소상공인신용대출,54900000,11620630_음식·음료
SUB04_005667,C04_0313,예금,65910000,2022-05-02,11440630,신수동,미용·뷰티,20254,153384087,3694,-9.93,1000000,-14.73,N,없음,0,11440630_미용·뷰티
SUB04_005668,C04_0848,예금,48170000,2024-08-26,11710720,잠실7동,식료품·편의소매,20254,1817590623,207630,-11.02,13450000,2.76,N,없음,0,11710720_식료품·편의소매
SUB04_005669,C04_1443,ISA,15490000,2025-02-11,11560540,여의동,패션·잡화,20254,10856853291,112574,2.54,54480000,-17.83,Y,시설자금대출,31000000,11560540_패션·잡화
SUB04_005670,C04_1594,적금,2260000,2022-01-29,11140550,명동,생활서비스,20254,61538606,748,50.55,1000000,58.28,N,없음,0,11140550_생활서비스
SUB04_005671,C04_1874,적금,1910000,2025-03-27,11290660,길음1동,생활서비스,20254,42800341,2588,56.61,1000000,58.86,Y,운전자금대출,200000,11290660_생활서비스
SUB04_005672,C04_0958,펀드,20980000,2025-10-25,11620765,미성동,생활서비스,20254,89246650,3687,77.21,1000000,77.36,Y,운전자금대출,400000,11620765_생활서비스
SUB04_005673,C04_0051,적금,8600000,2024-06-04,11140670,황학동,가구·인테리어,20254,6152389304,22334,-11.66,35660000,1.03,Y,시설자금대출,11000000,11140670_가구·인테리어
SUB04_005674,C04_1263,ISA,15590000,2023-09-19,11620665,서림동,가구·인테리어,20254,66262124,2184,-13.13,1000000,-2.27,N,없음,0,11620665_가구·인테리어
SUB04_005675,C04_0795,예금,11250000,2024-12-02,11680660,개포1동,미용·뷰티,20254,35071302,1245,14.97,1000000,24.08,N,없음,0,11680660_미용·뷰티
SUB04_005676,C04_0030,ISA,11420000,2023-12-30,11620655,신원동,패션·잡화,20254,267316537,5173,-9.81,2750000,-24.33,N,없음,0,11620655_패션·잡화
SUB04_005677,C04_0219,예금,38960000,2024-04-20,11680750,수서동,가구·인테리어,20254,64611223,1205,-88.08,1000000,-70.0,N,없음,0,11680750_가구·인테리어
SUB04_005678,C04_1630,ISA,11860000,2025-09-25,11380552,갈현2동,생활서비스,20254,77570670,3615,105.89,1030000,100.0,N,없음,0,11380552_생활서비스
SUB04_005679,C04_1404,예금,32620000,2025-04-14,11470510,목1동,가구·인테리어,20254,523219767,21364,67.14,1920000,48.48,N,없음,0,11470510_가구·인테리어
SUB04_005680,C04_0892,펀드,14700000,2023-11-23,11530740,개봉1동,자동차·운송서비스,20254,891032079,4757,-1.75,7450000,-6.65,N,없음,0,11530740_자동차·운송서비스
SUB04_005681,C04_0333,ISA,33070000,2025-07-30,11350710,상계9동,생활서비스,20254,162990570,8145,80.28,1000000,82.1,Y,운전자금대출,200000,11350710_생활서비스
SUB04_005682,C04_0821,예금,57830000,2025-06-24,11500630,방화1동,문화·취미·반려,20254,1030841814,45820,-2.16,2890000,-1.65,Y,운전자금대출,900000,11500630_문화·취미·반려
SUB04_005683,C04_0866,ISA,30390000,2025-02-23,11290810,석관동,식료품·편의소매,20254,7333218517,653463,4.77,26730000,2.64,Y,운전자금대출,10500000,11290810_식료품·편의소매
SUB04_005684,C04_0717,ISA,26500000,2023-10-14,11590680,신대방2동,패션·잡화,20254,1599363614,2964,162.9,21180000,100.0,N,없음,0,11590680_패션·잡화
SUB04_005685,C04_0638,예금,40750000,2024-12-03,11740560,고덕2동,생활서비스,20254,68756910,3519,23.56,1000000,24.4,N,없음,0,11740560_생활서비스
SUB04_005686,C04_1001,적금,3660000,2024-11-10,11305595,번1동,음식·음료,20254,15253508011,658323,2.44,97890000,-10.09,Y,운전자금대출,26600000,11305595_음식·음료
SUB04_005687,C04_1297,ISA,16180000,2023-09-04,11350611,하계1동,여가·오락,20254,130061735,2999,7.81,1000000,18.22,Y,운전자금대출,500000,11350611_여가·오락
SUB04_005688,C04_1111,적금,4620000,2024-01-09,11620735,대학동,문화·취미·반려,20254,606197641,19884,12.14,4210000,6.37,N,없음,0,11620735_문화·취미·반려
SUB04_005689,C04_1703,펀드,37950000,2025-07-02,11215780,능동,음식·음료,20254,12171306573,387425,-1.5,57180000,-10.94,Y,소상공인신용대출,37900000,11215780_음식·음료
SUB04_005690,C04_1601,적금,3920000,2024-01-31,11470530,목3동,문화·취미·반려,20254,268174828,9291,20.0,2300000,22.15,N,없음,0,11470530_문화·취미·반려
SUB04_005691,C04_0936,ISA,19810000,2024-09-04,11170510,후암동,가구·인테리어,20254,346761613,18186,104.99,3260000,86.72,N,없음,0,11170510_가구·인테리어
SUB04_005692,C04_0533,적금,3060000,2024-05-21,11440690,망원1동,패션·잡화,20254,1298281522,21491,-16.17,4570000,-9.03,Y,운전자금대출,1200000,11440690_패션·잡화
SUB04_005693,C04_1279,예금,68900000,2022-11-09,11500540,화곡1동,패션·잡화,20254,3472493914,37745,25.32,16630000,25.0,Y,운전자금대출,9100000,11500540_패션·잡화
SUB04_005694,C04_0233,적금,7250000,2024-05-16,11710670,잠실2동,미용·뷰티,20254,2962016168,28893,-21.33,11150000,-26.35,Y,운전자금대출,7000000,11710670_미용·뷰티
SUB04_005695,C04_1102,펀드,12590000,2022-02-06,11710510,풍납1동,식료품·편의소매,20254,4136917643,200711,-2.59,37320000,-3.72,N,없음,0,11710510_식료품·편의소매
SUB04_005696,C04_1765,ISA,72640000,2025-07-06,11680531,논현2동,여가·오락,20254,656569207,53121,8.45,2160000,4.95,N,없음,0,11680531_여가·오락
SUB04_005697,C04_1461,펀드,7240000,2023-10-13,11710647,위례동,식료품·편의소매,20254,557220291,65111,1.99,2730000,-14.7,N,없음,0,11710647_식료품·편의소매
SUB04_005698,C04_0711,예금,29120000,2023-11-08,11680630,대치4동,미용·뷰티,20254,6533530444,89203,-9.8,53800000,-2.47,N,없음,0,11680630_미용·뷰티
SUB04_005699,C04_1565,ISA,9470000,2025-10-30,11200570,행당2동,문화·취미·반려,20254,74962559,5762,-18.52,1000000,-15.04,N,없음,0,11200570_문화·취미·반려
SUB04_005700,C04_0268,펀드,7620000,2025-08-27,11470590,신월4동,식료품·편의소매,20254,3214209844,310666,-0.26,25920000,-6.08,N,없음,0,11470590_식료품·편의소매
SUB04_005701,C04_1618,ISA,13000000,2024-11-24,11170640,이촌2동,가구·인테리어,20254,43386481,256,-2.93,1000000,-6.47,N,없음,0,11170640_가구·인테리어
SUB04_005702,C04_0497,펀드,34330000,2025-02-16,11440630,신수동,미용·뷰티,20254,153384087,3694,-9.93,1330000,-26.5,N,없음,0,11440630_미용·뷰티
SUB04_005703,C04_1819,예금,30310000,2022-02-03,11380551,갈현1동,문화·취미·반려,20254,671416964,21403,55.5,4770000,36.82,N,없음,0,11380551_문화·취미·반려
SUB04_005704,C04_0817,ISA,10960000,2023-06-24,11320680,쌍문3동,숙박,20254,5607061,140,-10.3,1000000,5.92,N,없음,0,11320680_숙박
SUB04_005705,C04_0240,ISA,11740000,2024-05-10,11215850,구의1동,식료품·편의소매,20254,8153148352,899161,-4.1,37130000,1.66,N,없음,0,11215850_식료품·편의소매
SUB04_005706,C04_0318,펀드,2540000,2022-01-24,11545640,독산4동,미용·뷰티,20254,578705348,14305,10.95,4030000,2.06,N,없음,0,11545640_미용·뷰티
SUB04_005707,C04_1445,예금,46050000,2024-09-25,11440720,성산1동,음식·음료,20254,8894545297,308199,9.85,142570000,8.23,N,없음,0,11440720_음식·음료
SUB04_005708,C04_0425,ISA,30940000,2023-03-11,11620715,난향동,패션·잡화,20254,98446092,3478,48.84,1490000,28.12,N,없음,0,11620715_패션·잡화
SUB04_005709,C04_1955,펀드,19870000,2023-11-05,11560620,양평2동,자동차·운송서비스,20254,3354431618,18779,3.03,25570000,12.97,Y,운전자금대출,13300000,11560620_자동차·운송서비스
SUB04_005710,C04_0860,펀드,8360000,2022-10-30,11500641,방화3동,생활서비스,20254,24740613,749,78.51,1000000,88.76,N,없음,0,11500641_생활서비스
SUB04_005711,C04_0536,ISA,11940000,2023-06-10,11110615,종로1·2·3·4가동,식료품·편의소매,20254,32365641793,3338169,-0.98,452000000,6.65,N,없음,0,11110615_식료품·편의소매
SUB04_005712,C04_0797,적금,5380000,2023-11-01,11290575,동선동,미용·뷰티,20254,3240034849,46138,-13.14,12210000,-6.06,N,없음,0,11290575_미용·뷰티
SUB04_005713,C04_1851,펀드,19010000,2023-03-30,11500620,공항동,문화·취미·반려,20254,206061352,9978,7.13,2130000,5.36,Y,운전자금대출,700000,11500620_문화·취미·반려
SUB04_005714,C04_0706,적금,2570000,2025-04-09,11200650,성수1가1동,전자기기·수리,20254,156049154,1626,-47.0,1130000,-40.19,Y,운전자금대출,400000,11200650_전자기기·수리
SUB04_005715,C04_0330,적금,2340000,2024-02-09,11200570,행당2동,가구·인테리어,20254,30790244,908,57.0,1000000,62.31,N,없음,0,11200570_가구·인테리어
SUB04_005716,C04_1644,ISA,16320000,2025-09-04,11680565,청담동,미용·뷰티,20254,31359764280,151252,0.37,84420000,1.54,N,없음,0,11680565_미용·뷰티
SUB04_005717,C04_0845,펀드,24140000,2024-11-28,11500535,등촌3동,식료품·편의소매,20254,7034475689,764148,-14.04,16010000,-17.7,Y,운전자금대출,7500000,11500535_식료품·편의소매
SUB04_005718,C04_0415,펀드,17100000,2023-08-06,11500590,화곡본동,숙박,20254,761603511,21252,-1.82,1060000,2.08,Y,운전자금대출,500000,11500590_숙박
SUB04_005719,C04_1071,ISA,44380000,2023-09-02,11650540,잠원동,숙박,20254,280236540,2888,-5.31,3270000,-5.52,Y,운전자금대출,1100000,11650540_숙박
SUB04_005720,C04_1610,예금,24550000,2024-11-09,11380552,갈현2동,미용·뷰티,20254,1251743221,26751,5.55,5380000,-5.23,Y,운전자금대출,2500000,11380552_미용·뷰티
SUB04_005721,C04_1151,ISA,19280000,2024-03-16,11230600,답십리1동,패션·잡화,20254,7182782943,62953,0.05,51350000,11.75,N,없음,0,11230600_패션·잡화
SUB04_005722,C04_1642,ISA,14560000,2024-02-13,11500615,우장산동,식료품·편의소매,20254,5134331313,598618,-1.27,54520000,-14.95,N,없음,0,11500615_식료품·편의소매
SUB04_005723,C04_0129,예금,18450000,2025-09-15,11680531,논현2동,숙박,20254,226502332,3286,-1.35,3000000,-14.96,Y,시설자금대출,2100000,11680531_숙박
SUB04_005724,C04_0859,적금,2310000,2025-06-09,11650530,서초3동,가구·인테리어,20254,878972164,29073,28.86,8580000,25.79,Y,소상공인신용대출,4800000,11650530_가구·인테리어
SUB04_005725,C04_1479,적금,9430000,2025-11-16,11740540,명일2동,패션·잡화,20254,1080003841,11056,-22.66,30470000,-35.59,Y,소상공인신용대출,11600000,11740540_패션·잡화
SUB04_005726,C04_0209,ISA,25420000,2024-07-29,11740520,상일동,음식·음료,20254,9427145435,334689,-4.13,26340000,-25.27,N,없음,0,11740520_음식·음료
SUB04_005727,C04_1286,적금,2620000,2024-12-25,11140550,명동,식료품·편의소매,20254,34492385289,3379261,6.05,336910000,11.84,N,없음,0,11140550_식료품·편의소매
SUB04_005728,C04_1236,적금,2400000,2025-09-27,11350640,상계2동,음식·음료,20254,41036934962,1641337,6.25,290660000,12.74,Y,소상공인신용대출,128000000,11350640_음식·음료
SUB04_005729,C04_0874,펀드,12900000,2025-07-27,11440610,염리동,미용·뷰티,20254,111253756,4165,3.52,1000000,-13.07,Y,운전자금대출,400000,11440610_미용·뷰티
SUB04_005730,C04_1461,펀드,12430000,2025-03-22,11710647,위례동,식료품·편의소매,20254,557220291,65111,1.99,2730000,-14.7,N,없음,0,11710647_식료품·편의소매
SUB04_005731,C04_0816,예금,39100000,2022-01-07,11710641,문정1동,여가·오락,20254,469584852,12525,14.58,1000000,3.24,N,없음,0,11710641_여가·오락
SUB04_005732,C04_0502,적금,3880000,2023-05-25,11215770,중곡4동,생활서비스,20254,54810095,4627,22.44,1000000,39.49,N,없음,0,11215770_생활서비스
SUB04_005733,C04_1339,펀드,21600000,2022-02-08,11305625,수유2동,문화·취미·반려,20254,24320410,508,22.05,1000000,22.05,Y,소상공인신용대출,200000,11305625_문화·취미·반려
SUB04_005734,C04_0334,적금,11110000,2024-03-19,11305615,수유1동,여가·오락,20254,475940764,8922,26.23,3300000,32.83,N,없음,0,11305615_여가·오락
SUB04_005735,C04_1634,예금,38950000,2025-08-13,11710540,마천1동,음식·음료,20254,1695350462,116911,-4.86,8470000,4.05,Y,운전자금대출,2500000,11710540_음식·음료
SUB04_005736,C04_1146,펀드,19350000,2025-10-02,11260565,면목본동,음식·음료,20254,18199126770,728549,0.61,202410000,-7.1,Y,시설자금대출,64000000,11260565_음식·음료
SUB04_005737,C04_1010,ISA,16890000,2024-03-07,11230740,이문1동,음식·음료,20254,13060217362,992336,12.34,31070000,16.09,N,없음,0,11230740_음식·음료
SUB04_005738,C04_0656,펀드,18750000,2022-01-16,11215710,화양동,숙박,20254,549467948,12572,7.25,5630000,-3.35,N,없음,0,11215710_숙박
SUB04_005739,C04_1773,예금,32560000,2022-04-28,11470570,신월2동,문화·취미·반려,20254,477992206,19647,43.43,6930000,42.86,Y,운전자금대출,2400000,11470570_문화·취미·반려
SUB04_005740,C04_1426,적금,2880000,2023-02-14,11140635,약수동,여가·오락,20254,82034681,1615,120.02,1000000,100.0,N,없음,0,11140635_여가·오락
SUB04_005741,C04_1247,ISA,40100000,2025-10-16,11560700,대림1동,식료품·편의소매,20254,6668251725,578081,5.22,119480000,3.62,N,없음,0,11560700_식료품·편의소매
SUB04_005742,C04_0588,예금,25010000,2024-01-20,11740640,성내1동,미용·뷰티,20254,213510099,4776,-40.42,1000000,-29.3,N,없음,0,11740640_미용·뷰티
SUB04_005743,C04_0838,예금,29200000,2024-09-22,11380650,수색동,식료품·편의소매,20254,1483594639,84209,-8.65,10520000,3.14,Y,운전자금대출,6700000,11380650_식료품·편의소매
SUB04_005744,C04_0854,펀드,35590000,2025-03-15,11740540,명일2동,생활서비스,20254,41061152,6244,16.22,1000000,27.73,N,없음,0,11740540_생활서비스
SUB04_005745,C04_0287,ISA,12920000,2024-06-20,11410585,신촌동,가구·인테리어,20254,288719509,5868,142.52,2300000,100.0,N,없음,0,11410585_가구·인테리어
SUB04_005746,C04_0972,펀드,8330000,2024-02-07,11620725,조원동,문화·취미·반려,20254,463458128,2032,1285.12,2150000,100.0,N,없음,0,11620725_문화·취미·반려
SUB04_005747,C04_1785,ISA,13090000,2024-02-11,11140670,황학동,자동차·운송서비스,20254,764151053,3345,14.99,4150000,17.99,Y,운전자금대출,2300000,11140670_자동차·운송서비스
SUB04_005748,C04_0273,적금,2360000,2024-11-08,11440690,망원1동,생활서비스,20254,62469614,6733,1.86,1000000,-11.96,N,없음,0,11440690_생활서비스
SUB04_005749,C04_1047,예금,45340000,2023-02-06,11470640,신정3동,음식·음료,20254,7586591030,472562,0.38,50830000,21.05,Y,운전자금대출,21800000,11470640_음식·음료
SUB04_005750,C04_0138,예금,62180000,2025-03-22,11500615,우장산동,문화·취미·반려,20254,485851491,20433,-39.41,1790000,-40.26,Y,운전자금대출,1300000,11500615_문화·취미·반려
SUB04_005751,C04_1390,예금,39060000,2025-09-15,11260610,중화2동,패션·잡화,20254,1113077063,21825,8.3,8150000,18.43,Y,운전자금대출,3000000,11260610_패션·잡화
SUB04_005752,C04_1897,ISA,18440000,2022-07-29,11200620,금호4가동,미용·뷰티,20254,240504165,4275,-10.17,8720000,-4.07,Y,시설자금대출,4600000,11200620_미용·뷰티
SUB04_005753,C04_0005,펀드,21530000,2025-05-03,11680656,도곡2동,패션·잡화,20254,2452236925,19802,15.43,15590000,14.79,Y,소상공인신용대출,3400000,11680656_패션·잡화
SUB04_005754,C04_1233,펀드,7470000,2023-12-25,11290555,삼선동,숙박,20254,263210917,6248,74.1,1130000,77.92,Y,운전자금대출,600000,11290555_숙박
SUB04_005755,C04_0706,ISA,8800000,2025-10-29,11200650,성수1가1동,전자기기·수리,20254,156049154,1626,-47.0,1130000,-40.19,Y,운전자금대출,400000,11200650_전자기기·수리
SUB04_005756,C04_0335,ISA,23920000,2024-11-25,11260520,면목2동,전자기기·수리,20254,440055373,1156,-17.51,1000000,7.23,N,없음,0,11260520_전자기기·수리
SUB04_005757,C04_0457,펀드,16320000,2023-07-03,11380580,응암1동,생활서비스,20254,52984063,1563,81.37,1000000,69.63,N,없음,0,11380580_생활서비스
SUB04_005758,C04_1859,적금,2340000,2022-02-11,11620725,조원동,생활서비스,20254,6366510,379,36.23,1000000,28.42,N,없음,0,11620725_생활서비스
SUB04_005759,C04_1109,펀드,13560000,2025-04-20,11170510,후암동,가구·인테리어,20254,346761613,18186,104.99,1150000,95.09,N,없음,0,11170510_가구·인테리어
SUB04_005760,C04_1563,ISA,16880000,2025-09-30,11740550,고덕1동,패션·잡화,20254,5479588,90,2645.45,1000000,100.0,N,없음,0,11740550_패션·잡화
SUB04_005761,C04_0087,예금,28400000,2024-08-28,11740640,성내1동,문화·취미·반려,20254,2728232108,19969,-15.32,70540000,-16.23,Y,운전자금대출,47000000,11740640_문화·취미·반려
SUB04_005762,C04_1019,적금,6040000,2023-06-28,11320515,창5동,전자기기·수리,20254,138675254,4203,-3.57,1000000,-11.03,N,없음,0,11320515_전자기기·수리
SUB04_005763,C04_1945,예금,58760000,2025-09-15,11230600,답십리1동,문화·취미·반려,20254,97372115,1541,11.87,1850000,17.88,Y,운전자금대출,1200000,11230600_문화·취미·반려
SUB04_005764,C04_1976,ISA,8060000,2025-12-19,11500611,발산1동,숙박,20254,328289544,6374,39.15,2240000,35.98,Y,소상공인신용대출,700000,11500611_숙박
SUB04_005765,C04_1125,ISA,13600000,2023-10-17,11530560,구로5동,식료품·편의소매,20254,11642297081,878415,-7.68,110890000,-6.94,Y,시설자금대출,19900000,11530560_식료품·편의소매
SUB04_005766,C04_0738,ISA,11120000,2023-11-15,11350665,상계3·4동,문화·취미·반려,20254,101987,7,-84.74,1000000,-70.0,Y,운전자금대출,500000,11350665_문화·취미·반려
SUB04_005767,C04_0179,ISA,19250000,2025-07-28,11260590,상봉2동,전자기기·수리,20254,510821,130,-91.75,1000000,-70.0,Y,운전자금대출,700000,11260590_전자기기·수리
SUB04_005768,C04_1891,펀드,9600000,2023-01-15,11410655,홍제2동,식료품·편의소매,20254,913438324,71319,28.25,6600000,20.53,N,없음,0,11410655_식료품·편의소매
SUB04_005769,C04_1784,펀드,22180000,2022-06-07,11710570,오금동,음식·음료,20254,16457353536,916731,-3.36,137530000,7.04,N,없음,0,11710570_음식·음료
SUB04_005770,C04_1451,펀드,15520000,2025-09-12,11470680,신정7동,생활서비스,20254,38021591,2181,34.34,1000000,38.08,N,없음,0,11470680_생활서비스
SUB04_005771,C04_1128,ISA,18000000,2024-05-09,11620765,미성동,문화·취미·반려,20254,91073825,3239,-10.71,1000000,-4.09,Y,운전자금대출,400000,11620765_문화·취미·반려
SUB04_005772,C04_0419,ISA,10070000,2024-11-30,11470680,신정7동,식료품·편의소매,20254,4390377226,486454,-4.08,31150000,1.03,Y,소상공인신용대출,13600000,11470680_식료품·편의소매
SUB04_005773,C04_1139,ISA,35100000,2025-02-13,11290770,장위2동,가구·인테리어,20254,654743315,6797,74.52,3330000,83.83,N,없음,0,11290770_가구·인테리어
SUB04_005774,C04_1493,펀드,23200000,2024-04-18,11320680,쌍문3동,패션·잡화,20254,907019007,7586,76.72,2130000,79.27,N,없음,0,11320680_패션·잡화
SUB04_005775,C04_1844,예금,17610000,2024-04-20,11710532,거여2동,패션·잡화,20254,393023521,4913,-5.12,1870000,-4.31,N,없음,0,11710532_패션·잡화
SUB04_005776,C04_1030,예금,22960000,2022-12-21,11110670,창신1동,여가·오락,20254,193097598,17661,7.56,1540000,19.7,Y,운전자금대출,600000,11110670_여가·오락
SUB04_005777,C04_0935,펀드,12000000,2023-06-05,11230545,제기동,전자기기·수리,20254,3454146571,5006,233.89,41950000,100.0,Y,소상공인신용대출,12800000,11230545_전자기기·수리
SUB04_005778,C04_1009,적금,2080000,2022-08-27,11290705,종암동,가구·인테리어,20254,1108144364,20109,221.83,11400000,100.0,Y,운전자금대출,1900000,11290705_가구·인테리어
SUB04_005779,C04_1184,ISA,12470000,2025-03-18,11170625,한강로동,전자기기·수리,20254,586836230665,1967857,15.58,3818340000,10.83,Y,운전자금대출,2198900000,11170625_전자기기·수리
SUB04_005780,C04_1310,펀드,19120000,2023-02-22,11710532,거여2동,미용·뷰티,20254,486155578,11772,-9.0,1620000,0.19,Y,소상공인신용대출,600000,11710532_미용·뷰티
SUB04_005781,C04_1323,펀드,3600000,2023-02-02,11650580,반포3동,전자기기·수리,20254,125338163,3412,-20.66,1000000,-15.69,Y,시설자금대출,500000,11650580_전자기기·수리
SUB04_005782,C04_0474,펀드,10430000,2024-06-16,11590605,흑석동,미용·뷰티,20254,693076123,12811,3.68,3240000,27.47,Y,운전자금대출,700000,11590605_미용·뷰티
SUB04_005783,C04_1278,ISA,21960000,2024-12-07,11530540,구로3동,문화·취미·반려,20254,3430213331,70291,-26.18,30300000,-23.51,Y,소상공인신용대출,10700000,11530540_문화·취미·반려
SUB04_005784,C04_1028,ISA,18520000,2024-06-30,11470670,신정6동,문화·취미·반려,20254,431172432,20858,-28.11,3050000,-20.89,N,없음,0,11470670_문화·취미·반려
SUB04_005785,C04_0776,적금,5560000,2025-06-09,11290640,정릉3동,자동차·운송서비스,20254,1402595182,9218,-11.47,12490000,-31.97,N,없음,0,11290640_자동차·운송서비스
SUB04_005786,C04_1290,펀드,13960000,2023-03-27,11680640,역삼1동,문화·취미·반려,20254,10818934582,427621,21.54,87500000,0.69,N,없음,0,11680640_문화·취미·반려
SUB04_005787,C04_0832,적금,3920000,2024-02-16,11470640,신정3동,식료품·편의소매,20254,6713346924,604258,4.71,33180000,14.78,Y,운전자금대출,19800000,11470640_식료품·편의소매
SUB04_005788,C04_0796,예금,43040000,2025-07-02,11350600,공릉2동,미용·뷰티,20254,909356682,21972,-2.9,4330000,0.74,N,없음,0,11350600_미용·뷰티
SUB04_005789,C04_1325,ISA,18160000,2025-11-18,11560650,신길3동,가구·인테리어,20254,39774115,1305,-17.64,1000000,-36.53,Y,시설자금대출,400000,11560650_가구·인테리어
SUB04_005790,C04_1808,적금,2770000,2023-12-24,11170625,한강로동,문화·취미·반려,20254,6667938557,126401,13.43,35510000,10.59,Y,운전자금대출,22400000,11170625_문화·취미·반려
SUB04_005791,C04_1966,ISA,7040000,2023-02-19,11545670,시흥1동,음식·음료,20254,22178185588,905524,4.16,285680000,24.94,Y,소상공인신용대출,102700000,11545670_음식·음료
SUB04_005792,C04_1233,ISA,11340000,2025-07-30,11290555,삼선동,숙박,20254,263210917,6248,74.1,1130000,77.92,Y,운전자금대출,600000,11290555_숙박
SUB04_005793,C04_1172,펀드,11360000,2025-11-23,11620725,조원동,자동차·운송서비스,20254,1846502419,10735,-14.29,14830000,-26.4,Y,시설자금대출,10600000,11620725_자동차·운송서비스
SUB04_005794,C04_1418,펀드,6970000,2025-11-02,11170700,보광동,미용·뷰티,20254,210677173,5747,-3.91,2070000,4.76,Y,운전자금대출,1100000,11170700_미용·뷰티
SUB04_005795,C04_1056,펀드,63870000,2024-10-03,11560560,당산2동,식료품·편의소매,20254,5817459643,686769,-10.96,42100000,-27.24,N,없음,0,11560560_식료품·편의소매
SUB04_005796,C04_1624,예금,27280000,2025-11-06,11500611,발산1동,가구·인테리어,20254,443531809,12935,-20.04,1890000,-9.86,N,없음,0,11500611_가구·인테리어
SUB04_005797,C04_1016,펀드,11350000,2025-09-18,11305608,번3동,음식·음료,20254,3252122880,149994,-1.75,22290000,-6.04,N,없음,0,11305608_음식·음료
SUB04_005798,C04_0142,예금,20600000,2025-08-13,11410555,북아현동,가구·인테리어,20254,2717676198,4647,65.31,37510000,49.79,Y,소상공인신용대출,12900000,11410555_가구·인테리어
SUB04_005799,C04_0021,예금,18090000,2024-07-02,11620565,성현동,여가·오락,20254,463005,31,-73.68,1000000,-54.65,Y,운전자금대출,800000,11620565_여가·오락
SUB04_005800,C04_1319,예금,29430000,2022-02-17,11590640,사당3동,여가·오락,20254,100845956,1329,17.1,1000000,37.41,N,없음,0,11590640_여가·오락
SUB04_005801,C04_1699,ISA,25680000,2025-04-19,11110670,창신1동,문화·취미·반려,20254,32240430260,1232130,48.72,231900000,59.35,N,없음,0,11110670_문화·취미·반려
SUB04_005802,C04_0512,적금,4930000,2023-12-28,11290760,장위1동,음식·음료,20254,4407454293,172041,-5.68,23960000,7.98,N,없음,0,11290760_음식·음료
SUB04_005803,C04_0092,예금,17230000,2022-08-11,11305575,삼각산동,패션·잡화,20254,186234728,2035,8.75,1340000,0.69,N,없음,0,11305575_패션·잡화
SUB04_005804,C04_1623,펀드,22590000,2022-12-27,11560535,영등포동,식료품·편의소매,20254,104315357569,3203024,-6.21,990760000,-11.71,Y,시설자금대출,606400000,11560535_식료품·편의소매
SUB04_005805,C04_1405,예금,24340000,2025-02-23,11410685,홍은2동,문화·취미·반려,20254,119498968,4741,-25.68,1000000,-32.76,N,없음,0,11410685_문화·취미·반려
SUB04_005806,C04_1231,펀드,14350000,2024-07-31,11545680,시흥2동,식료품·편의소매,20254,738097518,85373,1.44,5010000,-18.23,Y,운전자금대출,3600000,11545680_식료품·편의소매
SUB04_005807,C04_1636,예금,21550000,2025-10-14,11650621,방배4동,생활서비스,20254,266624485,8665,20.87,1710000,20.22,Y,소상공인신용대출,400000,11650621_생활서비스
SUB04_005808,C04_1260,예금,52370000,2025-02-18,11305615,수유1동,패션·잡화,20254,6451853543,70650,78.44,47230000,83.21,N,없음,0,11305615_패션·잡화
SUB04_005809,C04_1923,적금,3300000,2024-10-20,11305608,번3동,패션·잡화,20254,40007958,1380,16.67,1000000,30.82,Y,운전자금대출,400000,11305608_패션·잡화
SUB04_005810,C04_1337,ISA,27800000,2023-01-13,11620765,미성동,가구·인테리어,20254,1843099231,22793,18.3,9780000,11.16,Y,운전자금대출,4500000,11620765_가구·인테리어
SUB04_005811,C04_1322,ISA,15250000,2024-07-14,11500530,등촌2동,문화·취미·반려,20254,102461574,9306,-2.1,1180000,-3.66,Y,시설자금대출,400000,11500530_문화·취미·반려
SUB04_005812,C04_1405,ISA,17020000,2025-12-01,11410685,홍은2동,문화·취미·반려,20254,119498968,4741,-25.68,1000000,-32.76,N,없음,0,11410685_문화·취미·반려
SUB04_005813,C04_0512,적금,6300000,2025-12-06,11290760,장위1동,음식·음료,20254,4407454293,172041,-5.68,23960000,7.98,N,없음,0,11290760_음식·음료
SUB04_005814,C04_1842,펀드,23810000,2024-03-22,11440655,서강동,가구·인테리어,20254,615420628,22843,-15.34,4830000,-22.16,N,없음,0,11440655_가구·인테리어
SUB04_005815,C04_1585,예금,33770000,2023-05-26,11620765,미성동,여가·오락,20254,128863899,2204,22.74,1000000,14.61,N,없음,0,11620765_여가·오락
SUB04_005816,C04_1732,적금,3260000,2025-10-12,11260610,중화2동,숙박,20254,70027867,3867,13.4,1000000,26.35,N,없음,0,11260610_숙박
SUB04_005817,C04_0899,펀드,19060000,2025-10-18,11140590,광희동,숙박,20254,604347702,8063,0.44,4440000,-12.67,Y,소상공인신용대출,2700000,11140590_숙박
SUB04_005818,C04_0618,ISA,4550000,2023-12-19,11500510,염창동,전자기기·수리,20254,13327926570,10340,-6.11,84100000,-2.4,Y,운전자금대출,18800000,11500510_전자기기·수리
SUB04_005819,C04_0431,펀드,19010000,2025-10-03,11320670,쌍문2동,식료품·편의소매,20254,3073181962,239237,-4.38,18730000,-7.5,Y,운전자금대출,6200000,11320670_식료품·편의소매
SUB04_005820,C04_0731,ISA,21260000,2025-11-15,11545630,독산3동,음식·음료,20254,10972556558,447770,0.36,272920000,-1.63,Y,소상공인신용대출,97200000,11545630_음식·음료
SUB04_005821,C04_1694,예금,23220000,2024-10-09,11230660,장안2동,전자기기·수리,20254,1109893809,17851,6.18,4290000,-13.29,Y,운전자금대출,2200000,11230660_전자기기·수리
SUB04_005822,C04_1019,예금,11030000,2023-12-31,11320515,창5동,전자기기·수리,20254,138675254,4203,-3.57,1000000,-11.03,N,없음,0,11320515_전자기기·수리
SUB04_005823,C04_0493,ISA,37410000,2024-12-04,11290725,월곡2동,음식·음료,20254,11872028186,636343,2.51,97360000,11.78,N,없음,0,11290725_음식·음료
SUB04_005824,C04_0925,예금,42310000,2023-08-03,11470610,신월6동,미용·뷰티,20254,498758640,11793,0.91,2180000,-16.05,Y,시설자금대출,500000,11470610_미용·뷰티
SUB04_005825,C04_1386,펀드,13200000,2025-02-03,11350621,중계1동,자동차·운송서비스,20254,1012095862,7403,-0.54,6680000,0.53,N,없음,0,11350621_자동차·운송서비스
SUB04_005826,C04_0593,ISA,25310000,2025-01-15,11470640,신정3동,여가·오락,20254,589912912,74175,-27.3,3670000,-37.22,N,없음,0,11470640_여가·오락
SUB04_005827,C04_1376,펀드,24380000,2025-05-10,11545710,시흥5동,미용·뷰티,20254,385256953,11026,-25.49,1000000,-26.46,Y,소상공인신용대출,600000,11545710_미용·뷰티
SUB04_005828,C04_1180,ISA,14680000,2025-03-07,11710680,잠실3동,패션·잡화,20254,19308200742,104475,30.2,77460000,31.33,N,없음,0,11710680_패션·잡화
SUB04_005829,C04_1246,펀드,13870000,2025-04-15,11710562,방이2동,음식·음료,20254,72461004508,1800106,10.71,993500000,17.36,N,없음,0,11710562_음식·음료
SUB04_005830,C04_0412,펀드,19760000,2022-07-27,11110700,숭인1동,패션·잡화,20254,252070033,449,1468.81,1990000,100.0,Y,운전자금대출,500000,11110700_패션·잡화
SUB04_005831,C04_1319,적금,1470000,2022-12-27,11590640,사당3동,여가·오락,20254,100845956,1329,17.1,1000000,37.41,N,없음,0,11590640_여가·오락
SUB04_005832,C04_1901,펀드,9920000,2025-08-29,11200580,응봉동,생활서비스,20254,52356546,2657,81.53,1000000,77.54,Y,운전자금대출,300000,11200580_생활서비스
SUB04_005833,C04_0405,펀드,12280000,2025-12-06,11230710,회기동,음식·음료,20254,17919260676,926980,8.3,190500000,-10.14,Y,소상공인신용대출,120600000,11230710_음식·음료
SUB04_005834,C04_1763,예금,25460000,2022-08-05,11500593,화곡8동,자동차·운송서비스,20254,24257143,550,50.16,1000000,46.24,N,없음,0,11500593_자동차·운송서비스
SUB04_005835,C04_0341,펀드,15680000,2024-02-27,11215847,자양4동,여가·오락,20254,1737193196,100692,3.25,23060000,11.7,N,없음,0,11215847_여가·오락
SUB04_005836,C04_1158,적금,3770000,2025-07-15,11560680,신길6동,전자기기·수리,20254,24891304,388,-85.06,1000000,-70.0,Y,운전자금대출,800000,11560680_전자기기·수리
SUB04_005837,C04_1876,적금,5710000,2025-12-09,11380625,역촌동,식료품·편의소매,20254,16160844834,821085,86.25,149840000,67.82,Y,시설자금대출,74100000,11380625_식료품·편의소매
SUB04_005838,C04_0524,예금,29470000,2025-10-20,11530550,구로4동,음식·음료,20254,12580339567,512133,-12.56,60400000,-27.11,N,없음,0,11530550_음식·음료
SUB04_005839,C04_1082,ISA,6640000,2024-05-01,11290600,안암동,자동차·운송서비스,20254,1468272135,7405,-24.71,10470000,-26.83,N,없음,0,11290600_자동차·운송서비스
SUB04_005840,C04_0032,펀드,10310000,2023-03-10,11410520,천연동,생활서비스,20254,304955261,13315,78.34,2210000,88.17,N,없음,0,11410520_생활서비스
SUB04_005841,C04_0996,적금,3150000,2022-04-10,11200520,왕십리2동,여가·오락,20254,50779584,7566,-22.77,1000000,-16.57,Y,시설자금대출,700000,11200520_여가·오락
SUB04_005842,C04_1371,예금,33410000,2022-07-10,11560660,신길4동,음식·음료,20254,1572648715,81651,0.14,16770000,-5.51,N,없음,0,11560660_음식·음료
SUB04_005843,C04_1098,예금,23100000,2023-04-22,11545630,독산3동,생활서비스,20254,14950525,432,85.08,1000000,87.26,N,없음,0,11545630_생활서비스
SUB04_005844,C04_0527,펀드,18720000,2025-04-03,11170510,후암동,식료품·편의소매,20254,8077629287,635828,3.98,30190000,6.88,N,없음,0,11170510_식료품·편의소매
SUB04_005845,C04_0757,펀드,19280000,2022-09-12,11140670,황학동,패션·잡화,20254,1360198637,14302,16.69,26390000,27.62,N,없음,0,11140670_패션·잡화
SUB04_005846,C04_0452,ISA,72560000,2025-03-05,11290620,정릉1동,패션·잡화,20254,32393454,305,-18.51,1000000,-16.87,Y,운전자금대출,300000,11290620_패션·잡화
SUB04_005847,C04_0213,ISA,35740000,2024-05-13,11500630,방화1동,여가·오락,20254,296985342,5406,1.38,2520000,5.94,N,없음,0,11500630_여가·오락
SUB04_005848,C04_1547,ISA,17730000,2025-12-21,11140650,신당5동,여가·오락,20254,236802901,20199,2.82,2480000,-6.16,N,없음,0,11140650_여가·오락
SUB04_005849,C04_0294,ISA,12150000,2025-08-09,11470550,목5동,미용·뷰티,20254,705440050,9755,-0.77,8240000,0.52,N,없음,0,11470550_미용·뷰티
SUB04_005850,C04_0282,예금,25270000,2022-06-02,11620545,청림동,식료품·편의소매,20254,471080772,39152,-12.84,2890000,-2.37,Y,소상공인신용대출,1600000,11620545_식료품·편의소매
SUB04_005851,C04_0784,펀드,17350000,2024-11-16,11380625,역촌동,음식·음료,20254,10729630988,484214,-9.33,47220000,-12.71,Y,운전자금대출,28900000,11380625_음식·음료
SUB04_005852,C04_0124,ISA,20130000,2025-11-02,11260575,면목3·8동,문화·취미·반려,20254,345040087,8508,22.39,1670000,37.25,Y,소상공인신용대출,600000,11260575_문화·취미·반려
SUB04_005853,C04_1350,적금,3840000,2024-01-02,11200670,성수2가1동,가구·인테리어,20254,607699038,17554,-3.37,3490000,3.99,Y,소상공인신용대출,2100000,11200670_가구·인테리어
SUB04_005854,C04_1311,ISA,12150000,2025-08-28,11215860,구의2동,여가·오락,20254,474181434,26049,-32.24,9020000,-35.11,Y,소상공인신용대출,6700000,11215860_여가·오락
SUB04_005855,C04_1872,적금,4650000,2024-12-25,11380640,증산동,미용·뷰티,20254,618790756,6734,11.61,8050000,26.02,N,없음,0,11380640_미용·뷰티
SUB04_005856,C04_1485,예금,25240000,2023-08-07,11680655,도곡1동,자동차·운송서비스,20254,689015839,5281,10.45,3720000,7.49,N,없음,0,11680655_자동차·운송서비스
SUB04_005857,C04_0144,ISA,12120000,2024-02-27,11620695,신림동,미용·뷰티,20254,1492932688,26888,-15.74,22800000,-12.92,N,없음,0,11620695_미용·뷰티
SUB04_005858,C04_0396,펀드,20520000,2025-10-14,11260660,망우3동,가구·인테리어,20254,331310752,6517,8.87,1000000,11.46,Y,소상공인신용대출,500000,11260660_가구·인테리어
SUB04_005859,C04_1185,ISA,22600000,2023-07-20,11200520,왕십리2동,가구·인테리어,20254,12171197,46,20.02,1000000,37.47,N,없음,0,11200520_가구·인테리어
SUB04_005860,C04_0193,펀드,23050000,2022-12-13,11215840,자양3동,문화·취미·반려,20254,249588460,6071,111.91,1000000,100.0,N,없음,0,11215840_문화·취미·반려
SUB04_005861,C04_0129,펀드,6370000,2023-10-07,11680531,논현2동,숙박,20254,226502332,3286,-1.35,3000000,-14.96,Y,시설자금대출,2100000,11680531_숙박
SUB04_005862,C04_1188,예금,25860000,2023-08-23,11650652,양재2동,패션·잡화,20254,1647219447,6677,6.23,12560000,-1.99,N,없음,0,11650652_패션·잡화
SUB04_005863,C04_0264,ISA,13500000,2023-02-12,11290630,정릉2동,식료품·편의소매,20254,2780819180,156898,52.5,13850000,47.11,N,없음,0,11290630_식료품·편의소매
SUB04_005864,C04_0335,예금,58940000,2022-10-03,11260520,면목2동,전자기기·수리,20254,440055373,1156,-17.51,1000000,7.23,N,없음,0,11260520_전자기기·수리
SUB04_005865,C04_1732,예금,65640000,2025-05-05,11260610,중화2동,숙박,20254,70027867,3867,13.4,1000000,26.35,N,없음,0,11260610_숙박
SUB04_005866,C04_1466,예금,18300000,2025-03-01,11740650,성내2동,가구·인테리어,20254,3348872863,17847,89.68,12890000,96.03,Y,시설자금대출,2100000,11740650_가구·인테리어
SUB04_005867,C04_1909,펀드,44480000,2023-06-08,11500535,등촌3동,가구·인테리어,20254,60115476,1290,103.34,1000000,98.01,N,없음,0,11500535_가구·인테리어
SUB04_005868,C04_0179,예금,29050000,2024-05-18,11260590,상봉2동,전자기기·수리,20254,510821,130,-91.75,1000000,-70.0,Y,운전자금대출,700000,11260590_전자기기·수리
SUB04_005869,C04_0095,펀드,8360000,2024-10-08,11710520,풍납2동,문화·취미·반려,20254,33635331,1249,59.69,1000000,62.08,Y,시설자금대출,400000,11710520_문화·취미·반려
SUB04_005870,C04_1725,적금,1830000,2022-01-02,11680590,삼성2동,미용·뷰티,20254,4627891062,37284,-7.06,17680000,-3.54,Y,시설자금대출,5600000,11680590_미용·뷰티
SUB04_005871,C04_0280,ISA,9890000,2025-09-10,11140590,광희동,문화·취미·반려,20254,28577068055,302911,-28.35,153500000,-38.48,N,없음,0,11140590_문화·취미·반려
SUB04_005872,C04_1201,ISA,10740000,2025-08-07,11560660,신길4동,자동차·운송서비스,20254,19965451,174,-46.2,1000000,-58.49,Y,운전자금대출,600000,11560660_자동차·운송서비스
SUB04_005873,C04_0121,ISA,23570000,2025-05-29,11230545,제기동,식료품·편의소매,20254,923851786755,35721166,-0.94,2663280000,-11.8,Y,운전자금대출,852200000,11230545_식료품·편의소매
SUB04_005874,C04_0479,펀드,13040000,2023-02-04,11215810,광장동,자동차·운송서비스,20254,788431750,5088,-1.77,6230000,-5.72,N,없음,0,11215810_자동차·운송서비스
SUB04_005875,C04_1273,적금,5300000,2024-10-22,11290610,보문동,자동차·운송서비스,20254,819648228,4138,-8.08,4670000,-0.39,Y,운전자금대출,2600000,11290610_자동차·운송서비스
SUB04_005876,C04_1889,ISA,10120000,2023-02-13,11320514,창4동,자동차·운송서비스,20254,140649568,810,48.02,2250000,62.56,N,없음,0,11320514_자동차·운송서비스
SUB04_005877,C04_1486,펀드,17860000,2024-06-06,11560650,신길3동,생활서비스,20254,33213761,1501,18.03,1000000,1.9,N,없음,0,11560650_생활서비스
SUB04_005878,C04_1302,ISA,19150000,2024-10-02,11620595,청룡동,숙박,20254,747969175,23457,-7.34,1830000,6.56,Y,시설자금대출,500000,11620595_숙박
SUB04_005879,C04_1389,펀드,11760000,2024-06-14,11260580,상봉1동,여가·오락,20254,110884624,1886,28.26,1000000,19.25,N,없음,0,11260580_여가·오락
SUB04_005880,C04_0592,예금,62160000,2025-04-20,11170570,원효로2동,음식·음료,20254,2764234807,140636,17.05,29070000,24.02,Y,소상공인신용대출,10300000,11170570_음식·음료
SUB04_005881,C04_1161,적금,14270000,2024-09-28,11680531,논현2동,미용·뷰티,20254,8582944387,81075,-2.86,43360000,-6.51,N,없음,0,11680531_미용·뷰티
SUB04_005882,C04_0784,예금,28690000,2024-12-14,11380625,역촌동,음식·음료,20254,10729630988,484214,-9.33,47220000,-12.71,Y,운전자금대출,28900000,11380625_음식·음료
SUB04_005883,C04_1414,ISA,10200000,2025-07-21,11140605,을지로동,문화·취미·반려,20254,38130360169,416554,-4.12,221010000,19.22,Y,소상공인신용대출,38900000,11140605_문화·취미·반려
SUB04_005884,C04_1488,ISA,17190000,2023-10-22,11740515,강일동,패션·잡화,20254,133597279,1024,5.46,1000000,12.54,N,없음,0,11740515_패션·잡화
SUB04_005885,C04_1169,펀드,4900000,2022-06-03,11560560,당산2동,전자기기·수리,20254,441209551,8099,-3.86,2450000,-11.17,N,없음,0,11560560_전자기기·수리
SUB04_005886,C04_0698,ISA,40680000,2024-12-12,11200580,응봉동,패션·잡화,20254,7810290,96,35.28,1000000,33.25,N,없음,0,11200580_패션·잡화
SUB04_005887,C04_0011,예금,37320000,2025-01-09,11650610,방배2동,자동차·운송서비스,20254,802244487,6140,-9.33,4310000,-10.83,N,없음,0,11650610_자동차·운송서비스
SUB04_005888,C04_0811,펀드,6420000,2022-12-29,11710680,잠실3동,미용·뷰티,20254,4511262167,50354,2.45,34130000,7.97,N,없음,0,11710680_미용·뷰티
SUB04_005889,C04_0010,펀드,18950000,2023-01-17,11440655,서강동,여가·오락,20254,144469979,10350,1.47,1790000,-7.94,N,없음,0,11440655_여가·오락
SUB04_005890,C04_0474,예금,10480000,2023-07-27,11590605,흑석동,미용·뷰티,20254,693076123,12811,3.68,3240000,27.47,Y,운전자금대출,700000,11590605_미용·뷰티
SUB04_005891,C04_0826,적금,2140000,2023-06-10,11500611,발산1동,생활서비스,20254,41738751,2322,50.87,1000000,46.37,Y,소상공인신용대출,300000,11500611_생활서비스
SUB04_005892,C04_0357,예금,24640000,2022-03-03,11440690,망원1동,생활서비스,20254,62469614,6733,1.86,1000000,11.21,N,없음,0,11440690_생활서비스
SUB04_005893,C04_1841,ISA,56200000,2023-04-19,11230536,용신동,패션·잡화,20254,8218442401,54940,137.45,19310000,100.0,Y,운전자금대출,11500000,11230536_패션·잡화
SUB04_005894,C04_1770,적금,2790000,2025-05-15,11440585,도화동,문화·취미·반려,20254,93790818,2460,4.25,1000000,-5.12,Y,소상공인신용대출,500000,11440585_문화·취미·반려
SUB04_005895,C04_1869,예금,11850000,2023-11-03,11140590,광희동,여가·오락,20254,1022850976,101374,5.63,6500000,-3.18,Y,시설자금대출,4100000,11140590_여가·오락
SUB04_005896,C04_0886,예금,38990000,2024-04-29,11545680,시흥2동,문화·취미·반려,20254,130179526,8498,-3.68,1000000,-19.93,N,없음,0,11545680_문화·취미·반려
SUB04_005897,C04_1173,적금,5510000,2022-05-13,11170650,이태원1동,패션·잡화,20254,16032599322,72435,65.29,215920000,68.95,N,없음,0,11170650_패션·잡화
SUB04_005898,C04_0877,적금,4220000,2025-05-06,11200570,행당2동,패션·잡화,20254,10384113,302,-60.67,1000000,-38.46,N,없음,0,11200570_패션·잡화
SUB04_005899,C04_0807,펀드,14040000,2023-08-18,11680590,삼성2동,패션·잡화,20254,1493248539,5882,-5.41,25710000,1.14,Y,운전자금대출,10800000,11680590_패션·잡화
SUB04_005900,C04_0683,ISA,12970000,2022-06-22,11560550,당산1동,가구·인테리어,20254,638091923,6867,69.58,2930000,70.2,N,없음,0,11560550_가구·인테리어
SUB04_005901,C04_1687,펀드,8940000,2025-10-01,11170690,서빙고동,음식·음료,20254,1322050894,61734,3.48,5650000,-1.9,N,없음,0,11170690_음식·음료
SUB04_005902,C04_0665,예금,12240000,2022-07-17,11680510,신사동,문화·취미·반려,20254,12252894698,54533,254.39,52280000,100.0,N,없음,0,11680510_문화·취미·반려
SUB04_005903,C04_1607,ISA,28970000,2025-06-25,11740620,천호3동,미용·뷰티,20254,721120737,15127,-3.92,5370000,1.33,N,없음,0,11740620_미용·뷰티
SUB04_005904,C04_0634,펀드,8830000,2022-03-06,11620630,남현동,음식·음료,20254,13031185794,525326,3.94,85190000,15.56,Y,소상공인신용대출,54900000,11620630_음식·음료
SUB04_005905,C04_0951,예금,61530000,2024-05-26,11380600,응암3동,미용·뷰티,20254,1330906280,35153,-13.23,15760000,-21.05,Y,운전자금대출,7800000,11380600_미용·뷰티
SUB04_005906,C04_1174,예금,16530000,2022-02-08,11410620,홍제1동,문화·취미·반려,20254,28146035,846,43.44,1000000,41.69,Y,운전자금대출,600000,11410620_문화·취미·반려
SUB04_005907,C04_0112,펀드,6260000,2023-09-14,11305625,수유2동,자동차·운송서비스,20254,807852902,6287,10.71,3940000,-4.4,N,없음,0,11305625_자동차·운송서비스
SUB04_005908,C04_0727,ISA,33420000,2025-03-27,11530760,개봉3동,식료품·편의소매,20254,3798242727,242882,-18.8,19100000,-34.67,Y,시설자금대출,14700000,11530760_식료품·편의소매
SUB04_005909,C04_0671,펀드,10030000,2022-03-19,11290640,정릉3동,여가·오락,20254,91380390,14650,12.47,1050000,28.51,Y,운전자금대출,200000,11290640_여가·오락
SUB04_005910,C04_0985,ISA,21170000,2025-09-27,11650652,양재2동,가구·인테리어,20254,1397199916,25007,19.62,10770000,48.23,Y,운전자금대출,3300000,11650652_가구·인테리어
SUB04_005911,C04_1274,펀드,15560000,2024-07-27,11650540,잠원동,식료품·편의소매,20254,7748805651,705489,-9.47,102660000,-9.1,N,없음,0,11650540_식료품·편의소매
SUB04_005912,C04_0291,예금,33740000,2023-05-20,11140625,다산동,음식·음료,20254,12783532234,417064,-3.79,84330000,15.94,Y,운전자금대출,26800000,11140625_음식·음료
SUB04_005913,C04_0986,펀드,18850000,2023-05-02,11215770,중곡4동,미용·뷰티,20254,789874013,18267,15.19,2000000,14.4,Y,운전자금대출,1100000,11215770_미용·뷰티
SUB04_005914,C04_1389,펀드,16200000,2023-08-19,11260580,상봉1동,여가·오락,20254,110884624,1886,28.26,1000000,19.25,N,없음,0,11260580_여가·오락
SUB04_005915,C04_1368,적금,17600000,2023-10-14,11680750,수서동,미용·뷰티,20254,2660603017,21604,-19.96,13680000,-13.03,N,없음,0,11680750_미용·뷰티
SUB04_005916,C04_0566,펀드,23440000,2024-09-20,11350624,중계4동,문화·취미·반려,20254,1432572504,35206,34.69,16560000,50.37,Y,운전자금대출,8100000,11350624_문화·취미·반려
SUB04_005917,C04_1357,펀드,6120000,2024-05-04,11350640,상계2동,미용·뷰티,20254,4441765753,68775,-11.99,30120000,-10.59,Y,소상공인신용대출,14000000,11350640_미용·뷰티
SUB04_005918,C04_0856,펀드,6520000,2025-01-20,11560680,신길6동,자동차·운송서비스,20254,951733504,6888,13.76,12560000,12.99,N,없음,0,11560680_자동차·운송서비스
SUB04_005919,C04_0403,ISA,16820000,2024-06-20,11440730,성산2동,패션·잡화,20254,15820178672,326517,67.02,180700000,68.52,Y,소상공인신용대출,62900000,11440730_패션·잡화
SUB04_005920,C04_0760,ISA,12850000,2024-12-17,11710590,송파2동,음식·음료,20254,4791526052,360662,-6.32,19250000,-3.58,Y,운전자금대출,6900000,11710590_음식·음료
SUB04_005921,C04_1337,적금,7200000,2024-10-16,11620765,미성동,가구·인테리어,20254,1843099231,22793,18.3,9780000,11.16,Y,운전자금대출,4500000,11620765_가구·인테리어
SUB04_005922,C04_1246,펀드,19650000,2024-01-30,11710562,방이2동,음식·음료,20254,72461004508,1800106,10.71,993500000,17.36,N,없음,0,11710562_음식·음료
SUB04_005923,C04_1312,적금,6570000,2023-07-28,11350640,상계2동,전자기기·수리,20254,6330537,637,-87.79,1000000,-70.0,N,없음,0,11350640_전자기기·수리
SUB04_005924,C04_0817,적금,3560000,2023-12-25,11320680,쌍문3동,숙박,20254,5607061,140,-10.3,1000000,5.92,N,없음,0,11320680_숙박
SUB04_005925,C04_0344,적금,1790000,2025-03-05,11680720,일원본동,패션·잡화,20254,173695685,884,-44.23,1000000,-50.3,Y,시설자금대출,500000,11680720_패션·잡화
SUB04_005926,C04_0042,적금,2280000,2025-11-20,11290760,장위1동,생활서비스,20254,13895970,573,628.1,1000000,100.0,N,없음,0,11290760_생활서비스
SUB04_005927,C04_1743,예금,37230000,2025-05-12,11680740,일원2동,문화·취미·반려,20254,66364821,4012,36.65,1000000,43.27,N,없음,0,11680740_문화·취미·반려
SUB04_005928,C04_1853,ISA,41100000,2024-03-21,11170625,한강로동,음식·음료,20254,66860765888,1801821,6.96,716310000,-9.58,N,없음,0,11170625_음식·음료
SUB04_005929,C04_1082,적금,3620000,2024-05-16,11290600,안암동,자동차·운송서비스,20254,1468272135,7405,-24.71,10470000,-26.83,N,없음,0,11290600_자동차·운송서비스
SUB04_005930,C04_1806,펀드,15450000,2024-05-22,11140580,장충동,음식·음료,20254,12579102558,335403,4.69,74100000,0.6,Y,운전자금대출,28300000,11140580_음식·음료
SUB04_005931,C04_0647,펀드,6080000,2025-12-20,11680740,일원2동,식료품·편의소매,20254,1848726895,227739,-9.13,13010000,-14.69,Y,소상공인신용대출,3200000,11680740_식료품·편의소매
SUB04_005932,C04_1062,예금,80770000,2022-04-07,11140650,신당5동,여가·오락,20254,236802901,20199,2.82,1790000,0.79,N,없음,0,11140650_여가·오락
SUB04_005933,C04_1074,예금,46650000,2024-11-19,11680580,삼성1동,패션·잡화,20254,52187697598,712003,23.69,584090000,24.8,N,없음,0,11680580_패션·잡화
SUB04_005934,C04_0679,펀드,9280000,2025-11-24,11680730,일원1동,가구·인테리어,20254,111898853,5608,-18.09,1000000,-35.82,Y,시설자금대출,400000,11680730_가구·인테리어
SUB04_005935,C04_0199,적금,3870000,2024-05-14,11350665,상계3·4동,패션·잡화,20254,396483272,6229,57.87,1660000,61.96,N,없음,0,11350665_패션·잡화
SUB04_005936,C04_0190,예금,37410000,2023-04-30,11470530,목3동,문화·취미·반려,20254,268174828,9291,20.0,1810000,52.06,N,없음,0,11470530_문화·취미·반려
SUB04_005937,C04_0715,적금,1990000,2024-06-01,11710531,거여1동,미용·뷰티,20254,453996635,9856,6.59,1740000,13.33,N,없음,0,11710531_미용·뷰티
SUB04_005938,C04_1299,ISA,20970000,2025-08-24,11650600,방배1동,전자기기·수리,20254,1095223438,80255,15.25,11390000,9.52,Y,소상공인신용대출,5300000,11650600_전자기기·수리
SUB04_005939,C04_0096,펀드,11040000,2025-02-18,11110710,숭인2동,전자기기·수리,20254,61306802,1361,-27.62,1000000,2.04,N,없음,0,11110710_전자기기·수리
SUB04_005940,C04_0390,펀드,14920000,2022-03-19,11440700,망원2동,생활서비스,20254,73047538,4340,24.59,1000000,17.13,N,없음,0,11440700_생활서비스
SUB04_005941,C04_0370,예금,52940000,2025-12-27,11140615,신당동,가구·인테리어,20254,2431548205,25931,-50.82,21200000,-53.78,Y,소상공인신용대출,9600000,11140615_가구·인테리어
SUB04_005942,C04_1712,펀드,22020000,2023-07-21,11590560,상도4동,전자기기·수리,20254,85231273,2778,20.93,1000000,9.66,Y,운전자금대출,600000,11590560_전자기기·수리
SUB04_005943,C04_0652,예금,33740000,2022-04-02,11680610,대치2동,문화·취미·반려,20254,1618775172,55455,-7.42,13030000,-3.24,Y,운전자금대출,6400000,11680610_문화·취미·반려
SUB04_005944,C04_1421,적금,2540000,2022-06-03,11710570,오금동,패션·잡화,20254,647115869,2273,63.4,6300000,70.73,N,없음,0,11710570_패션·잡화
SUB04_005945,C04_1959,적금,6980000,2022-08-13,11650570,반포2동,문화·취미·반려,20254,82586029,10928,8.95,1000000,22.42,Y,운전자금대출,600000,11650570_문화·취미·반려
SUB04_005946,C04_1688,ISA,14740000,2024-08-13,11620695,신림동,문화·취미·반려,20254,76595782,1734,41.6,1000000,43.35,Y,운전자금대출,300000,11620695_문화·취미·반려
SUB04_005947,C04_1662,적금,1870000,2023-12-18,11200535,왕십리도선동,숙박,20254,431091386,10325,52.9,1850000,44.52,N,없음,0,11200535_숙박
SUB04_005948,C04_0085,펀드,10880000,2024-02-11,11200520,왕십리2동,생활서비스,20254,19090031,1123,76.07,1000000,64.86,N,없음,0,11200520_생활서비스
SUB04_005949,C04_0584,적금,3710000,2022-09-14,11500604,가양2동,생활서비스,20254,31477256,1664,76.71,1000000,67.8,N,없음,0,11500604_생활서비스
SUB04_005950,C04_1479,예금,42610000,2025-12-04,11740540,명일2동,패션·잡화,20254,1080003841,11056,-22.66,30470000,-35.59,Y,소상공인신용대출,11600000,11740540_패션·잡화
SUB04_005951,C04_0904,펀드,11610000,2023-01-16,11170590,용문동,가구·인테리어,20254,1445837118,10702,261.12,15740000,100.0,N,없음,0,11170590_가구·인테리어
SUB04_005952,C04_1345,적금,5030000,2023-08-21,11410685,홍은2동,가구·인테리어,20254,3063424,190,572.72,1000000,100.0,Y,소상공인신용대출,300000,11410685_가구·인테리어
SUB04_005953,C04_1630,펀드,6250000,2024-02-27,11380552,갈현2동,생활서비스,20254,77570670,3615,105.89,1030000,100.0,N,없음,0,11380552_생활서비스
SUB04_005954,C04_0542,펀드,12730000,2025-02-03,11500604,가양2동,식료품·편의소매,20254,4334074952,453655,-4.41,87610000,2.14,Y,소상공인신용대출,42100000,11500604_식료품·편의소매
SUB04_005955,C04_0759,예금,68540000,2022-04-14,11380552,갈현2동,여가·오락,20254,854907087,146994,-11.03,6080000,5.61,N,없음,0,11380552_여가·오락
SUB04_005956,C04_0453,예금,34890000,2022-07-31,11230710,회기동,음식·음료,20254,17919260676,926980,8.3,122610000,23.04,N,없음,0,11230710_음식·음료
SUB04_005957,C04_1298,펀드,7630000,2025-07-16,11650540,잠원동,문화·취미·반려,20254,534734408,17036,-16.67,4690000,-24.72,N,없음,0,11650540_문화·취미·반려
SUB04_005958,C04_1614,펀드,16270000,2025-04-04,11530790,수궁동,문화·취미·반려,20254,391080706,4881,103.57,1530000,99.33,N,없음,0,11530790_문화·취미·반려
SUB04_005959,C04_0255,ISA,16620000,2023-11-04,11200550,사근동,패션·잡화,20254,172712183,1732,-23.76,2370000,-22.74,N,없음,0,11200550_패션·잡화
SUB04_005960,C04_1800,ISA,10960000,2023-04-08,11590670,신대방1동,패션·잡화,20254,406421248,3733,10.66,1010000,-1.21,Y,시설자금대출,600000,11590670_패션·잡화
SUB04_005961,C04_1722,예금,64810000,2024-01-27,11545670,시흥1동,음식·음료,20254,22178185588,905524,4.16,303270000,1.82,N,없음,0,11545670_음식·음료
SUB04_005962,C04_1697,펀드,11820000,2025-09-12,11590605,흑석동,식료품·편의소매,20254,6877013698,752778,0.92,21120000,-7.42,N,없음,0,11590605_식료품·편의소매
SUB04_005963,C04_1597,적금,1520000,2024-08-25,11215760,중곡3동,식료품·편의소매,20254,2843372517,286106,-2.31,48330000,-5.04,Y,운전자금대출,25100000,11215760_식료품·편의소매
SUB04_005964,C04_0395,ISA,14630000,2025-06-17,11530760,개봉3동,미용·뷰티,20254,537154323,16567,-11.44,5990000,-38.55,Y,시설자금대출,4800000,11530760_미용·뷰티
SUB04_005965,C04_0736,예금,55820000,2023-02-18,11215820,자양1동,문화·취미·반려,20254,837848274,5390,184.14,6100000,100.0,Y,운전자금대출,2300000,11215820_문화·취미·반려
SUB04_005966,C04_0460,적금,10430000,2022-03-08,11110600,가회동,미용·뷰티,20254,63438839,1986,-12.8,1000000,-8.23,N,없음,0,11110600_미용·뷰티
SUB04_005967,C04_0408,ISA,49200000,2025-11-12,11380570,대조동,전자기기·수리,20254,579514,58,-60.0,1000000,-60.1,Y,시설자금대출,500000,11380570_전자기기·수리
SUB04_005968,C04_0734,예금,39950000,2024-10-28,11530540,구로3동,미용·뷰티,20254,5298667919,50715,-14.87,19200000,-15.48,N,없음,0,11530540_미용·뷰티
SUB04_005969,C04_0802,펀드,15590000,2025-02-23,11380510,녹번동,미용·뷰티,20254,618932937,13479,-12.97,2520000,-1.84,Y,시설자금대출,1500000,11380510_미용·뷰티
SUB04_005970,C04_0873,적금,6500000,2024-01-16,11440600,대흥동,생활서비스,20254,38743072,1393,46.62,1000000,44.58,Y,운전자금대출,400000,11440600_생활서비스
SUB04_005971,C04_1317,예금,20290000,2022-08-07,11140635,약수동,전자기기·수리,20254,281029565,8881,-74.23,2210000,-70.0,Y,소상공인신용대출,1200000,11140635_전자기기·수리
SUB04_005972,C04_1012,적금,2520000,2022-07-18,11140605,을지로동,미용·뷰티,20254,2013830648,32525,2.16,32270000,11.09,Y,소상공인신용대출,8600000,11140605_미용·뷰티
SUB04_005973,C04_0444,예금,99830000,2024-01-22,11230720,휘경1동,미용·뷰티,20254,619496145,18565,1.77,3320000,-24.57,N,없음,0,11230720_미용·뷰티
SUB04_005974,C04_0977,ISA,7270000,2024-03-05,11440655,서강동,생활서비스,20254,113119170,6212,80.01,1000000,88.45,Y,소상공인신용대출,400000,11440655_생활서비스
SUB04_005975,C04_0856,ISA,58110000,2025-07-12,11560680,신길6동,자동차·운송서비스,20254,951733504,6888,13.76,12560000,12.99,N,없음,0,11560680_자동차·운송서비스
SUB04_005976,C04_1167,펀드,13780000,2023-09-07,11140540,회현동,미용·뷰티,20254,15360978576,124492,-0.01,123700000,-0.87,N,없음,0,11140540_미용·뷰티
SUB04_005977,C04_0845,예금,84360000,2023-11-03,11500535,등촌3동,식료품·편의소매,20254,7034475689,764148,-14.04,16010000,-17.7,Y,운전자금대출,7500000,11500535_식료품·편의소매
SUB04_005978,C04_0476,펀드,10190000,2022-05-13,11500640,방화2동,숙박,20254,124355368,1764,0.24,1000000,1.01,Y,운전자금대출,500000,11500640_숙박
SUB04_005979,C04_0802,펀드,33900000,2024-03-11,11380510,녹번동,미용·뷰티,20254,618932937,13479,-12.97,2520000,-1.84,Y,시설자금대출,1500000,11380510_미용·뷰티
SUB04_005980,C04_0348,펀드,24120000,2023-04-26,11560535,영등포동,자동차·운송서비스,20254,2928282952,15875,8.98,26930000,22.03,Y,운전자금대출,11500000,11560535_자동차·운송서비스
SUB04_005981,C04_0953,ISA,42990000,2023-11-23,11215830,자양2동,가구·인테리어,20254,1275322865,30705,96.6,3840000,100.0,N,없음,0,11215830_가구·인테리어
SUB04_005982,C04_0705,예금,15700000,2023-04-19,11380552,갈현2동,음식·음료,20254,14459080519,617207,0.87,40450000,7.19,Y,운전자금대출,6800000,11380552_음식·음료
SUB04_005983,C04_0047,적금,6190000,2024-01-03,11590640,사당3동,가구·인테리어,20254,44818542,742,2.81,1000000,4.23,N,없음,0,11590640_가구·인테리어
SUB04_005984,C04_0614,펀드,15400000,2024-09-08,11620630,남현동,문화·취미·반려,20254,32779060,30,594.57,1000000,100.0,Y,운전자금대출,200000,11620630_문화·취미·반려
SUB04_005985,C04_0889,ISA,13180000,2025-10-13,11500550,화곡2동,식료품·편의소매,20254,2331470364,257474,-4.24,10740000,-26.71,N,없음,0,11500550_식료품·편의소매
SUB04_005986,C04_1458,ISA,8300000,2022-02-20,11170625,한강로동,패션·잡화,20254,1334861747,7951,47.12,9510000,35.07,N,없음,0,11170625_패션·잡화
SUB04_005987,C04_0621,예금,46060000,2024-05-19,11620645,서원동,숙박,20254,58784049,1147,-7.63,1000000,-5.19,Y,운전자금대출,600000,11620645_숙박
SUB04_005988,C04_0770,펀드,8060000,2022-12-26,11680670,개포2동,문화·취미·반려,20254,102908922,3684,-25.16,1000000,-31.02,Y,운전자금대출,600000,11680670_문화·취미·반려
SUB04_005989,C04_0264,ISA,16340000,2023-11-22,11290630,정릉2동,식료품·편의소매,20254,2780819180,156898,52.5,13850000,47.11,N,없음,0,11290630_식료품·편의소매
SUB04_005990,C04_0590,ISA,35190000,2025-06-08,11710532,거여2동,자동차·운송서비스,20254,243199137,1126,-5.92,1100000,-8.46,N,없음,0,11710532_자동차·운송서비스
SUB04_005991,C04_0798,펀드,31280000,2025-08-22,11590651,사당5동,식료품·편의소매,20254,338459803,44959,-12.08,1280000,-12.86,Y,운전자금대출,800000,11590651_식료품·편의소매
SUB04_005992,C04_1627,ISA,13510000,2022-09-03,11200620,금호4가동,음식·음료,20254,4223512712,109089,2.62,42120000,-0.89,N,없음,0,11200620_음식·음료
SUB04_005993,C04_1784,펀드,12970000,2024-04-01,11710570,오금동,음식·음료,20254,16457353536,916731,-3.36,137530000,7.04,N,없음,0,11710570_음식·음료
SUB04_005994,C04_0657,펀드,10580000,2022-07-27,11305635,수유3동,숙박,20254,337982433,11171,7.24,4350000,19.86,N,없음,0,11305635_숙박
SUB04_005995,C04_0379,예금,36780000,2024-07-24,11230570,전농2동,여가·오락,20254,397285385,43490,26.34,9540000,23.55,N,없음,0,11230570_여가·오락
SUB04_005996,C04_1331,ISA,20030000,2025-07-15,11590640,사당3동,음식·음료,20254,4789645071,190992,2.07,21360000,-5.84,N,없음,0,11590640_음식·음료
SUB04_005997,C04_1261,예금,22670000,2023-10-07,11350580,월계3동,식료품·편의소매,20254,1600804243,152352,1.01,14830000,24.41,N,없음,0,11350580_식료품·편의소매
SUB04_005998,C04_0038,적금,4950000,2022-04-01,11305615,수유1동,전자기기·수리,20254,402426974,3075,2.41,2720000,-0.77,Y,소상공인신용대출,1700000,11305615_전자기기·수리
SUB04_005999,C04_0954,예금,28940000,2023-10-15,11620655,신원동,가구·인테리어,20254,56138634,3412,6.15,1000000,10.03,Y,운전자금대출,400000,11620655_가구·인테리어
SUB04_006000,C04_1409,ISA,21650000,2025-06-26,11500620,공항동,음식·음료,20254,14081241395,593448,4.7,24800000,-21.73,Y,운전자금대출,10100000,11500620_음식·음료
